year,patent_id,wipo,query_type,query_text,attempt_used,query_word_count,leak_overlap_count,leak_overlap_ratio,leak_query_ngram_count,status
2025,12370583,23,summary,"Portable duct‑cleaning apparatus couples a coiled suction conduit, a driven rotatable shaft with cleaning head, and a power‑line camera; each non‑coaxial element slides through a slidable collar, coils on separate spools, and runs independently inside ducts.",3,39,0,0.0,29,ok
2025,12370583,23,keyword,"flexible non‑coaxial vacuum hose, rotatable motor‑driven shaft, and camera cable, all coilable and slip‑collar coupled, fed independently through duct, housed on parallel spools inside backpack‑mounted case, enabling suction, agitation, and visual inspection.",1,36,0,0.0,30,ok
2025,12370583,23,function,"Search for flexible, non‑coaxial vacuum hose combined with a rotatable drive shaft and a separate powered camera line that can be co‑slidably coupled in a portable backpack to simultaneously suction, agitate, and visually inspect sealed conduits.",2,38,0,0.0,25,ok
2025,12258179,25,summary,"Search for polyethylene‑based adhesive tape featuring a cross‑section with two thicker shells flanking a higher‑density, rib‑reinforced thin core that tears cleanly along the tape’s length and its application for fastening opposing faces of a container.",1,40,0,0.0,26,ok
2025,12258179,25,keyword,"polyethylene tape cross‑section with a thin high‑density core between thicker layers, longitudinal ribs for rupture, dual‑portion self‑engaging profile bonded to opposing container faces for sealing and release.",1,31,0,0.0,23,ok
2025,12258179,25,function,"Search for polyethylene‐coated tapes containing a low‑thickness high‑density rupture zone with ribbed edges, engineered to break cleanly along the tape’s axis, and used as a bonded closure for dual‑faced containers, enabling easy separation and secure sealing.",1,41,0,0.0,28,ok
2025,12261761,4,summary,"satellite‑based communications system employing dedicated monitors that send reverse‑link packets identifying themselves, receive forward packets from the same spot beam, compare forward and reverse link data against predicted values, and forward discrepancies exceeding a threshold to gateways for error diagnosis.",3,42,2,0.0625,32,failed_constraints
2025,12261761,4,keyword,"Search for prior art involving satellite‑based communication systems with user equipment, satellites, gateway nodes, and performance monitoring devices that transmit reverse‑link packets and forward‑link signal data, compare received versus predicted metrics, and generate diagnostics when thresholds are exceeded.",3,41,3,0.0967741935483871,31,failed_constraints
2025,12261761,4,function,"How can a monitoring device that exchanges uplink diagnostic packets with satellite gateways, receives downlink data from satellites, and relays comparative signal metrics over a terrestrial network pinpoint network anomalies when signal deviation thresholds are breached?",2,36,0,0.0,26,ok
2025,12217515,6,summary,"Search for methods that create a token‑based codebook mapping prior object states, vehicle attributes, and environmental factors, used by a neural network to forecast vehicle‑object interactions for autonomous planning.",2,31,0,0.0,21,ok
2025,12217515,6,keyword,"Machine‑learning codebook training for autonomous vehicle trajectory prediction using tokenized state, vehicle characteristics, and environmental features in a sequence model for path planning, including position, velocity and acceleration outputs for simulation.",2,32,0,0.0,23,ok
2025,12217515,6,function,"Search for methods that train tokenized codebooks mapping prior object states, vehicle attributes, and environmental features to predict vehicle–object interaction trajectories used in vehicle planning and simulation for autonomous driving.",2,31,0,0.0,22,ok
2025,12396825,13,summary,"Dental implant fixture with built‑in abutment rotational lock that shape‑fits and a detachable tool coupling above the lock for precision rotation, combining screw‑threaded body, recessed insertion groove, and symmetrical protrusions and grooves for tool engagement.",1,38,0,0.0,26,ok
2025,12396825,13,keyword,"Search for dental implant fixture featuring a spiral screw shank, an upper recessed abutment seat, an octagonal shape‑fitted rotation‑locking collar, and a detachable rotary‑tool interface above the collar with angled protrusions and offset grooves for torque coupling.",2,40,0,0.0,28,ok
2025,12396825,13,function,"Search for dental implant fixtures providing a spiral screw thread, an abutment groove with built‑in shape‑fit locking that stops abutment rotation, and a detachable tool coupling featuring protruding and grooved sections for secure rotary tool attachment and controlled implant placement.",1,42,0,0.0,29,ok
2025,12203696,34,summary,"A metallic housing featuring adjacent panels, where a single-piece, cut‑and‑bent top‑wall bracket on one panel fits into a deepened recess on the adjacent panel to secure the connection.",2,32,0,0.0,19,ok
2025,12203696,34,keyword,"Search for metal home appliance housings with adjacent side panels, where one panel features a cut‑out and is joined by a unitary metal bracket that is bent and cut from the top wall, and the other panel has a deepened mating recess to accept the bracket.",2,47,0,0.0,26,ok
2025,12203696,34,function,"Search: metal appliance enclosure with complementary side panels joined by an interlocking recess and a precisely machined metal flange cast from a cut‑out in the opposite panel’s top face, enabling strong, unitary structural integrity.",2,36,0,0.0,24,ok
2025,12263501,21,summary,"Rotary‑actuated compound applicator that uses a cam‑guided pull rod to translate handle rotation into plug displacement, allowing controlled opening, spring bias and adjustable handle‑position for consistent dosage delivery from a stored compound cylinder.",1,36,0,0.0,26,ok
2025,12263501,21,keyword,"Search patents for a compound applicator featuring a spring‑biased plug nozzle, cylindrical compound chamber, rotatable handle, cam‑driven pull rod with roller followers, and adjustable pin‑slot mechanism, all fabricated from plastic or stainless steel components.",2,37,0,0.0,28,ok
2025,12263501,21,function,"Invention describes a compound dispensing tool where a handle‑driven cam system actuates a plug‑sealed nozzle from closed to open against a spring bias, enabling precise application of stored material, and includes an adjustable pin for variable handle positioning relative to the housing.",2,44,0,0.0,29,ok
2025,12303722,13,summary,"Search for non‑invasive cranial ultrasound therapy devices featuring multiple head‑mounted transducers positioned for left/right internal carotid, basilar, and external carotid arteries, with a programmable controller coordinating sequential activation for targeted treatment.",1,34,0,0.0,26,ok
2025,12303722,13,keyword,"transcranial therapeutic ultrasound system with at least five head-mounted transducers targeting left/right internal carotid, basilar, left/right external carotid arteries, adjustable headpiece, sequential activation controller, non-imaging treatment application.",1,31,0,0.0,27,ok
2025,12303722,13,function,"Search for therapeutic cranial ultrasound apparatus utilizing multiple head‑anchored transducers positioned over internal carotid, basilar, and external carotid arteries, controlled by programmable sequencing to deliver targeted energy for vascular treatment.",2,31,0,0.0,24,ok
2025,12243857,5,summary,"Series insulated blocks that magnetically and capacitively convey a low‑level drive signal to a high‑voltage IGBT driver, electrically isolating the high‑power side while maintaining signal fidelity, thereby boosting driver isolation performance.",2,34,0,0.0,26,ok
2025,12243857,5,keyword,"Search for semiconductor ICs featuring an IGBT gate electrode drive coupled through series insulated magnetic or capacitive elements that transmit low‑voltage control signals while isolating the IGBT gate electrode from high‑voltage circuitry, preventing reverse leakage.",1,37,0,0.0,28,ok
2025,12243857,5,function,"Search for semiconductor devices that provide series isolation stages coupling control signals magnetically or capacitively between control and power sections while blocking high‑voltage leakage, enabling reliable high-to-low voltage interfacing for switching transistors.",2,35,0,0.0,27,ok
2025,12420069,13,summary,"Intra‑vascular sheaths featuring a distal inflatable occlusion balloon with proximal‑side vent perforations that expel only gas to prevent fluid leakage, allowing controlled blood flow arrest during intervention procedures.",2,30,0,0.0,24,ok
2025,12420069,13,keyword,"Search for a balloon‑guided vascular sheath comprising a proximal access port, a distal outlet, concentric inner and outer tubes, an inflation lumen feeding a distal inflatable balloon, and a proximally positioned vent opening that vents air yet blocks fluid.",3,40,1,0.03571428571428571,28,failed_constraints
2025,12420069,13,function,"search for elongated catheter sheaths with distal inflatable occlusion balloons, vent holes permitting air venting but blocking liquid exit, positioned proximally to the balloon, intended to occlude vessel flow during intracranial endovascular procedures.",1,33,0,0.0,25,ok
2025,12198302,6,summary,"Search for a system that extracts a weighted mask of a human figure from an input photo, then blends this figure with a second image according to mask probabilities, and trains a neural model on samples with simple and varied backgrounds to improve soft segmentation accuracy.",2,46,0,0.0,26,ok
2025,12198302,6,keyword,"segmentation model trained on single‑ and multi‑background portraits that outputs per‑pixel confidence masks (0–1) used to composite person silhouettes onto arbitrary backgrounds via alpha blending, displayed on consumer device interfaces.",1,33,0,0.0,24,ok
2025,12198302,6,function,"Find technology that produces a probability mask for a person in a photo, fuses the subject with a new background using the mask, and presents the blended image on a user interface.",3,32,0,0.0,16,ok
2025,12416397,1,summary,"Search for adjustable photographic light boom arms with modular, angle‑adjustable supports integrating a docking system, fixed block, sliding mounting, and spring‑tension length control for greater versatility and efficient shooting.",1,31,0,0.0,23,ok
2025,12416397,1,keyword,"Search patent documents describing an adjustable photography boom arm that incorporates slidably‑connected mounting bores, a connecting rod with rotating studs and limit blocks, clamping wedges, sliding grooves, axial springs, and threaded adjustment shafts for variable arm length and multi‑angle positioning.",2,42,0,0.0,32,ok
2025,12416397,1,function,"Searching for prior art on an adjustable boom arm for light stands that uses interlocking support sections with sliding docking mechanisms, locking rods, and threaded adjustments to vary overall length and angles for enhanced photography efficiency.",1,36,0,0.0,24,ok
2025,12381991,2,summary,"An app that auto‑detects a photo capture, displays a pre‑authorized menu, and on user selection creates an access token for a cloud photo platform, stores it locally, and uploads the image via that token.",2,36,0,0.0,21,ok
2025,12381991,2,keyword,"search for methods where a smartphone in pre‑authorization state detects photo capture, presents a first GUI menu, accepts user choice, shows a second GUI to interact with an image cloud, generates and stores an auth token, and uploads the image file using that token.",3,45,2,0.06896551724137931,29,failed_constraints
2025,12381991,2,function,"What prior art discloses a mobile device that, upon capturing an image, automatically displays a primary menu, awaits a user selection while remaining in a pre‑authorization state, generates an authorization token for an online image service, stores that token, and then uploads the captured image using that token?",3,49,2,0.0625,32,failed_constraints
2025,12205307,10,summary,"Search for methods to detect moving subjects during 3‑D laser scan acquisition by combining orthogonal rotor and head rotations at variable speeds, interleaving scan passes to spot distance inconsistencies across overlapping measurement points.",2,34,0,0.0,24,ok
2025,12205307,10,keyword,"Search for prior art in laser scanning systems with rotatable stator‑rotor assemblies, dual‑axis rotary heads, vertical and horizontal angle encoders, variable angular velocities, time‑offset scan sections, distance mismatch evaluation for moving object detection, and point‑cloud generation from moving target detection.",3,44,0,0.0,35,ok
2025,12205307,10,function,"Search for laser scanning systems that use a vertically spinning rotor and horizontally rotating body to create time-offset scan paths, enabling rapid detection of moving objects by comparing distance data from interleaved measurement points in a static environment.",1,39,0,0.0,27,ok
2025,12194334,33,summary,Search for a hook-shaped mounting device for gym equipment that freely rotates between positioned angles and includes a built‑in limiting mechanism to lock the angle during use.,2,29,0,0.0,18,ok
2025,12194334,33,keyword,"Search for angle‑adjustable exercise handle featuring a hook‑like mounting frame joined to a grip assembly via a rotatable joint, including adjustable orientation holes, a limiting cylinder with adjustment ring, and mating bearing slots.",2,35,0,0.0,25,ok
2025,12194334,33,function,"search for fitness equipment accessories featuring a pivoting hook-shaped attachment that can be positioned at multiple angles, limited by a removable column and ring mechanism to clamp the range of motion, enabling diverse exercise configurations",2,36,0,0.0,23,ok
2025,12331058,16,summary,"Synthesis and use of novel small‑molecule inhibitors that simultaneously target SHP2 phosphatase and CDK4/6 kinases, designed by pharmacophore fusion to overcome resistance seen with single‑target agents.",1,29,0,0.0,19,ok
2025,12331058,16,keyword,"Search for small-molecule dual inhibitors of SHP2 and CDK4/6 featuring fused pharmacophores with heteroaromatic rings, heterocyclic scaffolds containing N,O,S atoms, and variable alkyl/aryl substituents, including enantiomers, salts, and prodrugs.",1,34,0,0.0,22,ok
2025,12331058,16,function,Search for small‑molecule inhibitors that concurrently target SHP2 phosphatase and CDK4/6 kinases to overcome drug resistance and improve therapeutic efficacy in oncology.,1,24,0,0.0,15,ok
2025,12365890,15,summary,"Engineering a yeast strain with a CYR1 variant that stabilizes cAMP levels, enhancing production and activity of foreign enzymes, including in polyploid cells, for scalable industrial fermentation.",2,27,0,0.0,17,ok
2025,12365890,15,keyword,"Yeast recombinant host expressing altered CYR1 variant for enhanced cAMP production and increased heterologous enzyme yield, including polyploid strains, with mutated residues for regulated intracellular signaling.",2,26,0,0.0,20,ok
2025,12365890,15,function,"Yeast host engineered with a CYR1 variant that normalizes intracellular cAMP regardless of external stimulus, thereby boosting heterologous protein production, activity, and potentially polyploidy.",1,24,0,0.0,17,ok
2025,12223198,6,summary,Search for methods that dynamically adjust the temperature threshold of an SSD’s thermal throttling from a higher startup value to a lower operational value and further modify thresholds during application launch or device contention to manage performance and heat.,1,40,0,0.0,24,ok
2025,12223198,6,keyword,"Search for solid‑state drive thermal throttling apparatus that implements two temperature thresholds, adjusts limits from startup to post‑boot, and dynamically raises throttle during application startup conflicts using a memory controller to modify temperature limits.",3,36,1,0.037037037037037035,27,failed_constraints
2025,12223198,6,function,"search for a control system that dynamically adjusts a storage device's thermal throttling thresholds during startup and after boot, lowering initial threshold, then raising or adjusting when applications start or multiple jobs conflict, using a memory controller to manage multiple throttling functions.",2,43,0,0.0,30,ok
2025,12408609,18,summary,"Hybrid pumpkin variety “LEMONADE”, its seeds, vegetative parts, and breeding techniques including self‑ or cross‑pollination, plus targeted single‑locus genetic editing to incorporate a specific characteristic into the plant.",2,30,0,0.0,21,ok
2025,12408609,18,keyword,"Search for prior art on hybrid pumpkin varieties named “LEMONADE”, including seeds, plant parts, and breeding methods using single‑locus genetic conversion for trait incorporation, self‑crossed or crossed with other pumpkin cultivars, focusing on seed accession repositories and trait‑specific introductions.",2,42,0,0.0,32,ok
2025,12408609,18,function,"Seed registry and breeding technique for a pumpkin cultivar achieving particular trait by inserting a single genetic locus and self‑or cross‑pollination, including sample deposition and trait expression in harvested fruits.",2,32,0,0.0,21,ok
2025,12423576,6,summary,"Describe a method for adaptive parameter updating in a multi‑task advertising recommendation system with separate queues for click‑through and conversion tasks, training shared and task‑specific layers on queued data, computing weighted gradients, and synchronizing updates via a parameter server.",1,42,0,0.0,29,ok
2025,12423576,6,keyword,"Search for methods and systems that update multi‑task deep learning models for online advertising by sequentially enqueueing sample streams per task, training shared embeddings and task‑specific sub‑networks, computing gradients when queue size meets a threshold, and applying weighted updates to a distributed parameter server.",2,47,0,0.0,34,ok
2025,12423576,6,function,"Search for methods that update a multi‑task neural network for advertisement recommendation, using task‑specific sample queues, training shared layers and task‑specific sub‑networks, computing task‑weighted gradients, and applying parameter updates via a parameter server.",1,38,0,0.0,29,ok
2025,12280235,13,summary,"Search for an automated liquid‑dispensing system for compressible IV bags that employs a spring‑driven roller guided by parallel tracks to compress the bag on a mat, enabling controlled flow and remote monitoring of dispensing rate, status, and remaining volume.",1,41,0,0.0,26,ok
2025,12280235,13,keyword,"Search for medical IV bag dispenser featuring a housing with dispensing and rear ends, parallel guiding tracks, a rotary roller core integrated with an internal torsion spring, a flexible mat on the base, and a sensor‑display system for regulating flow rate.",3,42,1,0.037037037037037035,27,failed_constraints
2025,12280235,13,function,"spring‑driven roller mechanisms for compressible medical fluid bags, guided by parallel tracks, that rotate to compress and dispense liquid, employing a supporting mat on a flat surface within an IV administration system.",1,33,0,0.0,22,ok
2025,12342240,13,summary,"Multisensor network that monitors speech, noise, temperature and contextual cues to forecast anger, addiction or rule‑break risks, initiates proactive interventions, evaluates their effectiveness, and iteratively adapts sensor usage to lower future risk.",1,33,0,0.0,24,ok
2025,12342240,13,keyword,"Search for integrated multi‑sensor systems combining acoustic monitoring, speech analysis, body temperature, ambient environmental data, and networked decision logic to detect anger or addiction triggers, predict risk thresholds, trigger preventative actions, and adapt algorithms after outcomes.",2,37,0,0.0,30,ok
2025,12342240,13,function,"Search for intelligent monitoring systems using multimodal sensors (voice, body temperature, ambient environment) that predict impending risky or violating behaviors and deploy preventive interventions, then assess effectiveness and refine strategies via machine learning.",2,33,0,0.0,26,ok
2025,12254107,6,summary,"A distributed membership management method that processes change requests across multiple administrative units, evaluates permission rules from directory services, determines appropriate role delegations, directs units to apply changes, and informs client devices upon approval.",1,34,0,0.0,27,ok
2025,12254107,6,keyword,"Search for methods that retrieve membership data from directory services, evaluate permission roles for mutually exclusive and non‑exclusive administrative units, determine approved object‑membership changes, and dispatch instruction sets to units plus notifications to client devices.",2,37,0,0.0,27,ok
2025,12254107,6,function,"Search for systems that manage membership requests across multiple administrative units, distinguishing exclusive and non‑exclusive enforcement, evaluating permissions and role delegations to determine approved changes, issuing instructions to units, and notifying client devices.",1,34,0,0.0,25,ok
2025,12264359,15,summary,Engineered Cpf1‑based CRISPR system employing synthetic guide nucleic acids to modulate mammalian gene expression by delivering protein or encoding DNA plus guide sequence that binds target loci and alters transcription.,1,31,0,0.0,24,ok
2025,12264359,15,keyword,Search for CRISPR‑Cpf1 based genome‑editing platforms that co‑deliver the Cpf1 endonuclease protein and a nucleic‑acid‑encoded guide RNA into mammalian cells to modulate target gene expression.,3,30,0,0.0,21,ok
2025,12264359,15,function,Search for engineered nucleases delivering guide RNAs for targeted gene expression modulation in mammalian cells via programmed DNA binding and transcriptional regulation.,2,22,0,0.0,16,ok
2025,12229206,6,summary,"How can a system automatically capture users' search queries, store them, then dynamically adjust displayed webpage content based on aggregated search patterns from multiple engines?",3,25,0,0.0,19,ok
2025,12229206,6,keyword,"Search engine client‑side tracer passively gathers queries, IPs, and result positions; transmits event records via embedded script to an aggregator server that stores logs, performs statistical analysis, selects and injects query‑aligned content into destination pages, updating the site database.",1,41,0,0.0,32,ok
2025,12229206,6,function,"Search query aggregation via client‑side script capturing user query, engine, result ID, position, IP, then filtering and updating page content to match popular searches, generating location‑engine access reports, and feeding back to search engine databases.",1,37,0,0.0,31,ok
2025,12427458,23,summary,"Search for pleated gas‑filter membranes made from a polymer–plasticizer blend, featuring diamond‑shaped pores, a defined tensile modulus between 1.35 and 1.75 GPa, and foldability that maintains a crease for a set duration, potentially biodegradable.",2,39,0,0.0,25,ok
2025,12427458,23,keyword,"Search for pleated polymer netting incorporating a plasticizer with 1.3–1.8 GPa tensile modulus, featuring diamond‑shaped perforations and creaseable pleats for gas filtration, biodegradable films, and reduced material usage.",2,32,0,0.0,20,ok
2025,12427458,23,function,"Search for pleated gas‑filtration membranes made of biodegradable polymer blends, featuring diamond‑shaped apertures, foldable creases for temporary pleats, and specified tensile modulus (≈1.35–1.75 GPa), used to reduce material weight and allow controlled fluid flow.",3,39,1,0.034482758620689655,29,failed_constraints
2025,12217669,2,summary,"A method and circuit for driving display pixels that uses a compensation element to stabilize node voltages during reset, a dedicated control unit to modulate the driving current, and a sequential scanning scheme that eliminates voltage ripple while boosting emitter efficiency.",1,41,0,0.0,27,ok
2025,12217669,2,keyword,"pixel driver architecture with compensation and LED drive, featuring data write, reset, compensation, and emission phases using scan signals and threshold‑controlled transistors to supply current to an OLED device",3,30,0,0.0,21,ok
2025,12217669,2,function,"Search for pixel drive circuitry that uses a compensation network to set node voltages during reset, compensate in a dedicated phase, then output drive current to a display pixel by controlling a voltage node with scan signals, enabling accurate light output and reduced power consumption.",2,45,0,0.0,31,ok
2025,12241585,31,summary,"Search for brackets that align an object to a frame using equal‑spacing mounting holes and dual protruding positioning ridges, enabling precise placement and hook‑based retention on a supporting surface.",1,31,0,0.0,20,ok
2025,12241585,31,keyword,"Search for a mounting assembly featuring a front and side face, two symmetrically spaced through-holes on the front, two equal‑distance positioning protrusions on the side, and a front‑mounted hook to secure objects to a substrate.",2,38,0,0.0,23,ok
2025,12241585,31,function,"search for mounting brackets with symmetrical dual mounting holes spaced identically and paired side protrusions that leave indentation marks for alignment, including a front hook for object support on structures.",1,30,0,0.0,20,ok
2025,12307821,6,summary,"Search for radar-based gesture recognition using millimeter-wave sensing and deep learning; specifically, transform radar echoes into time-frequency spectrograms, embed them in a latent space via a generative neural network, and classify gestures by comparing the embedding mean to learned class clusters.",3,44,0,0.0,31,ok
2025,12307821,6,keyword,"Search for radar‑imaging gesture detection solutions that produce spatio‑temporal frequency matrices from reflected emissions and employ a probabilistic autoencoding neural model to embed data, comparing mean distribution vectors against pre‑defined class regions for motion classification.",2,38,0,0.0,29,ok
2025,12307821,6,function,"Search for systems that employ high‑frequency radar sensors to generate spatio‑temporal spectra of an object’s radar responses, then use a latent‑space neural network to embed the data and classify hand gestures by comparing statistical means to predefined clusters.",2,42,0,0.0,28,ok
2025,12230305,2,summary,"Develop a method controlling a magnetic hard drive head heater that briefly applies high power at write/read initiation to quickly achieve a target head‑disk gap, then progressively reduces power to maintain steady spacing.",1,35,0,0.0,26,ok
2025,12230305,2,keyword,"Magnetic disk drive with a magnetic head heater employing a brief high‑power pulse at write or read start‑up to rapidly saturate the head‑disk gap at a target value, then a firmware‑controlled gradual power reduction to steady‑state heating.",1,42,0,0.0,29,ok
2025,12230305,2,function,"Search for magnetic storage heads employing a temperature-controlled heater that receives an initial high-power burst at read/write initiation to expand the head, then tapers power to maintain a saturated head‑disk spacing, aiming to optimize drive reliability and access performance.",1,43,0,0.0,30,ok
2025,12233899,32,summary,"Find prior art on vehicle systems that use on‑board sensors to detect when a car crosses a defined virtual boundary representing a real‑world location, gather contextual data, and deliver seat haptic cues calibrated to vehicle speed, orientation, and rumble‑strip type.",3,43,1,0.03333333333333333,30,failed_constraints
2025,12233899,32,keyword,"search for systems using vehicle sensor fusion to detect when the car passes a defined spatial boundary, determine road environment data, then activate an actuator inside the driver seat to deliver vibration feedback that depends on speed, orientation and surface type, with damping to isolate other occupants.",2,47,0,0.0,32,ok
2025,12233899,32,function,"Search for vehicle systems detecting a virtual roadway boundary crossing using onboard sensors and conveying haptic seat feedback modulated by speed, orientation, environment, and seat dampening to prevent passenger discomfort.",2,30,0,0.0,22,ok
2025,12270452,31,summary,"Search for shock or damper valves employing an adjustable shim stiffness mechanism via a rotatable plate and spring pair, enabling fluid pressure tuning without altering preload, possibly using posts for rotation limit.",1,32,0,0.0,24,ok
2025,12270452,31,keyword,"Search for a hydraulic pressure‑reduction damper valve featuring a piston‑mounted fluid passage, a shim positioned between the piston and an adjustable stiffness unit, wherein a rotary plate and spring assembly change shim compliance while preserving preload, limited by a post.",1,42,0,0.0,29,ok
2025,12270452,31,function,"Search for fluid damping valves where a piston‑mounted shim has adjustable stiffness via a rotatable plate and spring arrangement that changes pressure sensitivity without altering preload, allowing variable fluid pressure for shim deflection.",1,34,0,0.0,24,ok
2025,12325927,21,summary,"Searching for high‑fidelity copper filling of via arrays on multilayer boards using multi‑mode pulse reverse and direct current electroplating in an acidic copper bath, optimizing center‑first deposition, suppressing voids, and ensuring defect‑free blind via metallization.",3,39,0,0.0,30,ok
2025,12325927,21,keyword,"Search for copper electroplating methods on PCB substrates employing acid copper baths, complex pulse waveforms merging forward, reverse, DC, synchronous pulses and controlled rest periods, with specific counter‑electrode configurations, to achieve flawless metallization of via and aperture features.",3,39,0,0.0,30,ok
2025,12325927,21,function,"Search for prior art on using complex pulsed electroplating waveforms, including pulse reverse, direct current, or synchronous pulse, to deposit copper into through‑holes and blind micro‑vias on an electronic substrate while avoiding voids or cracking.",3,37,7,0.2692307692307692,26,failed_constraints
2025,12411429,9,summary,"Search for toner particles that blend amorphous and crystalline polyesters with release agents and outer resin granules; the crystalline fraction on each particle's exterior falls between 2.5‑25%, while aggregated outer resin particles cover 1‑70% of the surface.",3,41,0,0.0,26,ok
2025,12411429,9,keyword,"Search for toner particles comprising amorphous and rigid polymer fractions, a release lubricant, and surface‐deposited resin aggregates sized 3× the smallest particle, with 2.5–25 % surface rigid polymer as seen by TEM, 1–70 % aggregate coverage measured by SEM.",2,41,0,0.0,26,ok
2025,12411429,9,function,toner particles that contain a crystalline polyester surface layer at 2–25 % and resin particle aggregates 1–70 % to enhance developer efficiency and minimize toner fusing defects in electrophotographic printers.,1,30,0,0.0,19,ok
2025,12333244,6,summary,"How can an AI system identify and separate address elements in documents, compare them against a database for accuracy, and automatically perform actions based on the comparison, without using specific neural network or entity recognition titles?",2,36,0,0.0,24,ok
2025,12333244,6,keyword,"Search prior art for AI‑driven systems that extract, parse, and score address components from documents using graph‑based neural techniques and character‑level embeddings, then match against stored address data to trigger automated actions.",2,35,0,0.0,27,ok
2025,12333244,6,function,"search for AI methods that automatically extract address data from documents, segment into components, compare with a reference database using scoring, and trigger actions based on match outcomes, focusing on graph-structured representations and character-level embeddings.",2,37,0,0.0,25,ok
2025,12374421,16,summary,"A computational screening method for cancer MHC‑peptide epitopes that employs PCA‑derived amino‑acid descriptors and neural‑network predictions to generate, rank thousands of sequence variants, then select high‑affinity peptides for vaccine synthesis.",1,35,0,0.0,26,ok
2025,12374421,16,keyword,"Search for methods combining amino acid physicochemical property datasets, principal component analysis, proxy descriptors, and machine learning algorithms to predict MHC class I binding for variant cancer epitopes, including in‑silico peptide variant generation, binding affinity ranking, and immunogenic vaccine formulation.",3,41,2,0.0625,32,failed_constraints
2025,12374421,16,function,"Search for methods that identify and design cancer‑MHC binding peptides using physicochemical property matrices, dimensionality reduction, variant generation, computational binding prediction, synthesis of optimised peptides, formulation into vaccines, and clinical administration to induce anti‑tumor immunity.",3,37,0,0.0,28,ok
2025,12344784,17,summary,Search for polymers or monomers embedding cubic lead bromide nanocrystals that include a bromide-containing additive and a light‑scattering oxide such as strontium titanate or calcium titanate.,2,28,0,0.0,18,ok
2025,12344784,17,keyword,"Search for polymer or monomer matrices embedding CsPbBr3 perovskite quantum dots, bromide-based additives, and light‑scattering agents such as strontium titanate, calcium titanate, barium titanate, zinc titanate, or yttrium oxide within optoelectronic composite materials.",3,35,2,0.07142857142857142,28,failed_constraints
2025,12344784,17,function,"Search for polymer or monomer composites containing CsPbBr3‑based nanocrystals together with a bromide‑containing additive and a light‑scattering component such as SrTiO₃, CaTiO₃, BaTiO₃, ZnTiO₃, or Y₂O₃, aimed at enhancing optical dispersion in optoelectronic devices.",2,37,0,0.0,24,ok
2025,12379340,10,summary,"Looking for prior art on using an electrochemical sensor to produce a variable electrical signal that modulates a circuit’s characteristic frequency, enabling remote wireless reading of the frequency shift to estimate a physiological measurement such as blood glucose, and methods for calibration.",1,43,0,0.0,26,ok
2025,12379340,10,keyword,"Search for wireless glucose monitoring employing an electrochemical sensor that outputs a current converted to a frequency-modulated signal via a resonant circuit, detected by an RFID-like reader, with methods for device calibration and characterization.",3,36,0,0.0,22,ok
2025,12379340,10,function,"Search for systems where a body‑sensing element that outputs a current proportional to glucose concentration is linked to an electronic circuit whose resonant frequency changes with the current, and a remote reader detects this frequency shift to infer the glucose level.",2,42,0,0.0,24,ok
2025,12357649,16,summary,"Topical emulsion for treating skin cancer comprising glycoalkaloids such as solasodine glycosides, xanthan gum as viscosity modifier, lactic acid keratolytic, and preservative system, designed to protect the active compounds from degradation.",2,31,0,0.0,22,ok
2025,12357649,16,keyword,"Topical emulsion of solasodine glycoside with xanthan gum viscosity modifier (0.2‑2 %), keratolytic lactic acid (5‑10 %), salicylic acid (5‑10 %), urea (3‑5 %), cetomacrogol emulsifier, paraffin oil, humectant, antiseptic, aqueous phase for cutaneous cancer therapy.",3,37,2,0.08,25,failed_constraints
2025,12357649,16,function,"topical anti‑cancer cream comprising solasonine or solamargine with a xanthan‑gum base, lactic acid, salicylic acid and urea, formulated as a stabilized emulsion to deliver glycoalkaloids for cutaneous malignancy treatment.",3,31,1,0.047619047619047616,21,failed_constraints
2025,12188672,30,summary,"An AI‑based HVAC controller that uses reinforcement learning to choose temperature actions, evaluates a delayed reward after the time required to reach a target setpoint, and updates its policy by omitting intermediary states, thereby enhancing comfort and energy efficiency.",1,40,0,0.0,27,ok
2025,12188672,30,keyword,"reinforcement learning HVAC control with delayed reward for temperature target attainment, reward computed after temperature change period, excluding intermediate states, using computing device for predictive control action.",1,27,0,0.0,22,ok
2025,12188672,30,function,"Search for reinforcement‑learning based HVAC control that calculates delayed reward after a specified temperature‑settling interval, evaluating the action’s effect on heating, ventilation or cooling while excluding the period between action initiation and reward observation.",2,37,0,0.0,26,ok
2025,12315932,1,summary,"Search for lithium‑ion battery anodes employing a high‑molecular‑weight binder polymer with methacrylamide and acrylic acid units, crosslinked via bisacrylamide, containing acrylonitrile additive, and loaded with ≥70 wt % silicon‑based active material for improved capacity and cycling.",1,39,0,0.0,29,ok
2025,12315932,1,keyword,"Search for lithium‑ion battery anodes employing high‑molecular‑weight polyacrylamide binders with acrylonitrile, N,N’-methylenebisacrylamide, and acrylic acid, and containing over 70 wt% silicon‑based active materials such as SiOx, SiC, or silicon alloys.",3,36,0,0.0,26,ok
2025,12315932,1,function,"Search prior art for a battery anode composition featuring a binder polymer containing acrylamide, acrylic acid, acrylonitrile, and bisacrylamide, with polymer molecular weight between 360 k–640 k g/mol, incorporating ≥70 wt % silicon‑based active material such as SiOx or SiC for high capacity and stability.",2,47,0,0.0,33,ok
2025,12329305,33,summary,Search patents for a slow cooker featuring a removable pot that can be raised or lowered via a threaded ring lifting system for adjustable heating contact.,1,26,0,0.0,16,ok
2025,12329305,33,keyword,Search for slow cooker with removable pot and threaded lift system incorporating internal and external rings that enable the pot to be raised above or lowered onto a heating element for conductive heating; stabilization rods present.,1,36,0,0.0,23,ok
2025,12329305,33,function,"Search for slow‑cooking cookware systems featuring a base‑mounted heating element with a threaded lift that positions a detachable pot between an upper gap and a lower conductive contact, including stabilizing rods and two cooperating screw threads.",3,38,0,0.0,26,ok
2025,12212836,2,summary,"Three‑axis magnetic‑actuated camera module with lens and sensor co‑moved, pivoting about pitch, roll, and optical axes to keep alignment, and an integrated display renders captured images.",1,29,0,0.0,21,ok
2025,12212836,2,keyword,"magnetic 3‑axis camera module with coil–magnet configuration for rotating between horizontal, vertical, and optical axes, maintaining lens‑sensor alignment, featuring opposing magnet pairs on module sides, intertwined coil segments (first‑first, second‑third), integrated image sensor substrate, and on‑board display output",1,44,0,0.0,35,ok
2025,12212836,2,function,"Search prior art for camera modules that achieve simultaneous pitch, yaw, and roll motion via electromagnetic coils mounted on opposite module surfaces, enabling rotations about axes perpendicular to and along the optical axis while the lens remains aligned with the image sensor during movement.",1,44,0,0.0,32,ok
2025,12432328,2,summary,"Search for systems that convert volumetric 3‑D data into a multiplane mosaic for a multi‑focal VR headset, transmitting depth‑plane arrays via wireless link to a device that sequentially renders stereo views on interleaved optical paths.",1,38,0,0.0,24,ok
2025,12432328,2,keyword,"Search for a head‑mounted display system that encodes volumetric content into layered virtual depth planes, arranges them into a composite mosaic for separate left‑ and right‑eye panels, transmits the mosaic wirelessly with depth‑plane metadata, and performs time‑sequential eye‑specific rendering.",3,44,3,0.1,30,failed_constraints
2025,12432328,2,function,"Search for systems that separate volumetric 3‑D image processing from a headset, transmitting compressed multi‑plane mosaics over wireless links, where the headset sequentially overlays depth‑specific images onto paired eye‑oriented displays to create perceptual depth cues.",2,39,0,0.0,28,ok
2025,12222358,10,summary,"Automatic in vitro diagnostic system employing a flexible cuvette strip guided by a track and moved by a belt mechanism with spaced projections that engage the strip’s lower portions, ensuring precise alignment at a measuring station for fluid state change analysis.",1,42,0,0.0,26,ok
2025,12222358,10,keyword,"Automatic in‑vitro diagnostic apparatus featuring a flexible film‑bound cuvette strip, a tracking module with a defined guide path, a drive belt operated by a rotating support that contacts lower receptacle sections, and a top blocking interface that receives cuvettes during belt‑based transport to a measurement station.",2,49,0,0.0,33,ok
2025,12222358,10,function,"automatic in vitro analysis system with flexible cuvette strip guided along track by belt with projections engaging lower receptacle portions, upper stop surfaces, and pushing device to maintain contact for timed state change measurement of biological fluids",1,37,0,0.0,27,ok
2025,12315514,6,summary,"Search for systems that route voice commands to multiple virtual assistants by checking if a primary assistant has the necessary permissions and skills to retrieve external data, and if not, delegate the request to a secondary assistant equipped for that data access.",2,42,0,0.0,23,ok
2025,12315514,6,keyword,"Processor-based system with memory and I/O circuitry that, on wake‑word detection, evaluates intent, checks skill Authorization data for the primary voice‑assistant, and delegates to a secondary assistant capable of accessing third‑party services, using a trained classification model for generic versus assistant‑specific requests.",3,48,0,0.0,32,ok
2025,12315514,6,function,"System and method that processes a spoken command, evaluates whether required external data can be accessed via a skills set, checks authorisation of the primary voice agent, and routes the request to a secondary agent capable of authorised data retrieval.",3,40,0,0.0,26,ok
2025,12401358,5,summary,"Search for a push–pull transistor stack with an auxiliary transistor that clamps the driver's output to the source of the lower transistor, automatically cutting off the upper device to block cross‑conducting and abort spurious turn‑on caused by environmental disturbances.",2,43,0,0.0,25,ok
2025,12401358,5,keyword,"Search patents for high‑side gate driver with series P‑channel MOSFETs, a shunt transistor linking source and gate to suppress shoot‑through, gate‑drive logic that pulls drive low to source voltage, noise‑immune switching, and optional limiting diode.",1,40,0,0.0,29,ok
2025,12401358,5,function,Search for gate‑drive circuits for series MOSFET stacks using a tertiary transistor that clamps the upper MOSFET gate to the lower MOSFET source during conduction to eliminate shoot‑through and provide noise‑robust fail‑safe OFF state.,1,38,0,0.0,27,ok
2025,12393721,6,summary,"software system for intercepting query results from a database, allowing a companion processing module to add, delete, or alter returned records based on rules before passing them back to the requesting application.",1,32,0,0.0,20,ok
2025,12393721,6,keyword,"Searching for implementations where an application submits a query to a backend, a local helper process intercepts the retrieved record set, modifies entries by appending, removing, or editing records based on predefined rules, then returns the altered set to the application.",2,41,0,0.0,25,ok
2025,12393721,6,function,"Data retrieval from a datastore via a sidecar component that modifies the result set by adding, removing—or updating—items based on a criterion before returning the altered dataset to the application.",1,32,0,0.0,18,ok
2025,12223806,12,summary,"How can a platform accept a user's selected wagering target, identify another bettor who placed a stake on the same target using metrics such as odds, stake size, or tipster win rate, and present that tipster's profile on the user's terminal?",3,44,0,0.0,27,ok
2025,12223806,12,keyword,"Search for patents describing a processing system that receives a specified betting target from a first player, consults a betting target table of tipsters and bet types, selects a second player who bet on the same target, and shows the chosen tipster’s statistics on the first player’s terminal.",3,50,2,0.06896551724137931,29,failed_constraints
2025,12223806,12,function,"Computer‑based wagering system that receives a user’s chosen event outcome, identifies another participant who placed an identical wager on that outcome, and shows the identified participant on the user’s device, prioritizing based on odds, bet size, crowd activity, and past win rates.",2,45,0,0.0,29,ok
2025,12196180,27,summary,"Search for wind turbine design incorporating electrically conductive shroud that connects the rotor hub to the bearing housing for lightning discharge, forming a low‑resistance path to ground while avoiding impact on bearing operation.",2,34,0,0.0,23,ok
2025,12196180,27,keyword,"Search for wind turbine with an electrically grounded shroud that connects the rotor hub and front shaft to the bearing housing, providing a lightning‑conductive short‑circuit bypassing the bearing arrangement; includes blades, gearbox, and generator.",3,36,1,0.043478260869565216,23,failed_constraints
2025,12196180,27,function,"Find prior art of wind turbines using a shroud that creates a direct electrical conduit from rotor to ground, bypassing bearing contacts, to channel lightning through the bearing housing and hub, ensuring safe grounding of the main shaft.",1,38,0,0.0,25,ok
2025,12430965,4,summary,"Create a credential exchange method in which a central authority produces two diversified keys from a shared master key and distinct device inputs, encrypts a credential bundle, then a reader authenticates a mobile, reconstructs the encryption key, validates the bundle, and grants access.",2,43,0,0.0,28,ok
2025,12430965,4,keyword,"Search patents describing a credential system where a master secret is stored on both server and reader, authentication and encryption keys derived from distinct inputs, an encrypted credential blob sent to a mobile device, and the reader authenticates, generates a session key, and validates the blob for device access control.",3,50,2,0.06451612903225806,31,failed_constraints
2025,12430965,4,function,"Retrieve prior art on methods that use master keys and derived authentication keys to secure credential exchanges between mobile and reader devices, enabling detection of illicit data replication across devices.",2,30,0,0.0,22,ok
2025,12404419,19,summary,polymerizable mixture with ethylenically unsaturated monomer and heterocyclic α-β-unsaturated imide component in a ≥6-membered ring for durable hardcoat coating applications.,2,23,0,0.0,13,ok
2025,12404419,19,keyword,"Search for polymerizable formulations containing ethylenically unsaturated monomers or oligomers combined with heterocyclic imide radicals possessing α,β‑unsaturated carbonyl groups and a six‑membered ring; including hard‑coating resins, coating application methods, and synthesis routes for such heterogeneous imide precursors.",2,41,0,0.0,30,ok
2025,12404419,19,function,"Search for polymerizable systems containing ethylenically unsaturated components combined with α,β‑unsaturated cyclic imide units that provide hard, wear‑resistant coatings for substrates, focusing on synthesis routes, crosslinking chemistry, and application methods.",2,33,0,0.0,23,ok
2025,12379647,1,summary,"Electronic device with coaxial rotating subsystems where a secondary shaft drives a primary rotating element about a shifted axis, and the rotation of the primary element is sensed to determine the phase of the secondary shaft.",1,36,0,0.0,20,ok
2025,12379647,1,keyword,"Search for electronic devices featuring coaxially rotatable first and second gear members, a secondary rotation member with offset axial movement, a housing accommodating shaft supports and sliding surfaces, and phase detection of rotational motion.",1,34,0,0.0,24,ok
2025,12379647,1,function,"Search for electronic devices where a secondary rotor slides axially on a primary rotor, with a third rotor linked to the secondary but offset in axis, enabling phase detection of the secondary rotor when the third rotor rotates.",1,38,0,0.0,20,ok
2025,12420361,26,summary,"Nickel-core braze coating comprising a roughened nickel substrate, layered hard-particle brazing flux, hardened secondary flux layer, and silicate protective topcoat that eliminates binders and improves adhesion.",1,28,0,0.0,22,ok
2025,12420361,26,keyword,"Search for metal braze coating systems featuring a roughened nickel core, multilayer architecture with a flux‑particle‑filler coating, a secondary flux hardened layer, and an outer silicate protective film, all without binder additives.",1,34,0,0.0,25,ok
2025,12420361,26,function,"Search for brazing coatings featuring a roughened nickel core and a multilayer design—particle‑rich brazing flux, hardening layer, and silicate protective shell—to achieve strong binder‑free adhesion.",1,29,0,0.0,21,ok
2025,12420736,32,summary,"Search patents for vehicle interior trim assemblies featuring an integrated guidance unit that uses a hinged flap and a transversal wall to manage airbag deployment, with a molded net linking the flap and wall segments.",1,35,0,0.0,22,ok
2025,12420736,32,keyword,"Search for vehicle interior trim components featuring an integrated body with a transverse wall and hinge‑attached flap, overmolded in the body material, and a net spanning the hinge region to guide airbag passage during deployment.",1,36,0,0.0,23,ok
2025,12420736,32,function,"Trim component for auto interiors featuring a body‑integrated guiding device with a hinged flap that opens to permit airbag egress; includes a net‑supported hinge, thick wall portions forming a channel, and overmolded attachment to the panel.",2,38,0,0.0,25,ok
2025,12414157,4,summary,"Search for methods where a transmitter schedules test signal timing based on other nodes' settings to avoid collisions, then cooperatively measures cross‑node interference, while a central controller adjusts the schedule and informs the transmitter.",2,35,0,0.0,24,ok
2025,12414157,4,keyword,"Search patents where a base station configures its pilot transmission schedule based on other stations' pilot configurations to prevent pilot collisions and perform inter‑cell link quality measurement, with a central controller determining and distributing the adjusted transmission plan.",2,39,0,0.0,27,ok
2025,12414157,4,function,"search for techniques that enable a base station to configure its pilot signal transmission parameters by receiving configuration data from neighboring base stations, thus avoiding pilot signal collisions and facilitating cross‑link interference assessment in wireless networks.",3,37,1,0.038461538461538464,26,failed_constraints
2025,12334402,2,summary,"Inkjet deposition creates a continuous coating on a device substrate by printing higher‑density droplets along edge frames and lower‑density droplets within the center, with density modulated by a topography‑based correction; subsequent curing yields a variable‑thickness layer.",1,40,0,0.0,28,ok
2025,12334402,2,keyword,"Search for inkjet printing of thickness‑graded organic encapsulation on LED displays using edge‑frame droplet deposition, halftone‑based variable droplet density guided by substrate topography and grey‑scale values, followed by UV or thermal curing.",2,36,0,0.0,27,ok
2025,12334402,2,function,"Search for inkjet deposition techniques that employ variable droplet density—higher at the area’s edges to create a frame and lower or topography‑adjusted density inside the frame—to produce continuous, variable‑thickness layers on electronic substrates, followed by curing.",1,41,0,0.0,26,ok
2025,12306716,5,summary,"Programmable steering network that, from initialization data, maps multiple unreliable bit positions across a memory codeword’s data symbols into a single parity symbol, thereby coalescing errors into the check field.",1,31,0,0.0,21,ok
2025,12306716,5,keyword,"Investigate memory devices using configurable routing logic to relocate unreliable bit occurrences across multiple data symbols into a parity field of a codeword, with initialization mapping derived from device diagnostics or rank‑specific firmware, enabling on‑the‑fly error coalescence.",3,40,0,0.0,28,ok
2025,12306716,5,function,"Programmable crossbar or steering MUX array that routes identified unreliable bit positions from multiple data symbols to a single check symbol within a codeword, configured at initialization from non‑volatile stored fault maps—per‑rank adjustable error‑routing logic.",3,39,0,0.0,29,ok
2025,12240597,32,summary,"A winged aircraft featuring ducted fan systems with motors mounted on internal guide panels that double as ribs and stators, where the ribs run along the motor surfaces and the structural spars are arranged in a three‑layer alignment from leading to trailing edges.",1,44,0,0.0,26,ok
2025,12240597,32,keyword,"Search prior art for aircraft wing configurations that incorporate ducted fans with a duct ring and internal guide grilles acting as stators, cylindrical electric motors mounted on the grilles, tangentially integrated ribs extending from leading to trailing edge, and a multi‑spar airfoil structure.",2,44,0,0.0,30,ok
2025,12240597,32,function,"Search for aircraft wing designs that integrate ducted fans with stator-like guide structures and rib arrangements to enhance airflow control, enable multiple spar configurations, and support cylindrical propulsion units for efficient lift and thrust.",2,35,0,0.0,25,ok
2025,12255433,3,summary,"System uses a stabilized laser comb in a source node to generate two frequency‑tagged continuous‑wave beams, sends them via free‑space links to a second node, where matching beams are returned; comparison of returned and transmitted tones yields nanosecond‑level timing offset between the nodes’ reference oscillators.",3,49,0,0.0,35,ok
2025,12255433,3,keyword,"Search for systems using a comb‑referenced optical source to generate dual‑frequency continuous lasers, exchange them between a local and remote platform through free space, and an electronics block that computes inter‑platform clock offsets via comparative signal analysis.",2,40,0,0.0,29,ok
2025,12255433,3,function,"Search for a two‑way optical time‑transfer apparatus that translates a stabilized optical comb into two distinct‑frequency continuous‑wave outputs, exchanges them with a remote station through free‑space links, and evaluates the time offset between the sites’ clocks by comparing transmitted and received signals.",3,47,2,0.0625,32,failed_constraints
2025,12256102,2,summary,"Search for image coding methods that switch between matrix‑based intra prediction and low‑frequency non‑separable transform depending on an MIP flag, using block‑size‑dependent matrix multiplication, LFNST kernel selection, and defined signal ordering for efficient residual reconstruction.",3,40,5,0.16129032258064516,31,failed_constraints
2025,12256102,2,keyword,"Search for image decompression techniques using intra prediction modes, transform‑coefficient residual reconstruction, and indexed low‑frequency transform kernels applied via a matrix‑based prediction flag, including residual sample synthesis from coefficient data under variable block-size matrix scales.",2,39,0,0.0,33,ok
2025,12256102,2,function,"Generate image residual samples using transform coefficient data and low‑frequency non‑separable transform indices, optionally applying a matrix‑based intra prediction that reduces neighbor samples via matrix multiplication, with MIP flag signaling before LFNST index, conditioned on block size and sub‑partitions, in encoding/decoding.",3,46,5,0.13513513513513514,37,failed_constraints
2025,12404417,19,summary,"Search for aqueous ink additives comprising triazine‑based compounds with varied alkyl‑ or aryl‑substitutions that enhance pigment or dye dispersion and color stability, including solutions with water and colorants for improved ink performance.",1,34,0,0.0,23,ok
2025,12404417,19,keyword,"Search for patents on aqueous additive solutions for inks containing triazine‑amine compounds with variable alkyl chain substitutions (e.g., –NH–(CH2)n–CO2M) alongside benzene or naphthalene–based adjuncts that incorporate a hydrophilic substituent, plus colorants and water.",3,39,2,0.07692307692307693,26,failed_constraints
2025,12404417,19,function,"Search for aqueous ink additives containing a triazine core with aminobutyl or hydroxyl side chains and hydrophilic sulfonate or carboxylate groups, used to enhance colorant solubility, viscosity, and print stability in inkjet inks.",1,33,0,0.0,22,ok
2025,12404133,25,summary,Search for devices that use an adjustable‑width handle frame and two interlocking spools equipped with crossing rods to automatically wind a tarp into a compact roll during a swinging motion.,2,31,0,0.0,19,ok
2025,12404133,25,keyword,"tarp roll‑forming device with adjustable‑width handle bracket, dual ratcheting spools bearing lobe‑wheeled shafts and rods that partially span the tarp, engaging via threaded screw, gear‑ratchet for bi‑directional spool rotation.",1,34,0,0.0,27,ok
2025,12404133,25,function,"Search for devices that use an adjustable-width handle bracket with movable components, rotating spools equipped with rods that partially span a tarp to wind it into a roll, where the handle bracket swings to drive spool rotation and wrap the tarp.",3,42,0,0.0,24,ok
2025,12293673,12,summary,"Search for aircraft guidance systems using virtual leader projection to compute approach paths for following moving targets, including methods for projecting current aircraft position onto a straight-line trajectory to a dynamic waypoint.",1,33,0,0.0,24,ok
2025,12293673,12,keyword,"Search for aircraft guidance technique that uses relative position data to project the aircraft onto a virtual leader path, determining virtual leader locations and corresponding guidance inputs that enable continuous tracking of a moving target via a straight approach.",3,39,5,0.18518518518518517,27,failed_constraints
2025,12293673,12,function,"A method for aircraft guidance that computes relative direction to a moving target point, defines a virtual leading position along a straight approach path toward the target, and generates successive guidance inputs for the aircraft to follow this virtual lead.",3,40,4,0.16,25,failed_constraints
2025,12284649,4,summary,"Find prior art on wireless devices determining communication feasibility by comparing received location data and device identifiers from messages with sidelink control info, using distance calculation and minimum required range checks when transmission intervals are below a threshold.",1,38,0,0.0,27,ok
2025,12284649,4,keyword,"wireless communication device transceiver processor memory receives messages with location and identifier data, obtains distance using localization, checks minimum required communication range based on sidelink control info, time interval threshold, and identifier match.",3,33,2,0.07407407407407407,27,failed_constraints
2025,12284649,4,function,"Search for methods enabling a device to decide if another device is close enough for a service‑defined link by collecting beacon data, location tags, and identity tokens, then computing distance from recent transmissions.",2,34,0,0.0,22,ok
2025,12418419,4,summary,"Search for decentralized trust protocols where clients partition requests, servers encode each data chunk with a unique byte pad, hash the encoded block, then alter the pad via hash‑derived byte swaps, and commit the block to a blockchain, optionally adding timestamped puzzles or certificate requests.",1,46,0,0.0,33,ok
2025,12418419,4,keyword,"Find prior art on hash‑dependent encoding pad swap mechanisms using unique byte arrays for encrypting client requests before adding to a blockchain, including timestamp verification puzzles and certificate retrieval logic in trust‑oriented client‑server protocols.",2,37,0,0.0,29,ok
2025,12418419,4,function,"systems for trust protocol that encode client data using a unique byte‑pad, compute a cryptographic hash of the encoded block, then modify the pad by swapping byte positions based on hash‑derived indices before recording the block on a blockchain and optionally adding a timestamp puzzle or CA certificate.",1,50,0,0.0,33,ok
2025,12289218,4,summary,"How to identify and display network routing paths associated with unauthorized user computers by gathering route information, obtaining source and destination geolocations, applying weighted criteria, and mapping selective paths on a geographic interface?",1,33,0,0.0,23,ok
2025,12289218,4,keyword,"Search for patents describing a computing system with memory and processor that receives network routing data, identifies routes linked to illicit user devices, retrieves source/destination IP addresses, converts them to geographic coordinates, applies weighted filters, and visualizes filtered paths on a map display.",1,44,0,0.0,31,ok
2025,12289218,4,function,"System to detect and map routing paths associated with malicious hosts, filter them by weight, and visualize source/destination on a map using network service integration, enabling real‑time monitoring of illicit traffic.",1,33,0,0.0,22,ok
2025,12351690,16,summary,"Search for a branched polymer incorporating dodecenyl succinate anhydride, diisopropanolamine, bis‑dimethylaminopropylamine that increases the bactericidal effect of 1,3‑propanediol or N‑hydroxyoctanamide in formulations.",1,26,0,0.0,14,ok
2025,12351690,16,keyword,"Search for hyperbranched copolymers composed of a 12‑carbon unsaturated succinate anhydride, diisopropanolamine, and bis‑dimethylaminopropylamine with Mn 1,200–4,000 g/mol, combined with 1,3‑propanediol or N‑hydroxyoctanamide for synergistic antimicrobial enhancement.",3,36,0,0.0,20,ok
2025,12351690,16,function,"hyperbranched copolymer built from dodecenyl succinic anhydride, diisopropanolamine, and bis‑dimethylaminopropylamine combined with 1,3‑propanediol or N‑hydroxyoctanamide for synergistically boosting antibacterial effectiveness in coatings, liquids or cleaning products.",1,30,0,0.0,18,ok
2025,12387706,10,summary,Search for acoustic resonators with light‑dependent tuning using electromagnetically actuated pistons inside Helmholtz cavities that switch between two resonant modes based on ambient light level.,1,26,0,0.0,20,ok
2025,12387706,10,keyword,"Search for light-enabled acoustic resonators employing a Helmholtz cavity, an internal electromagnet or solenoid with a movable arm, where ambient light intensity below a preset threshold actuates the arm to extend, altering the resonant frequency, and above threshold retracts it to a different acoustic mode.",1,46,0,0.0,29,ok
2025,12387706,10,function,"Search for acoustic resonators that adjust a Helmholtz cavity via a light‑sensing circuit controlling an electromagnet or solenoid, moving a member between extended and retracted positions to alter acoustic resonance when ambient light crosses a threshold.",1,37,0,0.0,24,ok
2025,12391725,16,summary,"Developing a high‑yield, gram‑scale route to C‑3 galeterone analogs that degrade AR and MNK, employing mesylation‑azidation‑reduction steps to form azides then cyclize the resulting amines into imidazole‑linked steroids.",2,34,0,0.0,23,ok
2025,12391725,16,keyword,"Search for scalable gram‑scale synthesis of galeterone C‑3 analogs using mesylate intermediates, azide substitution, catalytic reduction to amines, followed by intramolecular amination and cyclization to imidazole‑bearing androsta‑diene derivatives targeting AR and MNK degradation.",2,37,0,0.0,26,ok
2025,12391725,16,function,"Large‑scale synthesis of 3‑imidazole‑substituted galeterone analogues via mesylation of a steroid core, azidation with organic or inorganic azide, reduction, and intramolecular cyclization to form α‑ or β‑aminobenzimidazole‑linked steroids.",1,33,0,0.0,20,ok
2025,12400191,7,summary,"Search for systems that simulate semiconductor fabrication processes, compare real sensor data to model outputs for mismatch detection, and automatically trigger parts replacement orders while generating maintenance task lists.",1,29,0,0.0,22,ok
2025,12400191,7,keyword,"Semiconductor fabrication control system with a controller unit, real‑time process monitoring and predictive modeling to compare measured process metrics against simulated outputs, enabling process parameter optimization, maintenance‑part pre‑detection, automated ordering via a parts purchasing service, and inventory‑management integration.",3,42,2,0.058823529411764705,34,failed_constraints
2025,12400191,7,function,"system for semiconductor fab equipment that obtains real-time sensor data, runs a virtual process simulation using a model, compares measurements to predictions, adjusts parameters if difference within threshold, flags component failures beyond threshold, and generates a part reorder with maintenance guide",1,42,0,0.0,31,ok
2025,12414564,19,summary,"A liquid formulation containing a novel oligomeric compound that suppresses nucleation, crystal growth, and Ostwald ripening of solid agrochemical active ingredients, thereby maintaining particle size during freeze‑thaw cycles, and co‑formulated with a conventional surfactant but not the oligomer itself.",3,41,4,0.13793103448275862,29,failed_constraints
2025,12414564,19,keyword,"Search for patents describing liquid pesticidal formulations containing a bifunctional oxygen‑containing polymeric additive with aromatic‑bearing side groups, used with solid fungicides pydiflumetofen, oxathiapiprolin or sedaxane to suppress crystallisation during freeze–thaw cycles.",3,34,1,0.038461538461538464,26,failed_constraints
2025,12414564,19,function,"Search for formulations using a specific polyether polyol modifier that limits nucleation and crystal growth of solid agrochemical actives such as pydiflumetofen or oxathiapiprolin, maintaining particle size under a two‑week freeze‑thaw test.",3,34,2,0.08333333333333333,24,failed_constraints
2025,12328072,1,summary,"Search for a power converter that measures currents through multiple switches, automatically increases or decreases a control voltage when currents go beyond or remain within normal bounds, and drives the high‑side and lower switches accordingly.",2,36,0,0.0,24,ok
2025,12328072,1,keyword,"Search prior art for a bidirectional buck‑boost power converter with high‑side and low‑side MOSFETs, a controller circuit gating both, a current‑sensing array of switching elements, and an adaptive reference voltage produced by a down‑counter during normal currents and an up‑counter during over‑current events.",1,50,0,0.0,35,ok
2025,12328072,1,function,"Power conversion circuit employing current‑sensing through multiple switch elements to automatically adjust a reference voltage for high‑side and low‑side transistor control, raising voltage when abnormal currents are detected and lowering it during normal operation.",1,37,0,0.0,27,ok
2025,12346963,7,summary,"Search for systems that use a mobile app to detect a user’s outstanding banking request, locate the nearest ATM, transmit secure credentials via short‑range communication to retrieve and exhibit the pending document, and provide travel time to the user.",3,41,2,0.07692307692307693,26,failed_constraints
2025,12346963,7,keyword,"Search for systems combining mobile‑app calendar scanning with ATM‑based service fulfillment, using dual‑credential authentication (payment card plus mobile App token via NFC) to trigger document queuing and display at the ATM.",1,34,0,0.0,26,ok
2025,12346963,7,function,"Finding systems that detect pending user tasks from a mobile banking app, check a device calendar for free time and user location, suggest nearby automated teller machines for task completion, send queued documents to the ATM via proximity authentication, and display results at the machine.",1,45,0,0.0,31,ok
2025,12339824,6,summary,"Search for storage systems that use radix trie structures for append‑only, space‑efficient key storage with offset arrays and sorted serialization to enable efficient querying in low‑resource environments.",2,30,0,0.0,21,ok
2025,12339824,6,keyword,"Search for methods employing sorted radix trie structures within disk‑optimized, append‑only databases to store large key collections, where nodes retain serialized offsets to child nodes for efficient low‑memory queries of hierarchical data.",3,35,1,0.037037037037037035,27,failed_constraints
2025,12339824,6,function,"A method for inserting large sets of keys into an on‑disk, write‑once storage that uses a sorted radix tree structure, recording child node offsets for efficient querying in constrained‑memory environments.",3,33,0,0.0,21,ok
2025,12345622,10,summary,"Device combining mass detection and volumetric imaging to determine density of single suspended particles in fluid, providing accurate particle characterization for analytical processes.",1,23,0,0.0,16,ok
2025,12345622,10,keyword,"Search for single‑particle fluidic measurement systems that combine a mass sensor with an imaging sensor for simultaneous per‑particle mass and volume assessment, linking the data to compute particle density via a mass‑to‑volume ratio.",1,37,0,0.0,24,ok
2025,12345622,10,function,"search for devices that concurrently measure mass and volume of individual suspended particles, using separate mass sensor and imaging sensor, linking results to compute density, possibly in a fluidic channel.",1,30,0,0.0,20,ok
2025,12406066,6,summary,"Search for systems allowing an external host to transmit and install a boot loader to a storage device via a wireless link, with a fallback to the internally stored boot loader on the device, using a controller featuring UART and security processing.",1,42,0,0.0,24,ok
2025,12406066,6,keyword,"Search for external‑mounted storage controllers that can retrieve and execute bootstrap firmware over a wireless UART link, validate boot code via a security processor, then load device firmware into onboard flash and activate a wired interface.",2,37,0,0.0,27,ok
2025,12406066,6,function,"Search for secure firmware initialization methods where a storage module acquires initialization code from a host over a UART or wireless link, validates it, and, if unavailable, falls back to built‑in bootstrap logic to load firmware into memory before data transfer commences.",2,43,0,0.0,27,ok
2025,12421229,14,summary,"Search for small‐molecule antagonists targeting toll‑like receptors 7, 8 and 9 that are effective in treating systemic lupus erythematosus and lupus nephritis, focusing on novel chemical scaffolds with pyrrolidinyl, morpholinyl and piperazinyl substitution patterns.",3,36,2,0.09090909090909091,22,failed_constraints
2025,12421229,14,keyword,"Search for novel morpholine‑, piperazinyl‑, pyridyl‑ and pyrimidyl‑substituted amino amide analogues as Toll‑like receptor 7, 8, and 9 antagonists for treatment of systemic lupus erythematosus and lupus nephritis, highlighting halogenated, nitro, cyano, alkyloxy, and deuterated functional groups in pharmaceutically acceptable salt forms.",3,44,4,0.13333333333333333,30,failed_constraints
2025,12421229,14,function,Search for compounds that inhibit innate immune receptors involved in nucleic acid sensing pathways to reduce autoimmune inflammation in systemic lupus erythematosus and lupus nephritis.,3,25,1,0.058823529411764705,17,failed_constraints
2025,12316412,3,summary,"Find prior art on wireless mobile units that advertise multiple candidate antenna clusters for millimeter‑wave links, send those cluster characteristics to a network node, which then runs beam training and orders the mobile device to use an alternative cluster.",1,40,0,0.0,28,ok
2025,12316412,3,keyword,"mmWave user equipment selecting antenna subarray sets with beam attribute indicators, sending preference set to base station, base station performing beam configuration, switching to alternative antenna groups during link establishment, code instructions for dynamic group switching, beamforming in 5G NR mmWave.",2,41,0,0.0,34,ok
2025,12316412,3,function,"Search for techniques where a mobile device proposes multiple antenna array group configurations with beam properties to a base station, which then performs beam training and commands the device to switch to a different antenna group.",2,36,0,0.0,22,ok
2025,12295779,13,summary,"Search for systems that monitor cumulative radiation dose from an imaging generator, compute dose rate to set adaptive stop thresholds, and issue shutdown signals that consider communication latency to reduce exposure errors.",3,32,0,0.0,22,ok
2025,12295779,13,keyword,"Search for electronic control systems in radiation imaging that compute accumulated dose from detector signals and issue stop signals to a radiation generator using dose‑rate adjusted thresholds with delayed‑response compensation, including dual‑threshold logic for communication latency mitigation.",1,40,0,0.0,29,ok
2025,12295779,13,function,"Search for systems using sensor-detected cumulative radiation dose to trigger a stop signal on the generator once a calculated threshold, derived from dose rate and known communication delay, is exceeded, ensuring controlled exposure.",2,34,0,0.0,23,ok
2025,12333424,10,summary,"Image‑based yield prediction for cereal crops during part of the growing season, by counting spikelets with a trained detection model, mapping maturity, and comparing heading changes to historical growth charts.",1,31,0,0.0,21,ok
2025,12333424,10,keyword,"Investigate image‑based phenotyping of cereal crops to count florets using convolutional neural networks, derive flowering and leaf‑area traits, quantify rust infection and intercropping effects, and forecast seasonal yield from partial‑season RGB sequence data.",3,36,0,0.0,28,ok
2025,12333424,10,function,"search for methods that analyze agricultural imagery to count flowering structures, compute heading stage differences across time, compare those changes to historical growth charts, and use the derived heading metrics to forecast crop production outcomes.",2,35,0,0.0,26,ok
2025,12385047,15,summary,"Search for methods of cell transformation using high‑molecular‑weight nucleic acid vectors delivered by endocytosis triggered via plasma or discharge treatments, where the vector does not persist inside the transformed cells.",1,32,0,0.0,23,ok
2025,12385047,15,keyword,"Search for methods of producing genetically transformed cells by contacting a vector‑containing introduction liquid, wherein the vector (~3–10 MDa nucleic acid) is taken up via endocytosis induced by plasma discharge or creeping electrolytic fields.",1,36,0,0.0,25,ok
2025,12385047,15,function,"Search for techniques that employ electrically induced endocytosis to transfer large nucleic‑acid vectors (≈3–10 MDa) into cells via an exogenous liquid, enabling trait modification while the vector is removed after transfection.",2,33,0,0.0,23,ok
2025,12423083,6,summary,"Search for methods that reduce adjustment delay by creating a plan of relocatable code patches, comparing pre- and post-adjustment values, and executing only necessary changes on both host and target systems without modifying unchanged sections.",2,36,0,0.0,25,ok
2025,12423083,6,keyword,relocatable binary image loader code patching plan list position adjustment content mapping pre‑execution value change verification host‑target dual-computer processor patch engine redundant entry elimination runtime relocation optimization,1,30,0,0.0,28,ok
2025,12423083,6,function,"Methods for efficient runtime patching of relocatable binaries by generating a table of patch locations and data, verifying value stability before applying patches on the target system.",2,27,0,0.0,17,ok
2025,12309758,4,summary,"How to enable a mobile device to interpret a controller’s multi‑segment allocation directive and accompanying state codes, compute how many sub‑intervals are addressed, and then fetch the corresponding data streams over the same frequency band?",2,38,0,0.0,26,ok
2025,12309758,4,keyword,"Search for patents describing a mobile device that decodes allocation messages specifying multiple sub‑band assignments and associated configuration flags, determines how many sub‑bands to utilize from the given allocation, and receives the scheduled payload transmissions accordingly.",2,38,0,0.0,27,ok
2025,12309758,4,function,"Search for techniques that enable a mobile device to interpret downlink control messages containing allocation pointers and configuration codes, compute the number of resource slots needed, and then receive the corresponding data streams accordingly.",2,34,0,0.0,23,ok
2025,12189154,9,summary,"Search for a device that reduces angular spectrum via a magnified illuminated area on a spectral filter placed between source and detector, enabling selective transmission of a predetermined wavelength band while imaging the source aperture onto the receiving aperture.",2,39,0,0.0,26,ok
2025,12189154,9,keyword,"Search for a diverging-beam imaging device with an entrance pupil of diameter D₁ and a downstream circular filter element illuminated over diameter D₂ = n·D₁ (n > 1), where the filter selectively reflects a specified spectral band, and a relay optics that images the first pupil to the second.",2,49,0,0.0,25,ok
2025,12189154,9,function,"Searching for optical systems that use a pupil‑expanded filter to shrink local angular spectrum, enabling narrowband reflection/transmission, with an imaging unit that projects the entrance pupil onto the exit pupil.",3,32,4,0.19047619047619047,21,failed_constraints
2025,12373127,6,summary,"A multi‑core processor that uses separate doorbell registers in a host controller to post command queues to a service engine, while each core can clear a corresponding interrupt register to abort the queued operation on a UFS flash device.",2,40,0,0.0,26,ok
2025,12373127,6,keyword,"Search for processors featuring dual cores, a host controller register with multiple doorbell and clear registers, a service delivery subsystem that orchestrates UFS peripheral access, and interrupt or command handshaking mechanisms for cooperative execution and cancellation.",3,36,2,0.08333333333333333,24,failed_constraints
2025,12373127,6,function,"How can multi‑core processors use distinct doorbell registers in their host control interface to dispatch separate storage commands to a service engine that manages flash memory access, and what mechanisms exist to cancel each command via clear registers?",2,39,0,0.0,28,ok
2025,12343216,13,summary,"Search for ultrasound probes featuring dual backing layers with orthogonally arranged anisotropic thermal conductivities, where the first layer favors heat flow along the transducer axis and plane while the second favors heat flow perpendicular to that plane, enabling enhanced heat dissipation during operation.",1,43,0,0.0,31,ok
2025,12343216,13,keyword,"Search for ultrasound probes with transducer arrays paired with electronic circuits and dual backing stacks exhibiting anisotropic thermal conductivities—first backing with heightened Z‑X conductivity versus Y, second with heightened Z‑Y conductivity versus X—used for directional heat diffusion and acoustic attenuation.",1,44,0,0.0,27,ok
2025,12343216,13,function,"Search for ultrasound transducer arrays with multi‑layer backing that uses anisotropic thermal conductivities: first layer high Z and X, low Y for heat spreading; second layer high Z and Y, low X for improved acoustic attenuation and thermal management.",1,40,0,0.0,23,ok
2025,12301472,4,summary,"Develop a smart throttling mechanism for cloud services that queues requests per time window, estimates incoming request rates, and adjusts throttling limits by combining proportional gain with exponential smoothing adjustments, recalibrating control weights when predicted and observed rates diverge significantly.",3,40,0,0.0,30,ok
2025,12301472,4,keyword,"Distributed system throttler engine aggregating requests into time‑windowed queues, computing received request rate versus rate limit, applying proportional‑integral‑based correction terms, detecting drift in prediction deviation, re‑tuning weights via simulation to output throttled request flow to a software component.",3,42,2,0.05714285714285714,35,failed_constraints
2025,12301472,4,function,"Retrieve request timestamps, aggregate into time-window based queue, estimate incoming traffic, compare against allowed limit, calculate adaptive correction factors using dynamic weights, simulate new throughput predictions, deliver a rate-controlled set of requests to the target service.",2,38,0,0.0,31,ok
2025,12379785,6,summary,"mobile computing device that displays a status area at the screen’s top edge, detects user gestures or repeated taps to slide that area and its adjacent app interface downward, thereby revealing more of the underlying content.",1,37,0,0.0,23,ok
2025,12379785,6,keyword,"gesture-controlled user interface displacement on handheld device display top edge notification/status bar, touch detection of swipe or multi-tap to shift apps and banner area; memory instructions for processor; movable status bar, interactive zones, motion sensor integration.",2,39,0,0.0,31,ok
2025,12379785,6,function,"Any system presenting a top-edge status area on a handheld display that senses touch gestures or tap sequences to slide the notification bar and adjacent application interface downward, enabling unobstructed interaction zones and dynamic repositioning based on current device state.",3,41,0,0.0,29,ok
2025,12226356,13,summary,"Query for prior art: adjustable rear head support system for a rotating therapeutic bed that pivots between closed and open positions, allowing facial clearance during prone‑to‑supine transition while minimizing pressure on the patient’s face.",1,37,0,0.0,26,ok
2025,12226356,13,keyword,"rotating patient support system with adjustable rear cranial cushion panel mounted to chassis allowing open and closed positions for supine‑to‑prone transitions, featuring translational and pivoting mechanisms to reduce facial pressure during rotation.",2,34,0,0.0,25,ok
2025,12226356,13,function,"Therapeutic bed with a rotatable patient support frame and adjustable posterior head panel that pivots between closed and open positions to support a patient's head during transition from supine to prone, relieving facial pressure from frontal restraints.",3,38,5,0.2,25,failed_constraints
2025,12189844,6,summary,"Multi‑camera system combining wide‑angle and magnified front views with infrared ocular imaging, using marker‑based calibration to map pupil positions across lenses for accurate gaze tracking.",2,28,0,0.0,22,ok
2025,12189844,6,keyword,"Search prior art for multi‑view eye‑tracking assemblies using a wide‑angle and a magnified front camera pair, infrared near‑eye cameras for pupil localization, marker‑based calibration, synchronized sampling, and unified gaze estimation.",2,35,0,0.0,27,ok
2025,12189844,6,function,"A gaze‑tracking system employing multiple front cameras with varying fields of view and infrared eye cameras, calibrated using fixed markers, that simultaneously captures a user’s facial region and pupil locations to enable precise eye‑position estimation across wide and focused views.",1,43,0,0.0,31,ok
2025,12413302,3,summary,"Create an apparatus that automatically logs several quality indicators on a fiber link, calculates their average, constructs two cumulative distribution curves, and determines a reference quality point where the second curve hits a predefined probability, easing quality assessment.",2,38,0,0.0,26,ok
2025,12413302,3,keyword,"Searching for an optical communication apparatus that acquires multiple quality samples along an optical link, computes their mean, builds a statistical model of quality, predicts future distribution based on additional samples, and selects a reference threshold when a target probability is met.",2,42,0,0.0,27,ok
2025,12413302,3,function,"method for estimating reference optical link quality by acquiring multiple measurements, computing average, building initial cumulative distribution, extending it with additional estimates, and selecting threshold where cumulative probability equals target value",1,31,0,0.0,23,ok
2025,12287320,10,summary,"Search for automated diagnostics that use hashed image sets to classify medical specimens into red discoloration, jaundice, lipid presence or normal categories, then display representative training images supporting the decision.",2,30,0,0.0,22,ok
2025,12287320,10,keyword,"hash-based image retrieval for automated specimen quality control, training images of blood samples in tubes using HILN classification, retrieving nearest training images via hashing network, multiple camera system, image capture, hemolysis, icterus, lipemia, normal classification",3,36,5,0.16129032258064516,31,failed_constraints
2025,12287320,10,function,"Search for automated specimen analysis systems that assign a classification index to a blood sample based on visual image capture, using learned image models and hashed reference images to provide decision support and display analogous training examples for quality assurance.",3,40,0,0.0,28,ok
2025,12368273,1,summary,"Search for coaxial connectors featuring a housing with a terminal receiving cavity, where a polygon‑shaped crimp section of the terminal is secured by a retainer that encircles the crimp and locks against an outward flange, employing a recess to position the retainer.",1,43,0,0.0,23,ok
2025,12368273,1,keyword,"Find prior art for a coaxial connector housing including a rear‑insertable terminal with a polygonal crimp surface and a protruding flange, using a retaining element that clamps the crimped corner and abuts the flange through a passageway in the housing.",2,41,0,0.0,24,ok
2025,12368273,1,function,"Search for coaxial cable connectors that secure a polygonally crimped terminal with an extending flange by using a retainer that fits around the crimp and abuts the flange, ensuring alignment and resistance to axial displacement.",1,35,0,0.0,20,ok
2025,12300040,12,summary,"A system that electronically reads original hard‑copy luggage tag IDs, converts them to digital records, searches linked flight data for the traveler’s return itinerary, and verifies each checked bag against the identified return airline carrier.",2,37,0,0.0,26,ok
2025,12300040,12,keyword,"Search patents for a non‑transitory computer readable medium that, when executed on a processor, captures a hard‑copy luggage tag ID from an originating airline, creates a digital tag record, retrieves return‑flight passenger data via a database query, and checks return‑flight baggage against the retrieved carrier.",3,49,4,0.11764705882352941,34,failed_constraints
2025,12300040,12,function,"software platform that electronically captures printed baggage tag identifiers, stores them as digital tag entries tied to the originating carrier, queries an itinerary database for the passenger’s inbound schedule, and automatically checks each luggage item against the future outbound segment.",3,41,1,0.03571428571428571,28,failed_constraints
2025,12283450,1,summary,"Search for an x‑ray tube that incorporates an inner collimator placed adjacent to the exit window, separated by an insulating shield that creates a cavity to isolate and block off‑axis rays, aiming to reduce weight while improving beam collimation.",1,41,0,0.0,25,ok
2025,12283450,1,keyword,"x‑ray tube featuring a sealed window bonded to a conductive mount, a proximal collimation chamber, a distal insulating barrier creating an isolated cavity, electron‑emitting cathode, target anode, adjustable collimator angle 15°‑70°, lightweight housing.",2,36,0,0.0,27,ok
2025,12283450,1,function,"Search for x‑ray generators that use an inner collimator positioned next to the exit window, sealed by an insulating spacer forming a cavity that shapes the beam, limits off‑axis flux, and reduces overall system weight.",1,37,0,0.0,23,ok
2025,12187536,8,summary,"A ceiling‑mounted carriage system that carries a load‑bearing body along a high path, while a second carriage transfers the load between high and lower stations using a rail extension and a lift mechanism, with coordinated control to switch support rails at junctions.",2,44,0,0.0,29,ok
2025,12187536,8,keyword,"Search for ceiling‑mounted conveyor systems featuring dual carriages where one carriage supports a main body via an auxiliary support rail, while the other carriage travels on a distinct travel rail with a lifting‑lowering gripper, and a control unit manages seamless carriage transfer through connection junctions.",3,47,1,0.029411764705882353,34,failed_constraints
2025,12187536,8,function,"article transport system with dual carriages, ceiling‑mounted path, ground‑level transfer target, and rail‑guided lifting device, where a support rail on the first carriage temporarily supports the main body when it moves along intersecting paths and is disengaged during independent movement",3,43,1,0.03333333333333333,30,failed_constraints
2025,12371519,14,summary,"Search for hydrogel contact lens compositions that combine radical polymerizable vinyl-based monomers, methacrylate prepolymers, and zwitterionic groups, produced via a two-step polymerization to enhance compatibility and optical clarity.",3,30,1,0.045454545454545456,22,failed_constraints
2025,12371519,14,keyword,"Search for contact lens hydrogel compositions comprising N‑vinyl lactam monomers, zwitterionic acrylate groups, methacrylate prepolymers, two‑stage polymerization, and crosslinkable vinyl‑functional monomers with specified linker groups.",2,28,0,0.0,22,ok
2025,12371519,14,function,"Search for contact‑lens hydrogel polymers produced by a two‑phase radical polymerization of vinyl and methacrylate monomers that incorporate zwitterionic side groups to enhance water retention, optical clarity and biocompatibility.",1,31,0,0.0,21,ok
2025,12381038,1,summary,Search for multilayer film capacitors featuring external electrodes with high‑aspect‑ratio protrusions that project across the laminate thickness and maintain surface flatness within 10 µm while exceeding the dielectric stack thickness by at least twice.,1,36,0,0.0,25,ok
2025,12381038,1,keyword,"Search for advanced film capacitor designs featuring multi‑layer dielectric‑metal laminates with external electrode protrusions extending beyond the combined dielectric thickness, level‑matching <10 µm, and recess‑filled electrode configurations for enhanced capacitance and planar manufacturability.",1,37,0,0.0,28,ok
2025,12381038,1,function,"Search film capacitors with laminate stacking of multiple dielectric layers and metal layers, wherein top electrodes feature protrusions extending beyond combined dielectric thickness, enabling close external contact and reducing step voltage, while maintaining surface planarity within 10 µm.",2,38,0,0.0,31,ok
2025,12310590,13,summary,"Biodegradable filament platform with a coiled structure and obdurator inserted into a vein and artery to shape and stabilize anastomosis, minimizing turbulence, and resorbing within three weeks.",1,27,0,0.0,16,ok
2025,12310590,13,keyword,"bioabsorbable polymer filament coil device with obdurator for vessel anastomosis, biodegradable filament 0.002‑0.007 in, 2‑6 mm coil width, 1‑week degradation, lumen curvature maintenance, AV fistula, turbulent flow reduction.",1,33,0,0.0,23,ok
2025,12310590,13,function,"Search for biodegradable filament coil platform that preserves lumen curvature during vascular anastomosis, minimizes turbulent flow in arteriovenous fistulas, and supports vessel integrity temporarily, with rapid degradation within weeks after implantation.",1,31,0,0.0,24,ok
2025,12252962,35,summary,"Wireline perforation system that incorporates insulated shock‑wave generators employing detonation cord housed to create freeing shocks when a perforation gun assembly sticks, allowing the unit to be released without detonating the shaped charges that perforate the wellbore.",1,38,0,0.0,26,ok
2025,12252962,35,keyword,wireline perforation system with shaped explosive charges and a separate shock‑wave generator subassembly using detonation cord housed in an isolating chamber to produce shock waves that release a stuck perforating gun without igniting the charges.,1,36,0,0.0,25,ok
2025,12252962,35,function,wireline perforation system with isolated shock‑wave generator using detonation cord to uncouple stuck perforation guns while protecting shaped charges during wellbore perforation operations.,1,24,0,0.0,20,ok
2025,12206567,4,summary,"Search for systems that monitor computing resources for a hosted application; when usage exceeds thresholds, automatically provision a duplicate server environment at a separate location and redirect client traffic via DNS-based load balancing to balance load and reduce resource strain.",2,41,0,0.0,28,ok
2025,12206567,4,keyword,"Search for systems enabling dynamic cloning of application hosts across multiple sites by monitoring CPU and memory thresholds, launching remote virtual servers, and adjusting DNS-based traffic routing to balance load between primary and secondary infrastructures.",2,36,0,0.0,27,ok
2025,12206567,4,function,"Search for systems that dynamically monitor CPU/memory usage of an application server, and upon reaching thresholds automatically clone the infrastructure to a remote site, redirecting DNS traffic via global load balancer to balance load.",1,35,0,0.0,24,ok
2025,12425185,4,summary,"System achieving adjustable trade‑off between confidentiality and efficiency for homomorphic encryption, partitioning encrypted data into distinct security tiers and selectively offloading computations to secure enclaves or normal processors based on user‑defined security or performance thresholds, with dynamic resource allocation guided by performance metric tables.",2,46,0,0.0,34,ok
2025,12425185,4,keyword,"Search for confidential computing systems that balance homomorphic encryption security levels with performance, partitioning encrypted data, executing partial workloads inside and outside secure enclaves, dynamically allocating computing resources via performance threshold tables, optimizing HE versus enclave execution overhead.",2,38,0,0.0,31,ok
2025,12425185,4,function,"Querying methods that split encrypted computation into different protection tiers, executing portions in a secure enclave and the rest on standard processors, while dynamically assigning resources to satisfy user‑defined performance limits and maximizing confidentiality of the workload.",2,38,0,0.0,25,ok
2025,12404982,1,summary,"Vehicle exterior mirror lighting device using multiple white LEDs, a bifurcated lens directing forward and peripheral light, and a light pipe that converts one LED’s white output into amber for side illumination, enhancing visibility and warning signals.",1,38,0,0.0,27,ok
2025,12404982,1,keyword,"Search patents for vehicle rear‑view mirror illumination modules featuring housings, dual optical elements guiding white LED light in distinct directions, a light‑guide element transmitting filtered amber output, and multiple secondary LEDs for forward illumination.",2,36,0,0.0,29,ok
2025,12404982,1,function,"search for vehicle exterior mirror lighting assemblies featuring a housing, a lens with a primary directing pathway and a secondary redirecting pathway, white LEDs combined with a light guide that filters primary LED output to amber for the secondary pathway.",2,40,0,0.0,25,ok
2025,12388465,5,summary,"Search for high‑speed receiver adjustment systems that use a known test sequence delivered before error‑correction, reconstruct a seed pattern, compare locally, identify error locations, and auto‑reconfigure to lower bit‑error rates.",2,34,0,0.0,26,ok
2025,12388465,5,keyword,"Search for high‑speed data channel receiver designs that incorporate pre‑decoded test patterns, forward error‑correction decoder, seed‑generation logic, receiver‑circuitry adjustment on raw bit‑error detection, and symbol/codeword grouping for bit‑error‑rate tuning.",3,38,3,0.0967741935483871,31,failed_constraints
2025,12388465,5,function,"high‑speed serial link receiver employing forward error correction, using a transmitted reference pattern, generating a seed from that pattern, producing a local copy, performing bit‑wise comparison to find error positions, and adjusting decoder or receiver settings to lower bit‑error rate.",3,43,2,0.0625,32,failed_constraints
2025,12264776,31,summary,"search for a device stand that shields a handheld computer from electromagnetic radiation, uses a pivoting animal-shaped support prop to hold the device on a surface, and encloses the screen facing forward inside a shielded case.",3,37,0,0.0,22,ok
2025,12264776,31,keyword,"Search for electronic device display holders featuring electromagnetic shielding panels, a hinged appendage that mimics an animal limb, a base inclined at an acute angle, and shielding materials such as mu‑metal or carbon composites.",2,35,0,0.0,23,ok
2025,12264776,31,function,"Portable display stand with built‑in radiation blocking panel and pivoting animal‑themed support that holds a handheld device upright on a surface, enabling users to view the screen while shielding the device’s emitted signals.",2,36,0,0.0,23,ok
2025,12245232,4,summary,"Vehicle on‑board network predicts mobile link speeds from historical patterns, builds a connectivity profile, and notifies in‑vehicle apps to vary their behavior during travel.",1,26,0,0.0,17,ok
2025,12245232,4,keyword,Retrieve prior art on predicting vehicular link rates from historical data to generate link service profiles that inform onboard network controllers and adjust mobile device application behavior during vehicle routing.,1,30,0,0.0,23,ok
2025,12245232,4,function,"Search for techniques that predict wireless link performance along a vehicle’s planned route using historical data, generate a vehicle‑specific link profile, and transmit adjustments to on‑board mobile applications to modify behavior based on expected link rates.",1,39,0,0.0,27,ok
2025,12290576,16,summary,"Search for one-pot dimeric gadolinium complex synthesis involving protection group removal, excess metal ion addition, precipitation of unbound metal, and spray-dried solid isolation for MRI enhancement.",2,28,0,0.0,22,ok
2025,12290576,16,keyword,"Search for prior art on one‑pot synthesis of dimeric Gd‑based MRI contrast agents employing DO3A tri‑tert‑butyl ester, in‑situ tert‑butyl deprotection, excess metal ion precipitation, and spray‑drying isolation of a white solid complex.",3,39,3,0.1,30,failed_constraints
2025,12290576,16,function,"Search for one‑pot procedures to synthesize dimeric gadolinium‑based MRI contrast agents, involving on‑solution protection group removal, excess lanthanide addition, selective metal ion precipitation, and spray‑drying isolation of the final white solid.",2,35,0,0.0,27,ok
2025,12259830,4,summary,"A dual‑bus interface that, upon frame initiation, detects the first dominant‑state bus after arbitration to locate the transmitting node’s network and route the message accordingly.",2,28,0,0.0,18,ok
2025,12259830,4,keyword,method and apparatus for detecting which of multiple CAN buses is transmitting a frame by identifying the first dominant state following arbitration between dual interface units linked to each bus.,1,30,0,0.0,19,ok
2025,12259830,4,function,"Search for systems that detect which of multiple CAN networks a transmitting node belongs to by observing the first dominant-level bus following arbitration, allowing dynamic identification of the source bus in dual‑bus automotive communication.",1,36,0,0.0,23,ok
2025,12313862,9,summary,Search for methods and systems using a two-zone lens to enhance glint detection for eye tracking by generating a halo and a focused spot.,1,25,0,0.0,14,ok
2025,12313862,9,keyword,"Eye‑tracking device employs a dual‑zone, energy‑spread lens with distinct radii of curvature to separate halo and focused PSF components of reflected illumination, capturing multi‑pattern glints via infrared sensor for gaze vector computation by embedded processor.",1,39,0,0.0,29,ok
2025,12313862,9,function,"search for eye‑tracking methods exploiting multi‑zone lenses that separate reflected light into halo and focused point‑spread components, enabling glint location determination from sensors for gaze or orientation inference.",1,31,0,0.0,22,ok
2025,12318359,16,summary,"Search for prior art on integrated treatment methods for depression that combine essential fatty acid supplements, sleep-modulating drugs, and non-drug sleep interventions, including cognitive behavioral techniques, delivered via a computer‑based guidance system.",2,35,0,0.0,27,ok
2025,12318359,16,keyword,"Search for patents on integrated pharmaceutical regimens combining polyunsaturated fatty acids, sleep‑inducing agents, and behavioral insomnia interventions for depressive disorders, supplemented with CBT modules delivered via software executing on non‑volatile memory with processors interpreting patient mood and sleep data.",2,41,0,0.0,31,ok
2025,12318359,16,function,"computer system delivering cognitive behavioral therapy for sleep issues to individuals diagnosed with a mood disorder, regardless of whether a sleep disorder is reported, using processor‑executed instructions on a non‑transitory medium.",3,33,1,0.045454545454545456,22,failed_constraints
2025,12376756,13,summary,"Develop a system that rapidly acquires multi‑frequency impedance data from electrode arrays on a body part, uses simultaneous current injections and voltage measurements via switch‑controlled acquisition circuits, processes complex signals, and reconstructs real‑time 3‑D tissue images for improved diagnosis.",2,43,0,0.0,31,ok
2025,12376756,13,keyword,"Search for an electrical impedance tomography system employing multiple electrode rings, simultaneous multi-frequency constant‑current driving, analog‑switching multiplexer, optically‑isolated source arrays, complex voltage measurement, real‑time 3‑D reconstruction, and integrated ventilation–perfusion display.",3,37,1,0.03333333333333333,30,failed_constraints
2025,12376756,13,function,"search for device that uses multiple electrode arrays to inject multi-frequency current signals into a body, measures complex voltage signals with analog switching, employs optical isolation among sources, processes data for rapid 3‑D reconstruction and real‑time ventilation/perfusion imaging.",3,42,3,0.1,30,failed_constraints
2025,12365247,32,summary,"EV motor control system measuring sensor bias and scaling errors to compute induced oscillations and adjust control signals, reducing disturbances and improving torque accuracy.",2,24,0,0.0,18,ok
2025,12365247,32,keyword,"Search for electric‑vehicle motor controllers that isolate and correct bias and gain errors in phase‑current measurement instruments, identify higher‑order harmonic distortion in direct and quadrature axis currents caused by sensor gain mismatches, and produce compensation signals to preserve torque and efficiency.",2,44,0,0.0,31,ok
2025,12365247,32,function,"Search for electric vehicle motor control systems that measure and correct current sensor offsets and gain mismatches, generating compensating drive signals to mitigate dynamic current waveform distortions.",3,27,1,0.05,20,failed_constraints
2025,12341822,4,summary,"Search for patents describing a server system that first creates a secure session to enforce a server‑defined asset use policy, then, upon user‑approved policy changes, initiates a second isolated session that delivers the same asset under the new policy through negotiated adjustments.",2,44,0,0.0,32,ok
2025,12341822,4,keyword,"Search for works describing server‑side controllers that instantiate a first secure enclave with a client device, enforce a server asset policy, then on a user‑chosen application change start a second isolated enclave using a negotiated asset policy threshold, delivering the asset via the second enclave.",3,47,2,0.06060606060606061,33,failed_constraints
2025,12341822,4,function,"Search for methods and systems enabling a server to grant a client secure, isolated access to a digital asset through two-tier secure environments, where a user‑defined asset policy can alter server‑imposed restrictions, with negotiation mechanisms triggered when policy thresholds are exceeded.",1,44,0,0.0,30,ok
2025,12278857,6,summary,"Search for methods that allow seamless transfer of media playback from one device to another using a server to fetch media files, present a selectable list on the first device, and propagate playback commands to the second device.",1,38,0,0.0,23,ok
2025,12278857,6,keyword,"Search for systems enabling remote media playback shift between devices via a central server that downloads file indices, displays selectable lists, transmits media content, and relays playback control commands to resume playback at the same position on the target device.",1,40,0,0.0,29,ok
2025,12278857,6,function,"Search for systems that use a server to receive a selected media file and a target device identifier from a first device, then deliver the file to the chosen device where playback resumes at the previous position and user controls are synchronized across devices.",3,44,0,0.0,25,ok
2025,12319337,32,summary,"Search for steering column designs that lock the upper shaft within the lower column during telescoping, using an obstructor that engages a stop protrusion, with adjustable extension for driver height and secure retention to prevent detachment.",1,36,0,0.0,23,ok
2025,12319337,32,keyword,"Search for a vehicle steering column with a lower support bracket containing a longitudinal guide slit, a stop protrusion and a guide recess; an upper column attaches by a fixing bracket with a guide hole, and a telescopic blocking member engages the stop to secure retraction during wheel height adjustment.",3,50,1,0.03225806451612903,31,failed_constraints
2025,12319337,32,function,"steering column telescoping system with guide slit and stop protrusion that engages an obstructing member to prevent upper column detachment, allowing adjustable wheel stroke based on driver height for smooth steering.",3,31,1,0.045454545454545456,22,failed_constraints
2025,12360598,2,summary,"An adjustable headphone module delivers a tactile sensation by rotating a gear that contains magnets, which align and misalign with fixed teeth to produce a subtle touch signal each time an increment or decrement in a control parameter occurs.",2,39,0,0.0,23,ok
2025,12360598,2,keyword,rotating gear module with planar magnet array and coaxial daisy wheel teeth generating mechanical haptic cues in wearable audio devices via magnet‑tooth alignment transitions.,1,25,0,0.0,20,ok
2025,12360598,2,function,Searching for gear‑based haptic feedback devices where rotating magnets align with toothed surfaces within a headphone module to produce tactile pulses for volume or control without electronics.,2,28,0,0.0,19,ok
2025,12264071,20,summary,"A system that pumps compressed air into an oxygen‑oxygen generator, then to an ozone source; ozone is injected into a rotating screw reactor that simultaneously conveys and agitates carbon feedstock, improving oxidation and surface functionality of the carbon product.",3,40,2,0.08333333333333333,24,failed_constraints
2025,12264071,20,keyword,"Search for patents disclosing a carbon‑based modification reactor featuring an upstream feed port, downstream discharge port, a twin‑bladed screw conveyor with proximal inward helices and distal outward blades, ozone gas injection, and sequentially connected reactor units for pulsed oxidation.",3,41,1,0.03225806451612903,31,failed_constraints
2025,12264071,20,function,"Searching for apparatuses that use a motor‑driven screw with forward and reverse spiral blades to convey, tumble, and ozonate carbon‑based feedstock in a reactor, enabling enhanced post‑surface modification of carbon materials.",1,34,0,0.0,22,ok
2025,12208783,32,summary,"Detect aquaplaning by monitoring wheel‑speed thresholds, then switch ABS to rear‑wheel‑only braking, deactivate front‑wheel control, and toggle a red hazard indicator on entry and exit of the safe mode.",3,33,0,0.0,23,ok
2025,12208783,32,keyword,"Search for a vehicle braking module that uses wheel‑speed sensor data to detect aquaplaning, engages a safety logic state, limits ABS operation to rear wheels while triggering a dashboard amber alert, then restores full wheel control when sensor readings normalize.",3,41,1,0.03225806451612903,31,failed_constraints
2025,12208783,32,function,"search for ABS-based aquaplaning control methods that deactivate front axle braking and activate rear axle only, trigger driver warning lights during aquaplaning state, and restore full axle control when conditions normalize.",1,32,0,0.0,25,ok
2025,12193827,13,summary,"Deep learning ensemble model that augments unpreprocessed EEG data through random cropping, normalization and additive/multiplicative Gaussian noise, adds noise to age, then classifies brain disorders.",1,26,0,0.0,21,ok
2025,12193827,13,keyword,"Search for EEG‑based patient classification systems that employ deep‑learning ensembles, data augmentation through random cropping, signal normalization, and random noise injection, combined with demographic features such as age, to distinguish neurological conditions.",2,34,0,0.0,26,ok
2025,12193827,13,function,"Search for methods employing deep‑learning ensembles that augment raw EEG recordings via random cropping, normalization, and noise injection, combine augmented age data, and classify patients with neurological disorders.",2,29,0,0.0,22,ok
2025,12339818,6,summary,"Search for systems that use structured and unstructured well data, extract numerical, textual and categorical attributes, generate text embeddings and categorical encodings, and train supervised learning constructs to predict material quantity, labor hours, cost, or risk, generating recommendations for plugging, abandonment, reuse, or repurposing.",2,44,0,0.0,32,ok
2025,12339818,6,keyword,"machine learning prediction of oil well plugging abandonment costs, material usage, hours, and risk using structured and unstructured logs, numerical, text and categorical features, embedding generation, encoding vectors, supervised models trained on historical P+A, reuse, repurposing data, output recommendations for transitional activities",1,43,0,0.0,33,ok
2025,12339818,6,function,"search for systems that process structured and unstructured well data to extract numeric, text, and categorical attributes, create embeddings and encodings, train a supervised predictive engine on historical plugging or repurposing activities, and output projected material, labor, cost, risk, and recommendation for well transition",3,44,0,0.0,30,ok
2025,12408296,2,summary,"Search for integrated heat‑sinking solutions that combine a metal heat spreader, an electronic circuit board substrate, and an ultra‑low resistance insulating layer bonded between them to improve thermal transfer while enabling compact device manufacturing.",2,36,0,0.0,26,ok
2025,12408296,2,keyword,"Search for highly integrated power electronics PCB–cold plate assemblies comprising a cold plate, a power electronics PCB, and a low thermal resistance dielectric laminate directly bonded to the cold plate, where the PCB is integrated via the dielectric to achieve superior heat transfer.",3,44,13,0.4482758620689655,29,failed_constraints
2025,12408296,2,function,"assembly of a power electronics circuit board integrated with a heat-sinking plate using a thin, high-conductivity dielectric interface to improve thermal coupling for efficient cooling of electronic components",2,30,0,0.0,20,ok
2025,12194503,23,summary,"Search for systems that guide sorter operators to place parcels by scanning addresses and lighting up target zones with indicator lights, linking scanner data to a sorting plan and a plurality of visual cues.",1,34,0,0.0,21,ok
2025,12194503,23,keyword,"delivery item handling system using multi‑scanner input, processor mapping address data to a sorting bay, and LED indicators lighting a visual guide that turns off when a new package arrives, enabling operator placement across multiple sorting zones.",2,38,0,0.0,29,ok
2025,12194503,23,function,"A system that scans delivery addresses, calculates the appropriate sort bin, and signals the operator by illuminating an LED indicator to designate where the item should be placed.",1,28,0,0.0,15,ok
2025,12186244,13,summary,"Search for prior art on patient transport shock attenuation devices that use door‑actuated pneumatic airbags to automatically inflate when a gurney is secured, independently adjusting pressure by weight, to reduce patient agitation in emergency vehicles.",1,36,0,0.0,24,ok
2025,12186244,13,keyword,"Shock‑absorbing gurney support apparatus for emergency vehicles featuring independently inflatable airbags, pneumatically linked to a pressurized air source via door‑actuated valves, a pressure controller for weight‑responsive cushioning, and floor‑mounted attachment mechanisms.",1,35,0,0.0,27,ok
2025,12186244,13,function,"Automated airbag shock‑absorbing system for patient transport vehicles featuring a gurney‑door‑triggered valve, where each airbag inflates/deflates independently based on its load, controlled by a pressurized supply and pressure controller, and mounted to the vehicle floor.",1,39,0,0.0,26,ok
2025,12382386,4,summary,Find prior art on wireless devices that use access‑point announced wake‑time schedules and capability flags to decide if they should join a shared low‑power wake‑plan in high‑throughput wireless networks.,1,34,0,0.0,24,ok
2025,12382386,4,keyword,"Identify patents relating to access points that transmit high‑throughput capability information indicating restricted wake‑time support, broadcast wake‑time elements containing restricted schedule subfields, and stations that evaluate those fields to decide on joining a restricted wake‑time schedule.",3,40,0,0.0,30,ok
2025,12382386,4,function,"Wireless LAN access point broadcasts wake‑scheduling parameters with a flag indicating support for limited wake intervals; the station device evaluates the flag and schedule validity to decide joining the limited wake schedule, improving energy efficiency and traffic management.",2,39,0,0.0,28,ok
2025,12395465,4,summary,"Generate a master session key split across device and server, hash to obtain a nonce, send authentication request to identity platform with the nonce, obtain an access credential confirming device and policy conformity, then forward it to the server.",3,39,3,0.12,25,failed_constraints
2025,12395465,4,keyword,"Search for methods where a client device splits a cryptographic session key, hashes it into a nonce, sends that nonce to an identity service for token issuance, and transmits the token, confirming device compliance with conditional access policies to a resource server.",3,42,3,0.125,24,failed_constraints
2025,12395465,4,function,"Search for methods that let a client device establish a secure session with a resource server by exchanging a split secret, recombining it locally, generating a hashed nonce, sending it to an identity authority for a token, then using that token—containing the nonce and compliance data—to authenticate and access the server.",3,53,0,0.0,30,failed_constraints
2025,12367296,6,summary,"Encrypted database pages use per‑page keys taken from page headers; each page’s body is encrypted before being written to disk, while redo log entries use separate keys, enabling recovery by decrypting stored data and reapplying redo entries.",1,39,0,0.0,31,ok
2025,12367296,6,keyword,"row‑store database pages, volatile memory, persistent storage, deriving encryption keys from page headers, securing page bodies, encrypting redo‑log entries, transaction commit, crash‑resilient recovery, key metadata in headers, undo pages, savepoints",3,33,2,0.06896551724137931,29,failed_constraints
2025,12367296,6,function,"Locate techniques that encrypt a database page’s body using a key derived from the page descriptor, store the encrypted content with key metadata, encrypt and store a separate redo entry, and ensure recovery by decrypting the page and redo entry to apply changes after a crash.",2,47,0,0.0,29,ok
2025,12193817,13,summary,"Search for patents describing a compact biological fluid sampler that stabilizes high‑concentration fronts by temporarily holding and then gradually re‑injecting them into the main flow, achieving uniform sample distribution without complex multi‑step mixing.",3,36,1,0.038461538461538464,26,failed_constraints
2025,12193817,13,keyword,"Device incorporating inlet/outlet passages, coaxial inner and outer walls forming a core mixing chamber, a capillary‑driven front capture region at the inlet, a narrowed exit pore, and a downstream inline mixer blending fronts from a sample stabilizer before release.",2,41,0,0.0,29,ok
2025,12193817,13,function,"Search for a device that stabilizes biological samples by integrating a high‑concentration flow segment into a central chamber and redistributing it through a small exit to achieve uniform mixing, employing an inline mixer with two‑stage capillary flow control.",2,40,0,0.0,25,ok
2025,12290748,33,summary,"Method and system enabling intuitive target selection in interactive displays by detecting a cursor‑chosen avatar, probing proximity to selectable objects, dynamically highlighting the object when the avatar can act upon it, and automatically assigning and executing that action upon release, updating the visual outcome.",1,45,0,0.0,30,ok
2025,12290748,33,keyword,"Search for methods where a pointer device selects a character in a GUI, senses proximity to a target object, and enables that character to perform a predetermined job, highlighting the object when proximity is met and updating its display after execution within a gaming interface.",2,45,0,0.0,25,ok
2025,12290748,33,function,"Computing system with pointer‑controlled character selection that detects cursor proximity to a target object, verifies the character’s job capability, highlights the target, triggers the job on pointer release, and updates the target’s visual state to show the job result.",1,42,0,0.0,26,ok
2025,12257564,23,summary,"Search for a catalyst that removes mercaptans from olefin‑rich gasoline, using a porous support impregnated with a low‑melting group VIII–IB–IIB metal salt, then melted, calcined, and reduced to produce a reduced metal phase on alumina, silica or metal oxides.",3,43,3,0.10344827586206896,29,failed_constraints
2025,12257564,23,keyword,"Search patents for a mercaptan scavenging mass comprising group VIII–IB–IIB metal particles in reduced form supported on porous metal oxides such as aluminum oxide or silicon dioxide, produced by impregnation with a low‑melting‑point metal salt followed by calcination or reduction, for removing mercaptans from olefinic gasoline.",3,50,5,0.14285714285714285,35,failed_constraints
2025,12257564,23,function,"mercaptan scavenging catalyst from catalytic cracking gasoline using group VIII, IB, or IIB metal salts on alumina or silica support with impregnation, heating below 200 °C, optional calcination, reduction to metal; process at 0.2–5 MPa, 40–250 °C",3,40,3,0.11538461538461539,26,failed_constraints
2025,12228472,32,summary,"System for simulating sensor noise in self‑driving car data by comparing calibrated inputs with ground truth, generating distorted perception outputs that feed a motion‑planning engine to evaluate controller performance under realistic error conditions.",3,35,1,0.038461538461538464,26,failed_constraints
2025,12228472,32,keyword,"Search for advanced autonomous driving systems featuring sensor error modeling by comparing calibrated sensor readings to reference truth, generating noise‑augmented perception data for input to vehicle motion planning modules.",3,30,1,0.043478260869565216,23,failed_constraints
2025,12228472,32,function,"A method that compares calibrated multi‑sensor data to true positions, creates time‑variant error profiles, applies those errors to produce noisy perception outputs for each sensor’s constraints, and supplies this data to an autonomous vehicle’s motion planner.",3,40,0,0.0,27,ok
2025,12319410,32,summary,"Search for UAV payload attachment systems using a bi‑directional latch that can be released manually or via on‑board control, and that supports detachable power and data links to the carried load.",1,33,0,0.0,20,ok
2025,12319410,32,keyword,"Unmanned aerial vehicle payload hold‑down assembly featuring a handle‑capture chamber, spring‑loaded snap latch with manual lever and electronic actuator linked to the flight controller, plus a detachable power/telemetry cable interface.",2,34,0,0.0,26,ok
2025,12319410,32,function,"Search for unmanned aircraft systems with a latch receiver that holds a payload handle, featuring manual and automatic release mechanisms, and a detachable electrical communication line providing telemetry and power to the payload.",2,33,0,0.0,20,ok
2025,12332397,10,summary,Search for a seismic sensor system using dual accelerometers with overlapping ranges that auto‑calibrates between them and boosts lower‑resolution data to extend the higher‑resolution sensor’s saturation limit.,1,31,0,0.0,20,ok
2025,12332397,10,keyword,"Search for dual‑accelerometer packages that use an overlapping dynamic range to auto‑calibrate a low‑accuracy, high‑resolution ground‑roll sensor against a higher‑accuracy, low‑resolution counterpart, with a processing unit applying gain and saturation compensation for seismic detection.",1,41,0,0.0,29,ok
2025,12332397,10,function,"Search for systems using two accelerometers with overlapping measurement ranges for self‑calibration, where a high‑accuracy, low‑resolution sensor extends dynamic range and, with processing gain, produces higher‑resolution data to mitigate saturation.",1,34,0,0.0,24,ok
2025,12276395,1,summary,"Adjustable lamp system mounts a carriage along a vertical post, sliding a spool of coiled metal film where the filament or LED light sits at the film’s distal end, enabling height customization for illumination.",1,35,0,0.0,22,ok
2025,12276395,1,keyword,"Describe a recessed lamp system featuring a vertical support post, a movable carriage for height adjustment, a spool carrying a spirally wound metal ribbon, and an integrated light source positioned at the ribbon’s remote end.",2,36,0,0.0,23,ok
2025,12276395,1,function,"Search for lamps with upright post support, an adjustable carriage that moves along the post, a spool enclosing a coiled metal light guide, and a light source positioned at the free end of the guide to vary illumination height and direction.",1,41,0,0.0,24,ok
2025,12335554,2,summary,How to improve mobile‑device streaming by ranking nearby entertainment consoles using response‑time‑based probabilities and guiding the user to choose the most likely preferred console before creating a wireless connection?,2,32,0,0.0,23,ok
2025,12335554,2,keyword,"Search for prior art involving vehicle infotainment systems where a handheld device sends discovery requests, receives multiple response broadcasts, computes selection probabilities, presents sorted options, and streams video content over short‑range Wi‑Fi to a cabin display.",2,38,0,0.0,30,ok
2025,12335554,2,function,"mobile device discovers nearby media playback units, ranks them by response latency and predicted user selection probability, presents sorted list to user, then establishes direct wireless link and streams content to the chosen unit.",3,34,1,0.04,25,failed_constraints
2025,12420558,28,summary,"Search for a printer that manages ink levels by resetting remaining and cumulative usage data when a refill is detected, displays both remaining and usage status on the screen, and lets the user toggle between the two views.",1,38,0,0.0,22,ok
2025,12420558,28,keyword,"Search for ink refilling control systems in printers that update remaining ink and usage data, display dual indicators (remaining vs cumulative), offer switchable display, reset at refill, involving ink reservoir, print head, controller, display, and ink ejection.",1,37,0,0.0,29,ok
2025,12420558,28,function,"Search for inkjet printers where firmware resets either ink‑remaining or cumulative usage data when a cartridge refill signal is received, and a user interface can toggle between two visual displays—one showing remaining ink status, the other showing usage history—based on user command.",1,45,0,0.0,33,ok
2025,12402011,4,summary,"Search for a distributed unit control technique where a node receives upper‑level signalling of dynamic resource availability across a subset of its cells, uses per‑cell feedback to decide on available transmission resources, and interfaces with lower‑level nodes.",1,40,0,0.0,26,ok
2025,12402011,4,keyword,"search for distributed unit resource management system where an upper-level controller relays dynamic resource availability across P of N cells to a lower-level node, including per-cell availability signals, transmission resource allocation, and distributed node communication procedures.",3,39,1,0.03571428571428571,28,failed_constraints
2025,12402011,4,function,How can a network device in a distributed architecture determine and manage the availability of dynamic transmission resources across multiple cells by receiving per‑cell resource status from a higher‑level controller to enable efficient communication to lower‑level devices?,1,40,0,0.0,27,ok
2025,12212494,4,summary,"Search for dynamic gateway deployment methods in multi‑segment machine networks that identify high‑bandwidth segment sets, aggregate them into groups, provision secondary gateways to handle group traffic, and reconfigure routers to forward those flows.",1,35,0,0.0,25,ok
2025,12212494,4,keyword,"Identify high‑bandwidth network segments, aggregate them into groups, and dynamically deploy a secondary gateway that processes their traffic while configuring routers to forward machine traffic to the new gateway based on a threshold.",1,34,0,0.0,21,ok
2025,12212494,4,function,"What prior art discusses automatically identifying high‑bandwidth segments in a multi‑segment network, aggregating them into new subnet groups, and installing additional edge gateways to offload traffic, with routers redirecting flows to those gateways?",2,35,0,0.0,24,ok
2025,12244843,2,summary,"Describe a video coding method that uses a pre‑encoded hidden image to supply reference blocks for selected pixel regions of the current frame, avoiding residual coding by treating motion‑to‑hidden references as prediction, while embedding area descriptors in stream metadata.",3,42,0,0.0,29,ok
2025,12244843,2,keyword,"Search for video compression methods where a processor divides a current frame into blocks, selects a predefined region, obtains a reference frame from a hidden set, uses motion vectors for block‑level motion‑compensated prediction, encodes blocks without residuals, and stores region metadata in the bitstream.",2,46,0,0.0,31,ok
2025,12244843,2,function,"Search for video encoding methods that identify a designated pixel region in a frame, retrieve a hidden reference image, partition the frame into blocks, map blocks via motion vectors to the hidden image, encode with temporal prediction without residuals, and embed metadata enabling customization of the frame.",2,47,0,0.0,31,ok
2025,12384227,32,summary,Search for vehicle HVAC solutions featuring a compact dehumidification module that intercepts conditioned air downstream of the blower and upstream of the evaporator to lower humidity while minimizing energy use.,2,30,0,0.0,19,ok
2025,12384227,32,keyword,"Compact vehicle HVAC comprising a blower fan, thermostatic regulation assembly, and a dehumidification chamber located adjacent to the blower fan and evaporator coil, channeling a portion of conditioned air through a desiccant desiccation unit to reduce humidity while maintaining low energy consumption.",2,42,0,0.0,30,ok
2025,12384227,32,function,"Search for vehicle automotive climate control systems that integrate a separate dehumidifier located between the blower discharge and the evaporator coil, allowing part of the airflow to pass through the dehumidifier to reduce humidity while maintaining temperature regulation.",1,38,0,0.0,25,ok
2025,12326222,31,summary,"Sealing system for a subsurface gas reservoir uses concentric concrete ring segments connected by internal steel sheets that bridge gaps, a protective coating flush with the ring, and pressure transducers installed in interlocking slots to monitor joint integrity.",2,38,0,0.0,26,ok
2025,12326222,31,keyword,"Sealing configuration for a subterranean elevated‑pressure gas reservoir comprising equal‑arc concrete segment ring, inner steel panels joining adjacent segments, a coating layer bonded to panels, T‑shaped fittings inserted into slot windows, and sensors positioned on bracketed junctions.",2,40,0,0.0,30,ok
2025,12326222,31,function,"search for patents describing an annular concrete lining with interlocking steel panels forming sealed joints, coated by a sealing layer, featuring slot-based T‑shaped connectors and embedded pressure sensors for monitoring seal integrity in deep subsurface gas repositories.",2,39,0,0.0,28,ok
2025,12397413,25,summary,"search for robotic linear motion systems utilizing dual parallel supports with metal outer profiles and internal concrete or foam cores, joined by composite connecting members, enabling carriage guide rails for translational robot movement.",1,33,0,0.0,25,ok
2025,12397413,25,keyword,"search for robotic linear carriage guidance system with dual support beams featuring hollow or C‑shaped metal housings and integrated guide rails, connected via concrete, polymer or metal foam composite inner cores.",2,32,0,0.0,24,ok
2025,12397413,25,function,"robot travel rail assembly employing two parallel structural members encased in metal (hollow or C‑shaped) shells, each bearing a linear guideway, with internal cores of composite or foamed material to reduce weight while preserving rigidity for carriage displacement.",1,39,0,0.0,28,ok
2025,12339802,2,summary,"Search for a deserializer that parses raw digital video/audio streams, separates and converts video formats, routes audio via I²S, distinguishes internal configuration commands from external commands, and forwards external commands over RCC or I²C.",1,35,0,0.0,24,ok
2025,12339802,2,keyword,"Search for patent documents describing a deserializer architecture possessing a data receiver, I2C master, I2S audio interface, video processing module, command interpretation logic, and a reverse control link transmitter that forwards configuration or external commands after decoding raw data streams in multiple audio/video formats.",3,45,0,0.0,35,ok
2025,12339802,2,function,"Locate prior art for a deserializer that receives raw streams, separates audio and video, converts video to multiple formats, outputs audio through I2S, and forwards command data externally after classifying it as config or external commands via a control interface.",2,40,0,0.0,28,ok
2025,12321129,9,summary,"Search for designs that enable a detachable cartridge with a drum module and a developing roller module that is mounted between walls of the drum, where the module sits against the drum by lever‑driven contact, and the developer reservoir is positioned by a recessed handle.",2,46,0,0.0,24,ok
2025,12321129,9,keyword,"Image forming cartridge comprising a detachably mountable drum unit with photosensitive drum and first frame, and a developing unit situated between drum walls that rotates its developing roller toward the drum under a gravity‑activated handle; urged contact via discriminating portion and portion‑to‑be‑discriminated engagement and integrated developer reservoir.",3,51,6,0.16666666666666666,36,failed_constraints
2025,12321129,9,function,Search for cartridge designs that use a drum unit with a photosensitive drum and a detachable developing unit containing a developer supply roller; the design includes a handle that moves downward under gravity to rotate the roller toward the drum and engages a frame discrimination to ensure proper contact.,2,49,0,0.0,30,ok
2025,12244560,4,summary,How can stateless rules applied between two virtual routing-forward segments enforce policy by evaluating source and destination prefixes for packet forwarding in a fabric network?,1,26,0,0.0,19,ok
2025,12244560,4,keyword,"stateless rule enforcement between virtual routing and forwarding (VRF) domains of a network fabric, matching source and destination IP prefixes, control‑plane packet filtering, policy validation, subscriber address association, packet allow determination, processor‑based logic in network devices.",2,38,0,0.0,31,ok
2025,12244560,4,function,"Control‑plane logic that uses static, stateless rules to permit or deny traffic between two virtual routing and forwarding contexts in a network fabric by matching source and destination address prefixes for subscriber devices.",1,34,0,0.0,23,ok
2025,12220264,13,summary,"A packaging arrangement with a dual sterile compartment that permits insertion of a reusable battery into a sterile device while preserving device sterility via removable seals, allowing clinicians to swap batteries in a sterile field.",2,35,0,0.0,22,ok
2025,12220264,13,keyword,"Search for medical device packaging system featuring dual sterile zones, releasable barrier tray, battery compartment cover, controlled sterile-to-non‑sterile transition enabling non‑sterile battery insertion while maintaining device sterility during operating field handling.",3,35,6,0.1935483870967742,31,failed_constraints
2025,12220264,13,function,"Package system for an aseptic powered instrument that retains a closed sterile zone while allowing an operative technician to swap an unsterilized energy cell into a protected battery compartment through a controlled opening, preserving isolation of the device body during change.",2,41,0,0.0,27,ok
2025,12349388,8,summary,"Search for a GaN transistor architecture employing a dual-doped p‑type gate stack to adjust threshold voltage and boost linearity, featuring boss‑shaped heterojunction layers, epitaxial lateral p‑type regions, and precise lithographic etching for millimeter‑frequency applications.",2,39,0,0.0,28,ok
2025,12349388,8,keyword,"Search for GaN based heterojunction field‑effect transistors featuring AlGaN/GaN heterostructure mesas with dual‑doped p‑type GaN layers beneath the gate, source/drain ohmic contacts by evaporation or sputtering, and CMP‑polished surface, designed for high‑linearity millimeter‑wave operation.",3,42,0,0.0,32,ok
2025,12349388,8,function,"GaN millimeter‑wave transistors with a boss‑structured heterojunction channel, where dual‑doped p‑GaN layers beneath the gate adjust threshold voltage, enabling high‑linearity operation between source and drain electrodes.",1,31,0,0.0,23,ok
2025,12214553,23,summary,"How might a 3‑D printing system employ a gas‑vacuum actuated separation membrane clamped around an aperture in a transparent build window, coupled to a tray assembly, to enable tensioned lamination and controlled expansion for resin layer separation during projection curing?",1,42,0,0.0,28,ok
2025,12214553,23,keyword,"Search for 3D printing systems featuring a transparent build window paired with a projection unit, a peripheral support structure containing an aperture, and a pressure‑tensioned separation membrane that alternates between laminated and expanded states via gas evacuation and injection channels.",2,41,0,0.0,28,ok
2025,12214553,23,function,"Query for a projection‑based resin 3D printing platform featuring a gas‑controlled separation barrier that adheres to and lifts from a light‑transparent build surface, enabling precise resin layer release and support structure assembly through vacuum‑induced lamination and pressure‑activated convex expansion.",2,44,0,0.0,32,ok
2025,12186180,13,summary,"Searching for diffractive intraocular lenses that deliver both clear distance vision and extended near vision by eliminating phase‑transfer discontinuity across a 1.3‑diopter depth of field, using concentric echelette zones with mathematically defined radii and step heights.",1,39,0,0.0,27,ok
2025,12186180,13,keyword,"Search for diffractive intraocular lenses that maintain >20 % MTF at 50 cycles/mm for a 3‑mm pupil, feature concentric diffractive rings with echelette heights defined by λΔn, and provide continuous visual performance between 0.5 D and 4 D over a depth of field exceeding 1.3 D through a smooth phase‑transfer function.",3,55,2,0.06451612903225806,31,failed_constraints
2025,12186180,13,function,"Search for diffractive intraocular lenses providing intact distance vision and extended near vision by keeping phase modulation continuous over a depth of field >1.3 D, using concentric zones defined by radius formulas involving wavelength, focal length, and a polynomial, with MTF >20% at 50 cycles/mm for a 3‑mm pupil.",3,52,3,0.08823529411764706,34,failed_constraints
2025,12360881,6,summary,"Search for systems that predict code defects by analyzing file‑level commit data, assign risk scores linked to expected defect timing via an exponential decay model, and calculate a metric for each source file.",1,34,0,0.0,24,ok
2025,12360881,6,keyword,"Search prior art on defect prediction per file using commit history within a code base, correlating risk values to future defect timing with an exponential decay model, and generating objective metrics for risk mitigation.",2,34,0,0.0,25,ok
2025,12360881,6,function,"system and method for predicting software defects by analyzing repository commits, computing per-file risk scores using time‑weighted decay functions, and delivering objective metrics to guide risk mitigation",1,29,0,0.0,22,ok
2025,12373804,7,summary,"Search for methods where sender and receiver banks operate nodes on a permissioned blockchain, route transfer requests internally, and upon recipient redeeming digital vouchers, the bank issuer permanently invalidates those vouchers.",2,31,0,0.0,22,ok
2025,12373804,7,keyword,"Distributed ledger payment system whereby a sending and receiving bank each host a node on a permissioned blockchain, routing payment requests to the ledger and triggering issuer‑owned digital cash state destruction upon redemption.",1,34,0,0.0,24,ok
2025,12373804,7,function,"Payment processing system employing a permissioned distributed ledger, where fund transfer requests are routed onto the ledger only if both sender and receiver banks operate ledger nodes, and the issuer invalidates the digital cash state upon recipient redemption to prevent reuse.",3,41,2,0.06896551724137931,29,failed_constraints
2025,12315340,12,summary,"System integrating electronic and table games to award bonuses by registering devices through an API, collecting wager events via RFID and RNG, determining a winner among simultaneous plays, and crediting the winning player on the specific device.",1,37,0,0.0,25,ok
2025,12315340,12,keyword,"Bonusing computer device allocates bonus awards on casino machines and tables by receiving registration and wager events through a messaging API, detecting RFID chips, applying RNG logic, and using unique device identifiers to award prizes to the winning player on the winning device.",3,43,3,0.1,30,failed_constraints
2025,12315340,12,function,"Search for systems that register casino game tables and slot‑like machines via an API, receive bet‑event data—including RFID‑detected wagers—run a random generator to decide bonus eligibility, and credit the winning participant at the corresponding device.",2,40,0,0.0,28,ok
2025,12317798,16,summary,"Search for stevia cultivars with elevated rebaudioside M levels achieved through selective breeding, featuring specific homozygous alleles at loci 44, 40, 48, 50 and a deletion at 55‑72, producing non‑genetically engineered plants with a superior sweetener profile.",2,39,0,0.0,28,ok
2025,12317798,16,keyword,"Search for non‑genetically modified stevia cultivars with elevated rebaudioside M, characterized by homozygous alleles: 44th base T in SEQ ID NO 35, 40th base T in SEQ ID NO 37, 48th base C in SEQ ID NO 39, deletion of residues 55‑72 in SEQ ID NO 42, and 50th base A in SEQ ID NO 43.",3,58,10,0.29411764705882354,34,failed_constraints
2025,12317798,16,function,"search for genetically selected stevia cultivars that yield elevated rebaudioside M concentrations in dried leaves through allele homozygosity, including methods of plant breeding without genetic modification, and their applications in sweetening products.",2,32,0,0.0,22,ok
2025,12217788,6,summary,"Search for circuits that dynamically enable and disable sense pathways in memory arrays by varying driver voltage levels, using a control signal that raises from one high logic level to a higher one to sequentially activate or deactivate the isolation transistors during read operations.",3,44,1,0.034482758620689655,29,failed_constraints
2025,12217788,6,keyword,"Query for prior art about sense amplifier control using voltage‑driven isolation transistors that toggle between low, nominal, and elevated logic levels during read access, featuring multi‑stage inverter driver circuits and voltage control modules to adjust transistor activation thresholds.",3,40,1,0.030303030303030304,33,failed_constraints
2025,12217788,6,function,"Search for integrated circuits that use a control driver to toggle sense amplifier isolation switches with a low-deactivation state and two distinct activation voltage levels, enabling sequential read access to memory cells while reducing noise and enhancing read margin.",2,40,0,0.0,29,ok
2025,12327107,6,summary,"Search for methods that automatically detect unreliable references in digital asset descriptors, recalculate those descriptors when underlying data updates, and apply management operations based on the newly computed descriptors.",3,29,1,0.05,20,failed_constraints
2025,12327107,6,keyword,"Search patents on dynamic correlation recalculation for asset management systems, identifying faulty reference values in digital asset‑descriptors using reliability scores of asset attribute values from domain manager records, recomputing descriptors when scores are below a defined threshold, and executing new management operations.",3,43,5,0.15625,32,failed_constraints
2025,12327107,6,function,"Dynamic asset management in a computer system with real‑time recalculation of asset‑descriptor correlations, detection of unreliable reference attributes by scoring reliability, automatic reconstruction of faulty descriptors, and execution of management tasks using updated descriptors in a multi‑domain environment.",1,41,0,0.0,28,ok
2025,12428188,2,summary,"Search for production line management systems that estimate when a defective food item was processed by using the inspection time of the defect, infer its processing position, and retrieve the corresponding stored image.",1,33,0,0.0,19,ok
2025,12428188,2,keyword,"Search for automated food line management solutions that estimate defect processing times from inspection triggers, retrieve correlated image data from memory using processing speed per unit time, and store control unit records linked to weighing and packaging arms.",3,38,3,0.10344827586206896,29,failed_constraints
2025,12428188,2,function,"A production line manager that infers when a product flagged as defective at inspection was processed, using line speed and image capture timestamps, and returns the associated product image for audit and corrective action.",2,34,0,0.0,20,ok
2025,12409349,34,summary,"Search for a ventilator back support system that holds a gas cylinder and uses a pressure reducing valve mounted on a flexible element permitting movement, enabling easy attachment to a user’s harness, improving stability and pressure control in mobile breathing gear.",2,42,0,0.0,27,ok
2025,12409349,34,keyword,"Gas cylinder mounting carrier with a pressure regulator, a compliant support element allowing relative motion, integrated breathing apparatus harness system, adjustable breathing gas delivery, cushioning coupling, resilient mounting surface, pneumatic connector chamber, articulated back support, user interface for breathing equipment, adjustable strap.",2,42,0,0.0,36,ok
2025,12409349,34,function,"Identify systems featuring a flexible mounting that supports a gas cylinder and incorporates a pressure‑reducing valve able to pivot against a chassis, enabling the valve to move relative to the frame while the cylinder connector is accommodated by a resilient element.",2,42,0,0.0,25,ok
2025,12218308,1,summary,"A lithium‑ion battery electrolyte that incorporates a novel heterocyclic additive formed from alkyl, alkenyl, alkyne, cycloalkyl, cycloalkenyl, or aryl moieties, improving thermal stability and ionic conductivity while eliminating hazardous aqueous components.",1,32,0,0.0,24,ok
2025,12218308,1,keyword,"Search for non‑aqueous lithium‑ion battery electrolytes containing a lithium salt, an organic solvent, and an additive structurally defined as a heterocyclic ring (mono‑or poly‑, aliphatic or aromatic) bearing unsubstituted alkyl, alkenyl, cycloalkyl, cycloalkenyl, alkynyl, cycloalkynyl, or aryl substituents linked via alkylene chains.",1,45,0,0.0,33,ok
2025,12218308,1,function,"Search for non‑aqueous lithium‑ion battery electrolytes incorporating heterocyclic additives featuring multiple unsubstituted alkyl, alkenyl, or aromatic groups linked by alkylene chains, aiming to enhance high‑voltage stability and electrode interfacial compatibility.",2,33,0,0.0,26,ok
2025,12297381,21,summary,"laminate for semiconductor devices featuring a UV‑clear support interlayer that includes a release layer made of a polymer containing a tert‑butoxycarbonyl moiety, a photoacid generator, and a solvent, enabling controlled release during processing.",3,35,1,0.043478260869565216,23,failed_constraints
2025,12297381,21,keyword,"search for semiconductor wafer encapsulation structures featuring a UV‑transparent backing material with an interposed release film comprising a tert‑butyl carbamate‑containing ethylene‑based polymer, photo acid catalyst, and solvent mixture, and an intermediate adhesive layer bonded between the wafer and the backing.",2,44,0,0.0,31,ok
2025,12297381,21,function,"Laminate structures using a UV‑transmissive support and an embedded release film made from a tert‑butoxycarbonyl‑containing ethylenic polymer, photoacid generator, and solvent, combined with an adhesive layer and functional substrate.",3,32,1,0.047619047619047616,21,failed_constraints
2025,12249104,6,summary,"Search for camera systems that use AI to segment a subject, identify a target portion’s color, calibrate that color against camera settings for graduated hues, and send the calibrated color data alongside the target region to another device.",1,39,0,0.0,25,ok
2025,12249104,6,keyword,"AI‑enabled camera array with image sensor, lens, and memory storing exposure parameters, performing subject segmentation, primary color assessment of a target region, adjusting the hue/saturation for multi‑gradation color tones based on recorded camera settings, and transmitting the calibrated color data alongside region metadata to an external device.",1,50,0,0.0,37,ok
2025,12249104,6,function,"Searching for camera systems that capture images, detect subjects, estimate the color of a specific target region, adjust that color estimate using camera settings when the color is a multi‑shade hue, and transmit the corrected color along with target region data to an external device.",1,46,0,0.0,29,ok
2025,12390239,13,summary,Invention for orthopedic surgery that uses pivoting forceps with angled jaws and a guidewire‑compatible sleeve to accurately position and secure a flexible cartilage bone graft.,1,26,0,0.0,16,ok
2025,12390239,13,keyword,"forceps device having pivotable shanks, inward and outward tapering jaw surfaces, a guidewire‑lumen tube whose outer diameter fits the shank opening, and an opening permitting the tube’s insertion.",2,30,0,0.0,21,ok
2025,12390239,13,function,"search for surgical clamp device featuring pivoting forceps with angled, tapered jaws to grip curved osteochondral allografts, including a tubular guidewire support that fits into the jaw opening and allows controlled insertion during orthopedic procedures.",3,35,0,0.0,25,ok
2025,12246750,32,summary,"Method and system that merge vehicle telemetry with surrounding context to compute risk indices, transmit them to the on‑board computer, and automatically enforce safety measures such as disabling passenger devices to mitigate imminent hazards.",1,35,0,0.0,22,ok
2025,12246750,32,keyword,"processor-memory assembly calculates multi-dimensional risk scores from vehicle operation metrics and contextual sensor data, transmits over wireless to a vehicle control subsystem to trigger close‑call mitigation actions such as disabling a passenger’s mobile device.",3,38,0,0.0,28,ok
2025,12246750,32,function,"Systems that calculate risk scores from a vehicle's operational data and external surroundings, transmit the scores to a control unit to trigger protective actions, such as disabling passenger devices, to prevent imminent collision scenarios.",3,35,1,0.045454545454545456,22,failed_constraints
2025,12328345,4,summary,"Identify inventions that use a media proxy to create individual media streams between each endpoint and the proxy, manage on‑call actions such as hold, transfer, or music‑on‑hold internally, and then interconnect these streams while shielding the originating endpoint from state transitions.",3,44,1,0.03333333333333333,30,failed_constraints
2025,12328345,4,keyword,"Identify prior‑art disclosures on call set‑up using a media proxy that creates separate media paths between an initiating device and a proxy, and between the proxy and a receiving device, where the proxy negotiates state‑change commands (e.g., transfer, hold, ringback) without exposing them to the initiator.",2,50,0,0.0,31,ok
2025,12328345,4,function,"Identify prior art where a media proxy splits call setup into separate media streams to a source and destination client, allowing the proxy to negotiate state changes such as call transfer, hold, music on hold, or forking without revealing them to the originating client.",2,44,0,0.0,28,ok
2025,12362138,1,summary,"Developing a SEM system that incorporates dual energy‑selective detectors with separate low‑energy rejection filters, enabling individual imaging channels for distinct electron energy bands and a processor to merge those channels into a composite image to enhance contrast and detail.",2,41,0,0.0,28,ok
2025,12362138,1,keyword,"Search for patents describing a scanning electron microscope operating on wafers with dual energy‑filter gated detectors, producing composite images from distinct electron energy bands and employing charge‑neutralizing filters and differential signal processing.",3,34,1,0.04,25,failed_constraints
2025,12362138,1,function,"Electron beam imaging apparatus with beam‑control elements and dual detectors, each employing distinct energy cutoffs to filter secondary electrons, allowing a processor to synthesize a single image from electrons within an intermediate energy window while integrating complementary high‑ and low‑energy images.",2,43,0,0.0,32,ok
2025,12422888,6,summary,"Search for wearable devices that use inertial sensors and coordinate transformations to estimate user motion speed, incorporating calibration offsets and model-based velocity inference without requiring raw training data alignment.",3,30,0,0.0,23,ok
2025,12422888,6,keyword,"Wearable computing apparatus with a body‑mounted inertial measurement unit capturing kinematic data in runtime coordinates, using a trained machine learning model to transform data into a training frame, compute velocity estimates, then reconvert to runtime frame accounting for translational and rotational mounting offsets during calibration, outputting velocity to an application.",3,51,5,0.13513513513513514,37,failed_constraints
2025,12422888,6,function,"Querying prior patents for systems that attach an IMU to a wearable, transform gathered motion signals into a model‑based reference frame, compute velocity estimates using a trained algorithm, then re‑map the estimate back to the device's runtime coordinate system and deliver it to an application.",2,48,0,0.0,30,ok
2025,12271529,6,summary,"A touchscreen keyboard that provides haptic signals based on tap location and pressure, especially signaling when a word concludes during typing.",1,21,0,0.0,13,ok
2025,12271529,6,keyword,touchscreen keyboard interface key press detection force-sensitive haptic actuator vibration pattern adjusted by touch location and pressure character recognition for final letter context-based vibrotactile feedback in mobile devices,1,30,0,0.0,24,ok
2025,12271529,6,function,"detect virtual keyboard key press on touchscreen, generate haptic vibration waveform correlated with press location and applied force, using specific patterns to signal completion of a word or final character for a mobile electronic device UI.",1,36,0,0.0,25,ok
2025,12250607,4,summary,"Search for methods using a low‑frequency wireless node to detect mmWave signal degradation and hand off control traffic to maintain dual connectivity with a mobile device, while relaying user data to the high‑frequency node.",2,36,0,0.0,25,ok
2025,12250607,4,keyword,"mmWave user equipment connected to small‑cell nodes and a wireless access node, with real‑time fading detection, automatic threshold‑based control‑plane switching to a sub‑6‑GHz link, and data redirection via the access node to maintain dual connectivity.",2,41,0,0.0,29,ok
2025,12250607,4,function,"mmWave signal fading threshold detection that redirects a user device’s control and data traffic via a local wireless gateway to an alternate mmWave relay, enabling seamless dual‑path connectivity during high path‑loss conditions for mobile broadband.",2,38,0,0.0,28,ok
2025,12340000,6,summary,"Method for detecting and signaling prompt‑injection attempts against an AI text generator by embedding a hidden prohibited request in a modified query, examining the model output for prohibited replies, and returning a safe user response after removing the hidden request.",2,41,0,0.0,27,ok
2025,12340000,6,keyword,"Search for methods implementing a server‑side query interceptor that appends a hidden system constraint to user prompts, forwards to a generative AI engine, evaluates the first answer for forbidden content, flags a prompt‑injection alert, then rescopes the query and returns a sanitized user reply.",2,46,0,0.0,31,ok
2025,12340000,6,function,"Search for techniques that insert a hidden prohibited request into an LLM query, detect prohibited responses via comparison, raise an injection alert flag, then resend a clean query and produce a user‑facing answer.",3,34,2,0.08695652173913043,23,failed_constraints
2025,12345233,27,summary,"Search for a pitch‑control method that switches from normal grid‑connected mode to a power‑saving standby mode upon grid loss, using a less‑responsive pitch controller driven by lower‑frequency speed monitoring to reduce pitch system power while supplying backup power or storage charging.",3,46,0,0.0,34,ok
2025,12345233,27,keyword,"methods for blade pitch actuation during grid outage, where turbine enters standby providing backup to subsystems or charging storage, employing a less aggressive pitch adjustment logic and reduced speed sensor sampling compared to normal grid‑connected mode.",2,37,0,0.0,28,ok
2025,12345233,27,function,"Search for control methods that switch a generator’s blade pitch management from a normal grid‑connected mode to a standby mode upon grid failure, where the standby pitch controller reduces adjustment frequency and responsiveness to conserve power while still regulating rotational speed for backup operation.",2,46,0,0.0,31,ok
2025,12419519,13,summary,"Search for patent prior art about a modular medical device housing that joins a board card and interface panel with a central bracket, featuring two openings with locking mechanisms and a front‑mounted display to improve assembly precision, cost, environmental protection, and seismic resilience.",3,44,3,0.1,30,failed_constraints
2025,12419519,13,keyword,"search for modular medical device housing incorporating a combined board and interface panel assembly attached to a main bracket, featuring a lateral entrance for component insertion, sealing and retention mechanisms, waterproof and dustproof enclosure, seismic resilience, and a front‑mounted display unit.",2,42,0,0.0,29,ok
2025,12419519,13,function,"Medical device with integrated housing and modular chassis for secure insertion of a board and control panel through a lateral cavity, featuring dual locking mechanisms and a front‑screen display, enabling precise assembly, robust connection, water/dust protection, and seismic resilience.",2,41,0,0.0,29,ok
2025,12376025,4,summary,"UE selects available PLMNs for 5G connectivity over WLANs, builds lists of PLMNs and WLANs, picks both, and begins a data session without using the NAS protocol.",1,27,0,0.0,19,ok
2025,12376025,4,keyword,"Search for user equipment that enumerates available cellular networks and Wi‑Fi access points, then selects a network and initiates a 5G data link via WLAN without using the NAS layer, establishing connectivity through a proprietary non‑NAS protocol.",2,39,0,0.0,29,ok
2025,12376025,4,function,"How can a mobile device create a list of cellular operators reachable via Wi‑Fi using 5G data without the NAS protocol, then choose an operator and Wi‑Fi network and initiate a connection that establishes a data link through the selected operator without employing NAS?",3,46,1,0.030303030303030304,33,failed_constraints
2025,12374643,8,summary,"Search for patent prior art on semiconductor die mounting technique using high aspect ratio metal pillars inserted into cured bonding material to lift die and create controlled gaps, employing lithographic patterning of resist to form pillar arrays and subsequent wafer singulation.",1,41,0,0.0,31,ok
2025,12374643,8,keyword,"Find prior art on semiconductor dies with ≥20 µm metal pillar arrays for through‑substrate interconnects, integrated into curing adhesive layers on support substrates, using photolithographic resist masks, openings, side‑wall exposure, and annealed bonding steps.",2,36,0,0.0,27,ok
2025,12374643,8,function,"Method for fabricating semiconductor dies with vertically oriented metal pillars of at least 20 µm height, patterned through photoresist-defined openings, subsequently inserted into cured bonding material on a support to form controlled gaps and achieve secure die mounting.",1,39,0,0.0,27,ok
2025,12399994,6,summary,"Search for prior works describing automated IoT intrusion modeling that preprocess raw packets into PCAP and CSV, filter normal versus anomalous entries, merge and deduplicate data, extract features, and construct a dynamic ensemble of machine‑learning classifiers for attack type identification.",2,41,0,0.0,30,ok
2025,12399994,6,keyword,"Automatic IoT intrusion detection system converting raw packets to PCAP, then CSV, filtering normal versus abnormal records, merging with redundancy removal, concatenated feature extraction, building an ensemble machine learning model to classify and continually adapt to evolving attack signatures.",2,39,0,0.0,31,ok
2025,12399994,6,function,"Search for automated IoT intrusion detection systems that preprocess raw packet streams into CSV, separate normal/abnormal data, merge and deduplicate, extract features, construct ML ensembles to classify and detect new attack categories dynamically.",3,34,0,0.0,26,ok
2025,12230364,15,summary,"Search for cancer immunotherapy selection methods using tumor passenger mutation load compared to background distribution to identify responders, coupled with therapy using LAG3‑binding antibodies for patients with high mutational burden.",1,31,0,0.0,23,ok
2025,12230364,15,keyword,"Search for cancer immunotherapy methods using LAG3‑targeting antibodies in patients selected by a high total passenger mutation burden exceeding the background mean, involving T‑cell receptor activation and prolonged cytolytic activity.",1,32,0,0.0,23,ok
2025,12230364,15,function,"search for methods to identify cancer patients suitable for LAG3‑targeting immunotherapy by comparing tumor passenger mutation burden to a background distribution, normalizing, selecting responders, and administering LAG3‑binding antibodies to enhance T‑cell activation and cytotoxicity.",1,37,0,0.0,25,ok
2025,12224209,22,summary,"Search for semiconductor fin‑device manufacturing methods that stack active and sacrificial layers, use side‑wall cladding, and employ a two‑stage etch to remove a mask and part of the cladding, forming concave‑top spacers that expose the top channel.",1,41,0,0.0,27,ok
2025,12224209,22,keyword,"Manufacturing a semiconductor device by creating an alternating stack of channel and sacrificial semiconductor layers, defining a mask on the top layer, etching trenches to form fins, depositing cladding along fin sidewalls, and performing sequential etches to form concave‑top cladding spacers exposing the top channel layer.",2,47,0,0.0,33,ok
2025,12224209,22,function,"Exploring approaches for creating fin‑structured transistor channels through alternating semiconductor and cladding layers, selective masking, trench formation, and differential etch chemistries that produce concave‑top spacers, enabling wrap‑around gates while preserving sidewall isolation.",2,35,0,0.0,29,ok
2025,12187961,20,summary,"A method to produce multilayered microcapsules that shield thermochromic or phase‑change cores from photodegradation by first coating them with polymer shells, then encapsulating with a doped metal‑oxide layer, enabling durable, responsive composite films for smart coatings.",2,38,0,0.0,25,ok
2025,12187961,20,keyword,"Search for core‑shell microcapsules comprising a thermochromic core encapsulated by an organic polymer shell (polyacrylate or polymethacrylate), coated with a doped metal‑oxide second shell formed from an emulsion with surfactant, for use in protective coatings on substrates.",3,39,0,0.0,24,ok
2025,12187961,20,function,"Query for patents describing processes that encapsulate temperature‑responsive or phase‑changing materials within an organic polymer shell, subsequently adding a doped metal‑oxide outer coating to shield against light‑induced degradation, enabling durable smart coatings and responsive composites.",3,39,0,0.0,30,ok
2025,12386137,9,summary,"Lens assembly that uses complementary annular protrusions on opposite lens surfaces to self‑align the optical axis, with defined distance ratios and micrometer curvature, improving placement accuracy in compact camera modules.",1,31,0,0.0,22,ok
2025,12386137,9,keyword,"Search for imaging lens assemblies with a peripheral annular tip‑ended protrusion surrounding the optical axis and an annular protruding arc on the opposite face, da/dm ratio 0.82–1.18 (or 0.75–1.25), curvature radius 0.025–0.5 mm, integrated into a barrel contacting inner surfaces, for camera modules.",3,54,3,0.09090909090909091,33,failed_constraints
2025,12386137,9,function,"Optical system with a central axis and a lens element having an effective region, featuring a peripheral annular tip‑ended protrusion on one surface and an arced protrusion on the opposite surface, where distances from the axis meet a 0.82–1.18 ratio and arc radius 0.025–0.5 mm, facilitating compact imaging modules.",3,56,1,0.030303030303030304,33,failed_constraints
2025,12366446,10,summary,"Search for a control system that uses force‑sensor feedback from a tool or gripper to detect sudden force changes as the tool moves through a space between two parts, and calculates the width of that space from the force variation.",1,41,0,0.0,23,ok
2025,12366446,10,keyword,"Search for robotic manipulator systems with integrated force‑sensing modules mounted on a machining spindle or end attachment, where the controller analyzes differential force signals as the spindle traverses a clearance between two assemblies to calculate the gap width through force‑based inference.",2,43,0,0.0,29,ok
2025,12366446,10,function,How can a system determine the gap distance between two parts by detecting a change in force signals as a tool’s operative section moves through the clearance?,1,28,0,0.0,17,ok
2025,12354012,10,summary,"Unsupervised learning of concise histologic fingerprints from whole‑slide images by self‑training a neural network to match image halves, enabling patient‑specific tumor identification and accurate molecular status prediction without requiring labeled data.",1,34,0,0.0,26,ok
2025,12354012,10,keyword,"unsupervised neural network histologic tissue fingerprinting from H&E whole‑slide images, mapping patches to invariant feature vectors, matching tumor identities, predicting breast cancer ER status, minimizing loss for intra‑sample similarity, artifact robustness, digital pathology, color normalization, transfer learning comparison, AUROC near 0.9",1,45,0,0.0,36,ok
2025,12354012,10,function,"Unsupervised method generating tissue fingerprints from whole slide histology images by pairing image halves, creating invariant feature vectors, and classifying sample status such as estrogen receptor presence, enabling patient‑matching and molecular phenotype prediction without annotated training data.",2,38,0,0.0,31,ok
2025,12379252,10,summary,"MEMS Fabry‑Perot interferometer employing circular electrodes that adjust inter‑plate spacing, providing dynamic modulation of transmitted light for rapid interferometric spectroscopy with concurrent photodetector and capacitance readouts.",1,28,0,0.0,21,ok
2025,12379252,10,keyword,"Search for MEMS interferometer with dual-electrode-actuated multi-layer dielectric mirrors separated by unequal air gaps, ring electrodes, varying DC voltage modulation, optical output detection by photodiode, capacitance sensing, and variable gap producing tunable transmission spectra.",2,37,0,0.0,30,ok
2025,12379252,10,function,"Search for MEMS interferometers using ring electrodes to dynamically change air-gap and multi-layer reflective plates for time‑resolved spectral modulation, with integrated capacitance and photodetector readouts enabling variable beam shaping and interferometric analysis.",2,35,0,0.0,26,ok
2025,12338592,12,summary,"Search for patents on a self‑driving yard robot that uses a camera to detect animal excrement, then deploys an extendable ramp and bucket to scoop the waste into a collection chamber, all controlled wirelessly from a handheld device.",1,39,0,0.0,23,ok
2025,12338592,12,keyword,"mobile robotic yard feces collection cart with integrated drive motors, extendable ramp, angled scoop assembly, camera vision system, wireless control via personal device, rechargeable battery, quonset‑shaped chassis, roller wheel drive, telemetry.",1,32,0,0.0,29,ok
2025,12338592,12,function,"automatic yard robot with built‑in camera that detects and collects animal waste onto a movable bucket driven by integrated motors, using a hinged ramp to lift waste into a storage compartment, controlled wirelessly by an app",1,37,0,0.0,23,ok
2025,12432163,4,summary,"Search for systems that predict a future mobile client’s data request, locate a nearer or higher‑bandwidth node, compare link performance, and automatically migrate tagged data subsets to that node before the request to enable faster access.",1,38,0,0.0,25,ok
2025,12432163,4,keyword,"Predictive data locality optimisation with tagged data subsets for user access across geographically distributed data centre nodes, comparing QoS metrics and migrating subsets from primary to secondary storage when remote node offers higher performance.",1,34,0,0.0,26,ok
2025,12432163,4,function,"Find prior art on systems that predict future data access, identify alternative storage nodes near user location, tag relevant data subsets, compare network performance metrics, and preemptively migrate data to improve access quality.",1,33,0,0.0,27,ok
2025,12246799,32,summary,"searching for a cylindrical snow‑shield tube featuring multiple detachable, foldable expansion sections that interconnect via flaps and couplers, designed to keep water from entering while allowing rapid deployment and compact stowage.",2,32,0,0.0,23,ok
2025,12246799,32,keyword,"Search for an inflatable snowboard drift sock with a cylindrical sleeve, inlet/outlet openings, segmented expansion modules that include inner and outer extension portions, foldable sections, detachable couplers, flap assemblies, and a release interface focusing on water‑proof textile and modular attachment designs.",3,43,0,0.0,31,ok
2025,12246799,32,function,"expanding inflatable ski drift sleeve with detachable expansion sections, foldable flaps sealing folds against water ingress, enabling increased front diameter for improved skier glide and reduced drag.",1,27,0,0.0,22,ok
2025,12249075,6,summary,"Search for methods combining multiple deep learning bone segmentation outputs using feature correspondence and characteristic weighting to enhance accuracy for vertebral, rib, and intervertebral disc instance and key‑point detection.",1,30,0,0.0,22,ok
2025,12249075,6,keyword,"image processing method fusing multi‑model bone segmentation outputs for improved accuracy, combining bone and rib classification, instance segmentation, vertebral key points and disc plane, utilizing deep learning correspondence analysis.",2,30,0,0.0,25,ok
2025,12249075,6,function,"Search for image processing methods that fuse multiple bone segmentation outputs from several neural networks, using correspondence analysis between the models to improve accuracy for bone, rib, and vertebral segmentation.",3,30,0,0.0,21,ok
2025,12392984,2,summary,"A camera module that employs a single resistor on a liquid lens plate to simultaneously sense temperature and provide heating, with controlled switching via a microcontroller, enabling efficient maintenance of lens temperature and optical performance in compact imaging systems.",1,39,0,0.0,25,ok
2025,12392984,2,keyword,"Search for camera modules integrating a liquid crystal lens with a first electrode, separated heating resistor, temperature‑sensing element, dual‑switch control, and a reference electrode on the opposite plate surface, describing area asymmetry and on‑chip heating circuitry.",2,39,0,0.0,27,ok
2025,12392984,2,function,"search for camera modules with liquid lenses that use a temperature‑sensing resistor integrated on the lens plate, coupled to a heating element controlled by a dedicated switch controller enabling on‑demand temperature regulation and optical adjustment.",2,37,0,0.0,23,ok
2025,12298529,9,summary,"Search for optical components that pair two substrate layers with largely identical dispersion except for a defined spectral band where one layer displays an anomalous index shift, and use a non‑planar junction acting as a diffractive interface to selectively steer or shape light in that band.",1,47,0,0.0,30,ok
2025,12298529,9,keyword,"Search for diffractive opto‑mechanical junctions between paired glass substrates that display a spectral index anomaly, formed by doped impurities, and include non‑planar surface gratings linking complementary wafer layers to shape beam propagation over specific wavelength bands.",2,38,0,0.0,30,ok
2025,12298529,9,function,"Search for optical devices using substrate pairs with complementary diffractive interfaces formed at non‑planar contact junctions, where each pair exhibits a tailored index anomaly over a distinct spectral band, enabling frequency‑dependent beam manipulation without overlapping spectral regions.",1,39,0,0.0,31,ok
2025,12289522,2,summary,"methods for evaluating and improving video steadiness by analyzing movement paths from sensor data, computing a steadiness score from position shifts and frame timing differences, and dynamically adjusting post‑processing stabilization parameters.",2,32,0,0.0,22,ok
2025,12289522,2,keyword,"Methods and systems using stabilization trajectories to evaluate video shake, measuring trajectory length, amplitude variations, rotational offsets, frame timestamp differences, computing stabilization scores on embedded processors, and dynamically adjusting stabilization based on performance metrics.",3,34,0,0.0,27,ok
2025,12289522,2,function,"Computer system evaluating video stabilization quality by analyzing motion trajectory data and timestamps, computing a performance score, and automatically adjusting stabilization controls for enhanced image steadiness.",1,26,0,0.0,19,ok
2025,12398866,1,summary,"Design of a lightweight, self‑stabilizing lamp assembly using a V‑shaped footprint, vertical column, forward‑cantilevered arm and integrated light source, with a mounting plate, weighted base and interlocking pin‑eye slots to secure the column against tipping.",1,39,0,0.0,27,ok
2025,12398866,1,keyword,"Search prior art for a chandelier system comprising a V-shaped base with cantilevered upper arm and lamp, a mounting plate above the apex, a column, weight stack for balance, pin element, and eye-slot coupling mechanisms.",2,37,0,0.0,24,ok
2025,12398866,1,function,"Searching for lighting fixtures featuring a V‑shaped base with a vertical column that supports a forward cantilevered light arm, stabilized by a stack of weights and an eye‑and‑slot fastening system linking the column to the base.",1,39,0,0.0,21,ok
2025,12259039,31,summary,"Query for prior art on a vehicle transmission system featuring two independent gear‑shift assemblies mounted on a rotating axle, each driven by a single actuator and employing a sleeve‑mounted shift gate, guide element, and elastic‑loaded fork to engage multiple gear stages.",2,44,0,0.0,31,ok
2025,12259039,31,keyword,"Search for automotive transmission shifter assemblies featuring dual partial gear mechanisms with multiple gear stages, including actuator‑driven rotatable arms, sleeve‑mounted shift gates, guide tracks, axially‑sliding shift forks engaging sliding collars, elastic torsion springs, and electric drive axles.",3,40,2,0.05714285714285714,35,failed_constraints
2025,12259039,31,function,"Search for systems enabling selective engagement of multiple partial gear trains on a rotating axle, using actuator‑driven sleeves with shift gates, guide elements, and elastic loading to move shift forks into gear stages, for use in vehicle drive axles.",1,40,0,0.0,28,ok
2025,12198386,32,summary,"To improve vehicle‑environment perception, the invention employs several overlapping cameras, uses stereo parallax between duplicated views to estimate target distance and direction, then delivers correction data to other monocular cameras, sequentially refining their depth estimates for better navigation safety.",1,40,0,0.0,31,ok
2025,12198386,32,keyword,"Search for vehicle exterior perception systems using multiple on‑board cameras and a central processor that derives distance and heading by parallax from duplicated fields, then applies monocular correction data generated in overlap orders to improve depth estimation.",1,38,0,0.0,26,ok
2025,12198386,32,function,"Vehicle system using multiple cameras to compute target distance and direction from stereo parallax, then generating correction data for monocular image processing across overlapping views to enhance accuracy of external environment detection.",1,32,0,0.0,24,ok
2025,12359686,31,summary,"Search for a screw‑in tolerance bridging device incorporating an elastically deformable spring tongue that temporarily deforms to override a stop, enabling precise alignment of two connected parts.",1,28,0,0.0,18,ok
2025,12359686,31,keyword,"search for tolerance compensation mechanism featuring a base with stop, screwable compensating member, elastic deformable spring element projecting radially, plastic ring collar, radially outward projection over external thread, temporary deformation to clear stop.",2,33,0,0.0,27,ok
2025,12359686,31,function,"search for screw‑assembly adapters that incorporate an elastically spring‑tongue protrusion to flex past an internal axial stop, enabling precise clearance adjustment when fastened to a threaded housing.",2,29,0,0.0,19,ok
2025,12284028,3,summary,"Search for power‑autonomous RF devices that capture a base‑station carrier and a secondary audio, mix these signals, and backscatter the composite output to hide data and enhance communication security.",2,31,0,0.0,20,ok
2025,12284028,3,keyword,"Search for passive RF tags with primary receiver for carrier, secondary for masking audio, energy harvester, mixer producing masked backscatter transmission from harvested power, shared substrate device, battery‑free modulation, base station generated masking signal.",3,35,1,0.03571428571428571,28,failed_constraints
2025,12284028,3,function,"search for devices that receive an RF carrier and a concurrent masking audio signal, mix the carrier‑derived response with the masking audio, and emit a power‑harvested, encoded backscatter transmission to enhance security of tag communications on a shared substrate.",3,41,2,0.08,25,failed_constraints
2025,12279128,4,summary,"How can a mobile device detect repeated failures when accessing the unlicensed spectrum for a sidelink, notify the core network with channel details, and trigger the network to assign a new unlicensed transmission resource to improve secondary link performance?",1,39,0,0.0,25,ok
2025,12279128,4,keyword,"Identify prior art on mobile terminal acquiring unlicensed‑spectrum sidelink resources, executing channel‑access procedures, detecting repeated access failures on specific unlicensed channels, reporting failure metrics to the network node for dynamic reallocation.",1,33,0,0.0,26,ok
2025,12279128,4,function,"Method for a mobile terminal to acquire an unlicensed spectrum resource for a sidelink, detect repeated channel access failures, log failure counts per channel, notify core network with channel details, prompting allocation of an alternate spectrum resource.",3,37,0,0.0,26,ok
2025,12406968,2,summary,"Search for a backlit display pixel architecture that integrates two color LEDs per pixel, controlled by a transistor linking one power rail to the anode of one LED and the cathode of the other, using distinct voltage lines to enable high‑contrast, dual‑color output.",1,45,0,0.0,30,ok
2025,12406968,2,keyword,"search: display device with dual‑coloured LED sub‑pixels, each featuring a transistor bridging separate anode/cathode circuits, where the transistor's source/drain terminals connect to distinct high‑ and low‑voltage rails to independently drive first and second pixel LEDs emitting different colors.",1,44,0,0.0,33,ok
2025,12406968,2,function,"Search for a pixel architecture that drives two separate LED chips through a transistor linking two differently biased supply rails, enabling independent control of two colors for improved color mixing or increased brightness.",1,33,0,0.0,24,ok
2025,12420744,32,summary,"Method for an all‑electric vehicle that, upon detecting a trigger event, redistributes power from its primary battery to an auxiliary storage unit until the main battery cannot sustain propulsion, thereby rendering the vehicle non‑drivable.",3,36,0,0.0,24,ok
2025,12420744,32,keyword,"Search for non‑hybrid electric vehicle power control systems where a lithium‑ion main battery supplies energy to a secondary reserve pack upon detecting low state‑of‑charge, ceasing propulsion by depleting the primary battery.",3,35,2,0.08,25,failed_constraints
2025,12420744,32,function,"search for methods that detect a vehicle event and move energy from the battery to a reserve energy storage device, making the electric‑only vehicle non‑drivable due to insufficient charge, with a controller managing the transfer until battery depletion.",3,40,3,0.12,25,failed_constraints
2025,12239348,13,summary,"Search for rib implant with porous, tapered intramedullary stems and face‑engaging plates/flanges that span two rib portions, providing improved fixation for thoracic fractures.",1,25,0,0.0,18,ok
2025,12239348,13,keyword,"Search inventions describing rib fixation implants comprising a spanning core, dual tapered porous intramedullary rods, offset plates engaging rib surfaces, flanges for cortical anchorage, osteoconductive substrates, and modular geometry for rib osteotomy reconstruction.",1,33,0,0.0,27,ok
2025,12239348,13,function,"rib fixation implant comprising a spanning body with porous, tapered stems for intramedullary canal insertion and parallel plates/flanges that engage rib surfaces, enabling secure, biological integration and mechanical stabilization of adjacent rib portions.",1,34,0,0.0,25,ok
2025,12301825,2,summary,"Search for compression methods that adapt macroblock sizes within a single frame based on spatial resolution variation, using resolution metadata to select prediction modes and block sizes for efficient encoding.",2,30,0,0.0,21,ok
2025,12301825,2,keyword,"Search for video encoding methods that dynamically select macroblock sizes and prediction modes according to spatial resolution variation within a frame, using resolution metadata or projection cues, and produce encoded streams with per‑block resolution weighting or factors.",2,38,0,0.0,27,ok
2025,12301825,2,function,"Search prior art for a video encoder that selects macroblock dimensions and prediction modes based on localized resolution cues within a frame, using smaller blocks for low‑resolution regions and larger blocks for high‑resolution areas to improve compression efficiency.",1,40,0,0.0,28,ok
2025,12234027,32,summary,"Aircraft beacon illumination system employing multiple primary LEDs for forward and lateral sectors, an erodible optical cover that keeps output regulatory, and a separately controllable booster LED that selectively lights the forward sector when the cover degrades.",1,37,0,0.0,25,ok
2025,12234027,32,keyword,"Search for aircraft beacon assemblies featuring an array of primary LED sources emitting into forward, aft, starboard and port sectors, covered by a light‑transmissive dome with erosion monitoring, and an independently controlled booster LED for enhanced forward sector output when cover erosion occurs.",1,44,0,0.0,30,ok
2025,12234027,32,function,"Search for aircraft illumination systems combining multiple primary LEDs covering forward, aft, starboard, and port sectors with a separately controllable booster that increases forward brightness when the protective cover erodes, thereby maintaining regulatory compliance.",1,34,0,0.0,25,ok
2025,12324018,4,summary,"Search for patents where a user device waits for a downlink random access notification that includes a trigger flag, calculates transmission parameters from this message, sends a reference burst, and then sends an uplink random access request.",2,37,0,0.0,23,ok
2025,12324018,4,keyword,"UE receives a DL trigger indicating SRS transmission, derives SRS parameters from the same DL information, sends the SRS, then emits a UL access request; include methods for implicit SRS parameter extraction and sequential UL request after SRS monitoring.",3,39,1,0.03333333333333333,30,failed_constraints
2025,12324018,4,function,"UE receives a downlink random-access message that includes a trigger flag to emit a measurement reference burst; the device derives transmission parameters from the message, emits the burst, then initiates an uplink random-access request.",2,36,0,0.0,24,ok
2025,12387146,6,summary,"Search for methods of adaptive content classification that iteratively train machine learning models using partial user‑provided labels, updating predictions, computing confidence scores to trigger further labeling, and dynamically reordering displayed labels in a graphical interface.",1,36,0,0.0,27,ok
2025,12387146,6,keyword,"Search for documents describing content classification using incremental machine learning models, where initial labeled data train a first model, predictions are displayed in a GUI, selective labels are added based on confidence scores between 0.5 and 0.65, and a second model is retrained to update ranking.",1,48,0,0.0,30,ok
2025,12387146,6,function,"search for interactive machine‑learning systems that iteratively refine content classification by adding user‑provided labels, retraining models, estimating confidence scores, and reordering or promoting predicted labels in a graphical display.",1,31,0,0.0,22,ok
2025,12242948,6,summary,"Search for systems that use transformer architectures with mixture‑of‑experts layers in both encoder and decoder, where a learned gating mechanism directs each token to multiple expert subnetworks for improved routing efficiency and model scaling.",2,36,0,0.0,23,ok
2025,12242948,6,keyword,"Search for transformer architectures incorporating mixture‑of‑experts modules in encoder and decoder layers, where token‑wise routing gates direct representations to multiple specialist sub‑layers, with subsequent aggregation through additional transformer sub‑layers, enabling task‑adaptive sequence processing.",2,39,0,0.0,30,ok
2025,12242948,6,function,What prior patents describe transformer encoder–decoder architectures employing learned mixture‑of‑experts routing to direct individual token embeddings into multiple specialized feed‑forward networks for improved scalability and accuracy in sequence‑to‑sequence tasks?,3,35,1,0.04,25,failed_constraints
2025,12325448,32,summary,"An autonomous car guidance system that ingests construction‑zone maps, partitions adjacent lanes into segments, scores each segment and maneuver, optimizes with physical and probabilistic constraints, selects the best detour route, and computes a safe lateral buffer for vehicle control.",1,40,0,0.0,28,ok
2025,12325448,32,keyword,"Search for autonomous vehicle lateral assistance that scores virtual lane segments around construction sites, calculates vehicle‑to‑lane width constraints, optimizes route selection with speed and lane‑change probability limits, and commands vehicle motion within a collision‑avoidance corridor.",2,39,0,0.0,30,ok
2025,12325448,32,function,"Search for autonomous vehicle guidance systems that compute optimal bypass routes around construction zones by grading lane segments, applying width, speed, and lane‑change feasibility constraints, and command lateral control within a defined tolerance.",1,34,0,0.0,26,ok
2025,12219585,4,summary,"Search prior art for mechanisms that prioritize uplink control versus data transmission on overlapping symbols, selecting higher priority channel for uplink control info, and handling HARQ acknowledgments with shared identity identifiers among multiple devices in high‑reliability mobile networks.",2,39,0,0.0,30,ok
2025,12219585,4,keyword,"Search for techniques transmitting uplink control data where a terminal generates UCI, compares UL control link priority against a data channel when symbols overlap, selects the higher priority link, and sends HARQ acknowledgment via an uplink control resource coordinated by a shared RNTI during PDCCH scheduling.",3,46,0,0.0,34,ok
2025,12219585,4,function,"Look for techniques that generate control packets, compare channel priorities when uplink control and data streams overlap, choose the higher priority channel, and transmit the control packet to the base station with high reliability.",2,34,0,0.0,22,ok
2025,12194824,12,summary,"Search for throwable two‑wheel robotic vehicles featuring rear‑mounted detachable backpacks equipped with impact‑protection, wheel‑deflection envelopes, and active environmental effect modules.",1,24,0,0.0,19,ok
2025,12194824,12,keyword,"search for a throwable two‑wheel robotic platform with an elongated chassis, rear‑mounted inverted‑L backpack accessory containing sensor/munitions or illumination, rear tail, impact‑protective elastomeric bumpers, annular mounting zone, and cylindrical wheel‑deflection envelope.",1,37,0,0.0,28,ok
2025,12194824,12,function,How to design a throwable mobile platform with dual rotating wheels and an overhanging rear accessory that provides environmental effects while maintaining impact protection for the accessory beyond the wheels' deflection envelope?,3,32,1,0.047619047619047616,21,failed_constraints
2025,12200520,4,summary,"How to calculate two time sub-slot positions for listening to a downlink segment, using configuration data from a base station and a mapping between timing intervals and listening capabilities, to enable efficient reception of control information.",2,37,0,0.0,24,ok
2025,12200520,4,keyword,"Search prior art for terminal‑side devices interpreting network‑side configuration to locate start and end slots of downlink control channel monitoring subframes in 5G NR, mapping timing offsets to receiver capability parameters for subframe selection.",3,36,1,0.037037037037037035,27,failed_constraints
2025,12200520,4,function,"Terminals that receive network‑issued timing sub‑interval configurations, map timing parameters to monitoring capabilities, determine the suitable capability for each interval, and then selectively acquire downlink control information.",2,29,0,0.0,22,ok
2025,12278523,1,summary,Airborne power unit with a multi‑pole rotor and a stator whose phases use concentrated winding on dedicated segments; sensor coils inter‑segment measure rotor attributes for precise motor control.,1,30,0,0.0,22,ok
2025,12278523,1,keyword,"aircraft‑mounted electrical traction motor featuring a rotor with multiple poles, a stator composed of concentrated‑wound phases occupying discrete blocks, and inter‑block sensors using coil loops positioned across adjacent slots to detect rotor conditions.",3,36,0,0.0,28,ok
2025,12278523,1,function,"Find aircraft electric machines where each stator phase uses concentrated winding in discrete elementary blocks, and inter-block sensor coils monitor rotor pole positions or speed, enabling precise rotor parameter sensing and enhanced control.",1,34,0,0.0,27,ok
2025,12231291,4,summary,"Search for prior art on centralized network device configuration management systems that use a tree-structured repository storing full states and change deltas, assign versioned epoch identifiers, and deliver update notifications to devices matched by property criteria, including tree path references for selective application.",1,44,0,0.0,33,ok
2025,12231291,4,keyword,"Search for methods that enable a central configuration store to disseminate configuration updates to network devices, using a unique epoch ID and a path reference within a hierarchical data model, where matching is performed based on device attributes and notifications are sent to devices that satisfy the criteria.",2,48,0,0.0,29,ok
2025,12231291,4,function,"Methods for network devices to receive update information from a central repository using a data tree, match device criteria, generate a unique update identifier, and notify matching devices of the available configuration change.",2,33,0,0.0,22,ok
2025,12349871,13,summary,"Mobile‑phone‑compatible mouth‑viewing accessory that slides together to create a narrow optical channel for camera imaging, enabling clinicians to capture focused intraoral pictures or videos from a patient’s oral cavity.",1,33,0,0.0,22,ok
2025,12349871,13,keyword,"Search for intraoral imaging devices featuring a bi‑contoured adapter with a proximal and distal segment linked by a snap‑fit mechanism, a lumen channel defining the oral cavity field of view, and a detachable mount that attaches to smartphone cameras or tablets for image capture.",2,46,0,0.0,28,ok
2025,12349871,13,function,"Search for tools that attach to a mobile device, provide an elongated, releasable adapter with a channel that forms a field of view, and allow the device camera to capture images of a patient’s intraoral area by positioning it in the mouth.",1,43,0,0.0,21,ok
2025,12200145,6,summary,"Search for systems that store certificate status in a database and respond to client queries by retrieving status and generating replies that vary according to requested protocol version, including handling basic and enhanced responder addresses.",1,35,0,0.0,22,ok
2025,12200145,6,keyword,"search for patent documents describing a certificate status monitoring system that stores multiple certificate states in a database, receives a request message containing a protocol version and certificate identifiers, distinguishes basic from enhanced queries, forwards to appropriate responder addresses, and returns a status reply.",2,44,0,0.0,30,ok
2025,12200145,6,function,"What techniques allow a responder server to store numerous certificate status entries, receive certificate‑ID requests that include protocol version, query a database for the status, and return distinct responses via basic and enhanced responder addresses?",1,36,0,0.0,25,ok
2025,12431417,8,summary,Search for semiconductor packages incorporating die‑mounted redistribution circuitry that forms sub‑0.5‑µm concave or recessed contact zones directly over active electrical terminals to achieve minimal vertical clearance and superior electrical connectivity.,1,34,0,0.0,24,ok
2025,12431417,8,keyword,"semiconductor wafer package with a redistribution layer including a concave via directly over a die terminal, planar and concave top surfaces, the recessed bottom less than 0.5 µm, coplanar terminal‑encapsulation interface, tapered concave‑via height, substrate, contact pad, vertical stacking, encapsulant.",1,43,0,0.0,32,ok
2025,12431417,8,function,"Search for high‑density semiconductor packages where redistribution interconnects or via heads have concave or recessed tops with sub‑0.5‑µm clearance to planar surfaces, enabling ultra‑tight alignment over die terminals for minimal signal delay.",1,37,0,0.0,24,ok
2025,12204401,6,summary,"Search for systems that automatically gather device telemetry, use machine learning to predict error conditions from version mismatches, and generate scripts to rewrite software settings before failures occur.",1,28,0,0.0,20,ok
2025,12204401,6,keyword,"Search for prior art on automated proactive support of distributed computing systems that use machine learning to detect predictive error indicators from aggregated device telemetry, identify affected nodes, and automatically generate corrective configuration scripts.",2,34,0,0.0,25,ok
2025,12204401,6,function,"systems that collect runtime metrics from multiple computers, use analytics or machine learning to detect predictive warning signs for software version mismatches, identify affected nodes, and automatically generate and run correction scripts that adjust application settings or upgrade software before errors occur.",1,42,0,0.0,31,ok
2025,12353221,32,summary,"Search for a rail‑guided autonomous delivery device that switches a hanging connector from a ceiling rail to an outer wall rail using a motorized actuator, then deploys a wire‑lift motor to lower a package for rapid indoor parcel retrieval.",1,41,0,0.0,26,ok
2025,12353221,32,keyword,"Automated rail‑based delivery unit featuring a main body suspended by a connector on slidable rails, actuator‑controlled rail switching, cable‑raising lift motor, and programmable control circuit for ceiling‑to‑wall transitions inside a facility.",1,36,0,0.0,26,ok
2025,12353221,32,function,"Search prior art for rail‑mounted delivery systems that switch between a ceiling‑side rail and an outer wall rail using an actuator, suspend a package beneath a connector, and deploy a retractable cable via a lift motor to lower the package at a receiver.",1,45,0,0.0,28,ok
2025,12355529,4,summary,"Wireless device sends capability offsets for aperiodic state metrics reporting, allowing network nodes to allocate measurement slots and trigger reports with priority across distinct codebook categories and processing elements for concurrent or isolated report generation.",1,35,0,0.0,26,ok
2025,12355529,4,keyword,"Search for techniques where a mobile device reports a capability offset for aperiodic channel state information resources, receives dynamic configuration, and selectively generates multiple CSI reports based on distinct Type I/II codebooks using prioritized processing units as triggered by downlink control information.",3,43,3,0.0967741935483871,31,failed_constraints
2025,12355529,4,function,"Find prior art on devices that report capability offsets, receive configurations of measurement periods, and are triggered by network control to emit prioritized feedback for various codebook types, supporting concurrent or selective measurement generation.",2,34,0,0.0,23,ok
2025,12244938,2,summary,"White balance technique using scene brightness estimation to compute a weighting map that downplays prominent colored areas, thereby yielding a more accurate illuminant estimate and adjusted image values.",2,28,0,0.0,21,ok
2025,12244938,2,keyword,white balance approach employing scene brightness‑derived chromatic weighting to attenuate influence of dominant colored regions during illuminant estimation using color component analysis,2,23,0,0.0,19,ok
2025,12244938,2,function,"White balancing method that uses scene‑brightness‑derived chromaticity weighting to diminish strongly colored areas, enabling more accurate illuminant estimation and adaptive color correction across an image.",1,27,0,0.0,21,ok
2025,12310534,29,summary,"Automated bread‑processing machine that stores stacked bun halves in horizontal tubes on a rotating carousel, discharges a vertical bun, splits it into crown and heel sections, transports the pieces by conveyor, and toasts them.",1,35,0,0.0,21,ok
2025,12310534,29,keyword,"Search for systems integrating a carousel‑mounted horizontal bun storage tube array, incremental indexing, a vertical‑to‑horizontal bun separator that isolates curved crown and flat heel portions for controlled toasting in a conveyor‑directed toaster unit.",3,37,1,0.038461538461538464,26,failed_constraints
2025,12310534,29,function,"Search for an automated bun handling system that uses a carousel-mounted horizontal storage tubes, indexes to discharge buns vertically, separates crowns and heels, and then feeds horizontally oriented segments to a heating unit for consistent browning.",3,37,1,0.04,25,failed_constraints
2025,12323205,3,summary,"Search for methods where a multi‑panel user device uses separate codebooks to compute distinct precoders for each antenna panel, one for uplink to a base station and another for downlink to a peer device, enabling simultaneous dual‑direction transmission.",1,40,0,0.0,26,ok
2025,12323205,3,keyword,"Search for dual‑panel UE beamforming devices that use separate codebooks for each panel, where base‑station instructions construct distinct precoders, enabling one panel’s signals to target the eNodeB while the other directs to a secondary wireless terminal.",1,39,0,0.0,27,ok
2025,12323205,3,function,"Search for prior art on user equipment with dual antenna panels that uses codebooks to generate separate precoders, one panel signals the base station, while the other panel communicates with a wireless device.",1,33,0,0.0,22,ok
2025,12432335,2,summary,"Method for displaying images on a curved screen that calculates viewer eye positions, defines a virtual flat reference surface, and derives a pixel‑to‑pixel mapping to project the image so each eye perceives a correctly aligned viewpoint.",1,38,0,0.0,25,ok
2025,12432335,2,keyword,"Search for systems that perform eye‑position based pixel mapping for curved displays, generating a virtual flat screen projection by transforming target image pixel values through a mapping relationship derived from observer eye locations and screen geometry.",1,37,0,0.0,27,ok
2025,12432335,2,function,"search for methods that compute 3‑D eye positions of viewer and map content onto a curved display by creating a virtual flat screen coordinate system, generating pixel correspondence tables and rendering adjusted image data for each eye to correct distortion.",1,41,0,0.0,27,ok
2025,12245908,13,summary,"Ultra‑thin dual‑layer mouthpiece (<1 mm thick, 6–10 mm wide) featuring an inlet and multiple outlets connected by a fluid‑conveying passage, positioned in the upper vestibule above the gum line to deliver liquid directly into the mouth.",2,40,0,0.0,26,ok
2025,12245908,13,keyword,"Search for ultra‑thin (<1 mm) dual‑sheet liquid‑dispensing mouthpiece designed for placement in the superior vestibule above the gingival margin, featuring an inlet tube, multiple outlets, and a single wide internal channel (1–3 mm) connecting the outlets to the inlet.",2,43,0,0.0,27,ok
2025,12245908,13,function,Thin (<1 mm) mouthpiece placed above the gum line in the upper oral vestibule that receives liquid via a tube inlet and distributes it through an internal channel to multiple oral outlets for efficient intra‑oral delivery.,1,37,0,0.0,24,ok
2025,12248542,6,summary,"How to design a printer system with separate authentication and application modules that display login‑based access controls and selectively enable user functions via a button interface, depending on temporary authorization data stored during login?",2,35,0,0.0,25,ok
2025,12248542,6,keyword,"Search for image forming systems combining an authentication module and an independent normal application module, where a display shows selectable buttons, a control processor verifies temporary user records upon activation, and prints upon the first button press.",1,37,0,0.0,26,ok
2025,12248542,6,function,"How can a printer device use a login‑based authentication routine to display a screen with core print and optional advanced functions, then assess the logged‑in user’s permissions before activating the optional software?",2,35,0,0.0,23,ok
2025,12305111,1,summary,"Find prior patents on immersing EV battery packs in a dielectric oil bath built from low‑viscosity isoparaffinic oils (8‑50 carbon chain), with ≥50 °C flash point and ≤3 wt % additives, to lower peak temperatures while maintaining electrical safety.",1,40,0,0.0,28,ok
2025,12305111,1,keyword,"immersion cooling for electric vehicle battery pack using dielectric isoparaffinic oil of 8‑50 carbon saturated hydrocarbons, viscosity 0.7‑7 cSt at 100 °C, flash point over 50 °C, low conductivity, low flammability, additives ≤3 wt %.",3,37,2,0.08,25,failed_constraints
2025,12305111,1,function,"Search for immersion cooling systems of power electronics using dielectric isoparaffinic oils with 0.7–7.0 cSt viscosity at 100 °C, flash points exceeding 50 °C, and ≤3 % additives, especially for electric vehicle battery packs.",3,36,1,0.047619047619047616,21,failed_constraints
2025,12385733,13,summary,"Methods for synchronizing a scanning fiber imaging system by detecting when sequential line scans cease during low‑speed oscillation, calculating phase misalignment, and correcting the acquisition trigger to maintain alignment.",2,30,0,0.0,21,ok
2025,12385733,13,keyword,"synchronization technique for interferometric imaging systems using a cantilever scanning fiber probe that oscillates with increasing amplitude, detecting when A‑line data acquisition ceases at the probe's minimum speed, evaluating phase misalignment, and correcting the acquisition trigger timing.",3,39,1,0.038461538461538464,26,failed_constraints
2025,12385733,13,function,"How to synchronize OCT acquisition with a cantilever‑oscillating fiber probe whose scanning amplitude grows, using a speed‑based detection of A‑line drop, phase‑offset calculation, and adaptive trigger clock adjustment.",1,32,0,0.0,23,ok
2025,12376996,13,summary,"Search for hearing protection devices that incorporate detachable sensor assemblies mounted on the earcup and cushion, allowing multiple environmental and user‑condition sensors to be added or removed for retrofitting cost‑effectively while preserving comfort and reliability.",1,37,0,0.0,24,ok
2025,12376996,13,keyword,"removably attachable sensor module on earmuff cup and cushion for hearing protector, integrated sensor housing, multiple pressure or acoustic sensors, cost‑efficient retrofitting, user condition monitoring, environmental data collection, compact acoustic attenuation device, reversible module attachment, foam‑gel cushion, silicon cup",1,41,0,0.0,35,ok
2025,12376996,13,function,"Removable sensor module attached to a hearing protector’s cup and cushion, enabling real‑time environmental and user condition monitoring, and allowing retrofitting to existing ear protection for cost‑effective multi‑sensor integration.",1,33,0,0.0,23,ok
2025,12305238,10,summary,"Develop an algorithmic method to classify indeterminate thyroid FNA samples using mRNA expression of at least two genes (e.g., ALK, CALCA, DICER1, IGF2BP3, MET, NTRK1, NTRK3, PAX8, KPNA2, SMARCA5, THADA) to guide diagnosis and surgical or radioisotope therapy.",3,39,10,0.35714285714285715,28,failed_constraints
2025,12305238,10,keyword,"Search for algorithms and methods using fine‑needle aspiration mRNA sequencing of thyroid lesions, applying gene expression panels (ALK, MET, NTRK3, NTRK1, PAX8, DICER1, IGF2BP3, CALCA, THADA, KPNA2, SMARCA5) to distinguish indeterminate nodules and guide surgery or radioactive iodine treatment.",3,40,1,0.03125,32,failed_constraints
2025,12305238,10,function,"Methods for classifying thyroid neoplasms by sequencing mRNA from biopsy samples, analyzing expression of a gene panel (ALK, CALCA, DICER1, IGF2BP3, MET, NTRK1, NTRK3, PAX8, KPNA2, SMARCA5, THADA), generating diagnostic predictions to guide surgical or radioiodine therapy.",3,37,9,0.32142857142857145,28,failed_constraints
2025,12213044,4,summary,"Search for methods where devices transmit multiple tones on selected frequency groups, collect phase differences, and use them to compute distance to another device, involving wireless identification of the frequency groups and collaborative tone exchange.",2,35,0,0.0,23,ok
2025,12213044,4,keyword,"Wireless distance measurement method using radio circuits that generate and transmit single‑tone signals on a series of uniformly spaced carrier frequencies grouped into distinct sample sets, identify each set via packet headers, receive tones from a remote device, compute phase differences, and estimate separation distance.",1,46,0,0.0,35,ok
2025,12213044,4,function,"Wireless methods that transmit packets naming uniform‑frequency sets, then send tones on each set, receive the tones, compute phase differences between transmitted and received signals, and calculate distance estimates from those phase shifts.",1,34,0,0.0,26,ok
2025,12374178,12,summary,"Zone‑based mobile beacon emitting regional signals to electronic attendance badges that detect, display participant identifiers, exchange personal data, upload to a central database, and enforce a reset state when leaving a return zone.",1,34,0,0.0,24,ok
2025,12374178,12,keyword,"Search for systems combining mobile beacons in defined zones with electronic ID badges that store a participant ID and personal attributes, display some of those attributes, detect beacon signals, exchange zone‑specific information, upload data to a central database, and enforce a returned state.",2,44,0,0.0,31,ok
2025,12374178,12,function,"Search for systems enabling public meeting participants to carry electronic ID badges that detect zone‑specific beacons, exchange personal and location data, display participant information, and upload data to a central database when returning to a designated zone, requiring reinitialization for next use.",1,43,0,0.0,30,ok
2025,12285701,33,summary,"Search for inflatable latex toys that self‑deflate via an internal lightweight element that blocks an outlet, allowing repeated partial deflation when struck, used in solo or multiplayer gameplay.",2,29,0,0.0,19,ok
2025,12285701,33,keyword,"Search for inflatable balloon devices employing a nozzle and an internal lightweight polystyrene foam check ball that blocks air flow, allowing controlled deflation in games, including multi‑player and single‑player ball‑popping activities.",3,34,0,0.0,25,ok
2025,12285701,33,function,"inflatable latex balloon containing a lightweight polystyrene ball that lodges in a nozzle to act as a check valve, permitting incremental deflation after each impact, used as a game element where the balloon is hit, launched, and gradually deflated",2,39,0,0.0,24,ok
2025,12241520,31,summary,"Search for a rotary damper that eliminates torsional resistance variation by using staggered concentric notched walls in the housing and rotor, producing steady viscous shear torque within a fluid‑filled chamber.",1,31,0,0.0,21,ok
2025,12241520,31,keyword,"Search for industrial rotary dampers employing concentric wall arrays with point‑symmetrical notches offset by half‑pitch, viscous fluid shear resistance, bearing‑centered housing bottom, rotor side‑wall concentricity, gap‑controlled torque profiles, and cap‑fitting peripheral discharge holes.",1,39,0,0.0,33,ok
2025,12241520,31,function,"rotary damper employing viscous fluid shear torque, featuring concentric, notched walls on housing and rotor with a half‑pitch offset to provide consistent resistance and minimize torque fluctuation during shaft rotation.",1,31,0,0.0,23,ok
2025,12347627,1,summary,"A multilayer capacitor that achieves superior dielectric performance by engineering opposite gradients of rare‑earth dopants across interior and exterior perovskite layers, with external electrodes bonded to the internal stacks, creating controlled composition asymmetry for improved charge distribution.",1,38,0,0.0,27,ok
2025,12347627,1,keyword,"Search patents for multilayer devices with interior/exterior regions, alternating dielectric/electrode layers, outer perovskite ABO3 dielectrics containing A from Ba/Sr/Ca, B from Ti/Zr/Hf, RE from Yb/Y/Ho/Dy/Tb/Gd/Eu, M from Mg/Mn/V/Cr, and Si. External electrodes couple to inner layers; require RA and RB element gradients satisfying DRAa<DRAb<DRAc and DRBa>DRBb>DRBc.",3,65,12,0.25,48,failed_constraints
2025,12347627,1,function,"search for multilayer electronic devices with perovskite structured dielectrics containing rare earth, transition metal and silicon, where composition gradients of different rare earth oxides are specified across interior and exterior regions, enabling selective dielectric property tuning and improved electrode coupling.",2,40,0,0.0,30,ok
2025,12423372,6,summary,"client‑side module captures interface data from an external application, forwards it to a server engine, receives processed information and a UI template, and dynamically injects controls into the client interface based on that template.",1,35,0,0.0,21,ok
2025,12423372,6,keyword,"Search for client‑side UI integration software that captures interface data via a lightweight stub, forwards it to a middleware server, then receives augmented data and template‑driven control components to dynamically alter parts of the user interface.",2,38,0,0.0,26,ok
2025,12423372,6,function,"Searching for systems that capture UI input via embedded stubs, forward it to a central processing hub, receive enriched information, and dynamically modify the interface to add new controls or visual elements guided by received configuration templates.",2,37,0,0.0,25,ok
2025,12339053,34,summary,"Search for refrigerators featuring a bottom-mounted flat‑cuboid evaporator that inclines upward, a partition plate dividing storage from the cooling chamber, and a frost accumulation zone supplied by a front airflow path; the design includes heating elements for efficient defrosting.",2,41,0,0.0,27,ok
2025,12339053,34,keyword,"Ventilated refrigerator with a bottom‑mounted, flat, inclined evaporator; bottom liner divided by a transverse cover plate into a refrigeration interior and storage compartment; front cover inlet supplying air to evaporator; frost zone among evaporator, plate and cover; top heating element and preserving panel; bottom coil heater for defrosting.",2,49,0,0.0,36,ok
2025,12339053,34,function,"An air‑cooled refrigeration unit with a bottom‑mounted flat evaporator inclined upward, a transverse partition separating storage and cooling spaces, an intake cover feeding airflow into the cooling chamber, and a frost‑accommodating space directing air to the evaporator, integrated heat‑removal elements, and a water‑drainage system.",3,49,1,0.030303030303030304,33,failed_constraints
2025,12370625,26,summary,"Search for a laser imaging system that uses two separate pulsed sources with time‑shifted operation, splits and combines their outputs, shapes them into homogeneous top‑bar beams, and sequentially superimposes them to form composite images.",3,36,0,0.0,23,ok
2025,12370625,26,keyword,"Laser imaging system combining temporally offset pulsed diodes via an optical combiner/slit directing onto a homogenizing beam‑shaping element, generating uniform top‑hat beams sequentially overlapped to form the projected image on the target.",2,35,0,0.0,27,ok
2025,12370625,26,function,"Search for imaging systems using two temporally separated laser sources combined, split, and flattened through a homogenizer, then time‑multiplexed to project flat‑top beam patterns on a target surface for high‑precision overlay.",1,34,0,0.0,25,ok
2025,12255577,30,summary,"Explore a tool‑free photovoltaic panel assembly system using pivotable toe portions and complementary chassis slots that lock for grounding, resist removal after deployment, and accommodate thermal expansion while enabling rapid field installation.",3,33,0,0.0,26,ok
2025,12255577,30,keyword,"Search for photovoltaic panel assembly fasteners featuring toe‑slot coupling, tool‑free mounting chassis with grounding and locking toe apertures, pivotable toe structures, thermal expansion accommodation, and integrated electrical grounding interfaces.",2,31,0,0.0,25,ok
2025,12255577,30,function,"Search for quick, tool‑free photovoltaic panel assembly to a chassis using a toe‑type coupling that pivots between a ground‑receiving slot and a locking aperture, permitting thermal expansion and providing grounding without requiring tools.",2,36,0,0.0,25,ok
2025,12270596,34,summary,"Search for refrigerator designs featuring an inner partition that creates a secondary storage compartment, a hinged cover with a built‑in damper to slow opening, and simplified mounting features reducing material use and manufacturing steps.",1,35,0,0.0,22,ok
2025,12270596,34,keyword,"Search for refrigerators featuring a partition within the inner cavity, a removable cover operated by a speed‑reducing damper, and a guide that limits cover swing, while employing an outer shell and internal compartment construction.",2,35,0,0.0,22,ok
2025,12270596,34,function,"Search for refrigerator designs featuring an inner chamber split by a removable divider, a hinged opening gate with a damping mechanism to slow its motion, and a guiding track that limits the opening range.",3,34,0,0.0,19,ok
2025,12339271,10,summary,"Automated vehicle lubricant dilution analysis with real‑time sensor data on a test bench, using a controller to direct sample transfer via spout actuator, classify operating phases, compute dilution change, correlate with vent system readings, and generate a diagnostic report.",2,40,0,0.0,30,ok
2025,12339271,10,keyword,"Automatic oil sampling device for combustion engine tests, using sensor array linked to crankcase ventilation, controller commands sampling actuator to collect discrete oil aliquots, then performs fuel‑oil contamination assessment, segments data timelines into regions, correlates sensor metrics, and outputs differential report.",2,42,0,0.0,35,ok
2025,12339271,10,function,"system automatically samples engine oil at predefined intervals driven by crankcase ventilation sensor data, analyzes each sample for fuel content, computes change over time, partitions sensor data into regions, identifies sensor readings most correlated with fuel‑oil mix changes, and generates a detailed report.",3,44,0,0.0,35,ok
2025,12187230,32,summary,"Retrofitted secure storage box for SUVs that extends between front seats and cargo area, featuring separate front‑and rear‑openings with removable panels and latch seals, sliding drawers, and a shotgun‑sized compartment, designed to fit police vehicles.",3,38,0,0.0,27,ok
2025,12187230,32,keyword,"Search for retrofitted storage enclosures for police SUVs comprising elongated box walls with front and rear openings secured by compression‑latch access panels, sliding rear drawers and forward tray, designed to hold a shotgun and integrate with existing seat and cargo floor mounting points.",1,44,0,0.0,31,ok
2025,12187230,32,function,"Search for a vehicle‑interior modular compartment featuring front and rear removable panels, a sealing latch, sliding drawers for gear, a sliding tray for electronics, and a dedicated length for storing a firearm in an SUV.",2,36,0,0.0,21,ok
2025,12281036,20,summary,"Search prior art on a layered glass product manufacturing process that employs a controlled heating profile with nucleation and crystallization steps for thin sheets (<1.1 mm) in a multi‑sheet assembly with separate zones, using a specialized open carrier support.",2,41,0,0.0,26,ok
2025,12281036,20,keyword,"glass‑ceramic production by heating a stack of ≤1.11 mm thick glass sheets (≥10 layers, mass index ≤35) to a nucleation temperature, followed by a crystallization step, employing parting‑agent interlayers, a setter plate and an open‑carrier frame during thermal treatment.",1,43,0,0.0,30,ok
2025,12281036,20,function,"A process that sequentially heats thin, multi‑layer glass sheets to nucleation and crystallization temperatures, controlling dwell times to produce high‑quality glass‑ceramic parts with a low mass index, and enabling rapid, stacked sheet manufacturing on a carrier‑supported setter plate.",3,42,2,0.06666666666666667,30,failed_constraints
2025,12241873,10,summary,"Design a versatile test rig that securely holds long, pipe‑like specimens and exposes them to controlled fluid mediums, pressures, and heating while applying coordinated tensile/compressive and bending forces, enabling simultaneous environmental and mechanical conditioning.",3,36,0,0.0,26,ok
2025,12241873,10,keyword,"Search for testing apparatuses featuring a pressure‑sealed tubular chamber, a pressurizing unit, a thermal conditioning system, dual tensile/compressive and bending load mechanisms, and a flexible autoclave structure for evaluating elongated oil‑gas line materials under simulated service environments.",2,40,0,0.0,30,ok
2025,12241873,10,function,"Systems to test elongated or tubular specimens under simultaneous controlled pressure, heat, tensile, and bending stresses, using a sealed flexible chamber within a rigid support, with separate pressurization, heating, and load application modules for automotive, aerospace, or oil‑gas pipe durability assessments.",2,42,0,0.0,31,ok
2025,12281846,23,summary,"A centrifugal dryer that boosts throughput by reconfiguring lifting blade angles and incorporating a catcher for agglomerated solids, a cylindrical dewatering chute, structural rotor modifications, and a perforated membrane to improve dewatering and pellet discharge.",2,35,0,0.0,22,ok
2025,12281846,23,keyword,"Review centrifugal dryers featuring high‑angle agglomerate catchers with optional overflow ports, cylindrical dewatering chutes, and rotor assemblies having horizontally arranged lifting blades at 35°–45° angles, combined with foraminous membranes and pellet discharge systems.",3,35,4,0.14285714285714285,28,failed_constraints
2025,12281846,23,function,"Search for centrifugal dryers that use positionally modified lifters with tapered blade angles in wet‑feed and drying sections to raise throughput while controlling residence time, featuring enhanced dewatering chutes and perforated membranes.",1,33,0,0.0,24,ok
2025,12431084,2,summary,"Search for display technologies featuring a non‑pixel‑area connection electrode with a reverse‑tapered contact hole, a separate overcoat layer in the pixel area, and a multi‑layer metal stack that allows a second electrode extending from pixel to non‑pixel region to contact only the innermost metal layer without shorting.",3,52,5,0.14285714285714285,35,failed_constraints
2025,12431084,2,keyword,"Display substrate with power bus, insulation layer, contact hole, bridging electrode in non-display region; overcoat, top electrode, emissive layer, and secondary electrode extending into interconnect region, utilizing multilayer metal stack with reverse-tapered trench to electrically couple only the highest metal layer.",2,43,0,0.0,34,ok
2025,12431084,2,function,"Search for manufacturing methods enabling display panels with multilayer electrodes where a power trace runs on substrate, insulated, and a buried electrode in a peripheral region connects to a top emission stack via a hole, allowing the driving electrode to bridge active and inactive zones while maintaining electrical isolation.",2,49,0,0.0,32,ok
2025,12286519,29,summary,"Search for a durable surface coating combining epoxy resin with hyperbranched polysiloxane and SiO2‑functionalized aligned carbon fiber hybrids, yielding a highly hydrophobic, abrasion‑resistant finish applicable to substrates, characterized by extreme moisture repellency and sustained performance after extensive mechanical wear.",3,41,0,0.0,31,ok
2025,12286519,29,keyword,"Super‑hydrophobic wear‑resistant coating on metal and ceramic substrates composed of a cured polymer gel containing epoxy crosslinker, nitrogen‑functional hyperbranched silicone, aligned carbon nanofiber bundles, silicon dioxide network, and silane coupling chemistry with polydimethylsiloxane chains; high abrasion tolerance.",2,40,0,0.0,32,ok
2025,12286519,29,function,"Search for substrate coatings that combine epoxy‑based gels, amino‑terminated hyperbranched siloxanes, and carbon‑nanotube‑silica coupling layers, producing durable, highly water‑repellent surfaces surviving hundreds of abrasion tests.",3,30,1,0.041666666666666664,24,failed_constraints
2025,12419933,16,summary,"Identify prior art on ophthalmic cyclosporine formulations using semifluorinated alkanes like 1‑perfluorobutyl‑pentane as a carrier to treat uveitis, specifically topical solutions within 0.05–0.5% concentration.",1,29,0,0.0,19,ok
2025,12419933,16,keyword,"Search for topical cyclosporine ophthalmic solutions using semifluorinated alkane carriers, such as 1‑perfluorobutyl‑pentane, at 0.05–0.5 % w/v, for uveitis or related ocular inflammation treatments.",1,29,0,0.0,16,ok
2025,12419933,16,function,"Topical ocular delivery of cyclosporine for uveitis utilizing a perfluoroalkane solvent to enhance solubility and ocular penetration, enabling localized immune suppression without systemic absorption.",2,24,0,0.0,17,ok
2025,12271051,2,summary,"Lens driving system using two opposing magnetic‑actuator pairs where the housing‑mounted coil is longer along the optical axis and shorter cross‑axis than the lens‑mounted coil, enabling compact, precise focus control for small camera modules.",1,38,0,0.0,29,ok
2025,12271051,2,keyword,"magnetic lens actuator with dual coils, housing‑integrated driving unit, counteracting second coil on lens sub‑assembly, axis‑aligned length hierarchy, orthogonal direction length variation, multi‑lens assembly, camera module, image sensor aligned with transmitted light",1,36,0,0.0,31,ok
2025,12271051,2,function,"Search for camera lens drivers that employ dual magnet‑coil actuators—one mounted on the housing, the other on the lens assembly—where the axial lengths are ≥ while the perpendicular lengths are <, enabling precise positioning in compact imaging modules.",1,39,0,0.0,24,ok
2025,12338284,10,summary,"Search for novel monoclonal antibodies targeting PD‑L1 that incorporate distinct heavy and light chain CDR sequences (including a GIS motif), and for use as therapeutic agents, diagnostic tools, or components of CAR T‑cell constructs.",1,36,0,0.0,24,ok
2025,12338284,10,keyword,"Search for recombinant monoclonal antibodies with heavy and light chain V‑regions containing CDR1-3 sequences SEQ ID 3–7 for PD‑L1 binding, scFv-based CAR constructs, antigen‑binding tags, in‑vitro detection kits, and therapeutic formulations.",2,38,0,0.0,26,ok
2025,12338284,10,function,"search for engineered monoclonal antibodies that bind PD‑L1 with defined CDR sequences, enabling checkpoint inhibition, CAR‑T design, and therapeutic compositions for cancer or immune diseases.",3,27,1,0.05555555555555555,18,failed_constraints
2025,12335560,2,summary,"Search for methods that monitor concurrently displayed media streams, extract supplemental descriptors such as transcripts or scene metadata, filter these descriptors by user‑defined relevance, and deliver distinct audio cues on separate devices—e.g., a smartphone—to alert the user to pertinent information.",1,44,0,0.0,29,ok
2025,12335560,2,keyword,"Search for systems that monitor simultaneous media presentations on a primary device, generate supplemental descriptive data such as transcriptions or scene captions, filter by user‑defined relevance criteria, and output distinct voiced audio alerts to a secondary smartphone device.",1,39,0,0.0,27,ok
2025,12335560,2,function,"Search for systems that monitor simultaneous media streams, generate relevance‑filtered supplemental data such as transcriptions or scene annotations, and deliver differentiated audio alerts to a secondary device like a smartphone based on user‑defined relevance.",1,36,0,0.0,25,ok
2025,12334180,6,summary,"A memory module detects its motherboard slot, sends position data to an integrated power controller that then tunes the switching frequencies of multiple internal voltage regulators to supply distinct power rails, optimizing performance for each socket configuration.",2,37,0,0.0,26,ok
2025,12334180,6,keyword,"Search for patents describing memory modules with slot‑sensing interfaces that convey slot identification via serial links to a power IC, which computes frequency adjustment signals to drive distinct switching clocks for dual voltage regulators supplying DRAM devices.",2,38,0,0.0,28,ok
2025,12334180,6,function,"How can a memory module use an onboard ID sensor to recognize its slot location, send that information to a power controller, which then varies its internal clock timing to power different voltage rails for the embedded memory chips?",2,39,0,0.0,25,ok
2025,12379465,10,summary,"Search for systems that determine room boundaries on an electronic device by using an array of radar receivers in a plane, comparing reflected signal power to locate corner‑like reflector points, and estimating the perimeter from those points, possibly using moving‑object velocity patterns.",3,44,0,0.0,29,ok
2025,12379465,10,keyword,"search for devices using planar radar receiver arrays for depth measurement via signal modulation, processing energy level comparisons to identify high‑reflection points as corners, detecting convex perimeter features, moving‑object velocity patterns, and plane symmetry for reflective surface localization.",2,40,0,0.0,32,ok
2025,12379465,10,function,"Planar array radar sensors that sense depth by signal modulation, compare reflected energy levels to pinpoint high‑intensity reflector points, infer convex corners or walls, and estimate the physical space perimeter, especially for indoor mapping on electronic devices.",1,38,0,0.0,28,ok
2025,12338511,20,summary,"A press‑fit component with a softer insert and harder surrounding block, crafted from a Si‑rich aluminum alloy containing controlled Mg and Mn, that eliminates post‑casting heat treatment and prevents cracking during assembly.",3,35,0,0.0,24,ok
2025,12338511,20,keyword,"Search for aluminum diecast alloys with an integrated press‑fit core, lower hardness ring, varying crystal roundness, composed of silicon, magnesium, and manganese, titanium and strontium, featuring recess and protrusion geometry without heat treatment.",3,34,0,0.0,25,ok
2025,12338511,20,function,"Search for aluminum alloy diecast components featuring an integrated cast portion with a softer or differently crystalline front surface that reduces cracking during press‑fit assembly, eliminates post‑mold heat treatment, and employs a Si‑Mg‑Mn alloy with tightly controlled Ti and Sr levels.",3,45,2,0.06060606060606061,33,failed_constraints
2025,12427484,23,summary,"Reversible press‑fit coupling that attaches a dialyzer port to a pipe wall, permitting rapid assembly and bidirectional flow, combined with an automated back‑wash network that shuttles purified‑out water between sequential dialyzer sets to cleanse them alternately.",3,39,1,0.037037037037037035,27,failed_constraints
2025,12427484,23,keyword,"Search patents describing a dialyzer‑to‑pipe interface featuring a slip‑fit coupling with a longitudinal channel, pressurably sealing one end to a dialyzer inlet port and the other to a clean‑water line, plus alternating backwash cycles between two dialyzer groups.",2,42,0,0.0,29,ok
2025,12427484,23,function,"Search patent disclosures describing a fluid connector clamping onto the inlet port of a filtration membrane device and fitting into a pipe wall opening, providing a sealed, bidirectional flow path; and methods that perform sequential backwashing by routing water between multiple membrane units.",2,43,0,0.0,30,ok
2025,12379665,8,summary,"Develops a process to eliminate a photoresist layer composed of metal oxide bound to organic groups, employing a spray of chlorine‑containing or methylated gas to exchange ligands and cause the layer to sublimate.",2,34,0,0.0,20,ok
2025,12379665,8,keyword,"Organometallic resist with metal‑oxide cores and organic ligands removed by gas‑phase ligand exchange using chlorine‑ or methyl‑containing spray reagents, causing sublimation, applicable to patterned resist etching masks and redistribution circuits on semiconductor dies.",1,36,0,0.0,27,ok
2025,12379665,8,function,"Search for methods using ligand exchange to selectively remove organic‑ligand functionalized resist layers in semiconductor manufacturing, employing gaseous chlorine or methyl reagents delivered via spray to trigger sublimation for patterning or redistribution circuits.",2,34,0,0.0,25,ok
2025,12431365,8,summary,"Search for semiconductor bump contacting techniques that employ circular trenches surrounding conductive layers to generate asymmetric undercuts, exposing underlying insulation and enhancing side‑wall adhesion, while integrating multi‑layer conductive stacks via photoresist masking.",1,34,0,0.0,28,ok
2025,12431365,8,keyword,"Search for methods forming bump structures over conductive layers by etching photoresist masks to create island and bus bar patterns within a ring‑shaped trench, then depositing second metal through openings, yielding asymmetrical undercut bumps over pads.",3,37,2,0.06666666666666667,30,failed_constraints
2025,12431365,8,function,"Method forming conductive islands separated by a ring‑shaped groove, then adding second conductive layers through openings to create a bump structure with a selective undercut at the interface, enabling improved mechanical stability and electrical isolation for semiconductor package interconnects.",3,40,2,0.07142857142857142,28,failed_constraints
2025,12214141,13,summary,"Methods for adjusting a user's circadian timing to align therapy administration with optimal circadian phase, using a server to determine preferred time ranges, compute shift direction and magnitude, design an activity schedule (light, food, exercise, rest), and issue differentiated reminders via lighting, sound or visual cues.",1,47,0,0.0,34,ok
2025,12214141,13,keyword,"algorithm for aligning a user’s biological rhythm to optimize timing of a medical intervention, including identification of optimal treatment windows within the circadian cycle, calculation of rhythmic adjustment magnitude/direction, scheduling of light exposure, chronobiotic, and behavioral cues with notifications via LED, audio, and display for pre‑treatment adaptation",2,50,0,0.0,34,ok
2025,12214141,13,function,"System that schedules circadian‑shift activities (light, chronobiotics, nutrition, exercise, rest) to align a future therapy time with a user’s optimal circadian window, using phase data to generate timed visual/sound alerts.",1,33,0,0.0,24,ok
2025,12311494,26,summary,Search for patents describing dual‑frequency pressure modulation polishing head with friction monitoring to discern layer removal order and adapt process parameters.,2,22,0,0.0,16,ok
2025,12311494,26,keyword,"Investigate wafer polishing systems employing a carrier head that applies orthogonal, frequency‑modulated pressure to separate substrate zones, utilizes in‑situ friction sensing, distinguishes modulation frequencies to detect which zone clears first, and dynamically adjusts polishing settings.",3,37,0,0.0,28,ok
2025,12311494,26,function,"Polishing apparatus applying two orthogonal, modulated pressure patterns to distinct surface zones, employing integrated friction sensor signals to separate frequency components, quantify each zone's material removal, identify which zone clears over‑coat first, and auto‑adjust polishing variables accordingly.",2,40,0,0.0,33,ok
2025,12221217,32,summary,"hybrid aerial vehicle using an internal combustion engine to power a generator that supplies two electric motors, each driving a rotor; rotors are linked via gear coupling with inclined axes for efficient thrust generation.",1,34,0,0.0,24,ok
2025,12221217,32,keyword,"Hybrid electric aero vehicle with internal combustion motor driving a generator linked to dual electric motors, each powering separate rotors whose shafts are connected via a gear reduction unit with inclined axes 5–20° to vertical.",2,36,0,0.0,26,ok
2025,12221217,32,function,"Search for aircraft using a combustion engine to power a generator feeding two electric motors that drive separate rotors linked by a gear coupling, with inclined rotor axes (5‑20°), enabling efficient hybrid rotary propulsion.",1,35,0,0.0,24,ok
2025,12427197,16,summary,Search for methods controlling nanoparticle size via borate–borohydride ratio in cobalt reduction and subsequent core–shell or hollow synthesis through low‑oxygen metal exchange.,2,25,0,0.0,19,ok
2025,12427197,16,keyword,"Search for cobalt nanoparticle synthesis methods controlling particle size by adjusting the tetrahydroxyborate/borohydride ratio in a sodium borohydride reduction, and techniques forming hollow metal nanospheres via anaerobic galvanic exchange on cobalt‑based seeds.",3,34,2,0.08,25,failed_constraints
2025,12427197,16,function,Search for processes that control nanoparticle size by adjusting borate-to-borohydride ratio in sodium borohydride solutions and subsequently fabricate cobalt cores with metal shells via oxygen‑free redox exchanges to create hollow metal spheres for catalytic or biomedical applications.,2,40,0,0.0,28,ok
2025,12379108,27,summary,"Search for turbine combustion chamber control systems that use separate compressor discharge air streams for head‑end, middle and downstream injector groups, with downstream injector air higher than upstream, and that deactivate downstream fuel injection at low load to improve combustion stability and reduce emissions.",2,45,0,0.0,33,ok
2025,12379108,27,keyword,"Search for gas turbine combustor designs featuring a head‑end fuel nozzle, staggered axial injection stages, each with dedicated air supply from a compressor discharge plenum, where downstream injectors receive higher airflow and enable fuel throttling between 0 and 20% of rated load.",3,43,4,0.12903225806451613,31,failed_constraints
2025,12379108,27,function,"selective fuel and air distribution to staged injectors in a combustion liner, with an upstream head injector and downstream injector groups receiving different air rates, enabling load control by shutting off fuel to downstream injectors at low and medium load ranges.",2,41,0,0.0,28,ok
2025,12376412,8,summary,"Develops a two-layer semiconductor structure where a cell array lies beneath an overlay of pad and wiring layers, enabling precise bonding of overlapping components; pad positions and crossing wiring lines are arranged to minimize overlap conflicts and improve interconnect density.",1,41,0,0.0,28,ok
2025,12376412,8,keyword,"Semiconductor device with overlapping cell array layers, aligned row and column pads bonded via planar interface, multiple wirings connecting first, second, third cells, insulating members at joint surface, cross‑grid wiring topology.",3,32,0,0.0,27,ok
2025,12376412,8,function,"seeking prior art on semiconductor substrates with overlapping chips bonded via pad and insulator interfaces, featuring row and column wiring that crosses to connect multiple cells, for dense integrated sensor or display configurations",1,33,0,0.0,23,ok
2025,12195199,32,summary,"Search prior art for a fluid‑cylinder based self‑leveling stand that couples multiple hydraulic or pneumatic legs sharing a common reservoir and uses passive locking valves to isolate flow, balancing load automatically without electronic controls, suitable for UAV or stationary platforms.",1,42,0,0.0,31,ok
2025,12195199,32,keyword,"Search for prior art on multi‑leg, fluid‑cylinder self‑stabilizing platform for UAVs and fixed equipment, featuring a shared fluid reservoir, independent piston rods, parallel flow lines, and a passive locking valve that blocks fluid transit when a cylinder compresses, without electronic controls.",2,44,0,0.0,32,ok
2025,12195199,32,function,"Search for a hydraulic support system that uses paired fluid cylinders sharing a reservoir with passive locking valves to equalize platform height and stabilize aerial or static equipment without electronic control, automatically adjusting when one cylinder is compressed.",3,38,0,0.0,26,ok
2025,12357776,13,summary,"Search for inhalation device with housing and airflow passage, incorporating a flow‑regulating element upstream, a breath‑sensing detector using pressure monitoring, and a controller that triggers a lower‑rate medicament release when inspiratory airflow reaches a set threshold.",1,39,0,0.0,26,ok
2025,12357776,13,keyword,"Search prior patents for a medicated inhaler with a housing defining an air passageway, an upstream pressure sensor feeding a microcontroller, a flow‑limiting orifice controlling volumetric airflow, and a breath‑triggered medicament ejector delivering a lower‑volume dose when inhalation flow exceeds a preset threshold.",2,46,0,0.0,31,ok
2025,12357776,13,function,"Search for medical inhalers employing a flow‑regulating component to cap airflow, a pressure sensor upstream of the regulator linked to a controller that triggers a breath‑activated delivery system when inhalation flow falls below a preset threshold, enabling precise medication dosing.",3,42,0,0.0,28,ok
2025,12256334,4,summary,How does a system adjust a cell’s uplink transmit setting by measuring SINR and increasing or decreasing its power parameter accordingly to keep received signal quality within desired limits?,2,30,0,0.0,20,ok
2025,12256334,4,keyword,Search for methods of adjusting uplink transmit power in cellular networks by comparing measured signal‑to‑interference‑plus‑noise ratio to a stored uplink power setting and computing a new power command for user equipment.,1,35,0,0.0,23,ok
2025,12256334,4,function,"Computer‑driven procedure for uplink power management in cellular networks: the system measures the signal‑to‑interference‑plus‑noise ratio, contrasts it with the current power‑control coefficient, then raises or lowers the coefficient to tune user equipment transmit power for better link stability.",1,44,0,0.0,30,ok
2025,12418757,2,summary,"How can a multi‑unit hearing aid system use proximity sensing of a paired mobile device to automatically shift sound settings from passive ambient noise to a personalized speech‑enhancement mode, coordinating preset changes across devices?",1,36,0,0.0,27,ok
2025,12418757,2,keyword,"Search for hearing aid systems that use an onboard sensor to assess proximity to a smartphone, automatically switch from ambient noise to a voice‑enhanced noise‑canceling preset, and coordinate preset changes via processor‑controlled logic and non‑volatile memory.",2,40,0,0.0,27,ok
2025,12418757,2,function,hearing aid sensor mobile device proximity determination threshold preset switching ambient noise to voice‑amplified noise cancellation with dual-device preset change processor logic,1,24,0,0.0,20,ok
2025,12296471,25,summary,"How to search for prior art on robotic assistants that solicit nearby devices to execute tasks or provide additional data, based on suitability criteria such as power state, proximity, or performance efficiency, using audio or other input to trigger the partner device?",1,42,0,0.0,28,ok
2025,12296471,25,keyword,"Search for prior art on mobile robotic units that assess peripheral device power and proximity to delegate tasks, using spoken invocation phrases and audio transmission to initiate remote assistant execution, evaluating efficiency and accuracy for operation fulfillment.",2,37,0,0.0,26,ok
2025,12296471,25,function,"How can a mobile robot evaluate neighboring devices' states to decide whether to outsource tasks or request information, based on factors such as power status or proximity, then send audio prompts to trigger the nearby device to execute the operation?",2,40,0,0.0,27,ok
2025,12217671,2,summary,"pixel driver with synchronous switching and sensing transistors on a scan line that, in a detection phase, floats the driving transistor’s gate and source and uses a storage capacitor to hold the gate‑source voltage for precise mobility compensation.",1,40,0,0.0,23,ok
2025,12217671,2,keyword,"A display pixel driver with scanning and sensing lines, a driving transistor linked to a storage capacitor, and a switching transistor, employing a reset switch for pre‑charge, then turning the sensor on and switch off to float the gate‑source for mobility compensation.",1,44,0,0.0,26,ok
2025,12217671,2,function,"Pixel driving circuit employing a floating gate-source state, switched by sensing and switching transistors, using a storage capacitor to stabilize gate-source voltage for compensating driving transistor mobility and achieving precise pixel voltage driving.",3,35,1,0.038461538461538464,26,failed_constraints
2025,12237133,1,summary,"Search for a current-sensing circuit breaker that uses a pivoting bar with an external downward stop and inclined surfaces, combined with a spring‑loaded alloy contact plate, to maintain maximum insulation separation even after thermal fatigue or micro‑cracks, enabling controlled relay operation.",2,44,0,0.0,31,ok
2025,12237133,1,keyword,"trip overload protection switch with seesaw lampshade, protruding stop block, elastic leaf, binary alloy conductive plate, temperature‑induced deformation, maintaining insulation distance, two‑position reset mechanism, moving rod linkage, pivot hole, spring leaf operation, fatigue‑resistant conductive material.",3,38,4,0.11428571428571428,35,failed_constraints
2025,12237133,1,function,"Search for load‑overcurrent protection devices using a seesaw cam with reverse‑restart capability; they feature a protruding block and elastic leaf to lock ON/OFF positions, preserving insulation distance when binary alloy contacts fatigue.",1,35,0,0.0,24,ok
2025,12278537,1,summary,"Method for tuning vibrational resonance of an electromagnetic harvester by positioning a hinge‑mounted magnet relative to an opposing stationary pole, using magnetic repulsion as the restoring force, and adjusting distance or magnetic flux to achieve a target frequency.",1,39,0,0.0,24,ok
2025,12278537,1,keyword,"Search for electromagnetic vibration‑to‑electricity harvesters featuring a coil on a magnetic core, a freely rotating hinge‑magnet system, a repulsive stationary magnet, offset mass center, and adjustable magnet spacing based on flux for target resonance frequency.",3,38,0,0.0,26,ok
2025,12278537,1,function,"Search for methods that tune the resonance of electromagnetic vibration harvesters by positioning a hinged mobile magnet with offset center of gravity against a stationary magnet, using their magnetic flux to adjust repulsive restoring force and thus control coil output voltage.",2,41,0,0.0,27,ok
2025,12207424,1,summary,"Search for flexible display mounting systems that wind the panel with an extended roller, employ a lead screw driven by dual gearboxes on opposing sides of a support frame, and use a vertical slider attached to the panel’s terminal bar.",1,41,0,0.0,24,ok
2025,12207424,1,keyword,"Search patents featuring a flexible OLED display mounted on an elongated roller, driven by a lead‑screw assembly powered via coupled gearboxes, with a vertical frame and slider that winds/unwinds the panel while maintaining a fixed bar attachment.",1,39,0,0.0,26,ok
2025,12207424,1,function,"Search for prior art of a flexible display device using a winding roller, a vertical lead‑screw driven slider, and coupled gearboxes that adjust the panel’s end bar position for controlled unwinding.",1,33,0,0.0,21,ok
2025,12299533,6,summary,"A procedure that maps a quantum circuit to a factor graph of Boolean variables, computes the output probability as an exact partition function of a classical Ising model, and uses this evaluation to validate quantum hardware performance.",3,37,3,0.14285714285714285,21,failed_constraints
2025,12299533,6,keyword,"Simulation of quantum circuits by representing gates as unitary matrix products and computing measurement probabilities via the exact partition function of an interacting spin network, applying inference algorithms on a corresponding graphical model, for calibration, validation, or benchmarking of quantum processors.",3,41,2,0.07407407407407407,27,failed_constraints
2025,12299533,6,function,"Searching for approaches that map quantum circuit gate sequences to unitary matrix products, express output probabilities as classical Ising model partition functions, apply exact graphical model inference to compute probabilities of specific bit strings, and use results to calibrate, verify or evaluate quantum processors.",3,44,1,0.030303030303030304,33,failed_constraints
2025,12419924,16,summary,"Method enhances patient‑derived tumor vaccine by fusing it with an oncolytic virus, then harvesting primed lymphocytes, expanding them into effector T cells in vitro, and reinfusing the activated cells to boost anti‑tumor immunity.",2,35,0,0.0,22,ok
2025,12419924,16,keyword,"Oncolytic vaccinia virus combined with a personalized tumor antigen vaccine for cancer immunotherapy, followed by isolation of primed T lymphocytes, in‑vitro activation into effector cells, proliferation, and reinfusion as a cell‑based therapeutic strategy.",2,35,0,0.0,22,ok
2025,12419924,16,function,"Search for methods that combine an oncolytic virus with a tumor-derived vaccine to stimulate patient‑specific T lymphocytes, expand and differentiate them in vitro, and re‑infuse effector T cells for enhanced anti‑cancer immunity.",2,36,0,0.0,21,ok
2025,12227247,26,summary,"Search for an adjustable scaffold for automotive chassis assembly featuring front, rear, and center supports that can be manually repositioned in width, length, and height axes via rotating plates and selectable pins for precise positioning.",2,35,0,0.0,23,ok
2025,12227247,26,keyword,"Search for automotive chassis mounting jig with front width‑adjustable support arm using a rotatable plate and multiple offset positioners, rear length‑adjustable clamping arm mounted on a positioning block with interchangeable pins, all integrated on a rigid support frame.",2,40,0,0.0,29,ok
2025,12227247,26,function,"manual adjustable vehicle assembly support frame enabling front width‑direction movement via rotatable plates with varied length positioners, rear length‑direction clamp adjustment through positioning pins, and optional center height‑adjustable support using rotating plate with multiple height positioners",1,39,0,0.0,34,ok
2025,12394967,1,summary,"Search for compact cable termination devices that allow multiple mounting angles, maintain minimum bend radius for Ethernet/fiber cables using snap‑in couplers, incorporate grounding points, and feature a base with angled securing rungs and perforations for cable alignment.",1,39,0,0.0,28,ok
2025,12394967,1,keyword,"High‑density, rotatable cable termination panel with angled mounting, snap‑in coupler connectors, bend‑radius‑preserving twisted‑pair and fiber optic feeds, corrosion‑resistant grounding lugs, and orthogonally oriented cable securing rails for rack, cabinet or wall installation.",3,38,0,0.0,30,ok
2025,12394967,1,function,"Search for a cable termination system that aligns multiple twisted‑pair, fiber, and signal cables in confined spaces, supports snap‑in couplers, maintains bend‑radius compliance, offers adjustable mounting orientations, and provides corrosion‑resistant grounding hooks for equipotential grounding.",3,39,2,0.06896551724137931,29,failed_constraints
2025,12418334,4,summary,"Search for methods enabling a network element to inform a handheld device of selectable frequency or spatial‑frequency basis sets, after which the handset reports its chosen basis vector using combinatorial indexing to minimize feedback overhead.",1,36,0,0.0,24,ok
2025,12418334,4,keyword,"Search for patents describing a wireless communication system where a base station transmits indication bits specifying selectable basis vectors in a codebook, with the basis sets comprising frequency‑domain or spatial‑frequency‑domain components, and the terminal reports chosen bases using encoded bit counts derived from combinatorial log2 values.",3,49,2,0.05714285714285714,35,failed_constraints
2025,12418334,4,function,"Search for wireless communication methods where a base station sends indicator codes listing sets of frequency‑domain or spatial‑frequency basis vectors, the user equipment selects a set and returns a log₂(n choose k)‑bit index, enabling efficient codebook adaptation.",1,41,0,0.0,28,ok
2025,12241460,27,summary,"linear compressor features a threaded rod linked to an elastomeric body that screws onto the piston’s inner circumference, providing robust axial support and multiple flow passages along the rod axis, improving compression efficiency and reducing leakage.",1,37,0,0.0,26,ok
2025,12241460,27,keyword,"linear compressor piston in a cylinder with sliding head and spring‑elastomer body threaded to inner piston surface, axial rod having male‑thread and female‑thread coupling holes, a supporter plate opposite the head, and multiple flow pores along the rod axis.",1,42,0,0.0,30,ok
2025,12241460,27,function,"Search for linear compressors employing a threaded elastic body linking a piston and support plate, enabling piston reciprocation with integrated biasing via multiple flow passages, for high‑pressure sealing and vibration damping in industrial applications.",1,35,0,0.0,25,ok
2025,12278088,1,summary,"Search for a plasma generating system using a coaxial pillar‑shaped dual‑antenna structure with a detachable capacitor linking the feed inputs, aimed at improving RF field induction and impedance control in plasma chemistry chambers.",1,35,0,0.0,24,ok
2025,12278088,1,keyword,"Search patents on dual‑coil plasma antenna featuring coaxial pillar‑shaped RF feed and surrounding hollow cylindrical feed, with detachable capacitor having male/female coupling ends, used in RF‑powered plasma chambers for surface treatment processes.",3,36,1,0.034482758620689655,29,failed_constraints
2025,12278088,1,function,"Coaxial dual‑antenna RF plasma generator with an interconnecting capacitor enabling plasma generation for substrate processing chambers, featuring a pillar and surrounding hollow pillar feed coil arrangement for efficient electromagnetic field induction and controllable impedance matching.",1,36,0,0.0,27,ok
2025,12383932,23,summary,"Prior‑art for a vibration screening device that mounts stacked screen cylinders on a flexible base, connects them to a shared vibrating frame powered by multiple ultrasonic transducers to achieve synchronized motion, and includes adjustable elastic couplings and positioning brackets.",2,40,0,0.0,26,ok
2025,12383932,23,keyword,"Search for ultrasonic vibratory screen apparatus featuring a base frame with integrated elastic coupler, multiple stacked screen cylinders fitted with individual vibrating rings and brackets, and an array of fixed ultrasonic transducers driving a common vibrating frame to harmonize amplitude and frequency across all cylinders.",1,45,0,0.0,32,ok
2025,12383932,23,function,"A vibrating screen assembly with stacked screen cylinders on an elastic support, driven by multiple ultrasonic transducers mounted on a common frame, interconnected by brackets and a telescopic adjustment rod to synchronize vibration amplitude and frequency across all stages.",2,39,0,0.0,25,ok
2025,12221810,35,summary,"Search for a cabinet locking system that uses a knob-controlled latch and an integrated door‑lock arm to engage a securing assembly, preventing hinge movement between cabinet sections while simultaneously locking the door.",1,34,0,0.0,23,ok
2025,12221810,35,keyword,"Search for cabinet locking system with a rotatable knob housing a pocket for a door lock arm, engaging a latch that secures a first section against a rear section, preventing hinge motion and allowing free opening when disengaged.",3,38,0,0.0,24,ok
2025,12221810,35,function,"Search for mechanisms that secure adjacent cabinet halves against hinging using a knob with a pocket that accepts a door lock arm, while a latch engages the second half to prevent rotation unless the lock is disengaged.",3,37,1,0.043478260869565216,23,failed_constraints
2025,12205561,34,summary,"Search for a lightweight metal percussion block whose twelve contiguous edges act as individual resonant bars, each delivering a distinct note when struck, enabling a 24-note cube instrument with spot‑welded construction and stand attachment.",2,36,0,0.0,26,ok
2025,12205561,34,keyword,"Search for 3‑dimensional percussion instruments where a lightweight metal cube or hexahedron has edges that resonate distinct musical notes when struck, featuring multiple playing surfaces, spot‑welded connections, and stand‑mounting connectors.",3,33,0,0.0,22,ok
2025,12205561,34,function,"Search for metal percussion instruments employing a cube or hexahedral design where each of twelve hollow bars constitutes an edge that emits a distinct tone upon impact, and may include a mounting clamp for a stand.",1,36,0,0.0,22,ok
2025,12294088,1,summary,"High‑flexibility, electrolyte‑resistant positive electrode prepared from a non‑aqueous slurry containing a Mannich‑derived coordination polymer with amine groups, lithium‑intercalating active compounds, conductive fillers, and a binder, applied and dried on a collector to yield a low‑cost, highly adhesive battery layer.",2,45,0,0.0,32,ok
2025,12294088,1,keyword,"Search for lithium‑ion battery electrodes comprising a polyphenol‑based Mannich polymer that chelates metal ions, an intercalating lithium active material, conductive carbon particles, a binder, and deposited from an organic solution onto a current collector, emphasizing flexibility, adhesion, electrolyte resistance, and low resistance.",3,44,1,0.03125,32,failed_constraints
2025,12294088,1,function,"Non‑aqueous lithium‑ion battery electrode material comprising a Mannich‑derived polyphenolic metal‑chelating polymer, lithium‑intercalating active matter, conductive particles, binder, formed into a slurry and deposited to create a flexible, adhesive, electrolyte‑resistant positive electrode with low resistance.",3,40,2,0.06451612903225806,31,failed_constraints
2025,12326032,35,summary,"Search for a network‑connected garage‑door gateway that delays received movement commands, monitors the door's motion during that delay, and cancels the command if the door is already moving.",2,31,0,0.0,18,ok
2025,12326032,35,keyword,"Searching for methods and devices with a wireless gateway processor that receives a networked garage‑door command, deliberately delays sending signals to the existing controller, monitors door motion via a sensor during the delay, and cancels the command if movement is detected.",1,42,0,0.0,26,ok
2025,12326032,35,function,"methods for a gateway device that receives remote Internet commands to operate a movable barrier, temporarily postpones actuating the barrier, monitors motion during the wait, and cancels the command if motion is detected to avoid interference.",1,36,0,0.0,22,ok
2025,12359164,15,summary,"Method to improve dissolution of low‑water‑soluble amino acids in cell-support formulations by freeze‑drying them together with carrier constituents, then blending the resulting particles with the remainder of the medium, producing a powdered product that dissolves significantly faster than conventional mixes.",2,44,0,0.0,29,ok
2025,12359164,15,keyword,"Search for co‑lyophilization techniques of cystine and tyrosine with carrier matrices to produce dry powder cell culture media, followed by powder blending and optional milling, yielding mixed particles that increase aqueous dissolution by more than 50 % versus non‑co‑lyophilized formulations.",3,42,3,0.0967741935483871,31,failed_constraints
2025,12359164,15,function,"Search for methods to enhance dissolution of low-solubility amino acids such as cystine or tyrosine in dry powder formulations using co-freeze‑drying with carrier components, then blending with other nutrients and optionally milling to increase aqueous solubility by at least 50%.",2,43,0,0.0,29,ok
2025,12399157,10,summary,"Identify a method that measures benzene, toluene, ethylbenzene, and xylene isomers in industrial aromatics‑processing streams by employing a carbon‑based chromatographic column and a gradient solvent comprising a water/organic‑acid mixture plus alcohol to achieve high xylene isomer resolution.",2,41,0,0.0,29,ok
2025,12399157,10,keyword,"high‑performance liquid chromatography of benzene, toluene, ethyl benzene, and xylene isomers from aromatics recovery streams using a porous graphitic carbon column, a gradient of formic‑acid aqueous phase and methanol, UV/fluorescence detection.",3,34,7,0.28,25,failed_constraints
2025,12399157,10,function,"How to quantify benzene and toluene along with ethyl benzene and the xylene isomers in aromatics recovery streams using HPLC with a carbon‑based column and a mobile phase that shifts from an organic‑acid‑in‑water component to pure alcohol and back, enhancing isomer resolution?",3,46,3,0.10714285714285714,28,failed_constraints
2025,12272872,3,summary,"A microwave antenna system that uses a mechanically‑mated waveguide pair with a controlled inter‑component separation, where the chosen spacing partitions overall dimensional tolerance, preserving signal integrity while incorporating concentric RF chokes.",3,33,0,0.0,24,ok
2025,12272872,3,keyword,"Microwave RF waveguide system with engineered mechanical connectors that enforce a controlled inter‑component gap, selected to partition cumulative tolerance stacks and reduce secondary gap dimensions between waveguide elements and associated radio hardware; including concentric choke structures and undercut recesses for impedance matching.",2,43,0,0.0,33,ok
2025,12272872,3,function,"mechanical coupling that imposes a predetermined separation between waveguide parts to constrain tolerance stack and maintain RF performance, featuring a concentric choke zone for microwave antenna systems.",3,27,0,0.0,19,ok
2025,12282625,6,summary,"Search for methods to enhance touch sensing in display devices using dual-phase driving of electrodes separated at a point, where a driver amplifies signals from opposing electrodes and introduces a controlled phase shift through a delay element for improved detection.",2,41,0,0.0,26,ok
2025,12282625,6,keyword,"Search for displays with touch electrodes on a screen where a touch driver sends first and opposite‑phase driving signals to electrodes on either side of a reference point, uses an amplifier with dual inputs, and includes a phase‑shift network between a second line and the amplifier input.",2,49,0,0.0,29,ok
2025,12282625,6,function,"search for display systems with electrode-driven touch sensing that use complementary phase signals across a defined junction, enabling precise multi-point detection with enhanced signal isolation via phase delay and amplification.",1,32,0,0.0,24,ok
2025,12228699,9,summary,"Compact multi‑element lens assembly with alternating positive and negative powers, constrained effective radius ratios and first‑lens thickness relative to the system length, achieving a near‑unit imaging‑plane‑to‑focal‑length proportion for improved aberration control.",1,38,0,0.0,28,ok
2025,12228699,9,keyword,"Search for a five‑lens stack with alternating positive and negative powers, first lens convex back in the paraxial zone, final‑to‑first effective aperture ratio below 0.65, first‑lens thickness 5–10 % of total object‑to‑image span, and that span 80–95 % of effective focal length.",2,49,0,0.0,33,ok
2025,12228699,9,function,"Find multilens imaging arrangements using alternating converging and diverging elements, where the ratio of the last lens's rim radius to the first lens's rim radius is ≤0.65, the first lens thickness is 5‑10% of the total front‑to‑image distance, and that distance is 80‑95% of the system focal length.",3,55,0,0.0,30,failed_constraints
2025,12421265,17,summary,"Method to separate liquid lignin from raw biomass by dissolving it in a polar solvent under acidic catalysis and high pressure that keeps the solvent liquid, enabling efficient lignin extraction at moderate temperatures.",1,33,0,0.0,21,ok
2025,12421265,17,keyword,"Process generating a crude lignin extract from lignocellulosic biomass via acidified polar organic medium in a pressure vessel, employing compressed gas to maintain liquid state, operating 100–210 °C, <200 bar, residence ≤240 min, water ≤10 wt %, ligand/solvent ratio 1:1.5–9.",2,44,0,0.0,32,ok
2025,12421265,17,function,"How can a lignocellulosic feedstock be dissolved in a polar solvent with an inorganic acid under moderate high pressure to maintain liquid phase, producing a raw lignin extract that is processed into high‑value biochemicals within 100‑210 °C and <200 bar?",2,42,0,0.0,27,ok
2025,12345846,10,summary,Search for a system combining an acoustic transducer array and a magnetic detector mounted on a two‑wing support structure to reduce sensor interference while detecting submerged or partially buried objects.,2,31,0,0.0,20,ok
2025,12345846,10,keyword,"Search for subsurface detection rigs featuring towed platforms equipped with dual‑winged support assemblies carrying phased‑array acoustic emitters and fluxgate magnetometers, separated to minimize electrical coupling, constructed from stainless steel or titanium, and able to control dive depth via hydraulic flaps.",2,42,0,0.0,32,ok
2025,12345846,10,function,Search for systems combining underwater towed platforms equipped with acoustic arrays and magnetic sensors mounted on multi‑wing support structures that minimize acoustic‑magnetic interference for detection of buried or submerged objects while controlling subsurface depth.,3,36,1,0.038461538461538464,26,failed_constraints
2025,12205179,1,summary,"Search for a non‑grid energy marketplace and monitoring system that uses sensors placed between a central panel and individual unit panels in a building to collect time‑series data on grid and alternative power usage, processes it via a gateway, and calculates unit‑level renewable consumption.",3,47,3,0.0967741935483871,31,failed_constraints
2025,12205179,1,keyword,"multi‑tenant residential building with individual branch circuit sensors, rooftop PV and battery sensor, utility meter coupler, smart gateway, cloud processor to aggregate real‑time consumption and generation streams for each dwelling unit to compute renewable utilization and net grid exchange.",2,41,0,0.0,32,ok
2025,12205179,1,function,"Distributed non‑grid energy marketplace system employing gateways linked to unit‑level sensors, remote‑network data processors, and production meters to capture, relay, and analyze time‑series consumption and generation, enabling per‑unit non‑grid energy accounting in residential or commercial buildings.",3,42,4,0.125,32,failed_constraints
2025,12379459,10,summary,"Searching for methods that detect when a vehicle enters a radar interference zone, compute the overall radar power density of the vehicles present, and adjust the affected vehicle’s radar power, speed, or heading to reduce interference and improve safety.",2,40,0,0.0,24,ok
2025,12379459,10,keyword,in‑vehicle radar control method target interference zone vehicle cluster; adjust radar transmit power or vehicle speed/steering; compute radar density impact of incoming vehicle; dynamic power allocation; automotive radar signal interference mitigation; safety‑enhancing vehicle‑to‑vehicle communication,2,39,0,0.0,33,ok
2025,12379459,10,function,"Search for methods that adjust in-vehicle radar power or vehicle speed/direction to mitigate interference from other vehicles entering a defined area, using cluster detection and density analysis of radar return amplitudes.",2,33,0,0.0,22,ok
2025,12230422,4,summary,"Search for automatic configuration of electronic modules within a wiring harness, where each module queries its connection point ID, receives the identifier, retrieves the associated configuration data, and self‑configures for plug‑and‑play operation in aviation.",3,37,0,0.0,24,ok
2025,12230422,4,keyword,"Search for methods of configuring avionics power distribution systems employing a wiring harness with multiple connection points, where electronic modules autonomously request connection‑point identifiers, receive them via the harness, and automatically load configuration data specific to each point.",3,39,0,0.0,28,ok
2025,12230422,4,function,"search for systems where electronic modules attach to wiring harness, request and receive unique connector identifiers, then auto-configure operation accordingly",2,21,0,0.0,15,ok
2025,12243911,8,summary,"Device for isolating signals between voltage domains: an isolation die with bonded pads affixed to a first substrate, encapsulated, then mounted onto a second substrate whose terminals connect to the first, with distinct plating and further encapsulation, enabling galvanic isolation.",2,40,0,0.0,28,ok
2025,12243911,8,keyword,"Search for isolation die with bonded pads mounted on a plated first lead frame, encapsulated, then placed on a pre‑molded second lead frame with a different plating, forming a multilayer packaged isolation device for split‑voltage substrates.",3,38,6,0.23076923076923078,26,failed_constraints
2025,12243911,8,function,"Search for multilayer semiconductor isolation assemblies that mount an isolated die with bonded pads onto an intermediate lead frame, encapsulate the die‑lead structure, then attach the resulting package to a second lead stack through selective pad‑lead connections, using different plating materials and optional pre‑encapsulated substrates.",3,48,1,0.027777777777777776,36,failed_constraints
2025,12367238,6,summary,"A system merges free‑form text input with simultaneous visual‑frame and transcript‑keyword search on loaded videos, using cross‑modal embedding similarity to generate side‑by‑side scrollable result tiles that, when selected, jump to matching video segments.",1,39,0,0.0,28,ok
2025,12367238,6,keyword,"Multimodal video search platform featuring free‑form text query, visual frame embeddings, shared embedding space, nearest‑neighbor retrieval, parallel text transcript matching, tile‑based scrollable results, and click‑driven navigation to transcript segments.",1,33,0,0.0,29,ok
2025,12367238,6,function,"systems or methods enabling a free‑form natural language query to simultaneously perform a visual similarity search against video frames using shared embeddings and a concurrent transcript or tag search, displaying results as interactive tiles that navigate to the corresponding transcript segment.",2,42,0,0.0,29,ok
2025,12392208,35,summary,"Search for a downhole tool that uses a rotating mandrel with sliding cones and a movable control pin guided by interlocked radial slots, enabling selective engagement and disengagement of slip assemblies to securely anchor or release tubing and casing while improving fluid flow.",1,43,0,0.0,28,ok
2025,12392208,35,keyword,"Search for well completion tools with a mandrel featuring external cone sections, slip‑assembly housings, and a control body incorporating interlinked run and set slots that guide a rotating control pin for anchoring or releasing the tool within a casing.",1,40,0,0.0,26,ok
2025,12392208,35,function,"Search for a tubular deployment device that uses a rotating outer housing and an internally positioned pin to transition between a released and engaged state, engaging slip assemblies with casing via tapered cones while enhancing fluid circulation.",2,37,0,0.0,25,ok
2025,12230565,8,summary,"A capacitor cell fabrication method forming trench‑filled isolated conductors partly covered by dielectric layers, then selectively siliciding exposed and covered sections to create dual‑electrode structures, thereby enhancing capacitance density while minimizing parasitic capacitance in integrated circuits.",1,38,0,0.0,31,ok
2025,12230565,8,keyword,"Method for forming a semiconductor well with isolated trenches, filling trenches with a conductive core insulated by a dielectric enclosure, depositing a cover stack with a dielectric barrier, selectively siliciding conductive core segments and surrounding doped regions to yield capacitor electrodes.",2,41,0,0.0,27,ok
2025,12230565,8,function,"Search for methods forming an isolated trench within a semiconductor well, filling it with a conductive core insulated from the trench walls, covering part of the trench with a dielectric‐backed conductive strip, siliciding the exposed core, and creating two electrode contacts to achieve a localized high‑capacitance capacitor structure.",2,50,0,0.0,32,ok
2025,12275074,26,summary,"A table saw featuring a manual elevation system that transforms handwheel rotation through linked yokes into motion along a threaded rod, raising or lowering the blade over the table opening, improving precision cutting by enabling manual blade height adjustment.",2,39,0,0.0,28,ok
2025,12275074,26,keyword,"table saw with handwheel-operated elevation mechanism, rotary shaft connected to universal joint comprising driving, coupling, driven yokes; threaded shaft engages lead screw to lift/lower blade carriage; ball bearing contacts within coupling yoke; blade protrudes through table opening.",3,39,0,0.0,34,ok
2025,12275074,26,function,"Table saw with manual elevation control for the blade, where a handwheel turns a drive shaft linked through a multi-yoke universal joint assembly to a threaded rail, allowing fine vertical positioning of the blade relative to the work surface.",3,40,3,0.12,25,failed_constraints
2025,12392779,10,summary,"Single‑cell assay system immobilizing cells in a monolayer on a substrate, measuring intrinsic autofluorescence, applying a fluorescently labeled target‑binding probe, and determining cell‑specific target levels by comparing post‑probe fluorescence to baseline per cell.",1,37,0,0.0,27,ok
2025,12392779,10,keyword,"Search for technologies enabling single‑cell profiling via monolayer cell immobilization on solid substrates, determining cell positions, measuring intrinsic autofluorescence, applying target‑binding fluorophore‑conjugated probes, and calculating target abundance by comparing probe fluorescence to pre‑binding background.",1,38,0,0.0,31,ok
2025,12392779,10,function,"search for methods that immobilize cells as a spaced monolayer on a solid surface, locate each cell, quantify its auto‑fluorescence, then apply a fluorescently labeled, target‑specific probe, comparing signals to determine target molecule quantity per cell.",1,38,0,0.0,27,ok
2025,12253326,29,summary,"A heat‑resistant, impact‑proof chamber for collecting spent cartridge cases that uses an internal funnel‑guiding shaft to channel spent brass into a removable sliding drawer, with a stabilizing base for easy handling and disposal.",1,36,0,0.0,23,ok
2025,12253326,29,keyword,"Search for prior‑art on heat‑resistant spent‑brass containment devices featuring a trapezoidal side opening, impact‑rated housing, slanted ramp guides converging to a neck for cartridge case funneling, and a sliding box drawer with a secondary aperture for removal.",3,41,0,0.0,28,ok
2025,12253326,29,function,"spent‑brass collecting receptacle with heat‑resistant housing, slanted funnel guide that directs fired cartridge cases into a sliding, removable drawer, and base outfitted with stabilizing flanges for impact protection.",1,30,0,0.0,21,ok
2025,12252768,20,summary,"Search for gear steels that achieve fine, high‑density carbide/nitride precipitation by limiting Nb and V to 0.055–0.099 wt % to obtain 0.03–0.07 % volume of sub‑150‑nm precipitates, enhancing hardness, wear resistance, and fatigue life.",1,42,0,0.0,27,ok
2025,12252768,20,keyword,"gear steel alloy with carbon 0.1–0.3 weight percent, silicon 0.6–0.8, manganese 0.25–0.75, chromium 1.8–2.2, nickel 0.5–1.5, molybdenum 0.2–0.4, niobium plus vanadium totaling 0.055–0.10 weight percent, containing sub‑150 nm carbides or nitrides at ≥50 particles per 100 µm².",3,59,0,0.0,29,failed_constraints
2025,12252768,20,function,"gear alloy with 0.055‑0.10 wt % Nb + V, containing 0.03‑0.07 % sub‑150 nm metallic carbide/nitride precipitates at ≥50 per 100 µm², for higher hardness, wear resistance and gear‑teeth fatigue life.",1,37,0,0.0,25,ok
2025,12261655,3,summary,"A computing device dynamically ups NFC read power when a checksum comparison with a transmitted card payload indicates errors, triggering higher voltage to improve link quality and enable reliable message recovery without excessive power consumption.",2,35,0,0.0,26,ok
2025,12261655,3,keyword,"Search for methods or systems that dynamically adjust NFC reader power based on checksum validation of messages from a contactless card, using retransmission requests and combining partial frames to verify integrity via processor‑executable instructions.",1,35,0,0.0,24,ok
2025,12261655,3,function,Searching for methods that use dynamic power adjustment of an NFC reader to enhance transmission reliability by comparing checksums and requesting retransmission when data packets are incomplete.,1,27,0,0.0,16,ok
2025,12326515,10,summary,"Search for radar systems that use a single chirp‑based transmit array sweeping its beam across angles, paired with a complementary leaky‑wave metamaterial receive array for frequency‑dependent steering, and that apply time‑frequency analysis followed by group‑delay correction to generate accurate range‑angle maps.",3,47,3,0.08823529411764706,34,failed_constraints
2025,12326515,10,keyword,"Radar employing chirped LFM transceivers with a sweeping beam transmit antenna and a dual‑layer dielectric antenna array for angle‑steered reception, applying short‑time Fourier processing to received chirps to generate an initial range‑biased bearing output, then applying a delay‑adjustment step to refine true range‑bearing information.",2,50,0,0.0,38,ok
2025,12326515,10,function,"Find prior art on radars using a single frequency‑scanning transmit antenna that sweeps linear chirps across azimuth, combined with a stacked‑dielectric patterned‑conductive receive array steering by frequency, and a processor that creates time‑frequency spectra, then applies group‑delay correction to produce unbiased target distance‑direction data.",3,50,3,0.07894736842105263,38,failed_constraints
2025,12432646,4,summary,"Search for prior art on methods enabling wireless devices to detect an expanded master data block on a primary broadcast channel by employing hidden cues such as blind detection, dedicated spare bits, or signals linked to synchronization blocks, and then determine the extended broadcast block’s time‑frequency placement.",1,49,0,0.0,34,ok
2025,12432646,4,keyword,"UE receives a broadcast cell message on the physical broadcast channel, checks for an extended block via a reserved bit, a pattern search, or a dedicated reference signal, and then selects an extra broadcast resource cell using a fixed mapping or the coordinates of synchronization markers.",3,46,1,0.034482758620689655,29,failed_constraints
2025,12432646,4,function,"How can a mobile device detect an additional information block on a broadcast signal, determine its presence by blind searching, unused bits, or a sync signal, and then compute and locate the block’s time‑frequency coordinates based on fixed or sync block positions?",2,44,0,0.0,28,ok
2025,12346581,6,summary,"Search for patents describing a storage controller that redirects a host’s write operation to an alternate flash region when the original region is saturated, updates the region’s status, and reports the redirection to the host while maintaining read‑access to the new region.",2,45,0,0.0,25,ok
2025,12346581,6,keyword,"technology for flash memory controllers selecting alternative write regions based on valid page count ratios, status information sets, host‑directed redirection, and interface circuits reporting availability, including write redirection algorithms and dynamic flash region allocation.",3,35,3,0.10344827586206896,29,failed_constraints
2025,12346581,6,function,"A host‑initiated write to a flash region is intercepted by a controller that evaluates region availability using valid‑page ratios, redirects the write to an alternate region, updates its status set, notifies the host of the new location, and forwards corresponding read requests.",2,44,0,0.0,27,ok
2025,12388147,32,summary,Search for solutions to securely attach but easily release a canister from an unmanned aircraft by using a rotational rail bracket that locks with a finger into a groove within a two‑size securing channel.,1,35,0,0.0,19,ok
2025,12388147,32,keyword,"Search for drone canister with a two‑tier securing channel and rotatable rail bracket featuring a finger lock that nests into the channel groove, including longitudinal width variation, groove surfaces, shaft axis, and releasable coupling.",1,35,0,0.0,24,ok
2025,12388147,32,function,"Releasably coupled canister for UAV transport, featuring a dual‑width securing channel with a groove for a rail bracket that has a rotating shaft finger; when the bracket rotates the finger nests into the groove, locking the canister in place to prevent removal.",1,43,0,0.0,24,ok
2025,12186305,16,summary,"Investigate therapeutic regimens combining a gamma‑secretase inhibitor with a secondary myeloma agent, applying 150 mg BID oral dosing and stepwise reduction to 100/50 mg BID based on severity of diarrhea, hypophosphatemia, hypokalemia, or liver enzyme elevation, with cessation if AST exceeds 5 ULN.",1,45,0,0.0,32,ok
2025,12186305,16,keyword,"Search for patent literature describing oral nirogacestat dosing schedules for multiple myeloma, including concomitant drug combinations, dose reductions to 50–100 mg BID, and interrupt or discontinue criteria for Grade 3–4 diarrhea, hypophosphatemia, hypokalemia, and ALT/AST levels >3× or >5× ULN.",2,43,0,0.0,29,ok
2025,12186305,16,function,"Search for combination therapies using a sphingosine‑1‑phosphate signaling inhibitor with other anti‑myeloma agents, where dosing is modulated by predefined toxicity biomarkers and includes automatic withdrawal or dose reduction rules.",1,32,0,0.0,21,ok
2025,12404346,16,summary,"Search for methods to produce monoclonal antibodies that recognize naloxone and naltrexone using conjugate antigens with hetero atoms, functional groups, and a carrier protein, and their application in immunoassays to detect opioid drugs and eliminate interference.",3,36,0,0.0,22,ok
2025,12404346,16,keyword,"Search for antibodies or fragments that bind naloxone or naltrexone, generated by immunizing non‑human animals with antigens comprising hetero atoms (O, N, S) linked to functional groups (C, alkyl, CONH, SO2, PO4) and carrier proteins, and that reduce interference in opiate assays.",3,43,7,0.2692307692307692,26,failed_constraints
2025,12404346,16,function,"Search for antibodies or fragment proteins that selectively recognize naloxone or naltrexone for use in immunoassays, enabling reduction of cross‑reactivity in opioid drug screening and facilitating direct detection of these antagonists in biological matrices.",2,35,0,0.0,22,ok
2025,12405499,9,summary,"Search for displays that improve LCD contrast by inserting a tunable backlight‑control layer with liquid crystal and polarizers between the backlight and the image layer, which selectively blocks dark‑area light at each pixel, uses dual‑LCD overlay and a black grid to prevent color mixing.",3,47,5,0.16129032258064516,31,failed_constraints
2025,12405499,9,keyword,"Display panel with sequential backlight source, intermediate liquid‑crystal modulation layer between glass substrates, followed by a multilayer polarizer/color filter stack, thin‑film transistor array, and a black grid to prevent color bleed, aiming to increase display contrast.",2,39,0,0.0,30,ok
2025,12405499,9,function,"Search for LCD displays that use a middle layer to selectively modulate light transmission via pixel‑scaled liquid crystal and polarizer actions, suppressing illumination in low‑brightness regions while permitting bright passages, thereby enhancing picture contrast through dynamic per‑pixel light control.",2,42,0,0.0,34,ok
2025,12369363,6,summary,"Search prior art on semiconductor structures where a highly doped core region is enclosed by gate‑defined and block‑layer sidewalls, with a contact bridging those walls to the core for improved isolation and simplified contact formation.",1,37,0,0.0,23,ok
2025,12369363,6,keyword,"semiconductor structure featuring a high‑dopant second region within a lower‑dopant substrate, separated by gate electrodes on one side and block layers on the other, with an inter‑sidewall contact extending into the high‑dopant region.",1,37,0,0.0,24,ok
2025,12369363,6,function,"Search for semiconductor structures that use a highly doped inter-region and opposing sidewalls, where one side possesses a gate electrode and the other a blocking layer, enabling a central contact to connect through sidewalls without overlapping the doped region.",1,40,0,0.0,26,ok
2025,12257622,20,summary,"A joining material using mixed‑size silver particles that yields 8 – 30 % porosity and 1.06 – 3.3 µm surface roughness, enhancing conductor‑substrate bonding while sustaining electrical contact by tailoring mechanical and conductive properties.",2,35,0,0.0,23,ok
2025,12257622,20,keyword,"Search for a composite joining medium comprising a sintered silver alloy of dual‑size particles (50–1000 nm and 1–20 µm), 8–30 % porosity, Ra 1.06–3.3 µm surface finish, used to bond a conductor onto a substrate.",2,41,0,0.0,24,ok
2025,12257622,20,function,"Search for metal sintering connectors using bimodal silver powder blend producing joined conductors/substrates, incorporating 8‑30% porosity calculated by immersion‑density method and achieving 1‑3 µm RMS surface roughness for improved electrical/mechanical performance.",1,36,0,0.0,26,ok
2025,12241977,10,summary,"An apparatus that concurrently captures ambient infrared temperature and reflected electromagnetic echoes, computes target position, applies a distance‑dependent temperature threshold model derived from thermal image training, and declares human presence when measured temperature falls within that adaptive range.",3,39,0,0.0,29,ok
2025,12241977,10,keyword,Fusion of infrared imaging with radar echo for human presence detection in indoor environments; adaptive temperature threshold based on reflected signal distance; machine‑learning model trained on multi‑distance human thermal signatures.,2,32,0,0.0,24,ok
2025,12241977,10,function,"Search for systems that combine passive infrared sensing with radar or lidar to locate objects, then adjust temperature threshold bounds based on measured distance, enabling highly accurate human presence detection across varied environments.",1,33,0,0.0,25,ok
2025,12307340,6,summary,"Search prior art on user‑driven configuration of AI systems where a request triggers creation of a customizable settings file containing feature extraction rules and algorithm selection blocks, each parameter tuned from user‑inferred prompts.",2,35,0,0.0,25,ok
2025,12307340,6,keyword,Search for user-request initialized configurable ML model configuration files with feature engineering rule blocks and algorithm definition parameters set by inferred user preferences.,2,24,0,0.0,18,ok
2025,12307340,6,function,"Search for systems that dynamically create user‑configurable configuration files for AI models, where feature‑extraction logic is set based on user‑specified parameters and an additional set of algorithmic settings derived from another user‑specified value, enabling generation of a trained model.",2,43,0,0.0,29,ok
2025,12313623,10,summary,"Search for a blood separation device using PVA-induced plasma sedimentation within nested containers that deliver plasma into multilayer chemical reaction zones, combined with a three-channel standard‑addition system for quantitative analyte detection.",1,34,0,0.0,25,ok
2025,12313623,10,keyword,Search for blood plasma separation devices using PVA‑based sedimentation with nested inner‑outer chambers that align openings to discharge into multilayer reaction chambers containing reagent gradients for analyte detection via standard addition methods.,2,34,0,0.0,26,ok
2025,12313623,10,function,"Device and method for separating blood plasma employing PVA sedimentation, where aligned inner and outer chambers transfer sample to multi‑layer reaction modules containing graded chemical concentrations that produce measurable signals proportional to analyte quantity via standard addition.",1,38,0,0.0,29,ok
2025,12313325,34,summary,"Find earlier patents for automated warehouse shelving that separates stacked containers into distinct hot and cold zones using a closed‑loop heating/cooling fluid and an air curtain to limit thermal exchange, with a track‑mounted retrieval robot above a grid frame.",1,42,0,0.0,29,ok
2025,12313325,34,keyword,"multifunctional refrigeration rack featuring vertical uprights, horizontal beams forming grid cells for stacked containers, an overhead track for automated cart, dual-temperature zones controlled by a plant and closed‑loop fluid tubes, and an air curtain barrier to limit heat transfer.",1,41,0,0.0,30,ok
2025,12313325,34,function,"Multisystem cold/hot storage rack with grid-cell stacks and traversable track for automated retrieval, incorporating closed‑loop fluid cooling for each temperature zone and a thermal barrier to minimize interzone heat transfer.",2,33,0,0.0,24,ok
2025,12398718,27,summary,"Edge device converts well sensor display data into images, applies on‑site machine learning to detect abnormal operations, then automatically logs, alerts, or adjusts pump controls to prevent damage and reduce downtime.",1,32,0,0.0,24,ok
2025,12398718,27,keyword,"Search for edge computing systems using machine-learning on well‑site dynagraph images to classify operation anomalies and trigger automatic responses such as logging, alerting, pump speed adjustments or motor shutdown via local or wide‑area networks.",3,37,1,0.03571428571428571,28,failed_constraints
2025,12398718,27,function,"edge device performing real‑time machine‑learning analytics on dynagraph images from a well site RTU to detect abnormal pump operations, auto‑issue alerts, adjust rod‑pump speed, shut power, and predict failure to reduce downtime and safety risks.",1,39,0,0.0,30,ok
2025,12189969,6,summary,"Search for a method that assigns blocks on persistent storage by keeping a hierarchical tree of free block counters per chunk, allowing rapid, low‑latency allocation of varying block sizes without scanning the entire space.",2,35,0,0.0,24,ok
2025,12189969,6,keyword,"Search for a memory allocator leveraging a tree structure with multiple counter groups to track free block counts by size within persistent memory chunks on a storage device, enabling low‑latency allocation of persistent storage blocks.",2,36,0,0.0,25,ok
2025,12189969,6,function,"Find prior art on a method that employs a tree of counter sets to track free block counts of various sizes in persistent storage on a non‑volatile device, enabling allocation requests to be satisfied with low latency.",2,38,0,0.0,23,ok
2025,12279551,29,summary,"Find prior art on a cutter attachment featuring a two‑part lower member with guide and support, a serrated upper abutment, straight lower abutment, and a reciprocally driven knife operating between them to protect fingers during high‑speed vegetation removal.",3,40,0,0.0,28,ok
2025,12279551,29,keyword,"cutting assembly with lower and upper components creating protective guard, blade gap for reciprocating knife, upper edge serrated, lower edge straight, guide member positioned between support and upper component, multiple parallel guards linked by web.",3,35,2,0.07142857142857142,28,failed_constraints
2025,12279551,29,function,"reciprocating cutting blade guided in a blade gap between lower and upper members of a finger guard, with a lower support and guide, upper member serrated abutment edge, enabling controlled cutting of agricultural/forestry material, finger guard parallel arrangement, two‑part lower member.",3,43,0,0.0,32,ok
2025,12339592,9,summary,"Search for patents on feedforward thermo‑mechanical control of temperature‑sensitive optical components during lithographic exposure, using a non‑linear model to predict deformation from laser heating and heater actuation over a prediction horizon while respecting heater constraints.",3,38,3,0.10714285714285714,28,failed_constraints
2025,12339592,9,keyword,"Nonlinear thermo‑mechanical model with feedforward control of a heat‑sensitive optical element in lithography, optimizing deformation during radiation exposure, heater actuation under power limits, strain‑sensor feedback, prediction horizon control, dynamic light‑beam heating, and actuator constraint handling.",3,39,4,0.125,32,failed_constraints
2025,12339592,9,function,"Method for predicting and minimizing deformation of a temperature‑sensitive optical component exposed to a laser beam by using a nonlinear dynamic model to optimize heater signals over a prediction horizon, incorporating actuator limits, and providing feed‑forward heating control guided by strain‑based measurements.",2,45,0,0.0,31,ok
2025,12237979,4,summary,"Monitoring virtual machine traffic in cloud infrastructures by building dynamic behavioral templates, comparing observed packet flows against those templates, and generating incident alerts when significant mismatches surface.",1,27,0,0.0,21,ok
2025,12237979,4,keyword,"cloud-based anomaly detection system employing dynamic entity profiles to compare real‑time network traffic against expected behavior, identify deviations from virtual machine baselines, and generate security incident reports.",1,29,0,0.0,24,ok
2025,12237979,4,function,"methods for monitoring cloud virtual machines by building and updating behavioral profiles from network traffic, comparing real activity against profiles, identifying deviations, flagging security events, and generating incident reports in a multi‑tenant environment.",1,34,0,0.0,25,ok
2025,12372498,10,summary,"Vehicle body durability assessment combining mesh‑level finite element stress results with virtual material adjustments, generating synthesized training data for ML models that predict component life from shape and stress features.",1,31,0,0.0,24,ok
2025,12372498,10,keyword,"vehicle body durability evaluation framework employing mesh‑level stress and shape datasets, preprocessing, feature extraction, synthetic data synthesis, and machine learning to predict lifetime behavior across target and virtual vehicles with adjusted material thickness.",1,34,0,0.0,27,ok
2025,12372498,10,function,"Search for systems that evaluate vehicle body durability by collecting stress and shape data from physical and virtual meshes, extracting features, synthesizing data, and using machine learning to predict lifetime performance.",1,31,0,0.0,21,ok
2025,12290956,26,summary,"Search for a drill bit with a helically wrapped, stepped‑tapered conical tip integrated with a threaded recess to transport cuttings and maintain alignment, improving debris evacuation and accurate centering under rotary cutting.",2,33,0,0.0,22,ok
2025,12290956,26,keyword,"Search for drill bits with a conical centripetal tip, helical threading from apex down the lateral surface, a circumferential chip‑removal groove, stepwise taper changes on the cone, and a side recess forming a cutting edge and chip transportation path.",3,40,4,0.15384615384615385,26,failed_constraints
2025,12290956,26,function,"search for a drilling tool featuring a helically fluted external groove and a cone-shaped tip that spirally threads along its side, includes stepped taper segments, a chip‑transporting recess with a cutting edge, and improved centering and material removal efficiency.",3,41,0,0.0,27,ok
2025,12313494,10,summary,"Search for gear fault detection methods that transform vibration acceleration into an envelope, segment the envelope into time‑interval sub‑signals, weight each by a L‑moment‑derived metric, compute a combined weighted correlation with the envelope, and locate characteristic frequencies from correlation peaks to identify faults under noisy conditions.",2,50,0,0.0,33,ok
2025,12313494,10,keyword,"Analyze gearbox vibration data: convert raw acceleration into envelope signal via squaring and low‑pass filtering, segment envelopes into sub‑signals, compute L‑moment based fault indicators, weight sub‑signals with Sigmoid, and compute joint weighted correlation to locate characteristic fault frequencies for early warning.",3,45,3,0.08571428571428572,35,failed_constraints
2025,12313494,10,function,"Searching for gear fault detection methods that convert vibration acceleration data into an envelope representation, split it into interval sub‑signals, apply L‑moment analysis for feature weighting, compute a weighted cross‑correlation with the original envelope, and identify fault frequencies from the correlation peaks.",2,45,0,0.0,29,ok
2025,12423220,6,summary,"Search for methods of event-triggered static analysis of notebook cells with abstract interpretation, generating pre-summaries of cell pre‑conditions and propagating abstract states across dependent cells to warn users before execution.",1,33,0,0.0,24,ok
2025,12423220,6,keyword,"Develop a query for identifying prior art on an out‑of‑order notebook code‑execution platform that performs abstract‑domain pre‑analysis of individual notebook cells, propagating global abstract state to dependent cells, and delivers event‑driven warnings on potential unsafe outcomes before concrete execution.",3,45,2,0.06060606060606061,33,failed_constraints
2025,12423220,6,function,"Interactive notebook systems executing cells in any order that perform abstract static analysis per cell, build pre-condition summaries, propagate global abstract states through dependent successor cells, and issue warnings of potential unsafe execution before runtime.",1,36,0,0.0,30,ok
2025,12284567,10,summary,"Search for methods that dynamically adjust RF signal sampling rates and data transfer rates in a Bluetooth‑based secure ranging system, switching between low‑rate basic location data and high‑rate I/Q data, depending on interface throughput and threshold conditions.",1,41,0,0.0,29,ok
2025,12284567,10,keyword,"Search for prior art on dual‑mode RF ranging systems that adjust sample rates per data path bandwidth, transfer coarse location data without I/Q to a secondary processor, then switch to high‑rate I/Q‑based fine position data under Bluetooth‑compliant control.",2,44,0,0.0,32,ok
2025,12284567,10,function,"Searching for systems that adjust phase‑based ranging accuracy by switching between low‑rate coarse position data and high‑rate in‑phase/quadrature data, controlling sample rates per data path limits and transferring data via a Bluetooth host interface.",3,39,1,0.03333333333333333,30,failed_constraints
2025,12406035,6,summary,"Search for methods that use a simulated device in a virtual setting to authenticate users via avatars, compare credentials to stored records, track avatar interactions, and synchronize multiple tokens or items from separate virtual environments onto a single simulated display across concurrent sessions.",2,43,0,0.0,30,ok
2025,12406035,6,keyword,"simulated user device presentation, credential capture, comparison to stored authentication, association determination, multi-session communication, interaction log retrieval, digital token extraction, display handling across interconnected virtual worlds, token synchronization, concurrent session management, avatar interaction logs, virtual environment data exchange server",3,40,2,0.05405405405405406,37,failed_constraints
2025,12406035,6,function,"Search for systems that emulate a real user device inside a virtual world, authenticate avatars via credentials entered during interaction, then pull previously recorded digital tokens from interaction logs and concurrently display them across active multi‑environment sessions.",1,38,0,0.0,29,ok
2025,12322461,8,summary,"Search for semiconductor devices that employ a dielectric layer becoming a resistive element upon controlled breakdown, allowing programmable memory via dual contact structures—one acting as the resistive contact after breakdown and the other as a capacitive contact before breakdown.",3,40,0,0.0,28,ok
2025,12322461,8,keyword,"Search for semiconductor cells with a conductive node on an isolation plane, a dielectric layer acting as a resistive switch post‑breakdown or as a capacitor pre‑breakdown, first contact using a metal core encased by a conformal intermediate, second contact bonded to the node, targeting OTP memory arrays.",3,49,1,0.03225806451612903,31,failed_constraints
2025,12322461,8,function,"Find patents for semiconductor memory cells where a dielectric layer switches from capacitive to resistive operation after breakdown, enabling programmable resistive storage between contacts on an isolated conductive element with an intermediate layer and conductive filling.",2,36,0,0.0,24,ok
2025,12358226,29,summary,"Search for an automatic 3‑D printer head service system with a rapidly‑released hinged chamber, a rotatable wiping element that engages the dispensing face during head movement, and perforated drains to collect expelled material.",1,35,0,0.0,22,ok
2025,12358226,29,keyword,"Search for a 3‑D printing service station with a detachable bath, rapid coupling on its front, hinged lid, rotary wiper assembly cleaning a dispensing nozzle during head reciprocation, and a motor‑driven axis, including a liquid‑trap lid with perforated channels for collecting expelled material.",2,46,0,0.0,30,ok
2025,12358226,29,function,"Search for mechanisms that clean a 3D printing head by positioning it above a fluid bath with a hinged lid and an automated, rotatable wiper that wipes the dispensing surface as the head reciprocates, aided by a motor and a perforated liquid drain.",1,43,0,0.0,23,ok
2025,12353892,6,summary,"How does an automated system detect a device’s need for local custom setup by parsing broadcast signals, infer device type from connected peripherals, and request configuration data from a central server to provision unique identifiers and location‑specific settings?",2,40,0,0.0,27,ok
2025,12353892,6,keyword,"Search for systems that receive location metadata via broadcast, infer device role from attached peripherals, and request configuration profile from a central server, using unique IDs for automated deployment.",2,29,0,0.0,20,ok
2025,12353892,6,function,"Search for methods where a local network computer receives a broadcast that it is not configured, auto‑detects its type via connected peripherals, sends location‑and‑type metadata to a central server, and then receives unique ID and configuration settings to enable location‑specific transaction processing.",1,46,0,0.0,30,ok
2025,12372291,34,summary,"Modular refrigerator featuring a detachable inner fridge with its own heat pump and battery, nested within the main unit’s cooling space, connected by a side‑mounted power cable housed in a non‑intrusive cable box that interfaces with the main fridge’s airflow.",1,44,0,0.0,28,ok
2025,12372291,34,keyword,"Search for kitchen refrigeration units featuring detachable inner refrigerator compartments with independent heat pump modules, separate inner and outer housings, battery supply linked through a cable housed in a side‑mounted cable box that exits the main unit without entering the primary compartment, enabling fluid communication.",1,46,0,0.0,35,ok
2025,12372291,34,function,"Refrigerator system with detachable secondary unit inside main chamber, independent heat‑pump modules, separate insulated spaces, battery‑powered second unit linked to main power by side‑mounted cable in a dedicated cable box that permits fluid communication with the main chamber.",1,41,0,0.0,31,ok
2025,12261793,4,summary,"Search for methods where a mobile terminal receives a list of sounding reference signal resource groups linked to different downlink command codes, and transmits uplink using selected groups from either a full or reduced set, while the base station issues the grouping data and collects the uplink.",3,47,1,0.03225806451612903,31,failed_constraints
2025,12261793,4,keyword,Search for patents describing a mobile device and base station exchange configuration messages that define multiple sounding reference resource groups for uplink training; device selects subsets of resources per distinct downlink format; uplink uses the selected resource groups for channel estimation.,2,41,0,0.0,31,ok
2025,12261793,4,function,"Search for prior art on mobile devices receiving configuration that defines multiple uplink resource sets linked to different downlink control formats, selecting subsets for transmission of uplink signals, and base stations conveying such configurations to enable adaptive uplink scheduling.",2,39,0,0.0,29,ok
2025,12186901,25,summary,"Multi‑robot line where front and rear manipulators share a common traveling platform, while a middle arm with a distinct joint sequence provides complementary actions, enabling efficient workpiece handling along a conveyor axis.",1,33,0,0.0,24,ok
2025,12186901,25,keyword,"Search for robotic assembly lines featuring two identical, serial kinematic arms positioned along a conveyor bearing, separated by a third arm with distinct axis sequencing (rotational‑pivot‑pivot‑rotational), all driven on a shared linear guide rail and a common carriage platform.",2,42,0,0.0,31,ok
2025,12186901,25,function,"Search for robot systems that arrange multiple arms along a conveyor, each with distinct kinematic configurations and end‑effectors, mounted on a shared traveling platform to perform sequential operations on a moving workpiece.",1,33,0,0.0,21,ok
2025,12323314,6,summary,"How to dynamically allocate worker virtual machines in a cloud, generate unique job queues stored in a shared database, and have a controller node dispatch tasks via those queues, all through a common deployment image?",3,35,2,0.08333333333333333,24,failed_constraints
2025,12323314,6,keyword,"Search for dynamic cloud computing architectures employing a controller node to allocate worker virtual machines, each establishing a distinct message queue with database references for job dispatch and distributed processing tasks.",1,31,0,0.0,22,ok
2025,12323314,6,function,"How do systems dynamically provision worker nodes, generate unique queues for each, store queue references, and distribute job batches from a single control node using a shared deployment image, while scaling across multiple processors?",3,34,0,0.0,27,ok
2025,12411712,6,summary,"Search for systems that manage multi‑tenant storage clusters by defining guaranteed and over‑subscription QoS limits, allocating volumes to node subsets, relocating volumes under high utilization, and credit‑based demand scheduling across nodes.",1,34,0,0.0,26,ok
2025,12411712,6,keyword,"distributed storage cluster with multi‑tenant QoS scheduling, credit‑based access control, oversubscription limits, dynamic volume migration when utilization exceeds threshold, credit increment policy, node subset allocation, and per‑node demand queuing for data processing.",1,35,0,0.0,29,ok
2025,12411712,6,function,"methods for setting quality‑of‑service limits for multiple users on a multi‑node storage cluster, allocating volumes to selected nodes, allowing over‑subscription above 100%, relocating volumes when usage surpasses thresholds, and credit‑based scheduling of node operations.",3,39,1,0.03571428571428571,28,failed_constraints
2025,12254237,2,summary,"Differential output driver that converts single‑ended data or clock signals into balanced pairs using a bias‑current transistor, resistor bridge, and voltage‑difference amplifiers, adding a dynamic pre‑emphasis current during transitions to improve signal integrity for display panel drivers.",1,41,0,0.0,31,ok
2025,12254237,2,keyword,"Search for an integrated driver circuit that converts a single-ended input into a differential pair using a transistor bias network and resistor ladder, employs a center‑voltage comparison against a reference, and implements a pre‑emphasis current injection while clock or data signals vary within a cycle.",1,48,0,0.0,32,ok
2025,12254237,2,function,"Search for a driver that transforms single‑ended binary inputs into differential voltage pairs using a biasing transistor, resistor bridge, and adaptive pre‑emphasis that injects dynamic current during signal transitions, applied to separate clock and data stages for high‑speed display panels.",2,43,0,0.0,31,ok
2025,12305188,15,summary,"Look for a plasmid that supplies both adenovirus helper genes and the AAV rep‑cap cassette to replace conventional triple‑vector transfection, thereby boosting gene‑therapy virus output, enhancing co‑transfection rates, and cutting plasmid preparation time and cost.",3,39,0,0.0,29,ok
2025,12305188,15,keyword,"dual helper plasmid AAV production double transfection versus triple, incorporating adenoviral support genes E2a, E4, VA RNA, and rep‑cap cassette, assessing co‑transfection efficiency, vector yields, purification cost, and therapeutic gene vector yields.",3,34,3,0.1,30,failed_constraints
2025,12305188,15,function,"Search patents for plasmid system combining early viral genes and capsid‑replication cassette enabling two‑step transfection that boosts viral vector yield, lowers plasmid prep cost, and reduces manufacturing time for gene therapy vectors.",2,34,0,0.0,27,ok
2025,12301320,4,summary,Find prior art on grouping wireless devices by channel correlation via mean‑shift clustering and computing cluster beamforming weights to minimize overall transmission power.,1,24,0,0.0,18,ok
2025,12301320,4,keyword,"Cluster wireless devices by channel correlation using unsupervised mean‑shift clustering, compute per‑cluster beamforming weights from CSI centroid, and optimize to reduce aggregate radiated power in a wireless network node.",2,31,0,0.0,23,ok
2025,12301320,4,function,"Wireless node that groups wireless devices into clusters based on channel correlation using unsupervised mean‑shift machine learning, computes beamforming parameters per cluster, and applies them to minimize the total transmit power to all connected devices.",3,36,2,0.07692307692307693,26,failed_constraints
2025,12201244,25,summary,"Search for a disposable prep cup for liquids featuring a removable lid with a rotating stir/engagement mechanism that mixes the product, traps leaked liquid in a vented reservoir, and includes a pivoting sealable door for controlled dispensing.",1,38,0,0.0,23,ok
2025,12201244,25,keyword,"Search prior art for disposable beverage preparation cups featuring a removable closure with a rotary dispensing shaft, a leak-receiving retaining chamber, an air vent, and a pivoting sealing flap integrated with a snap‑fit coupling for controlled opening.",2,39,0,0.0,26,ok
2025,12201244,25,function,"Search for single‑use beverage preparation containers that use a rotatable mixing element engaging the product, include a vented chamber for leaked liquids, and provide a pivoting door with snap‑fit latch for selective sealing during preparation.",1,37,0,0.0,25,ok
2025,12419714,13,summary,"Search for robotics‑controlled steerable surgical tools using a linear‑rotational carriage that actuates bending wires via an inward‑outward movable controller and couples to a sheath, enabling precise tip deflection during minimally invasive procedures.",1,35,0,0.0,26,ok
2025,12419714,13,keyword,"Search for surgical steerable instruments featuring a multi‑segment bendable member with internal channels, pass‑through actuation wires, a linear‑rotational carriage with linked actuators, a controller housing a coupling face and movable member, a releasable wire connection, and a sheath coupling interface.",2,43,0,0.0,30,ok
2025,12419714,13,function,"Search for surgical navigation devices that use an articulated linear carriage and rotational frame actuated by linear and rotary drives, with a steerable tip controlled via internal cable actuation and adaptable sheath coupling for minimally invasive procedures.",2,37,0,0.0,25,ok
2025,12396190,8,summary,"Search for GaN transistors utilizing nitrogen pre‑treatment at the AlGaN/GaN interface exposed by a patterned primary dielectric, with TiN gates, to reduce defects and enhance performance.",3,28,0,0.0,18,ok
2025,12396190,8,keyword,"Search for GaN field‑effect transistors incorporating an AlGaN buffer, p‑type GaN gate, TiN top source/drain electrode, conformal first dielectric with lateral clearance, N₂ annealing at the AlGaN/GaN interface, and a second covering dielectric.",3,37,2,0.07692307692307693,26,failed_constraints
2025,12396190,8,function,Search for GaN-based high-electron-mobility transistors that use a conformal dielectric spacer and expose an AlGaN/GaN interface for selective nitrogen annealing to improve carrier mobility and reduce interface traps around a buried p-type gate.,2,38,0,0.0,26,ok
2025,12413283,3,summary,"Determine whether a UE should transmit a channel state report by detecting a reference signal during the active slots of a base station’s discontinuous transmission periods, using an instruction about the activation of cell DTX and multiple reference resources.",2,40,0,0.0,26,ok
2025,12413283,3,keyword,"Search for prior art where a UE senses a base‑station DTX activation indicator, is provisioned with multiple CSI‑RS resources, and decides to transmit or withhold CSI reports based on reception of CSI‑RS signals during active sub‑frames of the DTX cycle.",3,44,2,0.06896551724137931,29,failed_constraints
2025,12413283,3,function,"Search for methods where a mobile terminal receives a base‑station intermittent‑operation signal, uses multiple reference signals to generate link‑quality reports, and sends them only if reference signals arrive during on‑intervals.",2,34,0,0.0,23,ok
2025,12291326,32,summary,"Search for rotorcraft driveline systems that use a primary engine to maintain rotor speed and a secondary engine engaged via a clutch, with a processor orchestrating power split under limits ensuring the primary engine retains rotor regulation while the clutch stays engaged.",2,42,0,0.0,29,ok
2025,12291326,32,keyword,"Search for rotorcraft power management architecture featuring dual engines, clutch-based supplemental drive, processor-controlled power limits, rotor speed‑dependent first‑engine regulation, and additive second‑engine power with torque‑balance constraints.",3,32,1,0.037037037037037035,27,failed_constraints
2025,12291326,32,function,"Search for systems controlling a primary engine to maintain rotor speed while a secondary engine provides supplemental power via clutch, with processor‑based power limits ensuring sustained rotor speed and clutch engagement.",2,32,0,0.0,24,ok
2025,12403029,13,summary,"Symmetrical wrist brace adaptable to either hand featuring dual thumb sockets, aligned oval openings, interchangeable elongated thumb and center stays, dual elastic straps through side holes, and a thumb stay that fits into either side pocket, providing adjustable support.",1,39,0,0.0,31,ok
2025,12403029,13,keyword,"search for wrist brace adaptable for both right and left hands featuring symmetrical wrist casing, dual thumb sockets with oval openings, longitudinal support tubes, central longitudinal channel, detachable pull tab, stretchable band attachment, central brace element, thumb retention element, flexible material, quadrilateral profile, adjustable strap for thumb.",3,47,1,0.025,40,failed_constraints
2025,12403029,13,function,"search for wrist brace that can be used on either right or left hand, featuring symmetrical thumb sockets, elongated thumb support housings, a central stay, removable thumb stay, elastic straps attached by pull loops for adjustable fit.",3,37,2,0.07407407407407407,27,failed_constraints
2025,12332363,6,summary,"Search for portable positioning system combining camera and GNSS that captures images of a surface, processes them to identify object type, provides dual visual cues, allows user selection, collects multi‑position satellite and camera data, and computes the object’s global coordinates.",1,42,0,0.0,29,ok
2025,12332363,6,keyword,"Search for systems combining a GNSS receiver and camera unit in a handheld device, using a selection interface with overlayed object-type indications, fused pose estimation from multiple viewpoints, and processing to compute the global coordinates of a target object.",1,40,0,0.0,25,ok
2025,12332363,6,function,"Portable device using camera‑GNSS, captures surface images, processes for object identification and classification, overlays multiple graphical indicators, allows user selection, gathers multi‑position GNSS and camera data, computes device pose, outputs object geospatial coordinates.",1,35,0,0.0,30,ok
2025,12293120,2,summary,"Searching prior art on image forming devices that check a user’s authorization based on job request data before presenting authentication prompts, showing configuration screens only to authorized users, and denying or reporting errors to the terminal for prohibited users.",1,40,0,0.0,27,ok
2025,12293120,2,keyword,"Search for patent disclosures where a printer receives job details with user credentials from a workstation, evaluates user authorization before prompting password entry on its display, selectively shows configuration screens, and sends error alerts if not authorized.",2,37,0,0.0,25,ok
2025,12293120,2,function,"A printer that receives job data with user credentials from a terminal, evaluates access rights before showing a password prompt, displays an authentication challenge only if the user is authorized, and aborts the job with an error if unauthorized, enabling secure, user‑specific printing.",1,44,0,0.0,27,ok
2025,12215985,10,summary,"Method for aligning route segments from a reference map with segments from another map, creating registration data to merge navigation features and generate routes on the second map, useful for autonomous vehicle guidance.",1,33,0,0.0,21,ok
2025,12215985,10,keyword,"Search for map‑element registration procedures that match start‑end points, compute a registration score between primary and secondary map segments, transfer route data, generate routes, and drive autonomous vehicles, described in memory‑based or processor‑controlled implementations.",1,38,0,0.0,29,ok
2025,12215985,10,function,"Search for techniques that align a first street segment from one map with one or more corresponding segments in a second map by matching start and end positions, create registration data, transfer attributes, and use this linkage to compute routes or guide autonomous vehicles.",2,44,0,0.0,28,ok
2025,12398387,15,summary,"Protein engineered with a light‑chain motif, catalytic heavy‑chain, and cleavage‑controlled linker; upon proteolytic removal of the linker, the peptide yields a split polypeptide that assembles into active factor Xa capable of engaging specific inhibitors.",2,37,0,0.0,25,ok
2025,12398387,15,keyword,"search for engineered serine protease variants combining a light‑chain motif homologous to SEQID13, a catalytic heavy‑chain domain akin to SEQID11, a cleavable peptide spacer with a specific protease site, and a C‑terminal activation peptide matching SEQID12.",2,39,0,0.0,26,ok
2025,12398387,15,function,"Search for engineered protease‑cleavable fusion proteins comprising an N‑terminal regulatory segment, a catalytic domain, a cleavage linker, and a C‑terminal activation peptide, which, upon specific proteolysis, yield a heterodimeric serine protease that binds its natural factor Xa inhibitor.",2,41,0,0.0,27,ok
2025,12274891,13,summary,"Laser hair regeneration device featuring concentric ring arrays of LEDs or laser diodes positioned above the head, each ring with independent driver circuitry, controlled by a modular control system that allows selective activation of individual light sources for personalized therapy.",1,40,0,0.0,29,ok
2025,12274891,13,keyword,"smart hair‑growth headband with concentric ring laser diodes, an internal cavity aligned to the scalp, each ring paired with its own driver board, independent control modules linked to a central processor, and airflow vents through base holes for cooling",3,40,0,0.0,28,ok
2025,12274891,13,function,"Search for a laser hair‑growth apparatus comprising a head‑cavity shell with concentric ring arrays of independently controllable lasers, each ring having its own driving circuit, interconnected by a modular control system for selective follicle stimulation and positional stability.",1,40,0,0.0,28,ok
2025,12186582,13,summary,"Search for a UV touch‑less sanitizing apparatus that senses a body or item, activates a timed ultraviolet emitter, and uses a detachable shielded cover for eye protection and maintenance, positioning the device to expose a full human body from above.",1,41,0,0.0,25,ok
2025,12186582,13,keyword,"Touch‑free ultraviolet sanitization apparatus that senses proximity and illuminates an entire body, featuring a control module, timed UV emitter, detachable rear compartment with latch, front shield void preventing eye exposure, mounted to ceiling for downward radiation.",2,37,0,0.0,28,ok
2025,12186582,13,function,"Search for UV contactless sanitizing fixtures that auto‑activate on object detection, use timed shut‑off, feature removable outer housings for maintenance, and enclose the entire body while shielding users’ eyes from UV exposure.",1,34,0,0.0,25,ok
2025,12383768,13,summary,"Search for devices combining X‑ray imaging with focused ultrasound transducers mounted on conical cradles that use the cradle’s projected edges as alignment markers to steer sonic energy to target tissues, controlled by a dedicated controller and imaging workstation.",2,40,0,0.0,25,ok
2025,12383768,13,keyword,"focused ultrasound transducer annular elements aligned on a conical cradle interfaced with an X‑ray intensifier, imaging workstation with processing module, controller, and X‑ray image projection of conical boundaries used as an acoustic energy beam focal guide to the treatment site.",2,42,0,0.0,27,ok
2025,12383768,13,function,Search for devices that integrate a conical cradle and annular focused ultrasound transducer with X‑ray imaging to navigate therapeutic beams to target tissues in patients.,2,26,0,0.0,15,ok
2025,12227464,20,summary,"Search prior art on silicon‑based ceramic matrix composites featuring layered EBC and CMAS‑resistant coatings with engineered vertical cracks confined to the EBC, low porosity, compositional gradients, and incorporation of rare‑earth silicate phases.",1,35,0,0.0,26,ok
2025,12227464,20,keyword,"Search for silicon‑ceramic matrix composites coated with a protective layer containing rare‑earth disilicate, a secondary CMAS‑resistant layer of rare‑earth monosilicate and disilicate with ≤40 % porosity, vertical cracks in the protective layer but not in the CMAS layer, and an interface with differing REMS/REDS ratios.",3,49,2,0.0625,32,failed_constraints
2025,12227464,20,function,"Search for silicon‑based ceramic articles that feature a substrate with an environmental barrier coating containing a rare‑earth disilicate layer and vertical cracking, followed by a CMAS‑resistant outer coating made of a high‑weight‑percent monosilicate that reacts to form crystalline phases while keeping porosity under 40 %.",3,49,3,0.08823529411764706,34,failed_constraints
2025,12326329,10,summary,"Search for a 3D measurement system that autonomously defines a top reference point on a piece, sets asymmetric height margins, creates a distance‑based gradient map for 3D imaging, and uses the gradient image to recover shape, position, and orientation.",1,40,0,0.0,26,ok
2025,12326329,10,keyword,"Search for 3‑D measurement systems using depth‑sensing sensors that automatically establish a vertical reference plane, define asymmetric upper and lower height margins, compute a tailored distance range for gradient mapping, and convert volumetric data into height‑gradient images for 3‑D shape or pose determination.",2,47,0,0.0,31,ok
2025,12326329,10,function,three‑dimensional measurement system that automatically identifies a height reference point and sets asymmetric gradient thresholds based on distance margins to generate a depth‑weighted image for 3D shape and pose detection,1,32,0,0.0,22,ok
2025,12327967,1,summary,Search for devices combining multiple modular connectors within a single shell using internal adapters and floating contact elements secured by an integrated latch and a tool‑accessible release for universal USB or equivalent ports.,3,34,0,0.0,23,ok
2025,12327967,1,keyword,"multi‑connector plug‑receptacle assemblies with modular adaptors, cavity‑filled insulators, floating USB or generic connectors, finger latch or clip latches, removable tool opening, elastomer preload, electrical isolation, molded shell encapsulation",1,31,0,0.0,26,ok
2025,12327967,1,function,"Search for portable multi-connector housings that incorporate recessed modules, floating plug elements, latch-based retention, and tool-accessible release, enabling simultaneous alignment of diverse USB or similar electrical interfaces within a single shell.",1,34,0,0.0,26,ok
2025,12240862,14,summary,"Identify recent patent families presenting structurally diverse PAD4 enzyme inhibitors featuring heterocyclic frameworks and sulfonyl or carbamate functionalities, claiming therapeutic use for autoimmune or inflammatory disorders, with disclosed synthesis routes and pharmaceutical compositions.",1,33,0,0.0,25,ok
2025,12240862,14,keyword,"Search patents for novel peptidylarginine deiminase (PAD) inhibitors, especially PAD4, featuring heteroaryl‑substituted heterocycles, N‑heteroatom linkages, nitro/halo/cyano substituents, their synthetic routes, intermediates, and therapeutic uses in autoimmune diseases.",2,31,0,0.0,24,ok
2025,12240862,14,function,"Explore novel PAD4 inhibitors featuring diverse heterocyclic scaffolds and amide/sulfonyl substitutions, therapeutic methods for treating autoimmune or inflammatory diseases, synthesis routes for these molecules, and pharmaceutical compositions including prodrugs or salt forms.",1,33,0,0.0,25,ok
2025,12318347,12,summary,"Search for an indoor mobile navigation system for the visually impaired that integrates real‑time three‑dimensional position, velocity, and acceleration sensing of obstacles, pedestrians and the user, calculates a safe distance based on shoulder width, plans multiple routes, and issues emergency avoidance alerts.",1,44,0,0.0,30,ok
2025,12318347,12,keyword,"Robotic indoor guidance system for visually impaired, integrating a sensor module that captures 3‑D position, velocity, and acceleration of static barriers, moving obstacles, and pedestrians, analyzes relative metrics, plans adaptive routes, and delivers real‑time auditory alerts.",3,38,0,0.0,27,ok
2025,12318347,12,function,"system that processes real‑time position, velocity and acceleration of static and moving obstacles and pedestrians indoors to compute dynamic distances and generate adaptive navigation paths with safety thresholds for visually impaired users",1,33,0,0.0,22,ok
2025,12296527,29,summary,"Search for high‑viscosity, shear‑thinning polyurethane pastes containing polyisocyanate, radiation‑curable monomers, and photoinitiators used in layer‑by‑layer extrusion 3D printing with post‑layer UV curing to form solid parts.",1,32,0,0.0,24,ok
2025,12296527,29,keyword,"Search for layer‑by‑layer additive manufacturing using a paste‑like polyurethane resin system containing polyisocyanate, radiation‑curable monomer/prepolymer, photoinitiator, and exhibiting high shear‑thinning (viscosity ratio > 2) at substrate temperatures.",1,32,0,0.0,24,ok
2025,12296527,29,function,"Search for layer‑by‑layer additive manufacturing processes using a highly shear‑thinning polyurethane resin containing a polyisocyanate and UV‑initiated monomer, where strands are extruded through a print head and instantly cured by radiation, with specified viscosity ratio conditions.",3,40,0,0.0,27,ok
2025,12287559,31,summary,"Search for multi‑camera mounting plates featuring coplanar arm extensions with distinct fastener sockets and a built‑in conduit passage for power or data, enabling separate attachment of diverse camera units.",1,31,0,0.0,21,ok
2025,12287559,31,keyword,"Search for camera mounting platforms featuring a central flat base with co‑planar arm extensions, multiple through‑holes for distinct camera units, a conduit passage route for power wiring, and a clamp‑fastener assembly positioned on an extension arm.",1,39,0,0.0,27,ok
2025,12287559,31,function,"camera mounting plate with a central portion and coplanar side extensions, providing distinct mounting holes for multiple cameras and integrated conduit routing for electrical connections, including a clamp assembly for secure attachment to the first extension.",1,36,0,0.0,24,ok
2025,12402750,33,summary,"Search for a beverage dispensing system with multiple isolated storage cavities, separate inlet ports, and two outlet apertures, each served by distinct flow channels to enable simultaneous, accurate dispensing.",2,29,0,0.0,21,ok
2025,12402750,33,keyword,"Search for a hollow housing featuring a liquid reservoir with inlet apertures, a lower dispensing cavity containing multiple outlet ports, a slanted bottom delivering a main downpipe to the central outlet, and an additional inlet via a distinct vertical channel feeding the peripheral outlet.",2,44,0,0.0,29,ok
2025,12402750,33,function,"Search for beverage dispensers featuring a storage chamber with a tilted bottom and multiple inlet holes, coupled via distinct descending channels to separate dispensing zones, each providing independent flow paths to individual outlet holes for hot water or coffee distribution.",1,40,0,0.0,29,ok
2025,12397113,13,summary,search for systems that integrate continuous glucose monitoring with insulin delivery by predicting future glucose levels using patient insulin sensitivity data and issuing automated dosage recommendations to maintain target glycemia.,1,30,0,0.0,22,ok
2025,12397113,13,keyword,"Review patents on continuous glucose monitoring systems with receiver units incorporating real‑time sensor data streams, trend analysis algorithms, predicted glucose forecasts, insulin sensitivity profiling, and automated insulin dosing modules that transmit delivery instructions to insulin pumps.",2,37,0,0.0,30,ok
2025,12397113,13,function,systems that determine insulin dosage recommendations from continuous glucose monitoring using predictive modeling and personal insulin sensitivity data to generate dose instructions transmitted to an automated insulin administration system.,2,29,0,0.0,21,ok
2025,12357329,13,summary,Search for real‑time intraoperative spectroscopic monitoring of tissue composition integrated with acoustic or ultrasonic ablation probes guiding therapeutic energy delivery in endoscopic systems.,1,24,0,0.0,17,ok
2025,12357329,13,keyword,"Search patents describing endoscopic systems that send acoustic energy through a probe to ablate tissue, illuminate the target area, capture the reflected light with a spectrometer, and use the spectral data to determine tissue composition and adjust therapy parameters.",3,39,0,0.0,26,ok
2025,12357329,13,function,"System employing an acoustic probe inserted through an endoscopic scope that ablates tissue while simultaneous optical illumination collects reflected light; a spectrometer analyzes the resulting spectra to infer tissue composition, using that information to adapt acoustic power or parameters during therapy.",1,41,0,0.0,30,ok
2025,12372985,12,summary,"Search for systems that sense a low upstream pressure in a pipeline and automatically close a downstream valve to block reverse flow caused by a pressure collapse, integrating pressure control and flow regulation in a single package.",3,37,0,0.0,22,ok
2025,12372985,12,keyword,"Look for gas pipeline systems incorporating an upstream pressure sensor triggering a downstream control valve closure and a secondary pressure regulator to modulate flow, ensuring no back‑flow under low upstream pressure conditions.",3,33,0,0.0,25,ok
2025,12372985,12,function,"Search for gas line control systems that sense upstream pressure, trigger a valve when pressure falls below a set threshold, and close a monitoring valve to halt reverse flow of natural gas, coordinating with downstream pressure.",3,36,2,0.08333333333333333,24,failed_constraints
2025,12337500,26,summary,Search for prior art on conveyor-based selective scorching of boards using controlled burners with programmable flame retardant spray upstream to achieve precise scorching profiles.,1,25,0,0.0,18,ok
2025,12337500,26,keyword,"Search patents for conveyor‑driven scorching systems using combustion chamber burners with embedded control units, upstream spray heads applying flame retardant to selective board areas, enabling programmable scorching profiles for panel processing.",1,32,0,0.0,26,ok
2025,12337500,26,function,"Search for conveyor‑borne board scorching systems where a spray head applies flame retardant selectively before burners, controlled by a central controller to achieve a tailored scorching profile on panels.",2,30,0,0.0,20,ok
2025,12331441,28,summary,"Search for a sewing machine system employing a real‑time projected tapering pattern image that directs continuous needle, feed, and actuator motion, facilitating an automatic transition from straight utility stitching to tapered stitching without manual setup.",1,36,0,0.0,26,ok
2025,12331441,28,keyword,"Controller reads continuous stitching data, creates a tapered design image, projects it onto the bed's needle plate, and synchronizes needle bar, feed dog, and actuator motions to stitch a tapering pattern bonded to a continuous utility pattern.",3,38,4,0.15384615384615385,26,failed_constraints
2025,12331441,28,function,"Search for sewing apparatus with a projection system that overlays a tapering pattern onto a continuous stitch line, using coordinated control of needle actuation, fabric carriage, and vertical movement to transition from uniform stitching to tapered edge while maintaining stitch continuity.",2,41,0,0.0,28,ok
2025,12282506,6,summary,"An AI-assisted image‑search device that displays a photo, lets users tap objects, uses a trained model to extract object details, presents a list of attributes, and builds a query from selected attributes to retrieve related images.",1,38,0,0.0,25,ok
2025,12282506,6,keyword,"Search for prior artifacts describing electronic devices employing deep‑learning object recognition to capture user selection of multiple objects, generate combined search expressions from selected attributes, and display related images via a UI list in an image‑retrieval system.",1,39,0,0.0,29,ok
2025,12282506,6,function,"Search for artificial‑intelligence systems that display images, detect user selection of multiple objects, use a trained recognition model to retrieve object metadata, present a selectable information list, and generate a search query from chosen data to retrieve related images.",1,40,0,0.0,28,ok
2025,12192053,4,summary,"Search for a system that postpones nonurgent configuration changes for radio nodes during high‑traffic times by analyzing telemetry over multiple busy periods, then selectively applying improvements only when benefits outweigh transient disruption impact.",2,34,0,0.0,26,ok
2025,12192053,4,keyword,"Search patents describing algorithms for postponing non‑urgent RRM updates on Wi‑Fi access points, using telemetry collected during high‑traffic periods to evaluate link quality improvements versus disruption costs before applying configuration changes.",3,34,1,0.034482758620689655,29,failed_constraints
2025,12192053,4,function,"Search for systems or methods that analyze telemetry from multiple wireless access points during peak traffic intervals to decide whether to postpone or apply non‑urgent configuration changes, balancing potential performance improvements against the risk of disruptive impact on user connections.",3,41,1,0.034482758620689655,29,failed_constraints
2025,12212904,3,summary,"A lighting‑based communication module that uses a programmable light emitter and controller to periodically produce template pulses with timestamped headers, which convey control data to a receiver that either re‑illuminates them to encode payloads or decodes header‑encoded signals.",1,41,0,0.0,26,ok
2025,12212904,3,keyword,"Search for optical transmitters with integrated drivers that generate successive frame waveforms composed of header sections and pulse train bodies, where supervisory data is encoded by timing modulation aligned with header‑defined intervals, for use in photonic data links.",2,39,0,0.0,26,ok
2025,12212904,3,function,searching for optical communication systems using a controller and light source that generate sequences of patterned light pulses encoding data and control headers within timed optical frames.,3,27,1,0.05263157894736842,19,failed_constraints
2025,12318101,13,summary,"A device that connects a medical scope to a retrieval tool, using a lever‑linked platform to move a slider and activate an end‑effector, allowing precise expansion or collapse of the tip.",1,33,0,0.0,18,ok
2025,12318101,13,keyword,"Search for minimally invasive endoscopic retrieval system with a scope‑mounted housing, handle‑attached retrieval device, movable slider platform, mechanical linkage lever, spring bias, and collapsible versus expanded end‑effector, including snap‑fit interface and lever‑actuated platform movement.",2,39,0,0.0,32,ok
2025,12318101,13,function,"Search for medical instruments combining a scope-mounted housing with a handle-attached actuation platform, link arm enabling bi-directional slider movement to collapse or extend an end effector.",2,29,0,0.0,20,ok
2025,12424187,2,summary,"LCD module reduces crosstalk by grounding unused data and scan lines through capacitive switches during idle periods, improving signal integrity between drivers, MCU, and liquid crystal electrodes.",3,27,1,0.045454545454545456,22,failed_constraints
2025,12424187,2,keyword,"Search for liquid crystal display module with data and scan drivers that employ idle‑capacitor grounding techniques to suppress crosstalk, using microcontroller interfaces to send control signals, with data and scan paths selectively deactivated through capacitor coupling for noise elimination.",3,40,1,0.034482758620689655,29,failed_constraints
2025,12424187,2,function,Searching for LCD modules employing drivers and active line‑switching with capacitive grounding to suppress interline crosstalk during data and column addressing.,2,22,0,0.0,15,ok
2025,12318796,23,summary,"Search for a variable‑ratio passage control device where a spindle‑shaped rotor inside a dual‑point port housing can rotate to align a central channel for high‑rate output versus angled bypass for restricted flow, used in spray‑pressure systems.",3,41,0,0.0,29,ok
2025,12318796,23,keyword,"rotatable obstruction unit in an offset inlet‑outlet housing with an axial channel, through‑bore and angular bypass conduit, multiple rotational orientations, sealing recesses, pressure‑regulating spray system, and axial‑rotation flushing method.",2,33,0,0.0,25,ok
2025,12318796,23,function,"Identify patents that disclose a rotary flow‑control element in spray pressure regulation, featuring a housing with offset inlet and outlet forming a channel, a rotatable body containing a through bore and angular bypass channels, whose orientation changes flow resistance and throughput.",2,42,0,0.0,29,ok
2025,12297138,29,summary,"Search for inclined carriage systems for conveying heated glass streams, featuring angled support rails, dual‑roller carriages, and cradle‑tube assemblies with lateral keyways enabling controlled motion of refractory ceramic conduits.",2,31,0,0.0,24,ok
2025,12297138,29,keyword,"Search for patented molten‑glass transport systems featuring dual‑carriage roller assemblies, inclined support rails (α>0°), and upper carriage with base plates (β>0°), including refractory ceramic tube conduits and transverse keyway lock‑type couplings between tube sections and cradle structures.",3,42,1,0.03225806451612903,31,failed_constraints
2025,12297138,29,function,"Search for systems that deliver molten glass using a modular carriage with angled supporting rails, an upper carriage with ceramic cradle blocks, and a tubular conduit element that locks into a lateral keyway for guided movement along the system.",3,39,1,0.041666666666666664,24,failed_constraints
2025,12310607,13,summary,"Search for intravascular thrombus removal devices featuring an elongated catheter component linked to an expandable filaments‑based funnel that engages and reduces friction of clots, allowing the stent to be pulled through a partially coated mesh that limits permeability.",2,39,0,0.0,25,ok
2025,12310607,13,keyword,"Search for patents describing intravascular clot removal systems that use an elongated carrier, a stent or basket to engage the thrombus, a braided filament funnel with a radially expandable mesh, and a partial polymeric coating to limit funnel permeability and reduce friction before thrombus mobilization.",3,45,1,0.034482758620689655,29,failed_constraints
2025,12310607,13,function,"Search for intravascular clot removal systems featuring a deployable stent with an integrated funnel of braided filaments that expands radially against vessel walls, allows sliding of a delivery shaft, reduces frictional resistance to thrombus mobilization, and employs partial polymeric coatings to limit permeability.",1,43,0,0.0,30,ok
2025,12416760,9,summary,"Search prior art for silicon nitride optical waveguide and ring resonator structures with sub‑micrometer bottom cladding created via XeF2‑etched substrate cavities beneath a thin oxide, yielding lower propagation loss and higher quality factor.",2,35,0,0.0,28,ok
2025,12416760,9,keyword,"Silicon nitride photonic waveguide with a 2 µm thin oxide beneath etched trenches, XeF2‑etched silicon cavities via openings, topped with an oxide overlay, enabling reduced propagation loss and enhanced Q factor in ring resonators.",2,35,0,0.0,24,ok
2025,12416760,9,function,"Search for manufacturing methods that use XeF2 etching to create substrate trenches beneath silicon‑nitride optical guidance structures, enabling thinner cladding layers, reduced propagation loss, and higher resonant Q, applicable for compact gyroscopic photonic chips.",2,35,0,0.0,27,ok
2025,12306246,10,summary,"Segment a scan chain, insert multiplexers at segment boundaries, use select signals to reorder the segments, feed test patterns, observe outputs, and detect faults by contrasting observed results with expected ones.",3,31,1,0.045454545454545456,22,failed_constraints
2025,12306246,10,keyword,"Search for techniques employing scan chain partitioning with interlocking multiplexers enabling dynamic segment ordering controlled by selection lines, using generated test stimuli, monitoring output responses, and fault determination by comparing observed versus expected outputs.",2,34,0,0.0,27,ok
2025,12306246,10,function,"Methods for reordering test data flow in a multi‑part scan path using multiplexers at segment boundaries to dynamically rearrange segment positions, generate test patterns, capture output, and detect faults by comparing results with expected values.",2,36,0,0.0,26,ok
2025,12215047,20,summary,"glass substrate with hyperbolic/parabolic reinforcement units on surface forming a texture layer that embeds microcracks, enhancing crack resistance by depth matching, combining shape and depth to reinforce glass.",1,29,0,0.0,20,ok
2025,12215047,20,keyword,"Search for glass components featuring a reinforced coating layer composed of multiple reinforcement units with hyperbolic or parabolic cross‑sections, whose depths exceed microcrack depths, for applications in durable display panels or automotive windows.",2,34,0,0.0,24,ok
2025,12215047,20,function,"How can a glass substrate be strengthened by attaching multiple individually shaped reinforcement elements—each having hyperbolic or parabolic cross‑sections—to its surface, so that the element depth matches or exceeds typical microcrack depths, thereby enhancing fracture resistance and durability?",2,41,0,0.0,29,ok
2025,12364334,31,summary,"Reversible shelf anchoring system using a sliding bracket with a front solid section and a protruding pin that mates with a T‑nut on a furniture shoulder, enabling easy attachment and detachment.",1,32,0,0.0,18,ok
2025,12364334,31,keyword,"Reversible shelf mounting system with a sliding bracket having a solid front section and protruding pin engaging a shoulder housing, incorporating a T-nut with a central rod passage and dual flaps for secure lock, designed for installation within a shelf seat.",1,42,0,0.0,27,ok
2025,12364334,31,function,"Search for reversible shelf attachment mechanisms using a sliding pin that extends from a solid front body of the bracket into a shoulder housing, incorporating a T‑nut with lateral flaps for secure lock.",1,34,0,0.0,19,ok
2025,12328509,2,summary,"Adaptive panoramic video streaming that splits a high‑resolution capture into view‑specific sections, each bundled with a low‑res full image to allow seamless switching between high‑detail views and fallback quality when sections fail.",1,36,0,0.0,26,ok
2025,12328509,2,keyword,"Search for methods that partition a high‑resolution panoramic frame into directional sections, generate composite images with an embedded low‑resolution full panorama, encode these composites into separate video streams, and enable view‑dependent high‑resolution rendering or low‑resolution fallback during view transitions or data loss.",3,47,0,0.0,35,ok
2025,12328509,2,function,"How can a playback system reconstruct high‑resolution views of 360° video from composite frames that combine localized high‑res sections with a full‑frame low‑res base, preserving smooth view transitions when camera view changes or data loss occurs?",2,40,0,0.0,30,ok
2025,12247849,13,summary,"Find prior art for a device that combines accelerometer data to recognize user activity with a static electric field detector that differentiates indoor versus outdoor environments, enabling the system to adjust activity classification (e.g., walking, cycling, driving) based on context to reduce false detections.",2,45,0,0.0,30,ok
2025,12247849,13,keyword,"search for wearable devices that combine inertial measurement units with static electric field sensors to distinguish indoor versus outdoor environments and then classify user motions such as walking, cycling, driving, or stationary bicycle based on motion data.",2,37,0,0.0,27,ok
2025,12247849,13,function,"Search for devices employing motion sensing combined with electric field measurement to distinguish indoor versus outdoor context, and then perform activity recognition (e.g., walking, cycling, driving) adapted to the determined context, preventing false activity detection when context mismatches.",3,39,0,0.0,28,ok
2025,12339784,6,summary,"Describe a cache controller that classifies stored items into groups, assigns each group a target portion of the cache, and enforces these limits while allowing limited probabilistic eviction across groups to balance capacity and performance.",1,35,0,0.0,24,ok
2025,12339784,6,keyword,"Search for prior art on cache controllers that assign group‑specific target capacities, allow probabilistic overcommitment, using adaptive classification of memory blocks, and manage eviction across group boundaries.",2,28,0,0.0,21,ok
2025,12339784,6,function,"Find prior art for a cache manager that classifies stored objects into groups, assigns each group a target size, enforces those limits, yet allows probabilistic replacement of objects beyond a limit by evicting objects from other groups.",2,37,0,0.0,26,ok
2025,12240482,32,summary,"Vehicle safety system uses sensors to detect approaching objects when parked, disables doors near the threat, shows internal and external color alerts, and only allows door opening after multiple attempted unlocks and operator acknowledgment.",1,34,0,0.0,26,ok
2025,12240482,32,keyword,"Vehicle stationary collision avoidance system with motion sensors detecting approaching objects in a proximal zone, disabling door latch, issuing internal and external multi‑color visual alerts, threshold‑based override after repeated unlock attempts, processor controlling sensor array and alert logic.",1,40,0,0.0,33,ok
2025,12240482,32,function,"Vehicle security system that, while stationary, senses nearby moving objects, issues an internal alert, prevents door opening toward the object, displays distinct colored lights inside and outside, and permits door opening only after multiple acknowledged attempts.",1,36,0,0.0,29,ok
2025,12290397,13,summary,"An ultrasound device that acquires liver echoes simultaneously, applying distinct gain adjustments to produce a high‑quality visual image while preserving attenuation data for quantitative assessment, then displays both the image and the calculated metric.",1,35,0,0.0,25,ok
2025,12290397,13,keyword,"Search for ultrasound liver imaging system employing a transducer that sends and receives echoes, with a dual‑echo processor applying one gain for image clarity and a second preserving attenuation for quantitative liver metrics, outputting image and parameter.",2,38,0,0.0,25,ok
2025,12290397,13,function,"Search for ultrasound imaging systems that use dual processing: one gain algorithm for quality image display and another retaining attenuation data for quantitative liver assessment, enabling simultaneous liver imaging and measurement of hepatic parameters without separate devices.",1,37,0,0.0,28,ok
2025,12259835,6,summary,Search for a dynamic retimer that reconfigures many input signal lanes to multiple outputs by using per‑output multiplexers driven by a management port to remap connections and clock‑restore timing across a network.,1,34,0,0.0,22,ok
2025,12259835,6,keyword,"search for patent documents describing a retimer device that forwards data from multiple ingress lanes to multiple egress lanes with programmable coupling, implementing per‑output multiplexers controlled via a system‑management interface to reconfigure lane mappings dynamically on high‑speed interconnects.",3,41,0,0.0,30,ok
2025,12259835,6,function,"Search for systems enabling dynamic assignment of multiple input data lanes to output lanes using programmable multiplexing and retiming circuitry, controlled by configuration signals, for reconfigurable high‑speed data paths between device groups.",1,33,0,0.0,25,ok
2025,12400026,6,summary,"A platform that lets providers define private logic exposed via APIs, while consumers supply encrypted data; the system runs provider logic on both encrypted inputs using homomorphic methods, returning encrypted outputs that are stored locally, preserving both sides' data confidentiality.",3,40,0,0.0,32,ok
2025,12400026,6,keyword,"Search for methods and systems that enable a cloud data platform to deploy application instances in consumer accounts, where homomorphically encrypted data from provider and consumer is processed by secure APIs invoking opaque code blocks, producing encrypted outputs stored locally.",1,40,0,0.0,27,ok
2025,12400026,6,function,cloud data platform enabling remote execution of code blocks on encrypted consumer and provider data through application instances while keeping underlying code hidden from consuming accounts.,2,26,0,0.0,20,ok
2025,12307159,6,summary,Methods for estimating which media items a user is likely to play and proactively caching only those high‑likelihood items on a device so that the chosen portion plays instantly from cache while the rest streams.,1,36,0,0.0,22,ok
2025,12307159,6,keyword,"Predictive media caching on a client device displays a UI with multiple media representations, calculates selection probabilities, stores the highest‑likelihood portion of each item in local memory, serves cached playback information, and streams remaining portions from the media platform.",1,40,0,0.0,28,ok
2025,12307159,6,function,"Search for systems that display media items, compute their user‑selection likelihoods, cache the high‑likelihood item's portions on the client device, and stream remaining data from a content platform for seamless playback.",1,34,0,0.0,21,ok
2025,12387466,6,summary,"Search for abnormal image detection models training using a denoising autoencoder that introduces random rectangular occlusions at variable size ratios, adds noise in the occluded region, and employs constraint learning between clean and corrupted images.",1,35,0,0.0,25,ok
2025,12387466,6,keyword,"Using an enhanced denoising autoencoder that creates a rectangular occlusion mask defined by an image resolution ratio, injects random noise, and applies constraint learning between original and noised images to train an anomaly detection network.",1,35,0,0.0,24,ok
2025,12387466,6,function,"Search for methods to train anomaly‑detection models using denoising autoencoders that create rectangular occlusion patches of set resolution ratios, add random noise, and apply constraint learning between original and noised images to eliminate identity mapping.",1,36,0,0.0,27,ok
2025,12291815,34,summary,"Search for a laundry picking device that uses a suction nozzle to lift fabric from a pile, then automatically repositions its gripping fingers closer to the pile than the nozzle, closing to partially lift and grasp the item.",1,38,0,0.0,22,ok
2025,12291815,34,keyword,"vacuum‑generated suction nozzle unit with adjustable nozzle‑to‑pile offset, coupled to coordinated gripping mechanisms that close after initial suction, enabling partial lift of textile articles from a dense laundry pile; suitable for robotic laundry sorting.",3,37,3,0.1111111111111111,27,failed_constraints
2025,12291815,34,function,"suction‑based laundry picking device that partially lifts an item from a pile, then closes gripping jaws once the item covers the suction nozzle, with adjustable nozzle‑to‑pile distances for selective pickup.",1,33,0,0.0,22,ok
2025,12249749,3,summary,"Search for novel directional coupler designs employing an asymmetric meander secondary line with varying coupling distances to achieve improved isolation and compactness, where coupling segments differ in spacing to the main line and extend only forward from coupling to isolation ports.",1,41,0,0.0,27,ok
2025,12249749,3,keyword,"Search for a directional coupler featuring a main transmission path between input and output ports, and a serpentine secondary path formed by multiple reactive coupling segments with varied spacing to one side of the main path, including intermediary and port‑connecting sections.",2,42,0,0.0,28,ok
2025,12249749,3,function,"Search for asymmetric serpentine transmission line couplers enabling selective coupling between input-output and isolation ports, featuring uneven reactive coupling distances, forward-oriented meanders, intermediate sections, and coupling port isolation, for efficient signal routing in microwave circuits.",3,37,1,0.03333333333333333,30,failed_constraints
2025,12238232,7,summary,"Search for systems that use blockchain ledger for authenticating physical luxury items, linking an embedded chip to the product, recording ownership transitions as immutable transactions and issuing digital passports for each new owner, improving traceability and sustainability of high‑value goods.",1,41,0,0.0,28,ok
2025,12238232,7,keyword,"Search for prior art on systems pairing smart tags with luxury goods, recording ownership changes on an immutable distributed ledger via RESTful APIs, generating digital passports stored in Web3 wallets, involving platform servers, databases, and owner-side applications.",2,38,0,0.0,29,ok
2025,12238232,7,function,"Search for systems that integrate a physically embedded authentication chip with a commodity, record the initial pairing on a distributed ledger, then trace ownership transfer via a secondary application interface, generating a digital passport linked to the immutable ledger entry.",1,40,0,0.0,26,ok
2025,12238055,4,summary,"Search for systems that initiate email drafting proposals, route to multiple reviewers, capture feedback or approval through an embedded interface, and then produce a composite revision interface integrating all suggestions.",1,30,0,0.0,21,ok
2025,12238055,4,keyword,"email-based collaborative review system with interactive feedback fields, approval selectors, multi‑reviewer workflow, automated revision interface generation, concurrent suggestion display, and content revision management.",1,25,0,0.0,21,ok
2025,12238055,4,function,"Search for systems that receive a review request from an email account, generate an email containing proposed content plus feedback and approval fields, send to multiple reviewers, collect their responses, and produce a revision interface combining suggestions for subsequent approval.",1,40,0,0.0,26,ok
2025,12316271,1,summary,"Solar panel support structure featuring a top and bottom bearing surface, a transverse edge that creates a hold‑down slot, side edges bearing alternating protrusions that interlock with a weatherproof covering, providing secure enclosure of the panel module.",1,38,0,0.0,26,ok
2025,12316271,1,keyword,"Search for prior art of PV module frames featuring top and bottom support arms, side and transverse edges forming a holding pocket, weatherproof coatings, and interlaced protrusions on opposing edge surfaces for secure mounting within a cavity.",1,37,0,0.0,26,ok
2025,12316271,1,function,"Search for solar panel mounting frames featuring a top‑bottom support arrangement, side edges forming a cavity and a protruding bearing surface in a weather‑proof enclosure that holds and secures a photovoltaic module.",1,34,0,0.0,22,ok
2025,12264580,6,summary,"Search for methods combining thermal camera images of oil rigs with neural‑network processing to autonomously detect pipeline or floor leaks and issue alerts, emphasizing automated image analysis, leak‑likelihood output, and environmental change flagging.",1,35,0,0.0,26,ok
2025,12264580,6,keyword,"search: thermal camera neural network detection of petroleum gas leaks on wellhead pipelines or rig floors, outputting leak probability and ambient condition shift indicators.",1,24,0,0.0,18,ok
2025,12264580,6,function,"Method for detecting gas leaks in oil production sites by acquiring thermal camera images and applying a trained neural network to identify leak locations on pipelines or rig floors, then issuing alerts about leak presence and potential ambient condition changes.",1,40,0,0.0,29,ok
2025,12420242,23,summary,"membrane‑based liquid mixture separation employing staged adsorption/desorption and stirring, targeting extraction of a target organic from a two‑organic plus solvent mixture to yield vapor permeate, with retentate recirculated to a reservoir.",1,34,0,0.0,23,ok
2025,12420242,23,keyword,"Search for patent disclosures of a stirred membrane separation system using a polyvinyl acetate membrane that extracts thiophene from a heptane–water mixture, with a retentate loop and a vapor recovery line, including feed lines and a reservoir.",3,38,1,0.043478260869565216,23,failed_constraints
2025,12420242,23,function,"Search for a separation system where a reservoir feeds a mixture into a stirred chamber; a selective membrane absorbs a specific organic component at one periphery, retaining the other component and solvent, then desorbs the absorbed part as vapor into a downstream chamber, with retentate returned to the reservoir.",2,49,0,0.0,28,ok
2025,12261256,8,summary,"Search for a device with tapered epitaxial stack that emits light perpendicularly, uses a backside reflector to redirect light through a transparent substrate for automotive display, enabling rapid switching and simple fabrication.",2,32,0,0.0,21,ok
2025,12261256,8,keyword,"Searching for patent disclosures of a tapered stacked p–n heterojunction LED with a centrally positioned quantum‑well active zone, atop a mirror layer for transverse light emission, designed on a semi‑transparent substrate for automotive display architectures.",3,38,0,0.0,24,ok
2025,12261256,8,function,"Transparent substrate LEDs featuring tapered pillar stacks and integrated back mirrors redirect transverse emission through the substrate, enabling high‑speed switching, simple fabrication, and compact automotive display modules for efficient lighting and visual indication.",2,34,0,0.0,27,ok
2025,12240782,20,summary,"Yellow glass element with 53‑66% SiO2, 9‑18% Al₂O₃, 0‑15% B₂O₃, 0‑3% TiO₂+CeO₂, 8‑16% Li₂O+Na₂O, ion‑treated to produce a 250‑µm‑6‑mm thick, highly compressive, translucent, robust housing for display assemblies.",2,39,0,0.0,25,ok
2025,12240782,20,keyword,"Yellow glass with ion exchange containing SiO2 53‑66%, Al2O3 9‑18%, B2O3 up to 15%, Li2O/Na2O 8‑16%, K2O 0‑5%, CaO 0‑6%, TiO2+CeO2 0.2‑1.5%, compressive stress ≥300 MPa, central tension ≤40 MPa, CIELAB L* 85‑98, a* −4‑0, b* 0.1‑12 for consumer electronics housings.",3,55,1,0.030303030303030304,33,failed_constraints
2025,12240782,20,function,"Patent search for yellow ion‑exchanged glass with SiO2 53‑66 %, Al₂O₃ 9‑18 %, Li₂O+Na₂O ≥8 %, TiO₂+CeO₂ 0.2‑1.5 %, thickness 250‑6000 µm, compression depth ≥30 µm, surface stress ≥300 MPa, central tension ≥40 MPa, L* 85‑98 for consumer device housings.",3,46,0,0.0,32,ok
2025,12401447,3,summary,"Develop a method and apparatus that generate a configurable test payload from a control terminal, transmit across multiple RF channels, process and sample the recovered signals, calculate error vector magnitude versus a reference, and report metrics to the terminal for diagnosing transmitter RF performance.",3,44,1,0.034482758620689655,29,failed_constraints
2025,12401447,3,keyword,"Transmitter RF error vector measurement using multi‑channel test data generation, digitized sampling, power amplification, and comparison to a preset reference, with error reports sent to a control terminal for RF health assessment.",3,33,0,0.0,24,ok
2025,12401447,3,function,"Search for methods enabling a transmitter to generate test traffic based on control terminal parameters, transmit across multiple data channels, convert to analog, amplify, sample, isolate a channel, assess signal deviation relative to a reference, and report to the terminal for RF health monitoring.",2,44,0,0.0,30,ok
2025,12253677,9,summary,"Search for retinal projection systems integrated into near‑eye wearables that use a laser scanner with a movable mirror and a nanostructured reflector on a lens, where a controller selects overlapping irradiation regions based on pupil position.",1,37,0,0.0,22,ok
2025,12253677,9,keyword,"Search for laser‑based retinal display systems using galvanometer scanning mirrors, nanostructured multilayer reflector plates on eyeglass lenses, phase‑gradient metal‑dielectric metasurfaces, and pupil‑position dependent illumination control with overlapping aperture zones.",3,33,0,0.0,27,ok
2025,12253677,9,function,"Search for prior art on retinal image projection using laser scanning mirrors onto nano‑structured lens surfaces that direct light to the retina, with controllers adjusting light‑irradiation regions based on pupil position.",2,33,0,0.0,24,ok
2025,12252679,15,summary,"search for bioreactors with dual-chamber inverted conical design where nutrient media streams through a perforated divider, directing flow, limiting bubbles, and decreasing velocity to suspend cells for cultivation.",2,29,0,0.0,20,ok
2025,12252679,15,keyword,"Search for conical vessel bioreactor employing dual-chamber separation by permeable barrier with aligned pore flow, velocity regulation, bubble exclusion, cell suspension in reduced velocity stream, and nutrient perfusion for microbial or cell culture growth and harvest.",2,37,0,0.0,27,ok
2025,12252679,15,function,"Search for bioreactor methods that use a two‑compartment vessel with a perforated divider to send nutrient fluid through aligned pores, reduce flow velocity toward a cell chamber, suspend cells in low‑speed stream, and selectively harvest grown cells while preventing bubble passage.",1,43,0,0.0,32,ok
2025,12223641,10,summary,"A dual‑processor semiconductor defect inspection system performing an initial low‑bit‑depth, fast detection on a reduced‑resolution image and then re‑examining candidate patches from the original high‑depth image for refined defect analysis.",1,36,0,0.0,26,ok
2025,12223641,10,keyword,"Dual‑stage semiconductor defect inspection using high‑bit image acquisition, first down‑sampled to lower resolution, algorithmic candidate detection on the reduced data, followed by high‑resolution patch extraction and refined detection with a secondary algorithm.",2,36,0,0.0,27,ok
2025,12223641,10,function,"Search for systems that acquire high‑resolution semiconductor images, perform an initial defect detection on a reduced‑bit representation, then use the identified locations to extract high‑definition patches for a second, more precise defect classification algorithm.",2,37,0,0.0,26,ok
2025,12306545,9,summary,"A technique for assessing overlay consistency between two scanning lithography machines by reformatting their stability monitoring data into a unified layout, enabling comparison and computation of cross‑platform matching performance.",1,30,0,0.0,20,ok
2025,12306545,9,keyword,"EUV and DUV lithographic overlay comparison employing recurrent stability monitoring data, reconstructing apparatus‑specific datasets into a shared spatial layout within a hardware‑based computing system for cross‑device performance evaluation.",1,31,0,0.0,24,ok
2025,12306545,9,function,Method to evaluate cross-platform lithography compatibility by translating sensor outputs from separate EUV and DUV machines into a unified spatial framework and comparing them to quantify matching accuracy.,1,29,0,0.0,18,ok
2025,12201464,13,summary,Mobile CT system with gantry positioned above a motor‑driven carriage featuring a support frame of three parallel profile tubes arranged parallel to its travel path.,2,26,0,0.0,18,ok
2025,12201464,13,keyword,"Portable CT scanner featuring a gantry opening for patient accommodation, a motor‑driven carriage moving over a substrate, and a support frame comprising three parallel shaped profile tubes aligned with the carriage’s advancing direction.",3,35,2,0.08333333333333333,24,failed_constraints
2025,12201464,13,function,"Portable CT imaging system with a patient-supporting gantry mounted above a motorized carriage that traverses a platform, the carriage’s support structure containing several spaced parallel profile tubes aligned with the travel direction, facilitating patient positioning and image acquisition.",2,40,0,0.0,28,ok
2025,12388934,2,summary,"Search for a document‑printing device that remotely displays a preview of scanned or certificate images, controlling full or partial visibility according to the logged‑in user’s identity, while ensuring the local console remains unrestricted.",2,36,0,0.0,22,ok
2025,12388934,2,keyword,"Search for an image forming system comprising a scanner or printer engine, controller, memory, user interface, and communication interface, where the controller authenticates users, selects first or second display mode, and transmits data so a remote device shows a full or partially masked preview of certificates or ID cards.",2,49,0,0.0,33,ok
2025,12388934,2,function,"Search for image‑forming printers or scanners that, via a communication link, receive user credentials, select a display mode, and transmit remote screen data that either fully reproduces or partially restricts preview images of legal documents or ID cards.",1,39,0,0.0,27,ok
2025,12292313,10,summary,"Method and device for optical position encoding that embeds an LED in a molded housing exposing a selectively coated light escape window, which illuminates the scale to improve light distribution while minimizing interference.",1,33,0,0.0,21,ok
2025,12292313,10,keyword,"Optical position encoder integrating a LED emitter within a molded enclosure, providing an exposed output aperture partially coated to form a light window, and illuminating a measuring scale; method for embedding LED into housing with patterned coating.",3,37,1,0.04,25,failed_constraints
2025,12292313,10,function,"Search for methods to fabricate a position‑sensing optical encoder where an LED is molded inside a housing yet its front face is exposed, the face is coated except for selected window areas, and the peripheral LED surfaces are coated, providing illumination of a measurement scale.",2,46,0,0.0,27,ok
2025,12200291,2,summary,"Search for methods that synchronize audio‑video playback over IP by using packet timestamps and measured round‑trip delay to adjust presentation timing, avoiding reliance on transmission latency variability.",2,29,0,0.0,21,ok
2025,12200291,2,keyword,"Search for prior art on IP packet receivers that multiplex transport data packets, using dual time‑stamp fields from the sender’s system clock to adjust media presentation timing based on measured network propagation delay, ensuring synchronized playback over IP networks.",3,41,1,0.03225806451612903,31,failed_constraints
2025,12200291,2,function,search for devices or methods that adjust media playback timing by measuring network delay and using two time‑of‑day metadata fields in a transport stream packet to synchronize rendering.,1,30,0,0.0,19,ok
2025,12345319,31,summary,"Search for gear assemblies with a housing, rotatable pinion and crown gear shafts, where the pinion can slide axially to adjust mesh play through a displaceable flange, enabling precise pivot flank compliance.",2,32,0,0.0,22,ok
2025,12345319,31,keyword,"Search for gear assemblies with a housing, a rotatable pinion axle and gear wheel, where the pinion and wheel engage by gears with adjustable axial clearance achieved by a sliding flange and longitudinal tolerances within the housing, enabling play control.",2,40,0,0.0,24,ok
2025,12345319,31,function,"Search for gear assemblies that allow a pinion to move laterally for adjustable flank play while keeping the gear body fixed, enabling precision control of transmission torque distribution under variable load conditions.",2,32,0,0.0,23,ok
2025,12391432,25,summary,"Search for a liquid or particulate containment system featuring adjacent containers that interlock via a bracket with a flattop base and dual lock‑arms fitting recessed housings on the container bases, enabling secure, gasketless sealing and easy assembly.",1,38,0,0.0,25,ok
2025,12391432,25,keyword,"Search for liquid or particulate containment devices using juxtaposed collection vessels attached by a bracket with a flattened base and twin locking projections that insert into matching indented grooves on each vessel’s support base, including top through‑bore features.",1,40,0,0.0,27,ok
2025,12391432,25,function,"Search for modular containment assemblies featuring interlocking brackets with two protruding locking legs engaging complementary groove‑housed recesses on adjacent liquid or particulate container bases, enabling tight, stackable sealing and controlled containment of fluids or powders.",1,36,0,0.0,27,ok
2025,12310914,13,summary,"Mechanically induced selective afferent activation via a spring‑coiled implant placed near target nerves, reducing pain in patients by converting bodily movement into targeted neural stimulation without requiring electrical currents or repeated invasive procedures.",2,34,0,0.0,27,ok
2025,12310914,13,keyword,mechanically generate action potentials in peripheral Ia and Ib afferent nerve fibers using a percutaneously implanted flexible open‑coiled helical lead that converts motion into neural stimulation without electrical pulses for chronic pain relief.,3,34,7,0.2692307692307692,26,failed_constraints
2025,12310914,13,function,"Search for implantable, open‑coiled helical leads that transmit mechanical energy from bodily movement to stimulate target afferent nerves (Type Ia/Ib) without electrical stimulation, enabling pain relief while sparing non‑target nerve fibers.",3,34,3,0.10714285714285714,28,failed_constraints
2025,12373456,6,summary,"Search for methods enabling server‑side aggregation across multiple collections in a distributed NoSQL document store, optimizing staged lookup operations that first process one collection, then filter a second, ultimately building a composite result set without manual application joins.",2,39,0,0.0,31,ok
2025,12373456,6,keyword,"Distributed NoSQL aggregation pipeline using multi-stage lookup across separate document collections, optimizing server-side join emulation, staged aggregation with intermediate results, unstructured document schemas, and output structure construction in non-relational databases.",3,33,1,0.03571428571428571,28,failed_constraints
2025,12373456,6,function,"Search for systems that perform multi‑stage aggregation across separate document collections in a distributed, non‑relational database, enabling server‑side joins and optimized lookup operations to generate combined reports from unstructured data.",3,33,3,0.125,24,failed_constraints
2025,12288426,2,summary,"software system for vehicle maintenance that displays a menu of inspection tasks, automatically activates a sensor and illumination when a battery fluid level check is chosen, and captures an image of the battery during inspection.",1,35,0,0.0,20,ok
2025,12288426,2,keyword,"Software‑driven automotive diagnostic platform employing a touchscreen selection menu for diagnostic tasks, with automatic triggering of illumination and imaging devices to assess battery electrolyte levels, including image capture and visual lighting activation.",2,33,0,0.0,24,ok
2025,12288426,2,function,"Search for vehicle inspection systems that use a touchscreen to select diagnostic items, then automatically activate associated hardware—such as a light and camera—to capture battery fluid level while displaying results, enabling real‑time visual inspection without manual manipulation.",1,40,0,0.0,30,ok
2025,12316939,2,summary,"How can an LCD-like element be mounted to a camera to provide programmable light attenuation synchronized with lens aperture, focusing, zoom, or meter readings, enabling automatic adjustment of transmission depth based on stored calibration curves?",2,36,0,0.0,25,ok
2025,12316939,2,keyword,"Search for a variable‑optical‑density display assembly integrated with a camera system, featuring a liquid crystal light‑attenuation panel, programmable controller, memory of calibrated transmittance settings synced to lens aperture stops, focus distances, zoom ratios, and meter exposure readings.",2,40,0,0.0,30,ok
2025,12316939,2,function,"Search for an adjustable optical attenuator that can be mounted in front of a camera lens, synchronously responding to changes in aperture, focus distance, zoom, and exposure meter, updating its transmission level accordingly.",2,33,0,0.0,20,ok
2025,12413763,2,summary,"How can a transmission system encode 3D spatial points using a hierarchical tree and generate progressive detail levels by selecting nearest points per node, transmitting this compact representation, and decode it back with tree‑based reconstruction?",3,36,0,0.0,26,ok
2025,12413763,2,keyword,"Search patents concerning point‑cloud encoding with octree‑based geometry, attribute data LOD generation, sampling of nearest node center points, and bitstream transmission including sampling method metadata, and corresponding decoding and device implementations.",1,33,0,0.0,26,ok
2025,12413763,2,function,"Search for methods and devices that encode point‑cloud geometry and attributes with octrees, generate levels‑of‑detail by sampling the closest point to a node’s center, and send or receive compressed streams containing geometry, attribute, and LOD‑generation data for reconstruction.",3,43,1,0.038461538461538464,26,failed_constraints
2025,12279392,2,summary,"Search for a bracket‑attached electronic controller using dual housings with interleaved flanges and sealed grooves, featuring a protruding element that integrates into the sealing cavity and a secondary groove near the exterior to improve seal retention and attachment quality.",1,40,0,0.0,25,ok
2025,12279392,2,keyword,"Search for electronic control units integrated onto brackets featuring dual housings with overlapping flanges, groove‑filled sealing material, protrusion anchoring, and outer‑proximal groove design to reduce material outflow and bracket mis‑attachment.",3,33,1,0.038461538461538464,26,failed_constraints
2025,12279392,2,function,"Search for electronic control apparatus that prevents leakage of sealing material during attachment to a bracket by employing overlapping flanges, groove-contained sealant, and protrusion embedded in the sealant to secure the bracket and reduce attachment failure.",2,37,0,0.0,23,ok
2025,12350560,33,summary,Search for golf club designs with adjustable internal front weight that changes COG upward via pivoted shaft and spring mechanism.,2,20,0,0.0,14,ok
2025,12350560,33,keyword,"Prior art golf club with a hollow head cavity, internal cage framework, pivoted shaft assembly, spring‑biased adjustable weight movable along the cage to alter the club head’s center of gravity, including face and crown for balance tuning.",3,39,1,0.03571428571428571,28,failed_constraints
2025,12350560,33,function,"golf club with an interior adjustable weight that can be vertically shifted to raise the club head’s center of gravity, comprising a pivotable housing, a shaft, a cage, and a spring bias, enabling dynamic CG positioning for performance adjustment.",1,40,0,0.0,24,ok
2025,12331376,20,summary,"Search for a magnetic steel sheet employing a composition with silicon, aluminium and minor alloying elements, processed by specific hot‑rolling reduction and high‑temperature anneals to maintain a recrystallization ratio below 92 %, a 0° strength ≥2.0 Mpa, and an angular strength difference ≤2.0 Mpa.",2,47,0,0.0,28,ok
2025,12331376,20,keyword,"low-carbon silicon‑aluminum steel sheet produced by hot‑rolling, annealing, cold‑rolling with ≥10 % final reduction and ≤620 °C coiling; recrystallization area ratio ≤92 %, tensile C≥2.0 GPa, C–D≤2.0 GPa, φ₂ = 45° ODF central layer.",3,40,1,0.038461538461538464,26,failed_constraints
2025,12331376,20,function,"Search for methods fabricating non‑oriented electrical steel sheets with silicon‑aluminum alloying, limited impurities, controlled hot‑rolling reduction and finish‑annealing that keep recrystallization under ~92 % while delivering ≥ 2 % strength at 0° and ≤ 2 % strength difference from 20° orientation.",3,40,3,0.10714285714285714,28,failed_constraints
2025,12387319,6,summary,"Deep learning acne locator: image processing by a fine‑tuned single‑layer YOLO CNN for pixel‑wise detection, classification, and bounding‑box annotation of acne types, counting, and visual overlays to guide personalized skincare recommendations.",1,35,0,0.0,26,ok
2025,12387319,6,keyword,"Deep learning system for detecting and annotating facial blemishes, using a fine‑tuned YOLO single‑layer detector to generate bounding‑box tensors and class probabilities for various lesion types in front‑view or profile skin photographs, with post‑processing to remove duplicate detections and visualization overlays.",2,46,0,0.0,33,ok
2025,12387319,6,function,"Searching for systems that use deep learning to automatically detect, localize and count facial acne lesions, producing bounding boxes and severity classifications, filtering duplicate detections, and generating visual overlays with treatment recommendations based on lesion type and distribution.",2,38,0,0.0,27,ok
2025,12326824,6,summary,"Search for systems that serially arbitrate multiple incoming interrupt requests to a target device, selecting one and using hierarchical lookup tables to generate a Message Signaled Interrupt (MSI) for the device.",3,31,6,0.3,20,failed_constraints
2025,12326824,6,keyword,"Identify PCIe host architectures featuring a serial arbiter that chooses among multiple peripheral interrupt signals, then assembles an MSI interrupt packet via a hierarchical set of lookup tables stored in dedicated memory arrays.",2,33,0,0.0,25,ok
2025,12326824,6,function,"Search for systems that serially arbitrate multiple incoming interrupts to a target device, selecting one and converting it into a message‑signaled interrupt using hierarchical linked lookup tables for MSI generation.",3,31,2,0.1,20,failed_constraints
2025,12431623,3,summary,"A wireless device that stacks a second dual‑band phased array on a separate plane, overlapped onto the first array’s elements and parasitic elements, using tighter spacing to boost shared‑aperture efficiency and reduce interference.",1,36,0,0.0,24,ok
2025,12431623,3,keyword,"Search patents on dual‑band antenna systems with two phased array layers on a shared support, parasitic elements on the lower layer, reduced spacing in the higher‑frequency array, and vertical element alignment above active or parasitic units.",2,38,0,0.0,26,ok
2025,12431623,3,function,"Search for systems that employ a common support with a first set of active elements on one plane and a second set on an adjacent plane, each set spaced differently, using parasitic elements on the first plane to boost dual‑band phased‑array efficiency and signal coupling.",1,47,0,0.0,30,ok
2025,12216672,6,summary,"Search for systems enabling a central controller to dispatch capture jobs to a fleet of mobile nodes, collect each node’s output with metadata, and then generate a dynamic priority policy for transmitting that content back to the originator.",1,39,0,0.0,23,ok
2025,12216672,6,keyword,"Search prior art for distributed content capture systems where a client device issues a query with a target identifier to multiple edge networks, deploys a task executable on each network's resources, aggregates captured media with metadata, and assigns dynamic priority-based transmission policies.",2,44,0,0.0,30,ok
2025,12216672,6,function,"Search for a distributed mobile network system that receives a client query for specific content, programs capture tasks for each node, transmits the tasks, retrieves captured content with metadata, and dynamically assigns transmission priorities per instance to optimize delivery.",1,39,0,0.0,27,ok
2025,12207215,4,summary,"Searching for techniques that adjust a reference signal transmission time in wireless devices by computing a compensation offset from timing advance and downlink reception intervals, allowing periodic updates when timing differences exceed a threshold for accurate positioning.",1,37,0,0.0,24,ok
2025,12207215,4,keyword,Search for inventions that adjust reference signal release using timing advance and link‑delay compensation for positioning services in cellular networks.,2,21,0,0.0,14,ok
2025,12207215,4,function,"Search for wireless UE methods that obtain a positioning reference time, compute a compensation value from uplink timing advance plus downlink reception, adjust transmission of a reference signal, and update the reference time when the offset exceeds a preset threshold.",1,40,0,0.0,26,ok
2025,12340950,1,summary,"A high‑stability dielectric stack achieves sub‑5 µm lamination alignment between adjacent electrode layers, maintaining ≥90 % internal‑to‑external connection ratios at mid and edge sections, with a ratio variance under 10 % to limit capacitance variance.",2,37,0,0.0,26,ok
2025,12340950,1,keyword,"Search for a stacked ceramic capacitor having adjacent inner electrode stacks offset less than 5 µm along the stacking axis, with more than 90 % of middle‑section electrodes bonded to external terminations and end‑section electrodes bonded similarly, while the difference between segment bonding ratios is below 10 %.",2,48,0,0.0,34,ok
2025,12340950,1,function,"Search for high‑reliability capacitive devices employing precise electrode alignment and central‑layer connectivity ratios, with positional variance below 5 µm to achieve reduced leakage and improved capacitance stability.",2,29,0,0.0,20,ok
2025,12272886,3,summary,"Search for differential dipole antenna with two metal elements of unequal shapes or dimensions connected to separate transmission lines, each bearing a circular slot of distinct size, possibly integrated on a variable offset daughter board.",2,35,0,0.0,24,ok
2025,12272886,3,keyword,"Search for a differential‑line antenna employing first and second metal conductors of different shapes/sizes, each featuring a unique circular slot, integrated on a daughter board with an offset IC package and linked to a mother board.",3,38,0,0.0,24,ok
2025,12272886,3,function,"Search for differential‑line antennas enabling asymmetrical dipole patterns via unequal metal resonators with variably‑sized circular slots, integrated on multiple planes, allowing offset daughterboards for diverse IC packages.",1,29,0,0.0,23,ok
2025,12357590,16,summary,"Identify prior art on orally administered 2‑aminoindan salt derivatives, such as methoxy or dimethoxy substituted compounds, used to curb binge alcohol consumption by targeting binge drinking behavior.",1,28,0,0.0,20,ok
2025,12357590,16,keyword,"Search for indane-based 2‑amino compounds featuring methoxy at 5 or 5,6 positions, optionally N‑propylamino groups, used as oral liquid drugs for binge alcohol consumption, including their salt formulations and pharmacological evaluations.",3,35,0,0.0,21,ok
2025,12357590,16,function,"Search for small-molecule treatments that reduce binge drinking behaviors by altering central nervous system receptor activity, focusing on indane-based compounds with nitrogen substitutions, oral liquid dosage forms, and salt formulations for therapeutic administration.",2,35,0,0.0,26,ok
2025,12418388,2,summary,"Search for systems enabling simultaneous upstream/downstream data transmission on a shared frequency band, employing non‑reciprocal coupling elements such as circulators and feed‑forward cancellation techniques to isolate opposite‑direction signals, while using delayed processing of the forward signal to suppress self‑interference.",3,44,2,0.06060606060606061,33,failed_constraints
2025,12418388,2,keyword,"search for network communication systems employing directional diversity on a shared frequency band, using circulators or non‑reciprocal couplers for unidirectional flow and feed‑forward cancellation of uplink/downlink interference, with delayed downstream replicas to isolate upstream signals.",2,38,0,0.0,27,ok
2025,12418388,2,function,"Search patent prior art on devices that enable simultaneous bidirectional data communication over the same frequency band by employing directional diversity, non‑reciprocal couplers like circulators, and time‑delayed signal conditioning to cancel upstream‑downstream interference.",3,36,0,0.0,28,ok
2025,12272882,3,summary,"Search for a compact directional antenna featuring a dual-band active element and a reflector with a parallel LC resonator tuned to the higher band, where the reflector’s effective length equals half a wavelength of the lower band, as used in communication modules.",2,44,0,0.0,25,ok
2025,12272882,3,keyword,Search for dual‑band directional antennas using a two‑element active radiator where a reflector of ≈λ/2 for the primary band contains an integrated parallel LC resonator tuned to the secondary band while remaining reflector sections stay <λ/2 at the second band.,3,44,1,0.038461538461538464,26,failed_constraints
2025,12272882,3,function,"directional antenna with dual‑band active element, reflector contains a parallel capacitive‑inductive resonant circuit tuned to the second band, reflector electrically equivalent to approximately half wavelength at the first band, enabling a communication device with reduced antenna size and dual‑band operation.",3,43,1,0.03225806451612903,31,failed_constraints
2025,12260497,6,summary,"Method for managing virtual space capacity in a metaverse, monitoring avatar occupancy, comparing it to a fill threshold, and generating an additional instance of the space when the threshold is exceeded.",2,31,0,0.0,16,ok
2025,12260497,6,keyword,"Search for methods and systems that dynamically create duplicate virtual environments when the number of avatars surpasses a set occupancy threshold, based on real-time monitoring of entry/exit and capacity estimation in a multi-user networked virtual world.",3,39,1,0.04,25,failed_constraints
2025,12260497,6,function,"Methods and systems for evaluating a virtual environment's required capacity, tracking participant counts, comparing with a pre-set occupancy limit, and spawning additional identical spaces when the limit is exceeded to allow further join requests.",2,36,0,0.0,23,ok
2025,12350906,21,summary,"Search for dual‑pane glazing or laminate that incorporates a metal‑conductive layer and a red‑orange wavelength absorbing nanoparticle layer, bonded with a thermoplastic interlayer for improved optical filtering and electrical shielding.",1,33,0,0.0,21,ok
2025,12350906,21,keyword,"laminated automotive windshield comprising a front and back pane joined by a thermoplastic interlayer, conductive‑coated surface, and a 580‑750 nm selectively absorbing nanoparticle layer for optical tinting and electrical functionality.",1,32,0,0.0,22,ok
2025,12350906,21,function,"Search for glazing technologies that combine a conductive film with embedded nanoparticles absorbing light between 580 and 750 nm, using a thermoplastic bonding layer to link outer and inner panes, enabling electronic control of solar heat and light transmission while maintaining structural integrity.",1,43,0,0.0,31,ok
2025,12307339,6,summary,"Searching prior art for a personalized educational training system that authenticates a learner via biometric data captured by an external sensor, uses computer‑vision to detect the learner’s emotional state, and trains a model to generate input modifications customized to that learner.",1,43,0,0.0,27,ok
2025,12307339,6,keyword,"Search for systems that use biometric sensors to capture facial expressions, authenticate users via facial recognition, apply computer vision emotion classifiers, then train personalized educational AI models on correlated expression–output pairs to generate dynamic input modifiers.",1,37,0,0.0,30,ok
2025,12307339,6,function,"Query the technical details of a system that captures biometric data from a user, authenticates the user through that data, uses computer vision to infer the user's emotional state, generates paired educational training examples, trains an adaptive learning model, and outputs input modifications.",2,44,0,0.0,29,ok
2025,12389386,4,summary,"A UE method to interpret a two‑bit control flag in sidelink scheduling data, classify the transmission as one of three modes, and relay the modal identifier from the physical to the MAC layer.",2,34,0,0.0,19,ok
2025,12389386,4,keyword,"Search for UE method receiving sidelink control info (SCI) containing a 2‑bit cast flag, deriving the broadcast/groupcast/unicast mode of a scheduled PSSCH, and signaling the selected cast type to the MAC layer in a 5G sidelink PHY.",3,40,3,0.11538461538461539,26,failed_constraints
2025,12389386,4,function,"Method enabling a user device to receive transmission scheduling bits, determine if the scheduled sidelink transmission targets a single node, a group or all, and convey the result to the physical layer for MAC processing.",2,35,0,0.0,21,ok
2025,12389980,34,summary,"Search for a reusable boot modification device that features a heel‑mounted baseplate with a tapered channel and a matching tapered projection on detachable inserts, forming a dovetail joint; secured by a rotating buckle strap that applies tension and can be released for quick insert changes.",2,46,0,0.0,28,ok
2025,12389980,34,keyword,"“High‑strength polymer boot attachment with modular heel baseplate, tapered insert channel, matching wedge‑shaped projection on removable insert, forming an interlocking wedge interface; strap‑buckle mechanism that rotates, snaps to secure and release tension, enabling intuitive change‑out of inserts for adaptive boot modes.”",2,45,0,0.0,35,ok
2025,12389980,34,function,"Search for a boot accessory featuring a heel‑mounted buckle strap and a tapered insert channel that forms a dovetail joint, enabling secure, intuitive attachment of interchangeable inserts via a rotating snap mechanism and tension release for easy removal.",2,39,0,0.0,26,ok
2025,12198028,6,summary,"Search for systems that use chatbot‑based questionnaires to gather user habit data, then apply machine learning to refine a personalized monitoring strategy based on feedback and correlation analysis.",2,29,0,0.0,20,ok
2025,12198028,6,keyword,"Apparatus comprising processor and memory for collecting habit‑based user data via interactive chatbot, processing queries, training a neural network model with input‑output node layers and adaptive weight updates, incorporating user‑feedback to refine monitoring strategy, and rendering responses on a display.",2,43,0,0.0,32,ok
2025,12198028,6,function,"Describe prior art for a device that gathers user habit data via a chatbot, creates situational location profiles, processes user queries, and iteratively refines a location‑based monitoring strategy using feedback‑driven artificial intelligence, then displays tailored responses.",2,38,0,0.0,30,ok
2025,12408140,4,summary,"Efficient downlink data delivery for mobile terminals via integrated paging messages containing scheduling and data‑present indicators in the DCI, enabling receivers to pre‑locate resources and consume power only when data is expected.",1,34,0,0.0,24,ok
2025,12408140,4,keyword,"Paging messages that embed an indication field for targeted small data bursts, allowing user equipment to compute resource‑block positions from scheduling bits and retrieve the payload efficiently, thereby lowering idle listening and increasing link utilization in cellular networks.",2,39,0,0.0,28,ok
2025,12408140,4,function,"Efficient terminal data reception using paging control information that includes scheduling and indicator bits for pending downlink data, allowing determination of precise time‑frequency slots, minimizing resource use, and lowering device power consumption.",1,33,0,0.0,26,ok
2025,12248026,10,summary,"Develop a method to determine power‑dependent impedance of an energized load by superimposing AC tones, excluding distortion windows, and automatically adapting device operating parameters after frequent distortion detection.",2,29,0,0.0,21,ok
2025,12248026,10,keyword,"Device with processors, memory, and a signal generator that superimposes AC on supply output, calculates impedance excluding distortion periods, and if the number of exclusions exceeds a threshold, an auxiliary controller automatically reconfigures the load device’s operating parameters.",3,39,0,0.0,24,ok
2025,12248026,10,function,"system for measuring load‑source impedance under supplied power: inject AC tone, exclude distortion periods, recompute impedance, and when exclusions exceed threshold, auto‑adjust device operating parameters.",1,27,0,0.0,22,ok
2025,12295154,8,summary,"Design of a GaN‑based wide bandgap transistor with stacked p‑type layers serving as gates, distinct source/drain ohmic contacts, metal plate interconnects, and dielectric isolation, enabling the active GaN region to be exposed for radiation characteristic testing.",1,39,0,0.0,27,ok
2025,12295154,8,keyword,"Search for wide bandgap semiconductor irradiation test devices featuring a gallium nitride architecture with stacked p‑type GaN active layers, metal plate‑spaced substrate, source/drain ohmic contacts at varying separations, gate electrode with lead wire, interconnection metallization, and dielectric isolation covering top metal interconnects.",3,45,1,0.027777777777777776,36,failed_constraints
2025,12295154,8,function,"Search for gallium nitride test assemblies that expose the active layer, use spaced metal electrodes, stack p‑type layers above the channel, connect gate and source/drain contacts at different separations, and isolate contacts with dielectric for irradiation characterization.",2,39,0,0.0,27,ok
2025,12415604,32,summary,"Aircraft baggage holder uses a flexible panel pushed inward by adjustable elastic straps anchored to a rear wall and shelf, creating an expandable pocket that securely holds manuals and accessories while allowing easy access.",1,34,0,0.0,24,ok
2025,12415604,32,keyword,"Search for aircraft cabin storage system comprising an aft vertical retaining wall, a forward‑extending fixed shelf with raised lip, a flexibly biased folding panel, and tensioned elastic straps anchored to wall and shelf for adjustable containment of manuals and small equipment.",3,42,0,0.0,29,ok
2025,12415604,32,function,"Search for aircraft interior storage devices using elastic straps that tension a biased panel against a wall to create an adjustable recessed compartment for securing items, with upper and lower anchors forming a removable panel that allows easy insertion and removal of luggage or manuals.",1,45,0,0.0,29,ok
2025,12397223,33,summary,"Search prior art for a playing card set where each card embeds a unique identification string and the set supplies a shorter combined identity code assembled from subsequences of each card’s string, used with a reading device to verify card order during dealing.",3,44,1,0.034482758620689655,29,failed_constraints
2025,12397223,33,keyword,"Search for playing cards with embedded unique identification codes read by a dealing shoe, using a processing unit to decrypt, extract character subsets, and compare against a pre‑printed group sequence for error detection.",2,34,0,0.0,23,ok
2025,12397223,33,function,"Search for automated card dealing systems that embed character-based identity codes on each card, extract a subset of each code, compare to a master set identifier for sequence validation and mismatch detection.",1,33,0,0.0,22,ok
2025,12371088,32,summary,"A golf cart design featuring an upper and lower frame linked via a connecting‑rod system that synchronizes pivoting of the front and rear wheels and the handlebar, enabling compact, foldable configuration controlled by a lockable joint and elastic elements.",2,40,0,0.0,25,ok
2025,12371088,32,keyword,"Search for a golf cart with a handlebar control assembly linked to an upper and lower chassis via a locking pivot, a rear-wheel pair fixed at the stern, a front-wheel unit driven by a sliding lever-reinforced connecting rod system, and elastic bands for synchronized folding of the chassis and steering.",3,53,0,0.0,32,failed_constraints
2025,12371088,32,function,"Search for foldable golf carts where the upper frame pivots to fold the front and rear wheels through rigid connecting rods, enabling the handlebar to also fold via a lockable hinge, with elastic elements assisting the folding motion.",1,38,0,0.0,25,ok
2025,12303326,13,summary,"Identify desired cross‑sectional planes inside a 3‑D ultrasound volume by training a machine‑learning model to select voxels aligned with a target plane orientation and position, and then reconstruct those planes for dimensional measurement.",1,36,0,0.0,23,ok
2025,12303326,13,keyword,"Machine learning guided extraction of a predetermined plane from 3‑D ultrasound volumes, voxel selection by learned orientation, post‑planar alignment, and dimensional measurement of anatomical structures.",1,27,0,0.0,17,ok
2025,12303326,13,function,"How can a machine-learning model be used to locate a predefined anatomical plane within a 3‑D ultrasound volume by extracting intersection points from multiple 2‑D scan slices, enabling automated anatomical measurements and spatial mapping?",1,37,0,0.0,23,ok
2025,12314797,3,summary,"Search for a card mounting accessory comprising a dual-slot frame, an identifier area with a partial filler to obstruct complete recognition, and integration with a compatible electronic base, ensuring partial occlusion of the identifier region while maintaining alignment with the base.",2,42,0,0.0,26,ok
2025,12314797,3,keyword,"Search for a card‑retaining accessory featuring dual mounting cavities, an identifier zone, a distinct filler component for the secondary cavity, material differentiation between filler surface and cavity base, and integration with a corresponding device base.",2,36,0,0.0,24,ok
2025,12314797,3,function,"single-card containment device with dual-slot base, internal filler in one slot, identifier zone across holder and filler, material differentiation to limit identifier formation, paired with matching card substrate.",3,30,0,0.0,23,ok
2025,12368417,5,summary,"Search for front‑end integrated circuits that share a single amplifier across multiple frequency bands and employ selectable impedance networks in parallel to the output for dynamic tuning of impedance, gain, and bias to optimize DC power versus RF performance.",2,40,0,0.0,27,ok
2025,12368417,5,keyword,"Search for IC front‑end modules employing a single LNA across multiple frequency bands with parallel switched impedance networks for dynamic impedance matching, gain tuning, bias optimization, and RF power‑efficiency trade‑offs.",1,33,0,0.0,26,ok
2025,12368417,5,function,"Search for front‑end ICs with a single amplification stage adaptable across multiple frequency bands via selectable impedance networks, permitting real‑time tuning of input/output matching, gain, and bias for power‑performance optimization.",2,34,0,0.0,26,ok
2025,12417887,3,summary,"Compact integrated button design where an inner functional unit is recessed into an outer casing with matching side edges for precise alignment, allowing electrical connectivity via a flexible circuit and attachment to the device frame.",1,35,0,0.0,22,ok
2025,12417887,3,keyword,"Search for compact integrated button designs where an inner button’s functional part is embedded within the outer button shell, matching width and side walls, with the inner button mounted on the outer back face and linked via a flexible PCB to the device’s middle frame.",1,47,0,0.0,29,ok
2025,12417887,3,function,"search for buttons where an inner functional unit is assembled into an outer housing, the outer shell has a press area and a rear mounting face, the inner unit is flush to the outer boundaries, enabling compact, ergonomic tactile operation and direct electrical connection to a circuit board.",2,48,0,0.0,28,ok
2025,12189131,9,summary,"Search for wearable device frames that enable adjustable temple positioning via a rotational joint integrated with a mounting sleeve, using a rod‑shaped connector and threaded screw system for secure attachment, improving comfort and customization without compromising structural integrity.",2,39,0,0.0,28,ok
2025,12189131,9,keyword,"Search for wearable device frame structures featuring a temple, fixed and rotating brackets, a mounting bracket, a sequential rod‑shaped connecting member assembly, optical and threaded mounting holes, and body‑structure attachment mechanics.",3,33,2,0.08333333333333333,24,failed_constraints
2025,12189131,9,function,"Search for wearable accessories featuring a frame body with a rotatably linked temple and a mounting bracket that attaches to the device's body, using a rotating assembly to allow adjustable orientation and secure fastener insertion through optical and threaded holes.",2,41,0,0.0,25,ok
2025,12312285,29,summary,"Develop a restoration approach for saline‑alkaline tropical farmlands that employs perpendicular trapezoidal ridges, plants salt‑harvesting crops on the ridges, a salt‑excreting species in the furrows, and uses natural rainfall to flush and harvest excess salts.",2,38,0,0.0,25,ok
2025,12312285,29,keyword,"search for technologies that use trapezoidal ridge irrigation structures on saline‑alkaline coastal soils, employing salt‑excreting halophyte species in furrows, with natural precipitation flushing, and dual‑function ridge/furrow designs for soil salinity reduction.",2,35,0,0.0,26,ok
2025,12312285,29,function,"search for methods that use trapezoidal double‑ridge earthworks perpendicular to coastlines to irrigate and extract salts from saline‑alkaline agricultural soils by guiding runoff through furrows planted with salt‑excreting vegetation, enabling combined salt removal and soil restoration in tropical coastal zones.",2,43,0,0.0,31,ok
2025,12330332,20,summary,"3‑dimensional additive manufacturing of calcium‑carbonate cement that stays in the vaterite form during extrusion and undergoes pressure‑controlled transformation to aragonite or calcite upon curing, using a feed‑controlled print head and in‑line CO₂‑activated calcium solution synthesis.",2,41,0,0.0,28,ok
2025,12330332,20,keyword,"Search for 3‑D cement printer employing a reactive vaterite slurry, pressure‑controlled feeding head, 10–1,000 psi chamber at 20–300 °C, limestone calcination, aqueous N‑salt dissolution, CO₂ carbonation, and aragonite/calcite conversion during cure.",3,38,1,0.037037037037037035,27,failed_constraints
2025,12330332,20,function,"Search for methods and equipment that deliver a reactive vaterite cement feed to a 3D printer, maintain controlled pressurization and temperature to preserve vaterite, and enable in‑process or post‑curing conversion to aragonite or calcite for structural application.",3,39,2,0.08695652173913043,23,failed_constraints
2025,12257690,26,summary,"Search for apparatus that uses multiple arms with moving carriers, controlled by a biasing element that engages one arm only when a carrier is in a particular orientation, disengaging when the carrier moves to an alternate configuration.",2,37,0,0.0,20,ok
2025,12257690,26,keyword,"Search patents for an apparatus comprising two manipulatable arms, each mounted with a movable shuttle, and a biasing mechanism that applies force to one arm when the shuttles align, but releases the arm when the shuttles are misaligned.",2,38,0,0.0,21,ok
2025,12257690,26,function,"searching for mechanical linkages where an actuator arm engages or disengages a locking bias element contingent on the relative alignment of shuttles or cam surfaces, enabling controlled arm biasing that is active only when a shuttle reaches a designated position.",1,40,0,0.0,24,ok
2025,12408627,29,summary,"Search for hand‑held pet grooming device that switches between a grooming blade mode and a massaging mode by flexing a deformable body with rigid wings, where blade engagement depends on the hand's posture.",1,35,0,0.0,21,ok
2025,12408627,29,keyword,"hand-operated adjustable grooming device transitions between grooming and massage modes; deformable silicone body with stiffer metal wings; blade attachment released by user’s palm; flexible mount allows pivot, spacing blade during massage; interchangeable parts and locking hinges.",3,38,1,0.03225806451612903,31,failed_constraints
2025,12408627,29,function,"hand‑held pet grooming device that switches between a grooming blade and a massage mode when the user flexes the device’s deformable body, using contrasting material stiffness for wing members to retract the blade during a second, shorter-hand position.",1,41,0,0.0,27,ok
2025,12272342,34,summary,"Search for audio effect devices that dynamically interpolate between multiple filter coefficient groups based on envelope ratios, retaining the intermediate state to use as a new starting point when a new target is specified, allowing smooth, continuous filter transitions in synthesizers or effects units.",2,44,0,0.0,30,ok
2025,12272342,34,keyword,"search for digitally implemented variable-response filter with coefficient-set interpolation controlled by envelope signals, where the control logic preserves the previous coefficient set while transitioning between a defined start and end set, enabling smooth dynamic filtering in synthesizer audio processors.",2,41,0,0.0,30,ok
2025,12272342,34,function,"variable coefficient group filter with envelope‑controlled interpolation between start and end coefficient sets, retaining intermediate group, enabling smooth dynamic filtering of audio signals in real‑time music synthesis.",3,29,0,0.0,23,ok
2025,12320668,12,summary,"System for monitoring aircraft positions and weather at airports, comparing flight movements and conditions with airport map attributes such as thresholds, runway widths, and aircraft classifications, to assess and correct map accuracy.",1,32,0,0.0,21,ok
2025,12320668,12,keyword,"System using position receivers to track aircraft at airports, a weather determination subsystem, and a processor-based control unit that monitors aircraft motion and weather, compares these with map attributes including wingspan and classification numbers to assess and update airport map accuracy.",1,42,0,0.0,29,ok
2025,12320668,12,function,"How to use aircraft position data and weather conditions to assess and correct airport map accuracy by comparing real‑time flight movement with map attributes such as runways, obstacles, and aircraft classification?",1,32,0,0.0,22,ok
2025,12313816,9,summary,Search for a multi‑packet interferometric reflective‑reduction coating on a substrate that uses alternating sub‑layer thicknesses and refractive index gradients to minimise hue change while keeping chroma variation below 16 over a 0°–30° viewing angle for blue or green‑colored reflections.,1,44,0,0.0,31,ok
2025,12313816,9,keyword,"Search for optical substrates coated with a multi‑layer anti‑reflection stack comprising at least four alternating high‑index and low‑index dielectric sub‑layers of differing optical thickness, achieving a stable residual blue or green reflected color with ≤15° hue change and chroma ≤16 across 0°–30° viewing angles.",2,50,0,0.0,37,ok
2025,12313816,9,function,"interferometric anti‑reflection multilayer stack with alternating sub‑layers of differing optical thickness and higher refractive index closer to the substrate, providing low‑chromatic residual color whose hue variation stays below 15° while chroma ≤16 across 0°‑30° viewing angles for blue or green reflective surfaces.",1,46,0,0.0,36,ok
2025,12294973,4,summary,"How to enable mobile devices in a non‑idle, partially connected state to detect voice‑related notifications from core servers, relay an indicator to application layers, and promptly establish full connection for voice access.",2,34,0,0.0,23,ok
2025,12294973,4,keyword,"User equipment receiving core-net initiated paging in a non‑active RRC mode, forwarding voice‑service indication to higher layers, then triggering a handover or connection setup with the originating base station while monitoring a secondary network for paging, employing a transceiver, memory, and control processor.",3,46,0,0.0,33,ok
2025,12294973,4,function,"Search for methods where a user device in a special low‑power radio control inactive mode receives a core‑network paging that signals voice call intent, passes paging data to higher layers, and triggers a new call session with the network, differing from idle state behavior.",3,46,0,0.0,31,ok
2025,12205106,7,summary,"A system enabling secure distributed‑ledger foreign‑exchange trades for spaceborne devices that intermittently lose network contact, by temporarily recording deals on a side‑chain with smart contracts and reconciling balances when connectivity is restored.",1,35,0,0.0,23,ok
2025,12205106,7,keyword,"Search for satellite‑based commerce methods where one aerial unit discerns service incapability, identifies a second unit, exchanges capability data, negotiates terms, and settles via electronic wallet transfers on a distributed ledger, potentially using side‑chain mechanisms during network outages.",2,40,0,0.0,32,ok
2025,12205106,7,function,"Search for mechanisms that enable a satellite or spaceborne device to autonomously assess its service capability, locate another device, negotiate a transaction rate, and execute a payment via an electronic wallet on a distributed ledger, even when offline, by logging the transaction on a side chain.",2,46,0,0.0,27,ok
2025,12235067,29,summary,"Search for a gravity‑fed projectile loading system that uses a stationary center‑plate with a through‑hole, an annular ring partitioned into compartments that rotates around the center to feed one projectile into a retractable bucket, and an indexing arm that advances the ring after each launch.",1,48,0,0.0,29,ok
2025,12235067,29,keyword,"Search for gravity‑fed projectile magazines featuring a fixed base plate, a centrally aligned aperture, a radially partitioned rotatable ring, and an indexing arm that engages flanges during bucket retraction.",2,30,0,0.0,21,ok
2025,12235067,29,function,"Describe a gravity‑fed projectile magazine with a fixed plate and a rotatable ring containing compartmented blades, where a retractable bucket receives a projectile and an indexing arm cycles the next round into position after each launch, enabling automated successive firing.",3,41,2,0.07407407407407407,27,failed_constraints
2025,12417584,6,summary,"Deep learning approach that constructs 3D voxel models of objects by inferring pixel placements from multiple 2D images, utilizing a hierarchical resolution map and neural network inference.",1,27,0,0.0,19,ok
2025,12417584,6,keyword,"Search for technologies producing multiresolution voxel maps of objects from multiple 2D photographs and applying deep neural networks to derive 3D shapes, referencing pixel location to voxel coordinates, multiscale image fusion, and 3D scene inference methods.",1,36,0,0.0,27,ok
2025,12417584,6,function,"Neural‑network based 3‑D reconstruction system that generates a multi‑resolution voxel map from multiple 2‑D images and infers volumetric object representations, enabling depth synthesis from several viewpoints.",1,30,0,0.0,19,ok
2025,12265514,6,summary,"Query for prior art on a system that sorts partially unordered numeric datasets by applying incremental offset adjustments or placing non‑sequential elements into separate processing streams, leveraging the resulting order to generate metadata for efficient data retrieval and set intersection without fully sorting the data.",1,46,0,0.0,32,ok
2025,12265514,6,keyword,Offset‑enhanced streaming sort algorithm for partially unsorted numeric datasets leveraging dynamic offset adjustment and summary metadata to expedite retrieval and intersection operations in memory‑centric computing systems.,1,28,0,0.0,21,ok
2025,12265514,6,function,"Search for methods that offset modify unsorted numeric values to emulate sorted order, using dynamic offset values and optional secondary streams for out‑of‑order elements, while generating summary metadata to enable selective loading of subsets during queries for specific values.",3,41,1,0.03333333333333333,30,failed_constraints
2025,12248858,6,summary,"Generate synthetic data for incumbent and candidate decision models, compare performance and fairness metrics, compute a composite score, provide explanatory evidence, and let users replace the original model through an interface.",3,31,0,0.0,22,ok
2025,12248858,6,keyword,"Search for methods generating synthetic validation sets via resampling to compute performance and fairness metrics for incumbent vs. candidate models, producing a disparity‑mitigating viability score and evidential rationale displayed in a GUI that supports replacement of the original algorithmic decision engine.",2,42,0,0.0,29,ok
2025,12248858,6,function,"Search for systems that compute performance and fairness metrics on resampled synthetic datasets, generate a viability score to rank candidate models for replacement of an existing model, and display evidence and scores in a GUI allowing user-selection, producing a new disparity‑reducing model.",2,44,0,0.0,28,ok
2025,12267716,4,summary,"Method enabling a mobile device to request from a base station a set of interference measurement configurations each tagged with approximate co‑located beam data, measure interference on those resources, and return a concise report selecting key metrics and tagging the most suitable beam.",1,44,0,0.0,30,ok
2025,12267716,4,keyword,"Find prior art on methods where a victim terminal receives a configuration from a base station detailing diverse sensing opportunities, identifies contextual co-location data per opportunity, measures interference characteristics, and sends a reduced‑size report containing selected metrics and beam‑specific location tags, particularly for the strongest beam.",2,49,0,0.0,36,ok
2025,12267716,4,function,"wireless device receives from access point a configuration of interference‑reporting resources identified with proximity‑based beam indices, measures interference on those resources, then sends a summary of metrics and beam identifiers back to the access point for link quality optimization.",2,41,0,0.0,28,ok
2025,12365117,29,summary,"Search for a modular positive mold system using magnetic connectors to assemble reusable blocks, generating a negative mold to encase wiring into a protective overmold, aided by a design interface and mold library.",3,33,2,0.09523809523809523,21,failed_constraints
2025,12365117,29,keyword,"Search prior art for an overmolding apparatus generating vehicle wiring harnesses using reusable positive segment molds with magnetic connectors and plug sections, forming a composite mold that accepts harness and injects overmolding resin.",2,33,0,0.0,24,ok
2025,12365117,29,function,"Search for a process that builds interchangeable modular positive molds with magnetic snap connectors, generates negative mold tools for assembling cable harnesses, then injects overmolding material, enabled by a design interface, database of modules, and automated assembly visualization.",3,38,3,0.1111111111111111,27,failed_constraints
2025,12391591,24,summary,"Real‑time water‑quality monitoring in steel‑making plants using sensor arrays to compute scale‑saturation indices, and automated dosing of specialized anti‑scale additives guided by these indices to prevent calcium‑based scale buildup in cooling circuits.",1,38,0,0.0,29,ok
2025,12391591,24,keyword,"Real‑time monitoring of cooling water chemistry with distributed sensors, computing Langelier‑related saturation and Ryznar stability metrics, and dynamically dosing phosphonic and acrylic polymer scale inhibitors in steelmaking plants to suppress calcium‑carbonate scaling.",2,35,0,0.0,26,ok
2025,12391591,24,function,"Real‑time cooling water system for metal smelting that continuously monitors water parameters, computes scaling propensity indicators, and automatically injects selected scale‑inhibiting chemicals to suppress scale formation and maintain coolant performance.",2,32,0,0.0,25,ok
2025,12267311,4,summary,"A secure reset management system that limits attempts to change user connection settings by validating proposed values, incrementing a counter on failed validations, terminating trials after a threshold, and notifying the user of unauthorized change attempts.",1,36,0,0.0,24,ok
2025,12267311,4,keyword,"Systems that manage multi‑user credential resets with trial‑bounded validation, where a reset tool gathers new values, validation service repudiates entries, trial counters are tolled, and on limit breach denial messages are sent plus user alerts.",3,37,0,0.0,27,ok
2025,12267311,4,function,"Method for limiting secure credential reset operations by issuing a series of provisional attempts, each requiring user‑provided new values, verifying against an external authority, incrementing a failure counter, and blocking further attempts, notifying the requester, and alerting the owner after a threshold.",3,43,0,0.0,30,ok
2025,12322128,2,summary,"How can two consecutive images taken with a single moving light from opposite sides of a shared axis be processed by calculating intensity gradients per pixel, detecting stereo‑inconsistent pixels, and then reconstructing a high‑quality surface geometry while discarding those invalid locations?",1,43,0,0.0,32,ok
2025,12322128,2,keyword,"Search for methods employing dual-directional illumination along a common light axis with equal elevation angles, capturing isolated‑LED images, computing spatial intensity gradients to detect pixels violating reflectance assumptions, and generating surface normal maps from the derived gradients.",2,39,0,0.0,30,ok
2025,12322128,2,function,"Search for techniques that capture two images of a surface from opposite lighting directions, compute local intensity gradients to flag inconsistent pixels, and reconstruct surface geometry using only valid pixels from the gradient analysis.",2,34,0,0.0,23,ok
2025,12328076,32,summary,"Search for bidirectional DC–DC converter using two switching stages with differing voltage ratings, where a wheel rotation detection unit decides when the vehicle is idling to control switching between converter input and EV battery for efficient charge conversion.",3,39,2,0.07407407407407407,27,failed_constraints
2025,12328076,32,keyword,"Search for a two‑way voltage converter for electric vehicles that includes a high‑voltage MOSFET section, a lower‑voltage switch section, wheel‑rotation sensors, idling detection logic, and a control unit that modulates switching based on wheel speed to shift energy between battery and DC bus.",2,47,0,0.0,33,ok
2025,12328076,32,function,"Search for two‑state DC power exchange electronics that sense wheel rotational speed to detect idling, then selectively control high‑voltage versus low‑voltage switching elements within a vehicle power system to convert external supply voltage to on‑board regenerative output or vice versa.",2,44,0,0.0,34,ok
2025,12318099,13,summary,"How to use a steerable catheter featuring distinct aspiration and irrigation ports to selectively flush and vacuum kidney stones, with variable flow patterns and shielding to isolate debris during passage through the urinary tract?",2,34,0,0.0,23,ok
2025,12318099,13,keyword,"steerable urethral catheter with dual‑lumen construction featuring a larger‑diameter aspiration aperture and multiple irrigating orifices, variable irrigation flow rates, suction control, and optional shielding to facilitate targeted renal stone extraction from calyces.",1,34,0,0.0,26,ok
2025,12318099,13,function,"Search for steerable ureteral catheters integrating vacuum and irrigation lumens for kidney stone extraction, featuring adjustable irrigation flow rates, larger aspiration ports than irrigation ports, and programmed aspiration‑irrigation sequences to dislodge and remove renal calculi.",1,36,0,0.0,28,ok
2025,12264564,35,summary,"Is there prior art describing an in‑situ hydrogen recovery system that pre‑heats a petroleum reservoir, injects oxygen to combust hydrocarbons, generates heat, steam, and CO, and drives gasification, steam‑reforming, water‑gas shift, and aquathermolysis reactions to produce hydrogen‑rich gas?",3,43,2,0.06451612903225806,31,failed_constraints
2025,12264564,35,keyword,"Search for prior art on inducing in‑situ combustion in hydrocarbon reservoirs by injecting an oxidizer to create heat, CO, and steam, enabling gasification, steam‑reforming, water‑gas shift, or thermolysis of formation water, with a pre‑heat stage, depletion chamber, soak window, and hydrogen‑rich production.",3,47,3,0.09375,32,failed_constraints
2025,12264564,35,function,"In‑situ reservoir hydrogen generation by preheating with injection fluid, creating a depletion zone, then injecting oxygen to combust hydrocarbons, yielding heat, steam, CO; sustaining gasification, steam reforming, water‑gas shift, and aquathermolysis reactions; subsequent production of hydrogen‑rich gas.",3,40,2,0.06451612903225806,31,failed_constraints
2025,12274450,13,summary,"Search for methods employing a catheter system that automatically adjusts and continuously infuses contrast and hyperosmotic solutions, using real‑time sensors to maintain angiographic vessel filling during interventional procedures, with alternating flow rate determinations to sustain opacification and induce targeted vessel dehydration.",3,42,0,0.0,31,ok
2025,12274450,13,keyword,"Search for endovascular catheter systems utilizing a pump controller and flow‑rate sensors to continuously deliver contrast dye and hyperosmolar solution, achieving sequential angiographic filling and progressive target vessel dehydration during intravascular imaging procedures.",1,34,0,0.0,26,ok
2025,12274450,13,function,"Search for catheter-based techniques that automatically regulate flow of a radiopaque agent and a hyperosmotic fluid to achieve sequential angiographic filling and subsequent vessel dehydration, using sensor feedback and controller adjustments.",2,32,0,0.0,21,ok
2025,12292065,31,summary,"Search for inventive blind fasteners featuring a monolithic sleeve with a proximal structural section, a distal threaded section, and an intermediate softened notch that bulges under axial pull to clamp two structures together without access to the opposite side.",1,39,0,0.0,26,ok
2025,12292065,31,keyword,"Search for a monolithic blind sleeve featuring a tubular shank with a proximal structural zone, a distal threaded section, and a softened notched segment that buckles to create a compression bulge, clamped onto a through‑bore using a tool bearing and countersunk head.",3,43,2,0.07407407407407407,27,failed_constraints
2025,12292065,31,function,"Search for clamp devices that use a monolithic tubular member with a proximal structural section, a distal threaded section, and an internal notch that forms a compression bulb to lock a first and second structure together using a tool with a counter‑sink bearing.",2,44,0,0.0,26,ok
2025,12409917,32,summary,"Underwater vehicle docking control using sonar imaging and deep neural network controllers for depth and horizontal alignment, employing state vectors of vehicle kinematics and docking geometry, with custom reward functions to accelerate convergence and maintain sensor field of view, reducing failure.",3,41,0,0.0,30,ok
2025,12409917,32,keyword,"Seek prior art on underwater autonomous vehicle docking using acoustic imaging sonar, neural‑network reinforced control for depth error, pitch, roll, and linear/angular velocities, with state‑vector based cost functions penalizing path deviation, bearing angle errors, rudder limits, and multi‑mode docking states.",2,44,0,0.0,37,ok
2025,12409917,32,function,"sonar‑imaged underwater vehicle docking system employing reinforcement‑learning trained depth‑tracking and horizontal‑plane controllers to minimize depth and heading errors while maintaining feature visibility within the sonar field, improving docking success rates.",3,34,0,0.0,28,ok
2025,12312869,35,summary,"Search for a modular drilling system that permits a compact secondary bit to slide onto a primary bit within a wellbore, creating an integrated cutting assembly to simplify directional drilling.",1,30,0,0.0,19,ok
2025,12312869,35,keyword,"search for a sliding‑coupled drilling system featuring a conduit with a detachable smaller bit module bearing cutting blades and a larger sliding head that engages the module downhole to form a unified cutter, used with a whipstock and fluid port access.",2,42,0,0.0,26,ok
2025,12312869,35,function,"Search for a dual-component drilling assembly where a smaller cutting head slides onto a larger drilling unit within a borehole, combined to form a single enlarged bit, enabling removable coupling to a whipstock and fluid delivery for efficient wellbore construction.",2,41,0,0.0,27,ok
2025,12273031,1,summary,Searching for a constant‑time dual‑mode DC‑DC converter that uses separate ramp generators based on input and output voltage ratios to control an inductor’s source and drain switching for precise buck‑boost conversion without traditional PWM gating.,3,40,0,0.0,28,ok
2025,12273031,1,keyword,"Search for a constant‑time buck‑boost switching converter employing an inductor with terminal switching between input‑voltage/ground and output‑voltage/ground, using dual ramp (buck and boost) modulation linked to output‑related feedback and proportional voltage ratios.",3,39,7,0.2413793103448276,29,failed_constraints
2025,12273031,1,function,"Search for a converter using separate inductor ends for buck and boost, with modulation control creating two ramps whose average equals a set ratio of output voltage, bounds linked to input voltage times the same ratio, and ramps compared to feedback error to dictate switching.",2,45,0,0.0,31,ok
2025,12374174,6,summary,"Vehicle fault prediction via neural network trained on historical driving sensor records paired with fault codes, creating labeled image representations of multimodal time‑series segments preceding errors, synthesizing them and inputting to the network for proactive failure detection.",1,38,0,0.0,28,ok
2025,12374174,6,keyword,"vehicular diagnostic prediction using collected driving telemetry and DTCs, neural network trained on time‑series sensor data, image‑based synthesis of multiple vehicle parameters, real‑time data acquisition, predictive maintenance, engine speed, throttle angle, fuel flow, temperature, tire pressure.",1,39,0,0.0,34,ok
2025,12374174,6,function,"Collect vehicle telemetry streams and fault codes while driving, extract preceding time windows for each fault, generate labeled image representations of multi‑parameter time series, and train a deep learning model to forecast impending vehicle failures before symptom onset.",2,39,0,0.0,31,ok
2025,12332048,10,summary,"Compact handheld digital tape measure featuring a rotating drum, radial display screen for step‑by‑step body‑part measurement guidance, touch input, and real‑time processing within a sub‑10 cm² case.",1,32,0,0.0,25,ok
2025,12332048,10,keyword,"Search for a digitally controlled body measurement tape featuring a rotatable drum, radial‑azimuthal housing ≤100 mm, touch‑sensitive display that acts as input and output, shows graphic guidance for positioning on body parts, and processes user instructions.",2,38,0,0.0,27,ok
2025,12332048,10,function,"Electronic body‑part measuring tape with rotatable drum, integrated read‑out, data processing, and touch‑screen display that instructs user placement and outputs measurements.",1,24,0,0.0,18,ok
2025,12259846,6,summary,"sequentially linked computing units that process signals, each equipped with a delay network and a selectable level‑extension stage to adjust duty cycles, allowing dynamic signal reconstruction over serial links.",1,30,0,0.0,22,ok
2025,12259846,6,keyword,"Serially coupled computing circuits with internal signal processing modules, each featuring a delay block comprising multiple delay elements, selectable level‑extension stages adjusting duty cycles, and an output stage for transmitting extended waveforms in a serial network communication system.",2,39,0,0.0,30,ok
2025,12259846,6,function,"Searching for integrated communication modules that process serial signals, apply a programmable delaying network, then perform selective level extension to modify duty cycle before transmitting the extended outputs—used in modular computing systems.",2,33,0,0.0,25,ok
2025,12328669,4,summary,"Find patents on a wireless device that autonomously determines low‑energy periods in its downlink spectrum, identifies repeated idle slots without external coordination, and then enters brief low‑power states during those inferred quiescent intervals.",1,35,0,0.0,27,ok
2025,12328669,4,keyword,"Search for autonomous low-power operation of a remote terminal in a distributed wireless network that detects extended periods of weak downlink activity without control signaling, computes time slots based on energy thresholds and recurrence analysis, and switches to a low‑power state.",2,43,0,0.0,29,ok
2025,12328669,4,function,Devices or methods for autonomously detecting idle periods in wireless downlink resources and reducing energy consumption of remote units without external control signals in a distributed communications system.,3,28,2,0.10526315789473684,19,failed_constraints
2025,12257594,23,summary,"multi‑component spray gun featuring a sliding mix chamber that uses axial displacement and side seals to selectively connect two inlet bores via a keyed projection and slot, enabling fluidic coupling and uncoupling while maintaining seal integrity.",1,37,0,0.0,28,ok
2025,12257594,23,keyword,"Search for spray gun systems with axially movable mix chamber, dual inlet bores, keying slot projection, ramp contacting side seals, axial shift in cartridge bore, and spray orifice.",3,28,0,0.0,22,ok
2025,12257594,23,function,"mobile mix chamber for a dual‑component spray gun that slides within the bore, using a ramp to shift side seals and widen the gap between them, enabling separate inlet streams, with a keyed interface featuring a projection and slip‑slot for precise positioning.",2,44,0,0.0,28,ok
2025,12280894,32,summary,"Search for a satellite antenna system that uses mechanical energy storage connectors at the edges of square modules, where each module houses power generation on one face and radiating elements on the opposite, deploying into a seamless planar array without electric actuation.",1,42,0,0.0,27,ok
2025,12280894,32,keyword,"Square‑shaped, self‑deploying antenna array featuring integrated solar cells, where spring‑tape stored‑energy connectors release mechanically—without electrical actuation—to join adjacent assemblies into a gap‑free planar surface composed of first‑ and second‑layer antenna elements.",3,39,1,0.03225806451612903,31,failed_constraints
2025,12280894,32,function,"search for deployable space antenna panels using stored‑energy spring connectors that fold flat and self‑expand, integrating photovoltaic cells with radio elements in contiguous square modules, deploying without electrical power and maintaining gap‑free planar geometry.",2,37,0,0.0,29,ok
2025,12253973,6,summary,"Search system using AI that splits documents into contextual sections, produces embeddings and relational embeddings, then feeds a query embedding to a neural language engine to retrieve relevant snippets and deliver them to the user device.",2,36,0,0.0,23,ok
2025,12253973,6,keyword,"Search for systems that apply AI-based information retrieval by segmenting documents into contextual passages, generating embeddings for each passage, mapping relationships between passages, persisting embeddings in a vector store, encoding query embeddings, and using a neural language engine to retrieve relevant passage sets.",2,44,0,0.0,32,ok
2025,12253973,6,function,"Search AI system that extracts context sections from documents, maps each to vector embeddings, stores in a similarity index, builds relationship‑aware embeddings between sections, sends query embeddings to a language model, receives relevant sections, and delivers them to the user device.",3,42,0,0.0,29,ok
2025,12239352,13,summary,"Develop a technique for precisely placing a neural electrode inside the skull by measuring the distance between a target and a multipiece introducer, guiding the electrode through an instrument arm and anchor bolt, ceasing insertion at the exact reach, then detaching the guide for final connection.",1,46,0,0.0,28,ok
2025,12239352,13,keyword,"Methods for guiding neural electrodes into skull cavities using multi‑segment cannulas, robotic arm holders, anchor bolts, and length‑controlled insertion: measuring target distance, feeding electrode to a predetermined length, detaching cannula parts, and advancing the proximal electrode connector through an oversized guide.",2,43,0,0.0,33,ok
2025,12239352,13,function,"Searching for systems that allow precise, length‑controlled insertion of intracranial electrodes using a segmented cannula and robotic arm, featuring real‑time distance matching, controlled advancement, anchor bolt stabilization, separable cannula segments, and oversized electrode connectors exiting the guide for secure fixation.",1,42,0,0.0,32,ok
2025,12286808,35,summary,"Search for submerged floor‑cleaning vehicle featuring an internal chamber with suction port, integrated suction motor, and detachable roller brush driven by a motor via a connecting arm, designed to push debris toward suction for efficient underwater debris removal.",3,39,0,0.0,28,ok
2025,12286808,35,keyword,"Search for underwater robotic vacuum systems featuring a central chassis housing a suction actuator, a rotary cleaning brush driven by a motor, a detachable brush clamp, a suction opening at the bottom, and an internal chamber that synchronously pulls debris into a suction port.",2,44,0,0.0,27,ok
2025,12286808,35,function,search for devices that integrate internal suction with a rotating brush system to transfer debris into a suction port for automated underwater waste removal.,2,24,0,0.0,14,ok
2025,12238638,4,summary,"Search for methods and systems that use a network element to decide a mobile device's access to a slice based on whether regional or overall service limits are exceeded, evaluating current location usage before allowing entry.",1,37,0,0.0,23,ok
2025,12238638,4,keyword,"Search for prior art on network slice access control mechanisms that evaluate regional service consumption limits and overall slice capacity thresholds before permitting endpoint devices to connect, using a node that receives access requests and enforces per‑region limits.",2,39,0,0.0,29,ok
2025,12238638,4,function,"How can a controller evaluate a terminal’s request for access to a multi-region network slice, deciding eligibility by comparing regional usage against a regional quota and total slice usage against a global quota?",2,35,0,0.0,23,ok
2025,12332800,6,summary,"Data storage unit permits device access to a memory region storing mapping data, with version tags; the host sends commands containing mapping and signature, which the controller cross‑references with cached mapping to perform operations without re‑reading the region.",2,40,0,0.0,28,ok
2025,12332800,6,keyword,"Search for prior art on storage systems that expose a transparent memory zone with a translation table to host controllers, where the host sends read commands bundled with a version‑encoded map reference; the controller cross‑verifies the map signature against a cached copy before executing use of the map.",2,50,0,0.0,32,ok
2025,12332800,6,function,"How can a storage controller grant a host access to a memory buffer holding a mapping table, let the host embed mapping data and a version signature in commands, compare that signature to a cached version, fetch mapping from the cache on mismatch, and execute the command without buffer access?",1,50,0,0.0,31,ok
2025,12337828,32,summary,"Remote autonomous vehicle parking system enabling user‑selected pre‑registered stalls despite movable obstacles, using vehicle‑terminal wireless communication, route‑obstacle detection, on‑board prompts for driver exit, terminal notifications for obstacle removal, and adaptive braking to avoid collision.",1,39,0,0.0,32,ok
2025,12337828,32,keyword,"Wireless vehicle control system where a vehicle and an independent user terminal communicate to autonomously drive to a stored parking spot, detecting movable obstacles, prompting user via in‑vehicle display to exit, instructing obstacle removal, and activating braking when collision risk is high.",3,43,0,0.0,29,ok
2025,12337828,32,function,"Search for systems enabling remote autonomous driving to a user‑selected parking spot that detect movable obstacles, allow designating the spot, prompt occupant exit and obstacle removal via vehicle display, then navigate or stop to avoid collision.",1,37,0,0.0,27,ok
2025,12278504,1,summary,"Search for a wireless power delivery architecture that uses a receiver to send data back to the transmitter by modulating the ongoing power signal with short load‑modulation chip sequences, where the transmitter decodes symbols by correlating received chips with stored reference patterns synchronized to the power carrier.",2,48,0,0.0,30,ok
2025,12278504,1,keyword,"Search for patents on inductive wireless power transfer systems featuring a transmitter‑coil output stage and drive circuit, and a communicator that demodulates load‑modulated chip sequences representing data symbols using a correlator and memory of pattern templates, with sampling synchronized to the power carrier.",3,45,1,0.03333333333333333,30,failed_constraints
2025,12278504,1,function,"search prior art for wireless energy delivery using carrier‑load modulation for bi‑directional data, where the transmitter receives load‑modulated chip patterns, stores reference templates, correlates them to decode symbols, and synchronizes sampling to the carrier.",2,37,0,0.0,26,ok
2025,12342281,32,summary,"A method enabling passive vehicle entry and start by first using a BLE wake‑up signal to activate a Bluetooth transmitter, then switching to a UWB transceiver that performs a challenge‑response for proximity verification before disabling both.",1,38,0,0.0,25,ok
2025,12342281,32,keyword,"Identify prior art of vehicles that employ a BLE wake‑up receiver to activate a portable device’s UWB module for challenge‑response proximity authentication and key‑less unlocking via BLE‑UWB cross‑sensing, highlighting multi‑protocol transceiver coordination.",2,39,0,0.0,29,ok
2025,12342281,32,function,"Methods for passive vehicle entry and start that use a low‑power receiver to capture a wake‑up signal, then activate a dual‑protocol transceiver chain—first BLE, then UWB—to exchange challenge‑response messages for proximity‑based authorization, followed by deactivation.",1,42,0,0.0,30,ok
2025,12312360,14,summary,"Identify compounds featuring a pyrimidine scaffold with N‑heterocyclic functionalities that selectively inhibit CDK2 to treat hyperproliferative disorders, emphasizing unique substitution patterns enhancing therapeutic activity.",3,25,0,0.0,18,ok
2025,12312360,14,keyword,"Search for selective CDK2 inhibitors based on pyrimidine N‑heterocycles bearing diverse heteroaryl, halogen, cyano, sulfone, carbamoyl, or amide substituents, with pharmacologically relevant salts or formulations, aimed at treating abnormal cellular proliferation disorders such as cancers or fibrotic diseases.",3,39,2,0.07142857142857142,28,failed_constraints
2025,12312360,14,function,"search for small‑molecule pyrimidine N‑heterocycle inhibitors selectively targeting CDK2 to arrest abnormal cell proliferation, focusing on pharmacologically acceptable salts and therapeutic compositions for cancer and dysplastic disorders.",1,29,0,0.0,20,ok
2025,12319614,20,summary,"Fire‑rated glazing produced by selecting a thick clear float‑annealed sheet, ensuring edge perfection, subjecting it to high‑temperature tempering and controlled cooling, then validating integrity via hose‑stream testing under NFPA standards.",3,34,2,0.07407407407407407,27,failed_constraints
2025,12319614,20,keyword,"Search for fire‑rated insulated glass panels produced from thick (≥19 mm) clear glass, thermally tempered between 600–670 °C for 800–840 s, edge‑prepared free of defects, and validated by NFPA 257 compliance, retaining whole‑panel integrity under water‑jet fire exposure.",2,44,0,0.0,34,ok
2025,12319614,20,function,"Method to manufacture high‑temperature resistant glazing by selecting ≥19 mm clear float‑annealed glass, ensuring defect‑free edges, tempering at ≥575 °C for ≥750 s, cooling, then confirming sheet integrity under a high‑pressure water jet test per NFPA standards.",3,41,2,0.0625,32,failed_constraints
2025,12323522,4,summary,Search for methods that use natural language processing to quantify sensitive content in backup files and dynamically choose an encryption algorithm based on calculated sensitivity scores.,3,26,1,0.058823529411764705,17,failed_constraints
2025,12323522,4,keyword,"Search for patents covering methods that monitor event streams for modified records, queue changes, apply a text‑analysis module to detect sensitive fields, compute an overall risk score, select an appropriate encryption algorithm from a predefined array based on the score, and encrypt those fields before backup to secure storage.",2,50,0,0.0,35,ok
2025,12323522,4,function,"Find prior art on methods that analyze data objects using NLP to compute sensitivity scores, then select and apply an appropriate encryption algorithm for backing up encrypted private information, where encryption choice depends on computed cumulative risk metrics.",3,38,0,0.0,28,ok
2025,12427701,29,summary,"Search for a vehicle interior trim panel that uses a compression‑formed fiber composite bonded to an injection‑molded resin border around the panel edge for added stiffness, providing a rigid composite surface with integrated ancillary molded features.",3,38,2,0.07692307692307693,26,failed_constraints
2025,12427701,29,keyword,"Composite vehicle interior trim featuring a fiber‑reinforced substrate bonded with a molded resin margin that encloses the panel edge, providing structural strength for components such as floor consoles, headliners, or sun visors.",2,33,0,0.0,23,ok
2025,12427701,29,function,"vehicle interior composite panel combining a fiber-reinforced substrate with an injection-molded resin border around the edge to provide structural rigidity, bonding by resin, used in consoles, panels, headliners.",3,30,1,0.047619047619047616,21,failed_constraints
2025,12397464,26,summary,"Search for patents on a horizontal‑bed processing machine mounting system that employs a piston‑driven clamping jaw with a fixed attachment point and swivel joint, allowing easy loading/unloading powered by a closing spring.",2,35,0,0.0,23,ok
2025,12397464,26,keyword,"Locate prior art on mounting assemblies for tooling boards in flat bed cutting machinery employing movable clamping jaws operated by a piston‑rod actuator, linked through a fixed attachment point and swivel joint, with a retractable closing spring, counter‑jaw adjustment, and removable frame mounting.",2,45,0,0.0,33,ok
2025,12397464,26,function,"Search for clamping mounts for tooling panels in flat bed machine using piston‑actuated jaw, swivel attachment, spring bias, and adjustable positioning to secure and release the board.",3,28,0,0.0,19,ok
2025,12420905,32,summary,Search for aircraft flooring elevation devices employing interlocking modular panels with sliding joint edges that can be assembled into polygonal shapes to lift a floor section in an aircraft cabin.,2,30,0,0.0,19,ok
2025,12420905,32,keyword,Search for patent literature covering slidingly connected riser panels with first and second outer edges that can be selectively joined to form polygonal elevating structures for aircraft floor systems.,2,29,0,0.0,20,ok
2025,12420905,32,function,"Search for a reconfigurable panel system that creates adjustable, modular risers to lift cabin flooring above adjacent sections, using interlocking sliding edges to form custom polygonal configurations for aircraft interior assembly or maintenance.",2,33,0,0.0,24,ok
2025,12356307,4,summary,"Search for inventions that use a dedicated multicast address in packet headers to trigger intermediate devices to forward data to multiple nodes, allowing nodes to compute the next hop and send new packets based on that special address.",2,38,0,0.0,24,ok
2025,12356307,4,keyword,"Search for wireless devices where a processor creates a packet addressed to multiple nodes using a multicast-like destination tag distinct from individual node addresses, and a transmitter forwards the packet; includes receivers interpreting that tag to route subsequent packets accordingly.",3,41,0,0.0,27,ok
2025,12356307,4,function,"Looking for prior art on systems where a processor creates a packet addressed to several nodes using a special group address, then determines the target nodes from that address and initiates a follow‑up packet transmission.",2,36,0,0.0,22,ok
2025,12357327,13,summary,"Search for a surgical guide apparatus that employs a concentric ring with protrusions for alignment, an ovular ring with an internal disc for positioning, and an intermediate arm to facilitate drilling and countersinking of a neurostimulator anchoring shelf.",2,38,0,0.0,20,ok
2025,12357327,13,keyword,"Neurosurgical device with dual-ring anchoring: first ring features a circumferential aperture and protrusions; second ovular ring includes a crossing bar and central disc, linked by an arm; method employs protrusion alignment, hole drilling, disc seating, and countersunk shelf formation for electrode lead lock.",2,44,0,0.0,33,ok
2025,12357327,13,function,"Search for surgical guiding instruments that align with surgical markings, facilitate precise circular access and centering, enable drilling of a central opening, then allow placement of a disc anchor before creating a countersunk aperture for deep brain stimulation lead fixation.",3,40,2,0.07142857142857142,28,failed_constraints
2025,12329794,16,summary,"Search for HSV‑1 oncolytic viruses engineered to express only the C‑terminal fragment of γ134.5, enabling selective tumor replication, interferon resistance, and immune activation, especially targeting breast cancer.",1,30,0,0.0,20,ok
2025,12329794,16,keyword,"recombinant HSV‑1 oncolytic agent expressing truncated γ134.5(147‑263) for selective breast cancer replication, immunostimulation, interferon resistance, therapeutic dosing, without wild‑type γ134.5 expression.",1,27,0,0.0,21,ok
2025,12329794,16,function,"Methods employing HSV‑1 vectors that lack full γ134‑5 protein but express its C‑terminal region to selectively replicate within tumors, stimulate immune responses, and resist interferon for breast cancer therapy.",1,32,0,0.0,21,ok
2025,12297968,1,summary,"Search for LED filament designs featuring an elongated carrier with asymmetrically positioned LEDs, a partially translucent encapsulation layer, and a reflective strip of 30‑80 % width, lacking light‑conversion materials, aimed at improving directional output.",1,35,0,0.0,25,ok
2025,12297968,1,keyword,"Search for LED filament designs featuring an elongated carrier with asymmetric light‑transmissive and reflective layers, containing an array of LEDs positioned off‑center along one face, where the reflective width is 30–80 % of the carrier width, and a translucent cladding covers the LED surface.",1,46,0,0.0,30,ok
2025,12297968,1,function,"search for asymmetric LED filament with elongated carrier, where a translucent light‑emitting diode array is covered by a partially transmissive layer and an asymmetrically placed reflective layer, controlling beam shape and light output in decorative illumination devices.",3,38,1,0.04,25,failed_constraints
2025,12360613,6,summary,"Search for head‑mounted virtual reality systems that dynamically lower pointer sensitivity when head and pointing gestures show minimal change, to suppress jitter in virtual ray projections.",1,27,0,0.0,19,ok
2025,12360613,6,keyword,"Head‑mounted display system using inertial sensors to set a virtual gaze direction, project a 3‑D environment onto a 2‑D screen, adjust a handheld pointer’s virtual ray emission angle, and reduce ray sensitivity when both gaze and pointer angular changes stay below preset thresholds.",1,47,0,0.0,32,ok
2025,12360613,6,function,"virtual reality headset projecting 3D scene to a 2D display, mapping head orientation to user gaze direction, and altering controller ray emission angle sensitivity when head and controller angular changes fall below defined threshold limits.",2,35,0,0.0,27,ok
2025,12431314,10,summary,"Describe a safety device for portable foggers that uses end‑placed fusible wires and an optical temperature sensor detecting high‑temperature red light from a vaporization coil, with a control circuit that triggers power cut‑off and modulates current to prevent overheating.",1,42,0,0.0,28,ok
2025,12431314,10,keyword,"battery‑powered fog generator safety system with vaporization coil, fuse wire at coil ends providing Joule heating and thermal conduction, optical temperature sensor using photodiode/CdS photocell detecting red‑band emission, control unit measuring coil current and generating variable‑duty‑cycle square wave.",3,43,3,0.08108108108108109,37,failed_constraints
2025,12431314,10,function,"battery‑operated fog generator safety system using fusible alloy terminals, optical temperature sensor detecting red light from vaporization coil, current‑sensing control unit that disconnects power when temperature surpasses limit, and optional pulsed voltage to mitigate coil instability.",3,38,0,0.0,31,ok
2025,12365932,10,summary,"Automated detection of bacterial susceptibility to antimicrobial agents by comparing initial and later images of an inoculated plate containing antibiotic‑treated zones, using stored growth models to simulate expected inhibition patterns and identifying pixels where actual growth deviates from simulation.",3,40,0,0.0,28,ok
2025,12365932,10,keyword,"Automated antibiotic susceptibility testing with time‑point imaging of agar plates bearing marked antibiotic disks, using stored species, media, drug concentration, and distance‑based growth simulation to compare observed growth zones against predicted inhibition zones.",3,35,1,0.034482758620689655,29,failed_constraints
2025,12365932,10,function,"Automated detection of microbial growth for antibiotic susceptibility assessment by comparing a background image with a subsequent image of a culture plate, extracting pixel growth metrics, referencing stored metadata (plate position, antibiotic type, suspected organism, medium, time), generating simulated growth via model functions, and identifying discrepancies to determine resistance zones.",2,50,0,0.0,38,ok
2025,12278201,8,summary,"Search for designs that bond a stacked gate‑insulation structure to a substrate using a conductive etch‑stop layer, where the interface between top and bottom insulation layers lies midway through the etch‑stop, improving vertical isolation and enabling higher‑density nonvolatile flash memory.",3,44,2,0.06451612903225806,31,failed_constraints
2025,12278201,8,keyword,"flash storage device with stacked gate array, carbon-containing conductive etch stop layer, common source line layer (non-carbon), alternating gate/interlayer dielectric stack, vertical channel structures, dual insulation layers, bonding pad interface, and third insulation covering etch stop layer with I/O via positioned between etch‑stop surfaces.",3,49,6,0.14634146341463414,41,failed_constraints
2025,12278201,8,function,"How can a non‑volatile memory array with a conductive etch‑stop layer and a common source line, stacked alternating gate and dielectric layers, and a vertically offset interface between top and bottom insulating layers, improve cell isolation, reduce parasitic capacitance, and enable higher‑density, low‑leakage I/O connections for 3D memory architectures?",3,54,6,0.15384615384615385,39,failed_constraints
2025,12245070,4,summary,"Search for systems that analyze multiple data streams from a user's app, assign each stream to a QoS class, prioritize transport‑level traffic accordingly, and re‑validate the class after adjusting flow parameters in the network layer.",2,38,0,0.0,25,ok
2025,12245070,4,keyword,"Search for methods and systems that classify user equipment data flows into service levels based on application attributes, then adjust transport layer parameters to meet application‑specific QoS, with validation through flow monitoring and re‑evaluation, in multi‑layer wireless networks.",2,41,0,0.0,30,ok
2025,12245070,4,function,"Find prior art describing techniques for detecting application‑specific data flows in a UE, assigning them to QoS classes from application attributes, re‑ordering traffic based on those classes, and dynamically updating transport‑layer settings while monitoring flow performance.",2,39,0,0.0,29,ok
2025,12198643,2,summary,"Search for methods that adaptively set backlight spot luminance per region based on image data, estimate per-pixel luminance using backlight profile, normalize to the maximum per display area, and correct liquid-crystal pixel values with gamma compensation for improved brightness mapping.",1,42,0,0.0,32,ok
2025,12198643,2,keyword,"Search for prior art on pixel‑level backlight brightness control with matrix‑configured LED backlight, generating per‑pixel luminance estimates, computing maximum luminance per display segment, and applying gamma‑corrected gradation adjustments to LCD pixels based on normalized backlight values.",2,40,0,0.0,32,ok
2025,12198643,2,function,"How can a display controller generate per‑region luminance values from an input image, estimate pixel‑level backlight luminance, normalize by area maxima, and compute per‑pixel gradation so the corrected image spans the full LC range with gamma correction, ensuring co‑controlled backlight and LCD for accurate brightness?",1,49,0,0.0,37,ok
2025,12225372,2,summary,"Method for presenting audio motion on a device’s display while sound is muted, determining active media playback, converting its audio to stereo and surround formats, deriving data from surround mix, and rendering a visual icon.",3,36,0,0.0,23,ok
2025,12225372,2,keyword,"Search prior art for electronic devices with a screen and mute mode, where audio/video playback generates audio effect signals that are converted into stereo and multi‑channel signals, with sound data derived from the multi‑channel output used to synthesize and display a visual icon.",3,46,3,0.10344827586206896,29,failed_constraints
2025,12225372,2,function,"Search for methods or systems that detect playback of audio/video content on a device with a silent mode, transform the audio into multi‑channel data, generate visual feedback based on that data even while the device is muted, and present graphical icons on a screen.",1,46,0,0.0,27,ok
2025,12336639,32,summary,"Search for motor‑driven rocking chairs that use a reversible shaft and electronic controller to alternate forward/backward rocking motions with a programmed pause between each cycle, improving relaxation comfort.",1,30,0,0.0,21,ok
2025,12336639,32,keyword,"Searching prior-technology for a motor‑driven rocking chair employing a shaft that rotates bi‑directionally, coupled to a gear for seat oscillation, whose electronic controller regulates motion to insert a defined pause between forward and reverse rocking cycles, used in ergonomic or therapeutic seating.",1,45,0,0.0,31,ok
2025,12336639,32,function,"Search for devices that use a bidirectional motor coupled through a gear to rock a user-support seat, where a controller imposes a pause between forward and reverse rocking motions to provide a restful rhythm.",1,35,0,0.0,21,ok
2025,12295045,4,summary,"Search prior art on uplink random access and data channels using TDMA where PRACH occupies extreme edge resource blocks and PUSCH occupies a center block, avoiding overlap and reducing contention.",1,30,0,0.0,22,ok
2025,12295045,4,keyword,"UE transceiver sending PRACH and PUSCH within distinct time slots; RO occupies the lowest and highest resource blocks of a frequency band, PO occupies a central resource block, with non‑overlapping scheduling to avoid collision.",2,35,0,0.0,25,ok
2025,12295045,4,function,"Search prior art for user equipment method transmitting a PRACH and PUSCH in separate time slots, where PRACH occasions are time‑spaced and occupy lowest and highest resource blocks, and PUSCH uses a distinct center‑band, with slots interleaved.",2,39,0,0.0,26,ok
2025,12318233,13,summary,"Automated imaging system that uses sensor data to determine patient anatomy and issue reposition signals, automatically configures X‐ray source and detector, sets exposure, captures an image, and applies trained logic to assess diagnostic quality and detect abnormalities.",1,38,0,0.0,27,ok
2025,12318233,13,keyword,"Search for algorithms and systems that use multi‑sensor input to automatically determine patient anatomy, generate positioning guidance for X‑ray machines, configure X‑ray source and digital detector parameters, energize the source, acquire images, and apply trained logic for image quality assessment and abnormality detection.",1,46,0,0.0,32,ok
2025,12318233,13,function,"Search for computer‑controlled X‑ray systems that auto‑detect patient anatomy, determine position via sensors, generate reposition guidance, configure source and detector, set exposure parameters, capture radiographs, and use AI logic to assess image quality and detect abnormalities.",1,39,0,0.0,30,ok
2025,12376558,29,summary,Search for a poultry house ventilation system using wave‑shaped panels and interlocking I‑beam rails designed to form tortuous air pathways that deflect light while permitting controlled airflow.,2,29,0,0.0,21,ok
2025,12376558,29,keyword,"Waveform‑modulated ventilation panels arranged at spacings D create curved airflow channels, enabling controlled airflow velocity V while integrating reflective surfaces that enhance light attenuation; panels are secured by recessed I‑beam rails to maintain structural stability in poultry housing.",2,40,0,0.0,29,ok
2025,12376558,29,function,"Light reduction system for poultry houses using modular panel arrays with corrugated waveforms that create angled light‑deflecting surfaces and curved airflow pathways, enhancing ventilation resistance while lowering visible light penetration, installed via interlocking rail brackets.",1,36,0,0.0,30,ok
2025,12207148,4,summary,"How can a UE dynamically configure two reception beams to receive data from two base stations, using a cell‑switching flag in a control message to decide which beam to use for subsequent data transmissions and maintain continuous reception during handover?",2,41,0,0.0,28,ok
2025,12207148,4,keyword,"UE beamforming receiver setup with dual Rx beams, selecting based on DCI from PDCCH; switching cells per OFDM symbol; memory‑stored instructions; TRP; first and second cell IDs; RF processing; cellular switching indicator.",1,33,0,0.0,27,ok
2025,12207148,4,function,"What enable methods exist for a UE to set up separate RX beams for different eNBs, detect cell‑switching information in DCI, and receive distinct PDCCH transmissions on separate OFDM symbols?",1,31,0,0.0,21,ok
2025,12198782,6,summary,Search for DRAM page buffer innovations using temporary latch storage and selective bit‑line precharging to reduce sense‑amplifier disturbance and accelerate write/ read cycles via controlled latch dumping.,1,29,0,0.0,23,ok
2025,12198782,6,keyword,"Search for prior art page buffers using latches linked to a sensing node, temporary storage nodes, and switch‑controlled dump operations, with precharge circuitry selective for bit lines, involving power supply and ground‑connected transistors responding to control signals in DRAM memory cells.",3,43,2,0.0625,32,failed_constraints
2025,12198782,6,function,"Search for a memory architecture that employs a temporary storage node to temporarily hold a latch’s value, uses a switch to move data to a sensing node, and selectively precharges bit lines via transistor control driven by node level.",3,40,1,0.04,25,failed_constraints
2025,12362541,9,summary,Search for semiconductor laser processing that uses a two‑step MBE/MOCVD growth with an intervening etch to insert a mode‑control and current‑confinement structure between distributed Bragg mirrors in a VCSEL.,1,33,0,0.0,21,ok
2025,12362541,9,keyword,"Method for assembling a VCSEL using sequential MOCVD and MBE steps, creating a first Bragg mirror, active gain layer, spacer, etched mode‑control structure, second mirror, and dielectric overlay in a staged growth process.",2,34,0,0.0,25,ok
2025,12362541,9,function,"Search for laser device fabrication methods that use sequential metal‑organic CVD and MBE steps with a transition etch to create a mode‑confining structure between a spacer and a second Bragg mirror, enabling integrated optical and current confinement in VCSEL cavities.",1,42,0,0.0,28,ok
2025,12389565,2,summary,"A server fan assembly that slides in and out along a rail, employing hinged brackets connected by a push‑and‑pull unit so fans can be quickly installed or removed while maintaining proper alignment.",1,34,0,0.0,22,ok
2025,12389565,2,keyword,"slidably pluggable fan module with L‑shaped outer frame, push‑pull guide region and fan mounting area, sliding rail along lower plate, chain bracket of hinge‑connected fan brackets, each with sliding plate, limiting rods, barrier plate, and push‑pull frame for insertable fan assembly in server cooling.",3,48,5,0.13157894736842105,38,failed_constraints
2025,12389565,2,function,"Search for modular fan assemblies that use a hinged bracket chain sliding along a rail, guided by limiting rods, and a mechanical arm to move the bracket stack from a service zone into fan mounting slots, enabling easy fan replacement.",2,40,0,0.0,26,ok
2025,12361623,33,summary,"User interface for editing avatar motion sequences, automatically synchronizing related motion profiles, generating prompts for latent diffusion AI to produce consistent video frames, and displaying results in a virtual environment.",1,30,0,0.0,22,ok
2025,12361623,33,keyword,"Avatar animation workflow where physiological attributes and multiple keyframe sequences are edited through a UI, prompts generated for a latent diffusion model to create interpolated video frames of the animated character.",2,31,0,0.0,20,ok
2025,12361623,33,function,"Methods for editing avatar motion profiles and generating synchronized motion videos via AI latent diffusion prompts, ensuring consistency across modified keyframes and allowing user interface manipulation of motion duration parameters.",1,30,0,0.0,24,ok
2025,12262057,2,summary,"Efficient JPEG image compression that first encodes blocks at a chosen quality level, then dynamically adjusts the quality based on block size or transmission constraints, and for subsequent blocks directly limits selected frequency component values for tighter compression while keeping the quantization scheme unchanged.",2,44,0,0.0,32,ok
2025,12262057,2,keyword,"search for adaptive JPEG compression schemes that dynamically adjust quantization levels based on block data size or transmission bandwidth, using selective coefficient value reduction rather than table scaling, with hardware modules such as DCT, quantizer, encoder and control logic.",1,39,0,0.0,30,ok
2025,12262057,2,function,"Search for adaptive JPEG compression schemes that adjust block‑level quality based on size or bandwidth indicators, then selectively reduce only low‑frequency DCT coefficient values instead of altering quantization tables to increase compression while preserving image fidelity.",1,38,0,0.0,30,ok
2025,12319362,32,summary,"search for a machine with an operator seat and lateral base featuring a lever and drink holder, where a card holder attaches opposite the seat to the lever portion using a hook on the drink holder's edge to secure card storage.",1,42,0,0.0,23,ok
2025,12319362,32,keyword,"Search for a desk‑mounted workstation with a backrest‑seat, a lateral manipulator base holding a lever and a frontward drink holder, and a housing unit that grips the drink holder’s top edge opposite the operator to store printed cards.",1,41,0,0.0,24,ok
2025,12319362,32,function,"search for workstations or machines that incorporate an operator seat with a lateral manipulator lever, a card holder attached to the lever, and a drink holder whose top edge engages the card holder, enabling simultaneous card storage and beverage handling.",1,40,0,0.0,25,ok
2025,12210886,6,summary,"Search for methods generating automated test frameworks by selecting interface elements, extracting their properties, creating a descriptor file, and creating access handles for scripted activation.",2,25,0,0.0,17,ok
2025,12210886,6,keyword,"Methods for automated extraction of user interface element properties, generation of metadata control files, creation of repository classes with accessor methods, and test scripts invoking UI element handles for application testing.",3,31,0,0.0,22,ok
2025,12210886,6,function,"method automating selection of user interface components, capturing their property sets, generating a control definition file, producing a repository class with handles that return those components, and executing test scripts that activate controls through the handles.",1,36,0,0.0,25,ok
2025,12321474,2,summary,"How to partition media files into overlapping segments for independent processing and distributed storage across cluster nodes, optimizing for different compute tasks?",1,22,0,0.0,15,ok
2025,12321474,2,keyword,"Distributed media data segmentation with overlapping boundaries, configurable overlap size based on processing type, media objects partitioned, transformed into processable segments, stored across multiple compute nodes in a cluster via control circuitry and processors.",1,34,0,0.0,26,ok
2025,12321474,2,function,"Search for systems that partition large media files into overlapping chunks of configurable size, transform each chunk into independently processable segments, and store or replicate those segments across multiple cluster nodes for parallel access or processing.",2,36,0,0.0,25,ok
2025,12199637,5,summary,"Search for fast erasure coding using vectorized Galois field multiplication on a processor core, with a parallel multiplier handling many data matrix entries simultaneously, a sequencer to order register loads and GF additions, enabling rapid check-data generation and reconstruction.",1,40,0,0.0,29,ok
2025,12199637,5,keyword,"Search for non‑volatile storage programs implementing high‑speed data recovery using Galois‑Field multipliers and adders, with parallel vectorized multipliers loading data matrices into SIMD registers and computing parity rows in a check matrix, reconstructing lost blocks via solution matrices.",3,41,4,0.125,32,failed_constraints
2025,12199637,5,function,"Search for methods that accelerate erasure coding by vectorized parallel multiplication of data matrix entries with encoding matrix coefficients, using processor pipelines to compute parity rows via Galois Field operations and store results in a check matrix.",2,37,0,0.0,26,ok
2025,12382535,4,summary,"Search for methods enabling a base station to signal and transmit small data packets to a terminal that is idle or inactive, using a delivery flag and predetermined uplink slots to permit the terminal to send the data when specified conditions are met.",2,43,0,0.0,24,ok
2025,12382535,4,keyword,"Search for techniques enabling base stations to signal small‑data transmission indicators to user devices while in idle or inactive modes, and methods for terminals to decode release messages containing pre‑allocated uplink resource configurations and logical channel identifiers for executing small‑data uploads upon condition satisfaction.",3,47,4,0.11428571428571428,35,failed_constraints
2025,12382535,4,function,"Find prior art for a base station that signals availability of brief uplink data to a terminal in idle or inactive modes via an indicator, then sends that data on a pre‑allocated resource; the terminal receives configuration, checks conditions, and if met, transmits the data.",2,46,0,0.0,28,ok
2025,12218975,4,summary,Search for FPGA‑based network card systems that process TCP/IP and SSL/TLS traffic while dynamically reconfiguring a partial FPGA region to accelerate neural‑network or image‑inference workloads within a full network stack.,3,35,0,0.0,26,ok
2025,12218975,4,keyword,"Search for FPGA architectures that accelerate TCP/IP and TLS handshakes with built‑in offload engines, utilizing partial dynamic reconfiguration to load neural‑network or vision inference modules for data processing, involving host‑controlled reconfiguration and hardware‑accelerated cryptographic routines.",3,40,0,0.0,29,ok
2025,12218975,4,function,"Searching for FPGA architecture that integrates a built‑in TCP/IP engine, a separate SSL/TLS module, and a partially reconfigurable region dynamically loaded with neural‑network or image‑processing logic to accelerate data‑plane workloads.",3,36,0,0.0,24,ok
2025,12194393,23,summary,"Search for chromatographic purification where reverse‑phase silica slurry is allowed to settle in the column for a minimum standing period, improving peak symmetry and theoretical plates without discharging mobile phase.",3,31,1,0.05,20,failed_constraints
2025,12194393,23,keyword,"Search for techniques of packing reverse‑phase silica material columns with a mixed slurry, letting the sediment rest for 10+ minutes to raise theoretical plate count and lower symmetry factor in gas chromatographic evaluation of unsaturated fatty acids and their esterified derivatives.",3,42,3,0.10714285714285714,28,failed_constraints
2025,12194393,23,function,Search for chromatographic column packing technique using reverse‑phase silica slurry left undisturbed for extended times to improve peak symmetry and theoretical plate count in purification of fatty acid derivatives.,3,30,1,0.045454545454545456,22,failed_constraints
2025,12221430,14,summary,"Search for novel pyrimidine ring organic compounds with aryl substitutions that improve electron injection, hole blocking, and film stability for high‑efficiency, durable electroluminescent devices.",1,25,0,0.0,18,ok
2025,12221430,14,keyword,"Search prior art on pyrimidine‑ring organic materials used as efficient electron‑transport/hole‑blocking layers in high‑stability OLEDs, including structures with aromatic heterocyclic, phenyl, biphenyl, terphenyl, fluorenyl or spirobifluorenyl substituents and silyl or deuterium groups.",1,37,0,0.0,28,ok
2025,12221430,14,function,"Pyrimidine‑derived electron‑transport layers that also block holes, enhancing OLED efficiency and lifetime while maintaining film stability for high‑performance visible light emitting diodes.",1,25,0,0.0,20,ok
2025,12278276,8,summary,"Search for semiconductor fabrication techniques using trench-doped source diffusion blocking layers, fin channel formation, and dielectric isolation to prevent punch-through by delivering dopants from a solid source into the channel region.",3,33,1,0.043478260869565216,23,failed_constraints
2025,12278276,8,keyword,"Investigate multi-gate transistor methods featuring diffusion‑blocking layers, overlying channel materials, trench‑defined fin active regions, isolation structures with dielectric lining, solid dopant reservoirs, dopant drive‑in for anti‑punch‑through, borosilicate glass caps, and interleaved Si/SiGe epitaxial stacks.",3,41,4,0.11428571428571428,35,failed_constraints
2025,12278276,8,function,"Method for fabricating a fin‑channel transistor that forms trench isolation, deposits a silicon‑germanium diffusion‑blocking film beneath the channel, lines dielectric inside the trench, places a dopant source layer and drives dopants into the channel to prevent punch‑through, then coats the isolation with borosilicate glass.",2,48,0,0.0,33,ok
2025,12399242,13,summary,"An RF detector comprising a rigid base and a flexible outer layer that conforms to body contours, housing coil elements to maintain intimate contact while blocking fluid ingress, thereby enhancing signal fidelity and patient comfort during imaging.",3,37,0,0.0,27,ok
2025,12399242,13,keyword,"Search for RF surface coil designs featuring a rigid base member, a pressure‑fitted flexible overlay covering coil elements, fluid‑tight coupling to the base via an outer shell and internal support, adaptable to patient anatomy and integrated with a patient table.",3,42,1,0.034482758620689655,29,failed_constraints
2025,12399242,13,function,"Search for MRI receive antennas comprising a rigid base mechanically coupled to a pliable, fluid‑tight upper housing that adapts to the patient's body surface, enabling secure field coupling and preventing moisture ingress to maintain signal integrity during imaging.",2,40,0,0.0,28,ok
2025,12362531,9,summary,"Develop a resonant optical amplifier that employs a movable‑mirror cavity, bi‑directionally circulating pump light through a gain medium, and a Raman section positioned between mirrors to co‑align and amplify a linearly polarized seed pulse while enabling cavity‑length tuning for synchronization.",2,44,0,0.0,32,ok
2025,12362531,9,keyword,"Search for a resonant laser amplifier employing a movable first mirror to adjust cavity length, with a laser‑pump gain medium and a Raman amplifier defined by a third mirror, high‑transmittance second mirror for the pump, linearly polarized seed pulses traversing overlapping cavity sections for gain.",3,47,7,0.21875,32,failed_constraints
2025,12362531,9,function,"Search for resonant optical amplifier designs featuring a movable first mirror that tunes cavity length, a gain medium generating bidirectional pump pulses, and a Raman stage in the same cavity that amplifies a linearly polarized seed while transmitting the pump.",2,40,0,0.0,27,ok
2025,12396216,20,summary,"Search for oxide‑based transistor technology using a two‑film semiconductor stack where one layer contains crystals oriented along the c‑axis with varying a‑ and b‑axis directions, producing improved interface electronic states and enhanced device reliability.",2,38,0,0.0,26,ok
2025,12396216,20,keyword,"Search for oxide semiconductor heterostructure transistors using InSnGaZnO channel layers, where a c‑axis‑aligned top film with anisotropic a‑ and b‑axes is stacked on a base layer, interfaced with a high‑k gate insulator for improved electron state stability and device reliability.",1,44,0,0.0,26,ok
2025,12396216,20,function,"Search for oxide semiconductor transistors with stacked thin films, where the top oxide layer has c‑axis crystals oriented in distinct a/b directions to enhance interface stability and improve gate control in high‑reliability MOS structures.",1,37,0,0.0,23,ok
2025,12322452,8,summary,"High‑density NAND flash memory with integrated dummy structures that provide erase‑bias control, using a stacked array of insulating layers, word lines, and vertical semiconductor channels with a dedicated biasing block to apply source‑to‑drain voltage during erase.",3,40,4,0.13793103448275862,29,failed_constraints
2025,12322452,8,keyword,"Find prior art on NAND flash memory devices featuring bit‑line bias architecture with dummy word lines and vertical channel stacks, applying source‑drain bias through dummy channels during erase, including memory block arrays of alternating dielectric and conductive layers.",3,40,2,0.06060606060606061,33,failed_constraints
2025,12322452,8,function,"semiconductor device applying erase bias across dummy vertical channels using bit‑line‑bias block to enable robust block‑level erase operation through source and drain lines, facilitating efficient, uniform erase across NAND arrays.",3,33,2,0.06896551724137931,29,failed_constraints
2025,12379891,4,summary,"How to create a battery‑powered, self‑contained transceiver pair for a laptop and a monitor that establishes a private mesh network, transmits encoded video and control signals, and allows detachable connections while preserving the laptop’s battery life?",2,39,0,0.0,25,ok
2025,12379891,4,keyword,"Search for wireless transmitters with autonomous power units linked to computer interfaces, built‑in encoders/decoders, detachable display connectors, and remote controller or laser pointer modules, creating a secure local network between laptops and displays, and optionally relaying decoded data to a USB output device.",2,45,0,0.0,32,ok
2025,12379891,4,function,"Searching for wireless conference systems that use an independent self‑powered transmitter module with built‑in encoding, a detachable receiver interface with decoding, and allow power‑secure data transfer from computer to display, optionally supporting remote control or laser pointer modes over a dedicated local network.",2,46,0,0.0,32,ok
2025,12276816,9,summary,"Search for lenses with wafer‑scale diffractive microstructures protected by multi‑index encapsulation layers that give a cleanable, planar surface while preserving diffraction performance.",1,24,0,0.0,17,ok
2025,12276816,9,keyword,"Search for wafer‑level diffractive optical elements incorporating a substrate bearing microstructured phase gratings with distinct refractive indices, overlaid by multi‑sublayer protective encapsulation providing a planar cleanable surface, and an external anti‑reflection or low‑reflectivity overcoat for visible/infrared lenses.",3,42,1,0.03225806451612903,31,failed_constraints
2025,12276816,9,function,"Search for patents describing wafer‑level diffractive optical lenses with multilayer protective coatings that use different refractive indices to encapsulate microstructures, providing cleanable surfaces while preventing damage, and including anti‑reflective diffractive layers.",3,33,1,0.038461538461538464,26,failed_constraints
2025,12195416,14,summary,"Short‑chain alkanes (C₂–C₅) converted to C₅–C₂₄ fuels via catalyst‑free thermal olefination, then zeolite‑catalyzed oligomerization, cracking, and cyclization, with recycle of unreacted alkanes and methane.",1,29,0,0.0,18,ok
2025,12195416,14,keyword,"Search for technologies that transform C2–C5 alkanes into olefins via high‑temperature, catalyst‑free dehydrogenation, then oligomerize with zeolite catalysts to yield gasoline‑range (C5–C24) hydrocarbons and recover low‑boiling by‑products.",2,34,0,0.0,25,ok
2025,12195416,14,function,"Search for processes converting C2‑C5 alkanes into C5‑C24 valuable olefin‑derived products by thermal olefination without dehydrogenation catalysts or steam, followed by zeolite‑catalyzed oligomerization, cracking, and cyclization, with recycle of C2‑4 alkanes and methane to improve conversion.",3,41,3,0.10714285714285714,28,failed_constraints
2025,12372470,10,summary,Search for techniques that establish Raman spectral signatures of medium constituents using interference‑free reference spectra and employ them for real‑time monitoring and correction of culture media composition to improve cell density and product titer.,2,36,0,0.0,24,ok
2025,12372470,10,keyword,"Raman spectroscopy method for detecting specific culture component peaks in a cell culture medium, subtracting medium background, monitoring component level, and automatically adjusting nutrient or additive concentrations to maintain optimum growth conditions.",2,32,0,0.0,24,ok
2025,12372470,10,function,Raman spectroscopy continuous monitoring of specific metabolite peaks in cell culture medium for real‑time quantification and automated adjustment of metabolite concentrations to improve cell density and final product titer.,1,30,0,0.0,21,ok
2025,12375715,2,summary,"How can an encoding system create multiple volumetric media representations with component bitstreams, generate relational metadata, and allow receivers to request specific streams, handling misunderstandings of grouping descriptions via modified metadata and selective delivery?",1,34,0,0.0,26,ok
2025,12375715,2,keyword,"Search for patents describing volumetric video encoding that generates multiple representation streams, constructs metadata describing component bitstream relationships, aggregates component descriptors into groupings, and exchanges modified metadata with a receiver to control stream delivery or request alternate representations.",3,38,0,0.0,28,ok
2025,12375715,2,function,"methods and systems for encoding volumetric video into multiple representation streams, generating descriptive metadata identifying inter‑stream relationships, communicating metadata to decoders, enabling selective bitstream retrieval and dynamic adaptation to decoder capabilities and understanding during streaming",2,36,0,0.0,27,ok
2025,12296502,26,summary,"Search for laser‑peeling machinery that employs dual‑side rotating brushes while a wafer is vacuum‑held, with a laser focused through the substrate to separate a thin layer, and independent rotational stages for both wafer and ingot.",1,38,0,0.0,24,ok
2025,12296502,26,keyword,"Search for laser‑peeling systems using a dual‑sided rotary brush to clean wafer and ingot surfaces, with suction‑held wafer holders, rotating ingot and wafer units, and focused beam depth matching wafer thickness.",1,34,0,0.0,25,ok
2025,12296502,26,function,"Search for laser-etching wafer peeling devices featuring a vacuum gripper for the wafer, a rigid clamp for the bulk material, and a dual‑axial rotating brush that simultaneously cleans the separated wafer and remaining raw surface.",2,37,0,0.0,23,ok
2025,12315474,34,summary,"Search for a keyboard mechanism using two pivoting arms connected to a key‑attached coupler that maintains a fixed separation between the arms’ outer ends during key depression, ensuring precise, repeatable key action.",1,33,0,0.0,24,ok
2025,12315474,34,keyword,"keyboard action mechanism with two pivoted links, each anchored to separate fulcrums positioned forward/downward one relative to the other, connected by a coupling arm that preserves a fixed inter‑link distance during key operation.",1,35,0,0.0,25,ok
2025,12315474,34,function,"Keyboard instrument featuring a dual‑link lever system with separate pivot points, a coupling member maintaining constant spacing between distal link ends while a key depression rotates both pivots, ensuring uniform actuation force and precise key response.",1,37,0,0.0,30,ok
2025,12410436,15,summary,"Search for inducible AAV helper gene expression vectors that use transposon-based boundary sequences, E2A and E4 promoters driven by tetracycline operators, include VA RNA expression and antibiotic resistance markers, and omit Rep and Cap genes for mammalian virus production.",2,40,0,0.0,30,ok
2025,12410436,15,keyword,"Search for plasmid constructs encoding adeno‑associated virus helper genes driven by inducible promoters containing E2A and E4 sequences, tetracycline‑responsive elements, VA RNA elements, antibiotic resistance cassettes, with inverted terminal repeats, lacking Rep or Cap coding regions.",3,38,2,0.06451612903225806,31,failed_constraints
2025,12410436,15,function,"search for mammalian cell systems enabling tetracycline‑inducible expression of AAV helper proteins (E2A, E4, VA RNA) through engineered genomic constructs lacking Rep or Cap for regulated virus production.",1,29,0,0.0,23,ok
2025,12260186,6,summary,"Search for systems generating textual content by mapping target semantic features to sentence latent states guided by predefined logical cues, then decoding these states to produce coherent, structure‑aligned sentences.",1,30,0,0.0,23,ok
2025,12260186,6,keyword,"Method for text generation using a reference semantic feature vector, logical tokens, sentence‑level latent encodings produced from each token, and decoding to produce language output; neural network training with paired semantic‑text samples; processor‑based software implementation.",2,38,0,0.0,30,ok
2025,12260186,6,function,"Find prior art on systems that generate text by first creating latent sentence representations derived from a reference feature vector and set of logical characters, then combining those representations to produce the final textual output.",1,35,0,0.0,24,ok
2025,12194288,13,summary,Search for early detection methods of artificial heart pump failure using wavelet‑based signal decomposition of power usage to identify loss of circadian rhythm components before clinical manifestations.,3,28,0,0.0,21,ok
2025,12194288,13,keyword,"Search for prior art on left ventricular assist device failure detection using Morlet wavelet transform of motor power draw monitoring, focusing on loss of daily periodicity in energy consumption signatures for preclinical warning.",3,33,1,0.041666666666666664,24,failed_constraints
2025,12194288,13,function,"Method to preemptively detect ventricular assist device failure by applying wavelet‑based spectral decomposition to power consumption signals, identifying disappearance or instability of daily cyclical power patterns, thereby enabling early intervention and therapeutic adjustment before clinical deterioration.",2,37,0,0.0,29,ok
2025,12234029,32,summary,search for aerial platforms equipped with forward‑projecting arms and a deployable wire or net assembly that captures or restrains airborne targets during flight.,2,24,0,0.0,15,ok
2025,12234029,32,keyword,"Search for aerial interception systems featuring a forward‑projecting arm linked by a deployable net or wire to a mounting anchor, designed to entangle or disable other aircraft, including designs with retractable wings, multi‑rotor configurations, and sensor‑actuated deployment.",1,40,0,0.0,27,ok
2025,12234029,32,function,"Search for air transport interceptor devices that deploy a forward arm with attached wire, net, or thin membership to ensnare or disable other aircraft, used by autonomous or remote‑piloted drones for mid‑air capture or neutralization, including systems with retractable arms or net‑expanding mechanisms.",1,46,0,0.0,31,ok
2025,12221139,32,summary,"How can a railway vehicle's rear framing be engineered using a bottom support beam, rear frame beam, side cross members, and front‑rear side plates, all welded to a floor panel, to enhance rigidity and simplify construction?",3,38,0,0.0,27,ok
2025,12221139,32,keyword,"Query for railway underframe end unit comprising longitudinal support beam, cross coupling member, floor panel between longitudinal and cross members, front and rear guard ribs, and welded structural reinforcements, including a lower rib adjacent to the longitudinal beam, all fabricated from steel.",2,42,0,0.0,32,ok
2025,12221139,32,function,"Search for structures enabling integrated end-floor and coupler mounting with reinforced underframe support, incorporating a lower boundary, central coupler cross beam, and dual draft sills aligned front-to-rear, focusing on welding joints that secure the end floor to the frame.",3,42,1,0.034482758620689655,29,failed_constraints
2025,12316689,4,summary,"Search for virtual conferencing systems that enable users to invite others to automatically track and enter successive virtual rooms, with consent-managed follower lists and dynamic scene updates, improving interactive collaboration across multiple themed spaces.",2,35,0,0.0,26,ok
2025,12316689,4,keyword,"Virtual conferencing system with multi‑room navigation, participant video tiles including follow‑request buttons, UI room lists for selection, permission exchange to enable auto‑follow, and synchronized transitions between distinct virtual environments.",2,32,0,0.0,26,ok
2025,12316689,4,function,"Search for systems that enable virtual conferencing where a button on each participant’s video allows requesting that other attendees automatically follow the requesting user while moving between multiple distinct rooms in a virtual space, recording permissions, maintaining follower lists, and auto‑redirecting followers to the chosen rooms.",1,48,0,0.0,33,ok
2025,12198987,8,summary,"Amorphous silicon gate electrodes for nMOS and pMOS, with high‑mass (Arsenic or Antimony) ion implantation through the gate mask, subsequent SiO2 encapsulation and annealing at ~1000°C to create compressive gate and tensile channel stress, boosting carrier mobility.",1,39,0,0.0,27,ok
2025,12198987,8,keyword,"amorphous silicon gate electrode nMOS/pMOS, high‑mass As or Sb ion implantation, silicon oxide capping, thermal annealing 950–1100 °C for crystallization, resulting tensile stress in channel, improved carrier mobility, memory circuit.",2,33,0,0.0,26,ok
2025,12198987,8,function,"Process for improving memory‑MOSFET performance by implanting heavy n‑type dopants through amorphous silicon gate electrodes, covering with oxide, and annealing near 1000 °C to apply compressive stress on the gate and tensile stress in the channel, boosting carrier mobility.",1,41,0,0.0,27,ok
2025,12301004,1,summary,"Search for techniques that adjust power flow of distributed generation or storage to counteract local frequency deviations, detect disparities between separate grid segments, and dynamically reconfigure or cluster assets to maintain synchronized frequency across the distribution network.",2,37,0,0.0,26,ok
2025,12301004,1,keyword,"Coordinated aggregate response of distributed energy assets to grid frequency deviations, employing dual‑location frequency sensors, divergence detection, and dynamic reconfiguration of generation or storage clusters via aggregation algorithms for real‑time frequency regulation.",1,34,0,0.0,26,ok
2025,12301004,1,function,"Searching prior art on methods that coordinate multiple distributed energy resources to provide aggregate frequency response, detect mismatched local frequency measurements, and reconfigure or cluster assets to adjust power flows for mitigating frequency divergence in a predefined grid frequency system.",1,40,0,0.0,29,ok
2025,12229480,6,summary,"How might one automatically transform paper‑based architectural and civil plans into BIM models using machine‑learning, then link plan metadata to generated 3D objects, and evaluate the model against building code rules to report compliance?",2,36,0,0.0,28,ok
2025,12229480,6,keyword,"Search for systems employing machine learning trained on 2D civil engineering drawings to generate BIM/CAD models, link metadata to 3D objects, and perform code compliance checks against building regulation databases.",1,31,0,0.0,24,ok
2025,12229480,6,function,"In what ways can a system train a neural network on architectural drawings, create a 3D BIM model, link it to project metadata, and perform a code‑compliance audit that presents the results?",2,33,0,0.0,19,ok
2025,12407280,1,summary,"Search for motor control circuits that sample phase‑coil voltage during floating periods using an ADC, accumulate N samples, compute an average induced voltage, and use this value to adjust PWM duty for BLDC motor speed regulation.",2,37,0,0.0,26,ok
2025,12407280,1,keyword,"Search for embodiments of a BLDC motor driver that samples a voltage signal during a floating phase, digitizes it with an ADC, and estimates back‑EMF by averaging multi‑period samples for PWM duty control.",3,35,0,0.0,21,ok
2025,12407280,1,function,"Motor driver determines coil back‑EMF by sampling voltage during a floating interval, converting to digital data, averaging over N cycles, and using the result to adjust PWM for BLDC motor speed control.",1,33,0,0.0,23,ok
2025,12407792,2,summary,"Search prior art for augmented‑reality telepresence systems that use marker‑based camera arrays to determine participant pose, automatically select appropriate viewports, and stream video to display segments for a realistic line‑of‑sight experience.",1,35,0,0.0,25,ok
2025,12407792,2,keyword,"Search patents describing systems that use an array of cameras marked with fiducial reference patterns to compute user pose, then choose a camera for live streaming to remote participants, rendering a virtual view aligned with line‑of‑sight for immersive multi‑site conferencing.",2,43,0,0.0,29,ok
2025,12407792,2,function,"Systems for selecting viewpoint cameras and display segments in distributed virtual conferencing, using geometric relationships to provide real‑time line‑of‑sight augmented‑reality video streams between participants at separate locations.",3,31,3,0.13043478260869565,23,failed_constraints
2025,12190102,6,summary,"Device and method for rapid OS backup update via differential patches streamed from cloud, storing two OS image sectors and switching boot pointer to backup if primary fails.",1,28,0,0.0,20,ok
2025,12190102,6,keyword,"Search for storage systems with a controller, microprocessor, and network interface that store an original OS on one sector and a differential‑updated backup OS on a second sector, where firmware downloads delta files from a cloud platform, updates the backup sector, and reconfigures the boot pointer for fail‑over booting.",3,51,0,0.0,31,failed_constraints
2025,12190102,6,function,Search for methods enabling rapid OS patching on storage devices via downloading differential updates to a secondary sector and boot-pointer redirection for fault tolerance.,1,25,0,0.0,17,ok
2025,12220181,13,summary,"An automated camera guidance system for robotic surgery that retrieves procedure logs, detects operative activities, identifies the point of interest, and steers the imaging device to focus on that region without manual control.",2,33,0,0.0,21,ok
2025,12220181,13,keyword,"Search for “automatic camera positioning system for computer‑assisted surgery that reads intra‑operative session logs, identifies surgical events and their spatial coordinates, and remotely adjusts a vision device in real time to capture the event location, optionally using user‑defined workflow markers.”",1,43,0,0.0,31,ok
2025,12220181,13,function,"Search for systems that automatically adjust a surgical camera’s viewpoint by analyzing live surgical data to detect events and determine their locations, enabling real‑time perspective changes during computer‑assisted operations.",2,32,0,0.0,22,ok
2025,12202983,19,summary,"Search prior art for hydrothermal aging of alumina to nanocrystallite sizes followed by surface grafting with organic phosphonate modifiers to yield low‑viscosity, high‑pH dispersible alumina with reduced zeta potential.",1,31,0,0.0,22,ok
2025,12202983,19,keyword,"Search for hydrothermal aged aluminum oxyhydroxide alumina (35‑350 Å crystallites on the (120) plane) surface‑modified by organic phosphorous/phosphono groups yielding <50 cP viscosity at 500 s⁻¹, pH ≥8 dispersibility >90 %, D50 <250 nm.",1,37,0,0.0,26,ok
2025,12202983,19,function,"Search for hydrothermal aging of aluminum oxyhydroxide to 35‑350 Å crystallite‑size alumina followed by addition of organic phosphonate modifiers yielding low‑viscosity, highly dispersible alumina suitable for basic‑solution applications.",1,32,0,0.0,23,ok
2025,12199641,4,summary,"Search for methods where receivers derive scrambling seeds from downlink signals by constructing frozen‑bit mapping matrices, inverting the mapping, and using the result to recover scrambler seed components without performing descrambling.",3,32,3,0.13636363636363635,22,failed_constraints
2025,12199641,4,keyword,"Device receiving 5G NR downlink control signals constructs a frozen decode matrix, builds an LFSR‑based seed matrix for scrambling, generates a mapping matrix linking IV values to frozen bits, computes its inverse, and forms a final decoding matrix to recover seed bits without descrambling.",3,45,5,0.14705882352941177,34,failed_constraints
2025,12199641,4,function,"Method for reconstructing scrambler seed from a base station transmission by forming frozen‑bit decoding and LFSR generator matrices, creating a mapping and inverse matrix to recover seed bits, then using them to decode data without full descrambling.",2,38,0,0.0,26,ok
2025,12413220,5,summary,"gate drive arrangement using a level‑sensing unit to vary a constant‑current source, allowing the IGBT to turn on proportionally to the magnitude of the input signal.",1,28,0,0.0,16,ok
2025,12413220,5,keyword,"Gate driver for IGBT that supplies bias current to the gate through a current source, uses a comparator to assess control signal level, and dynamically adjusts source output current via a switching element to toggle drive capability.",2,37,0,0.0,25,ok
2025,12413220,5,function,"How does a constant‑current supply circuit that dynamically adjusts supplied current based on input signal level enable an IGBT to switch on, and what methods are available for signal‑level determination and drive‑capability switching to modulate gate driving strength?",3,41,4,0.14814814814814814,27,failed_constraints
2025,12364633,13,summary,Search prior art for collapsible portable animal litter that solves transport stability by using a support sheet with perimeter handles and an expandable hub featuring Y‑shaped flanges and pivoting telescoping stiffeners.,1,32,0,0.0,21,ok
2025,12364633,13,keyword,"Search for a portable animal carrier with a back‑mounted core that features a sheet having perimeter grips and a central hub with dual Y‑flanges separated by a web opening, including pivotable folding stiffeners and retractable telescopic braces.",2,39,0,0.0,24,ok
2025,12364633,13,function,"collapsible portable animal litter with sheet panel and handle array, featuring expandable hub with dual Y‑shaped flanges linked by a web, and pivoting or telescoping stiffeners that extend from the hub to provide support and stability when deployed.",1,39,0,0.0,23,ok
2025,12338712,35,summary,"Subsea production pipe with adjustable hinged insulation panels that can open or close to modulate heat transfer to surrounding seawater, combined with inline temperature or flow sensors that trigger an alarm or automatic adjustment of the panels.",1,37,0,0.0,23,ok
2025,12338712,35,keyword,"Subsea oil/gas conduit with movable hinged shutter insulation panels, continuous temperature and flow monitoring, automated alarm control, and retrofit capability for thermal management against seawater heat transfer.",1,28,0,0.0,22,ok
2025,12338712,35,function,"Dynamic thermal regulation of subsea production conduits by selectively closing or opening hinged insulation panels, with real‑time temperature and flow monitoring that triggers alarms to adjust insulation positions for optimal heat retention or dissipation.",2,35,0,0.0,24,ok
2025,12396895,13,summary,"A combined dressing system that simultaneously applies therapeutic suction and absorbent material to a wound, using a partitioned layer configuration that separates suction electronics from the absorbent zone while sealing the interface, thereby improving fluid removal and maintaining sterility.",2,39,0,0.0,26,ok
2025,12396895,13,keyword,"search for devices combining a wound contact base, multiple spacer membranes, an absorbent medium, and a vacuum-generating element positioned among spacer layers, with an air‑permeable separator and a sealing top layer, while including an electronic control switch and an air outlet valve.",2,44,0,0.0,30,ok
2025,12396895,13,function,Searching for wound dressings featuring built-in vacuum generators and electronic controls that apply simultaneous suction while maintaining airflow pathways and preventing reverse flow to aid healing and reduce infection risk.,2,31,0,0.0,22,ok
2025,12220643,33,summary,Search for prior art on interactive toy sets that combine physical brick building with digital design and VR walkthrough for realistic interior and exterior visualization.,2,25,0,0.0,16,ok
2025,12220643,33,keyword,"Locate prior art of hybrid physical‑digital play systems where children assemble a 3‑D modular toy framework that becomes a faithful prototype for a virtual reality interior design application featuring realistic rendering, floor‑plan editing, and immersive walkthrough visualization.",2,40,0,0.0,28,ok
2025,12220643,33,function,"Integrated reality toy combining physical brick assembly with digital 3D modeling, where hand‑built plastic‑block structures serve as precise prototypes for realistic exterior rendering, interior design, and VR walkthroughs, enabling interactive education through gamified construction and virtual exploration.",1,39,0,0.0,31,ok
2025,12294242,1,summary,"Search for electric motor cooling solutions using dual reservoirs, a variable‑speed pump, and an electronic unit that activates or deactivates the pump based on coolant temperature to keep the liquid level and lubrication of bearings optimal.",3,37,0,0.0,23,ok
2025,12294242,1,keyword,"electric machine cooling system with casing housing rotor and stator, pump‑driven cooling liquid circuit, main reservoir positioned low, secondary reservoir higher, electronic controller regulating pump based on liquid temperature threshold and liquid level contact with bearing.",1,37,0,0.0,30,ok
2025,12294242,1,function,"Search for electric machine cooling arrangements that use a temperature‑sensing pump to circulate coolant from a primary reservoir through a circuit contacting a rotor and stator, then draw coolant into a secondary reservoir, stopping flow when coolant temperature falls below a preset value to manage cooling and bearing lubrication.",1,50,0,0.0,33,ok
2025,12337132,13,summary,"Find prior art for a two‑part support system for an intraosseous access device that uses an inner sleeve and an outer sleeve with interlocking grooved and toothed surfaces, adjustable internally to lock the assembly and prevent slippage.",2,38,0,0.0,23,ok
2025,12337132,13,keyword,"Search for intraosseous access support systems featuring an inner support bearing a groove, an adjustable outer sleeve with protruding teeth, flexible material, elliptical bore cross‑section, ensuring anti‑rotation and axial stability.",1,32,0,0.0,24,ok
2025,12337132,13,function,search for medical device enabling secure attachment of intraosseous access needles using interlocking inner and outer housings with adjustable diameter and engaging surface patterns to prevent axial and rotational movement during fluid administration.,2,33,0,0.0,24,ok
2025,12398606,35,summary,Search for mechanical stop devices that use two couplers and a complementary wedge to lock downhole tools onto the outer surface of tubulars in boreholes.,1,25,0,0.0,15,ok
2025,12398606,35,keyword,"Search for mechanical stop assemblies for borehole tubulars featuring a first and second coupler with clearance fits, a frustum‑shaped inner diameter, and an annular wedge that jacks onto the pipe, used to restrain downhole tools in drilling strings.",2,39,0,0.0,25,ok
2025,12398606,35,function,Search for mechanical locking systems that attach downhole tools to tubing by using complementary coupler assemblies and a wedge mechanism to secure the device radially and provide positional restraint within a borehole string.,1,33,0,0.0,21,ok
2025,12368608,6,summary,"Searching prior art for a device that recycles transmission line current by routing the bias voltage through a resistor during data transfer to reduce power consumption, using an auxiliary bias link to supply the resistor while signals are sent.",3,39,0,0.0,26,ok
2025,12368608,6,keyword,Power‑conserving current recycling in communication circuits employing a bias resistor linked to a transmission data line and a DC bias connector that supplies terminal load voltage during data flow.,3,30,2,0.09523809523809523,21,failed_constraints
2025,12368608,6,function,"Search for devices that recycle supply current during signal transmission by coupling a bias resistor with a DC bias line that supplies load voltage, enabling power savings in serial communication lines.",3,31,3,0.14285714285714285,21,failed_constraints
2025,12264773,31,summary,"Search for solutions that enable secure mounting of compact tracking devices such as AirTag onto tripod‑mounted cameras, featuring a housing with a recess and retention system, and a coupler that attaches the device to the subject while allowing easy release.",1,41,0,0.0,25,ok
2025,12264773,31,keyword,"Search for mounting assemblies integrating a polycarbonate recess‑shaped housing that fully encloses a tracking tag, a detachable coupler attaching the housing to a camera or similar to‑be‑tracked unit, and a tripod interface employing a quick‑release clamp to secure the assembly.",2,44,0,0.0,26,ok
2025,12264773,31,function,"Tripod mounting system featuring a housing with a recess that fully encloses a tracking device, an internal retention mechanism keeping the tracker in place, and a coupler that attaches the housing to a camera or similar device, enabling easy mounting and removal on a tripod.",1,45,0,0.0,25,ok
2025,12224564,1,summary,"Rotatable feedthrough unit with a sealing cylinder and internal seal tube, a second tube providing a wall passage, minimal 250 µm clearance, and a dual-direction retaining ring/projection system to lock axial position without damaging the seal.",1,38,0,0.0,26,ok
2025,12224564,1,keyword,"Search patents for wall‑mounted feedthrough assemblies with a sealing member having an axial aperture, an elongated sealing element, a matching feedthrough member aperture, a sub‑250‑µm gap between metal or ceramic surfaces, rotatability, and axial retention via locking ring or projection.",1,43,0,0.0,30,ok
2025,12224564,1,function,"Search for feedthrough devices where a sealing component with an axial aperture is inserted into and rotatable within a feedthrough body aperture, maintaining a ≤250 μm clearance, and including a dual‑direction axial lock achieved by a retaining ring and an opposing projection.",1,43,0,0.0,24,ok
2025,12287347,10,summary,"Search for a system that validates article inspection lines by generating controlled physical effects to make sensors falsely flag a product as defective, with a control unit coordinating the effects across diverse inspection devices such as X‑ray and weighing stations.",1,41,0,0.0,26,ok
2025,12287347,10,keyword,"Search for conveyor‑based inspection stations that combine an X‑ray sensor with a weight‑adjusting actuator to alter test‑piece transmission, and use a central controller to time actuator operations while monitoring rejection arm status.",2,36,0,0.0,24,ok
2025,12287347,10,function,"A conveyor line that employs sensors to classify items, coupled with a controllable actuator that manipulates detection signals to induce false defect reads, and coordinating control circuitry for test inserts and weight adjustments, enabling systematic verification of inspection accuracy.",2,39,0,0.0,26,ok
2025,12283758,3,summary,"Search for systems that dynamically activate subsets of aerial elements to shape and size active transmission zones based on vehicle position, orientation, satellite geometry, bandwidth, and polarization requirements.",3,28,0,0.0,19,ok
2025,12283758,3,keyword,"Search for adaptive vehicular antenna arrays with electronically switchable elements forming reconfigurable active apertures, determining aperture shapes, sizes, and orientations from vehicle positioning, vehicle attitude, satellite ephemeris, bandwidth, and polarization data, using processor‑controlled thresholds and transceiver control circuits for transmission and reception.",3,43,1,0.030303030303030304,33,failed_constraints
2025,12283758,3,function,"search for vehicular phased‑array antennas that adaptively activate elements based on position, attitude, satellite geometry, bandwidth limits, and polarization to create customized transmit/receive apertures for satellite communication.",2,29,0,0.0,21,ok
2025,12337773,32,summary,"A server analyzes trip telemetry and identifies the fueling station’s hydrogen generation method, then calculates the vehicle’s carbon footprint, enabling drivers to see the environmental impact of each fill‑up.",2,32,0,0.0,21,ok
2025,12337773,32,keyword,"system and method for estimating CO2 equivalent output of hydrogen fuel cell vehicles by collecting trip telemetry, identifying refueling station, and linking station’s fuel generation source characteristics to calculate vehicle emission factor, using server with processor, memory, network interface, and software instructions",2,43,0,0.0,32,ok
2025,12337773,32,function,"Search for systems that calculate vehicle emissions by linking driving data to refueling locations, determining the emission impact of the fuel sourcing process, and reporting total greenhouse gases for a hydrogen‑powered vehicle.",2,33,0,0.0,21,ok
2025,12345975,9,summary,"Search for an electronic display system featuring a composite joining layer between display substrate and protective panel, with foam buffering, dual adhesives, minuscule support films, and an IR touch assembly in a cavity accessed by a light port.",2,38,0,0.0,25,ok
2025,12345975,9,keyword,"Search for display modules with a panel having a display area and surrounding non‑display zone, a top cover offering optical shielding, and an 0.4–2.0 mm bonding layer featuring Shore 40–60 foam, two adhesive layers, optional 0.04–0.35 mm support, and an infrared sensor cavity with light inlet/outlet.",3,55,4,0.1111111111111111,36,failed_constraints
2025,12345975,9,function,"Search for display panels with peripheral non‑display area and a light‑shielded cover bonded through a thin foam buffer containing adhesive layers, a thin supporting plate, and a border cavity that houses an infrared touch emitter/receiver accessed via a light inlet, enabling contact sensing without external illumination.",3,49,1,0.027777777777777776,36,failed_constraints
2025,12334838,1,summary,"Voltage‑driving circuit for appliances that combines a diode, thin‑film capacitor, resonant/rectifier network, and inverter, with a controller issuing PWM to a switch that forces the circuit into a non‑resonant state when load current exceeds a preset value.",3,41,4,0.16,25,failed_constraints
2025,12334838,1,keyword,"Search for voltage‑driving assemblies that use a semiconductor switch, dielectric capacitor, resonant network coupled to a three‑phase source, rectifier bridge, inverter, and PWM controller switching off when load current exceeds a preset limit in household appliances.",2,38,0,0.0,27,ok
2025,12334838,1,function,"Search for voltage‑driving systems using a diode, a multilayer capacitor, a three‑phase resonant network that departs from resonance when load current exceeds a threshold, with a switch‑controlled PWM inverter for household appliances.",2,35,0,0.0,22,ok
2025,12378044,25,summary,"A cup lid with a sliding upper lid and spring‑attached inner lid that, when pressed, aligns matched internal and external holes to engage a rolling element, enabling automatic sealing and controlled beverage release.",1,34,0,0.0,22,ok
2025,12378044,25,keyword,"Search for press‑fit beverage cup caps with an inner sleeve, outer housing, and a sliding top lid featuring dual concentric alignment holes connected through a push‑contact section enabling a rolling contact element to transmit downward force.",1,38,0,0.0,28,ok
2025,12378044,25,function,search for pressable cup lid with sliding upper part that aligns internal and external holes to enable a rolling mechanism for secure closure or lid engagement; include features like outer/inner lid coupling and push‑press element.,1,37,0,0.0,26,ok
2025,12425821,4,summary,"A roadside device that buffers vehicle‑to‑everything data from a central server when cryptographic signing is unavailable, then signs the accumulated messages as a batch once resources free, and transmits the signed data to nearby user equipment.",1,38,0,0.0,23,ok
2025,12425821,4,keyword,"Search for roadside unit designs featuring a communication interface to a server and multiple user equipments, a controller that buffers vehicle‑to‑everything service messages when cryptographic signing is unavailable, then batch‑signs and forwards them once signing is ready.",3,40,0,0.0,25,ok
2025,12425821,4,function,"Query about roadside unit that aggregates vehicle‑to‑thing messages, postpones digital signature validation when unavailable, batches collected data once processing resumes, applies cryptographic verification to the group, and forwards the authenticated payload to nearby user devices.",2,37,0,0.0,27,ok
2025,12301028,1,summary,"Battery system with parallel modules whose controller sequences charging by monitoring individual cell voltages, starting with the lowest voltage cell and advancing to others only after voltage differences drop below defined thresholds to balance charge across all modules.",1,38,0,0.0,29,ok
2025,12301028,1,keyword,"parallel battery modules charging control system where controller measures module voltages, identifies lowest‑voltage cells, sequentially initiates charging when voltage gap falls below thresholds, includes three‑module arrangement, voltage‑equalization algorithm, battery management system for balance",1,36,0,0.0,31,ok
2025,12301028,1,function,"Battery system where multiple parallel modules are selectively charged by a controller that measures each module voltage, begins with the lowest voltage module, and initiates subsequent modules once the voltage difference falls below predetermined thresholds.",1,35,0,0.0,24,ok
2025,12255144,8,summary,"Search for semiconductor processes and structures that use a graphene‑based liner and cap inserted between copper interconnects and surrounding metal or barrier layers to lower surface scattering and contact resistance, featuring a two‑layer graphene stack with a thickness ratio between 2:1 and 20:1.",1,47,0,0.0,29,ok
2025,12255144,8,keyword,"Search for graphene-based liner and cap structures in copper interconnects, describing graphene barriers over ruthenium or cobalt linings, reducing surface scattering and contact resistance at interfaces with metal caps, including carbon layers atop copper and dielectric layers with ESL.",3,40,1,0.034482758620689655,29,failed_constraints
2025,12255144,8,function,"Graphene films applied over metallic barrier layers in copper interconnects to lower electron surface scattering and contact resistance, enabling higher current density and improved signal integrity in integrated circuits, especially when combined with liner materials such as ruthenium or cobalt.",2,40,0,0.0,29,ok
2025,12280992,35,summary,"Search for an invention that aids removal of baseboards from walls, featuring a multi‑plate tool with a striking component for hammer action and a rotatable prying plate that pivots via an internal hinge to lift the board.",1,38,0,0.0,21,ok
2025,12280992,35,keyword,"search for tools designed to extract baseboard or skirting board, featuring a hinged prying element, an impact plate triggered by hammer, a lever handle, a rotating pivot mechanism between the upper abutment plate and the angled pry head, used in removing wall trim.",2,43,0,0.0,29,ok
2025,12280992,35,function,"Search for a demolition device that employs an impact‑triggered prying blade angled against a wall, featuring a rotatable bending joint and a rear handle, to lift and detach a baseboard from its groove when the blade is struck into place.",1,41,0,0.0,22,ok
2025,12426751,33,summary,"A home cleaning robot mounts its drive motor on the chassis, while the wheel is attached to a pivoting suspension arm that freely moves the wheel up and down, improving clearance over uneven flooring.",1,34,0,0.0,21,ok
2025,12426751,33,keyword,"Robot vacuum cleaner with chassis‑mounted motor, gear transmission driving a wheel; a pivoting suspension arm attached to the chassis that allows the wheel to exhibit vertical displacement around a horizontally aligned pivot between the motor shaft and bottom of the chassis, enabling adaptive ground clearance.",2,46,0,0.0,31,ok
2025,12426751,33,function,"Self‑propelled cleaning robot featuring a chassis‑mounted motor with gear‑driven wheel and a suspension arm that pivots about a horizontal axis positioned below the motor’s shaft, allowing the wheel to rise and fall as the arm swings, thus enabling variable‑height navigation over uneven terrain.",1,48,0,0.0,33,ok
2025,12242980,6,summary,"A method and software system that, upon receiving data and performance constraints, automatically identifies model pipelines that satisfy all constraints by employing an ADMM‑based joint optimization that separates hyperparameter tuning and pipeline selection through combinatorial bandits, encoded with Boolean variables.",3,41,3,0.10344827586206896,29,failed_constraints
2025,12242980,6,keyword,"A computerized system that identifies user‑submitted data and system‑defined constraints, gathers input, then applies alternating direction method of multipliers optimization, separating hyperparameter tuning and combinatorial bandit selection, using Boolean encoding to decide which of several model pipelines meet all specified criteria.",3,43,2,0.06060606060606061,33,failed_constraints
2025,12242980,6,function,"How to automatically verify that multiple machine‑learning pipelines meet specified constraints by iteratively applying an ADMM‑based joint optimization, which separates hyper‑parameter tuning and pipeline selection into sub‑problems solved by a combinatorial bandit, using binary encoding of pipeline choices.",3,42,4,0.13333333333333333,30,failed_constraints
2025,12409913,32,summary,Search for surfboard leash systems featuring a single‑piece molded strap with detachable mounting elements and a pull handle design that enhances cord attachment strength while simplifying assembly.,1,28,0,0.0,20,ok
2025,12409913,32,keyword,"integrally molded surfboard leash strap featuring separable fixing members, pull handle, cord coupling cooperating members, and a board connector ring for simplified assembly and enhanced strength.",1,26,0,0.0,20,ok
2025,12409913,32,function,"Search for surfboard leash straps with integrally molded dual-section designs that feature separable fixing elements and handle attachment, enabling stronger, simplified assembly of board leash systems.",1,27,0,0.0,20,ok
2025,12347408,34,summary,"Search for methods that identify a musical piece being performed live by comparing detected note/chord patterns to a stored database, weighting matches by user play frequency history, and using dynamic probability scores in real‑time segment analysis.",1,38,0,0.0,27,ok
2025,12347408,34,keyword,"Search for algorithms combining real‑time audio capture of instrumental performance, harmonic or musical notation databases, segmentation of playing activity, note/chord extraction, user play‑history modeling, weighted probabilistic song estimation, and playback‑feedback systems.",3,35,2,0.07142857142857142,28,failed_constraints
2025,12347408,34,function,"What mechanisms identify a song being played on an instrument by detecting notes, referencing user play history probabilities, and determining the most likely song to provide matching information?",3,28,1,0.05555555555555555,18,failed_constraints
2025,12399417,2,summary,"The invention provides a detachable electronic accessory connector that arranges functional signal pins offset from adjacent reference pins in a row, enabling selective communication pathways; a control unit interprets these asymmetric pin spacings to route multiple channels, such as I²S audio signals, between the host and devices.",1,47,0,0.0,33,ok
2025,12399417,2,keyword,"Search patents for detachable electronic units featuring a linear series of contacts that include functional signal pins, reference potential pins, and power/communication pins, where distances from each signal pin to its nearest reference pin differ, with I2S microphone interface control logic.",1,42,0,0.0,30,ok
2025,12399417,2,function,"detachable electronic connector row with functional signals, reference potentials, power, and differential spacing enabling I2S mic communication; control unit routes bit clock, word clock, data according to accessory type.",1,29,0,0.0,24,ok
2025,12329131,29,summary,"A bird feeder design that deters squirrels and rodents by using a spring‑loaded sliding shutter beneath the seed reservoir, blocking feeding ports when predators push down, with adjustable spring tension suited to different pest types.",1,36,0,0.0,25,ok
2025,12329131,29,keyword,"Search for bird feeder designs featuring a cylindrical seed container with multiple seed ports, an adjustable spring‑loaded shutter device beneath an enclosed bottom, and predator‑blocking mechanisms that release only when spring force is exceeded.",3,36,1,0.04,25,failed_constraints
2025,12329131,29,function,"Search for bird feeders with an adjustable, spring‑loaded shutter that slides beneath seed ports to prevent predator access, aligning only when the feeder is idle, and repositioning automatically after pressure removal.",3,32,0,0.0,21,ok
2025,12212205,1,summary,"Design a rotor stator bearing an axial overhang on which an insulating connector with symmetrical track arms attaches winding ends protruding beyond the overhang, ensuring balanced electrical connection while compactly aligning with central axis planes.",3,35,0,0.0,25,ok
2025,12212205,1,keyword,"Search for rotary motor stator having an axial overhang with winding terminations beyond it, and an insulating interconnector bearing tracks whose termini are symmetrically positioned relative to the rotor-axis plane and the transverse plane intersecting the interconnector.",3,38,0,0.0,24,ok
2025,12212205,1,function,"Search for stator designs where winding elements extend beyond a protruding section of the stator body, and conductors are secured by an insulated linking member that provides symmetric electrical connections relative to the machine’s axis, enabling balanced magnetic field distribution.",3,41,0,0.0,26,ok
2025,12422806,12,summary,"How can a building management platform use a relational library of tags and equipment or sensor points to retrieve associated tag sets for a user‑selected device, and display both the device's tags and its point tags simultaneously in the interface?",1,42,0,0.0,25,ok
2025,12422806,12,keyword,"Search for building automation methods that use a library of entity‑tag relationships to fetch and simultaneously display device‑level and point‑level tags in a BMS user interface, involving processors, memory, and concurrent view rendering of tag groups for HVAC or lighting control.",1,44,0,0.0,29,ok
2025,12422806,12,function,"Search for building automation systems that provide a user interface displaying simultaneous tag lists for a chosen piece of HVAC equipment and its related point, derived from a library of tag‑entity relationships and triggered by user input.",1,38,0,0.0,23,ok
2025,12264229,17,summary,"Search for epoxy resin systems with high modulus, low moisture weight gain, and excellent reflow resistance, using high‑molecular‑weight biphenyl structures combined with low‑weight, multi‑epoxy groups for metal‑bonded multilayer electronics.",2,34,0,0.0,27,ok
2025,12264229,17,keyword,"Search for epoxy resin composites with biphenyl structure, low molecular weight <600, high molecular weight >10,000, containing aggregated inorganic fillers that achieve ≤0.8% weight change after moist‑heat aging, storage modulus ≥10^7 Pa at 200 °C, and dielectric breakdown ≥5 kV post‑moisture reflow, suitable for metal bonded multilayer panels.",3,53,4,0.1,40,failed_constraints
2025,12264229,17,function,"high‑strength epoxy composition with multifunctional low‑molecular‑weight epoxys and biphenyl structures, containing 1–50 wt% of a specific biphenyl epoxy, achieving minimal weight gain under moderate temperature and humidity, and high storage modulus at high temperature, enabling reliable metal‑composite bonding without interfacial delamination.",2,46,0,0.0,36,ok
2025,12361683,6,summary,"Identify and count only the large segments within a continuous flow of harvested crop material, using cameras and a neural‑network model trained to isolate particles above a set size threshold, enabling real‑time control of harvester functions.",1,38,0,0.0,27,ok
2025,12361683,6,keyword,"Search for agricultural harvesting systems that use cameras and on‑board computing to analyze crop flow images, employing a machine‑learning model trained to detect only particles exceeding a set length, and that adjust harvester controls based on counted large particles.",2,41,0,0.0,28,ok
2025,12361683,6,function,"neural network assisted image processing for detecting particle lengths in harvested crop streams, identifying only particles exceeding a preset threshold to regulate harvester operation and flow control",1,27,0,0.0,20,ok
2025,12251332,13,summary,"Search for portable urine collection system featuring a urinal connected by a two‑segment tube with a quick‑connect coupler, and a double‑sealed double‑layer bag that allows hanging, resists kinking, and suits reusable kits for different users.",2,39,0,0.0,26,ok
2025,12251332,13,keyword,"Search for urine collection systems featuring a urinal with an elevated inlet and flush outlet, a bifurcating intermediate coupler providing quick‑connect/quick‑release links that separate a short stiff proximal tube from a long flexible distal segment, and a bag with dual‑layered double sealing and a hanger pocket.",3,50,2,0.06060606060606061,33,failed_constraints
2025,12251332,13,function,"Describe prior art for a portable urine collection device that uses a two‑section tube (short rigid proximal, longer flexible distal) connected to a urinal with elevated inlet and flush outlet, featuring a bag with double‑seal perimeter enclosure and a detachable hanger for suspension.",2,45,0,0.0,30,ok
2025,12255425,2,summary,"Search for a hybrid fiber‑coaxial cable tap that isolates power from RF by using a bridge in the hardline, while a coupler directs TV signals to multiple subscriber ports through a splitter, enabling downstream service and optional power delivery.",3,40,3,0.11538461538461539,26,failed_constraints
2025,12255425,2,keyword,"Coaxial tap for cable television that segregates equipment power and RF signals via a bridge, incorporates a coupler and splitter within its housing, and supplies downstream subscriber terminations while preserving upstream transmissions.",2,32,0,0.0,22,ok
2025,12255425,2,function,"Search for cable television tap that uses a bridge circuit to isolate power from RF, forwarding power through one path while diverting RF to subscriber outputs via a coupler and splitter, enabling power‑supplying downstream devices without disturbing transmitted TV signals.",2,41,0,0.0,31,ok
2025,12411544,6,summary,"Summarize a device that efficiently determines a virtual‑environment user’s emotions by using the avatar’s gaze direction and a camera‑captured image, then annotating target objects or the user avatar with inferred feelings.",1,35,0,0.0,21,ok
2025,12411544,6,keyword,"virtual reality avatar display system that estimates user gaze direction from avatar orientation, infers emotional state via camera‑captured user image, and overlays emotion tags onto objects or avatars within a predefined field of view.",1,35,0,0.0,27,ok
2025,12411544,6,function,"Search for methods that infer a user's gaze direction and emotional state in a virtual environment, attaching inferred affective cues to an avatar or object while minimizing computational overhead.",1,30,0,0.0,18,ok
2025,12266924,1,summary,Search for battery management electronics that redirect excess pack current through a diode array and a switchable bias path to protect a cutoff circuit from high voltage transients in automotive battery systems.,1,32,0,0.0,21,ok
2025,12266924,1,keyword,"Search for vehicle battery pack control arrangements employing diode arrays between positive and negative terminals, featuring current‑sensing modules that detect a threshold current, trigger a cutoff switch, and reroute excess flow via a biasing path to avoid reverse voltage and protect the pack.",2,44,0,0.0,32,ok
2025,12266924,1,function,"Search for battery management system designs that sense overcurrent at a cutoff node, open the cutoff path, and route excess current through an alternate shunt controlled by a switchable element between control and output nodes to safeguard the pack.",3,39,1,0.04,25,failed_constraints
2025,12297085,25,summary,"A telehandler with a telescoping hydraulic cylinder powered by a single electric motor, featuring two motor‑actuated pins that selectively clamp or release the front and rear boom segments, plus a torque‑limiting device to protect the drive mechanism from overload.",2,41,0,0.0,26,ok
2025,12297085,25,keyword,"Search for patent documents related to telescoping boom hydraulic actuators with integrated electric motor, dual pin coupling systems, selective switching between boom segments, and a load‑suppressing device positioned between motor and coupling to limit transmitted torque at a predefined threshold.",2,41,0,0.0,30,ok
2025,12297085,25,function,"search for telescoping hydraulic booms equipped with an integrated electric motor that employs power‑controlled fixing pins and a switch gear to selectively engage or disengage boom sections, featuring a torque limiter that restricts load on the drive path.",1,39,0,0.0,25,ok
2025,12286995,31,summary,"Search for prior art of adjustable curved clamps incorporating a recessed bore for fasteners, designed to fit cylindrical objects, featuring side flanges, arcuate surfaces, and metallic alloy construction.",1,28,0,0.0,20,ok
2025,12286995,31,keyword,"Search for adjustable clamping devices featuring a curved metallic alloy body with inner and outer surfaces, side sections joined by a first flange bearing an aperture, a protrusion at flange intersection, a recessed arcuate division, and a bore aligned parallel to the flange for fastener adjustment on cylindrical forms.",1,49,0,0.0,31,ok
2025,12286995,31,function,"Search for adjustable metallic clamps featuring a curved body that conforms to cylindrical objects, incorporating side sections with flange apertures, a central recess dividing the body, and a bore aligned with the flange permitting fastener insertion to reposition the clamp—functional design.",1,42,0,0.0,27,ok
2025,12311643,21,summary,"Search for a substrate with a rigid film core partially wrapped by a flexible film that attaches to the core’s opposite surface via two adhesive zones separated by a gap, enabling controlled bending for display devices.",1,37,0,0.0,22,ok
2025,12311643,21,keyword,"Search for display module having a rigid base layer wrapped by a flexible overlayer with separated adhesive flanks on opposite faces, forming a gap along the surface, and a method for laminating these stacked films onto a flexible display substrate.",2,40,0,0.0,26,ok
2025,12311643,21,function,search for flexible display substrates that incorporate a rigid core film wrapped by a flexible layer having two adhesive portions on opposite surfaces separated by a longitudinal gap to control adhesion and maintain flexibility.,1,34,0,0.0,22,ok
2025,12256425,4,summary,"Method enabling a mobile device to pick an uplink sub‑band for access, transmit a chosen preamble, and compute the number of repetitions for the following message from predefined values encoded in grant bits of the base station’s response.",3,40,0,0.0,23,ok
2025,12256425,4,keyword,"Search for wireless UE procedures selecting PRACH sub-bands from SIB-identified uplink ranges, transmitting a preamble, receiving a RAR, and computing the msg3 repetition count from UL grant bits, implemented in a baseband processor or UE firmware covering 5G NR or LTE RACH protocols.",1,45,0,0.0,32,ok
2025,12256425,4,function,"Search for methods where a UE selects a random access subband and preamble to transmit, receives a rand‑access response, and computes a Message 3 repetition count based on UL grant bits encoded in the response.",1,36,0,0.0,21,ok
2025,12350985,32,summary,"Amphibious agricultural vehicle that floats and engages terrain to agitate stored livestock waste, featuring a downward‑mounted pump with tangential outlets, flexible conduits, power‑driven wheels, and operator‑controlled speed and direction.",3,32,0,0.0,23,ok
2025,12350985,32,keyword,"Search for an amphibious livestock lagoon agitator featuring a submerged impeller pump, flexible discharge conduit, four hydraulically driven flotation wheels, an onboard combustion engine, and an operator‑controlled remote‑drive system.",3,31,1,0.043478260869565216,23,failed_constraints
2025,12350985,32,function,"Amphibious vehicle featuring a submerged manure pump and independently powered wheels wirelessly controlled for moving, agitating and recirculating lagoon liquid.",2,20,0,0.0,14,ok
2025,12416102,15,summary,"A microfluidic method that generates droplets containing barcode‑labeled beads and nucleic‑acid‑harboring particles; a second reagent droplet, mediated by surfactant aggregates, delivers enzyme to the first droplet, releasing target nucleic acids that are then barcoded on the bead for downstream sequencing.",1,43,0,0.0,29,ok
2025,12416102,15,keyword,"Search for droplet microfluidics nucleic acid isolation using barcoded beads, surfactant‑assisted reagent transfer between droplets, immiscible‑phase agitation, and barcode‑enabled nucleic acid release from analyte carriers and subsequent barcoding of released nucleic acids for high‑throughput sequencing.",1,39,0,0.0,31,ok
2025,12416102,15,function,"Search for methods that generate multiple droplets containing barcode‑bearing particles and nucleic acid–rich carriers, then transfer reagents through surfactant‑mediated coalescence to release and barcode nucleic acids for downstream sequencing.",3,32,0,0.0,24,ok
2025,12226325,13,summary,Search for prosthetic adaptor designs that secure a hook prosthesis using a concave post plate surface to pinch a hook finger and a perpendicular grip plate with a fixed loop for reliable attachment to assist devices.,1,36,0,0.0,22,ok
2025,12226325,13,keyword,"prosthetic adaptor with a concave post plate for Hosmer‑like hook retention, perpendicular grip plate bearing a side fixed loop, distal equipment interface, incorporating a finger‑pinch feature to secure the hook during alignment.",1,34,0,0.0,25,ok
2025,12226325,13,function,"Search for a prosthetic adaptor that uses a post plate with concave pocket to accept a prosthetic hook, enabling the hook to be pinched by a finger when drawn along a perpendicular grip plate, with a fixed loop on the grip plate for loop attachment.",1,45,0,0.0,24,ok
2025,12274522,13,summary,"Search for robotic eye‑surgery systems that solve limited tool precision by employing a dual‑tripod linear‑actuator arm and a SCARA counterbalance, offering six‑DOF motion plus force‑feedback haptics.",1,31,0,0.0,23,ok
2025,12274522,13,keyword,"Search for an eye‑surgery robotic system featuring a head‑mounted slave with dual tripod linear actuators, a SCARA counterbalance arm, six‑axis direct‑drive actuators, closed‑loop force sensors, a haptic master, and 6‑DOF tool control with force feedback.",3,41,1,0.03333333333333333,30,failed_constraints
2025,12274522,13,function,"Search for robotic microsurgical systems enabling high dexterity head‑mounted manipulators with linear‑actuated multi‑link arms, SCARA counterbalance, closed‑loop force sensing, haptic user control, and end‑effector feedback for ophthalmic procedures.",2,33,0,0.0,27,ok
2025,12295578,13,summary,"Search for surgical stapling adjuncts featuring a longitudinally segmented body with a central core and side layers of distinct compositions, variable thicknesses, and pre‑treated regions (moisture, UV) to improve staple alignment or tissue handling in stapling cartridges.",1,38,0,0.0,26,ok
2025,12295578,13,keyword,"Multisegment surgical stapling adjuncts with longitudinally aligned proximal, middle, distal zones of distinct compositions and varying cross‑sectional thicknesses, optionally pretreated with moisture, UV or radiation, featuring a proximal longitudinal slot, for use with stapling cartridges possessing angled staple cavities.",1,40,0,0.0,30,ok
2025,12295578,13,function,"search for surgical stapling adjuncts with segmented distal sections of differing material compositions and thicknesses that improve tissue sealing, allow pre-treatment (moisture/UV) and integrate with staple cartridges, enabling angled staple engagement and sequential stapling functionality.",2,37,0,0.0,27,ok
2025,12337868,32,summary,Search for autonomous vehicle trajectory selection methods that use context‑based scenario classification coupled with class‑specific scoring functions to compute weighted quality scores for candidate paths before selecting the optimal route.,1,32,0,0.0,24,ok
2025,12337868,32,keyword,"Autonomous vehicle trajectory planning using scenario-based classification and class‑specific scoring functions: a computing device generates candidate paths, classifies environmental context into multiple scenario classes, applies tailored scoring functions, aggregates scores into quality metrics, and drives the vehicle along the selected optimal trajectory.",1,44,0,0.0,35,ok
2025,12337868,32,function,"methods for autonomous vehicle trajectory selection using context-based scenario classification, assigning scenario‑specific scoring functions to candidate paths, summing scores to produce quality metrics, and choosing a path to enable safe driving.",1,33,0,0.0,25,ok
2025,12311664,28,summary,"Search for piezoelectric actuators with ultra‑stiff layers (>130 GPa) incorporating alkali‑metal ions and niobium for high‑frequency droplet ejection in inkjet heads, including multilayer electrode structures and voltage‑driven pressure generation chambers.",3,34,1,0.038461538461538464,26,failed_constraints
2025,12311664,28,keyword,"Search for piezoelectric sensor devices featuring a layered structure with KNO3–KNaNbO3 piezoelectric film having a nanoindentation‑measured Young's modulus greater than 130 GPa, integrated on a diaphragm of a print‑head nozzle assembly with voltage control.",2,38,0,0.0,26,ok
2025,12311664,28,function,"Search for piezoelectric elements having a Young's modulus above 130 GPa, comprised of successive electrode layers and an alkali‑group 5 metal‑rich piezoelectric film, used in compact fluid‑dispensing heads with a diaphragm‑based pressure chamber and on‑chip voltage drive.",2,43,0,0.0,29,ok
2025,12375739,2,summary,"Search for methods of encrypting portions of independently encoded tiles within video frames and decrypting these selected areas before standard tile decoding, utilizing metadata to identify encrypted segments.",1,28,0,0.0,21,ok
2025,12375739,2,keyword,"Searching for tile‑based video encryption methods that encrypt only portions of frame tiles using AES, with metadata in a DRM track of the container file, allowing decryption before header‑driven tile decoding.",2,33,0,0.0,23,ok
2025,12375739,2,function,"Search for methods enabling selective tile‑level decryption of encrypted video frames using encryption metadata embedded in a container, where each tile contains both encrypted and plaintext data and decoding proceeds after decrypting specified portions.",2,35,0,0.0,26,ok
2025,12304946,16,summary,"Search prior art for engineered monoclonal antibodies that recognize a key surface loop of the hepatitis virus major envelope protein, neutralizing both HBV and HDV, plus methods for antiviral therapy and diagnostic kit applications.",2,34,0,0.0,24,ok
2025,12304946,16,keyword,"Search for monoclonal antibodies, antibody fragments, or fusion proteins targeting the surface antigen of hepatitis B virus, capable of cross‑neutralizing hepatitis delta virus, including encoded polypeptides, nucleic acids, and diagnostic kits employing such immunoglobulins for prophylaxis, therapy, or assay development.",3,41,2,0.06666666666666667,30,failed_constraints
2025,12304946,16,function,"Search for antibodies or Fab fragments that recognize and neutralize a protruding domain of the Hepatitis B surface protein, enabling antiviral therapy and diagnostics for hepatitis B and delta virus infection.",3,31,1,0.058823529411764705,17,failed_constraints
2025,12391549,23,summary,"Search for processes that recycle waste hydrofluoric and nitric acid mixtures by adding metal fluoride and nitrate salts to break azeotropes, employing vacuum distillation with mist removal and condensation, producing highly pure HF and HNO3 while recovering the salts for reuse.",2,41,0,0.0,28,ok
2025,12391549,23,keyword,"Search for processes using a PTFE‑lined vacuum distillation column to recover high‑purity HF and HNO3 from mixed waste solutions, employing alkali‑metal fluorides and nitrates to disrupt HF–water or HNO3–water azeotropes, and reusing the salt residues.",2,40,0,0.0,28,ok
2025,12391549,23,function,"Search for methods to convert low‑purity hydrofluoric and nitric acid mixtures into high‑purity electronic grade acids by adding alkali metal fluoride and nitrate salts to break azeotropes, performing vacuum distillation, mist removal, condensation with ultrapure water, and recycling the metal salts.",3,43,1,0.03225806451612903,31,failed_constraints
2025,12223223,2,summary,"Identify prior art describing a display engine that generates multi‑layer frames, selects planes for compression based on format support, inter‑frame change, and overlay occlusion, and either moves suitable planes to the bottommost level for compression or preserves level when occluded, then stores and renders the compressed plane.",1,49,0,0.0,34,ok
2025,12223223,2,keyword,"Search for GPU‑based display engines that select image planes for compression using format compatibility, inter‑frame change rate, and occlusion of overlay content, then re‑layer planes to a lower depth, compress and store them in memory for frame assembly.",2,41,0,0.0,28,ok
2025,12223223,2,function,"Search prior art for graphics processing methods that select layers for compression based on format compatibility, inter‑frame change, and overlay occlusion, lower them to the bottom level, compress using a compression engine, store compressed planes in memory, then assemble and output the final frame.",2,45,0,0.0,31,ok
2025,12298075,23,summary,"High‑pressure compression feeds a cooled stream to a high‑pressure column producing nitrogen‑rich vapor and oxygen‑rich liquid, while low‑pressure columns recycle condensate; thereafter an argon‑enrichment column uses partially vaporized nitrogen‑oxygen blends for refrigeration, yielding high‑purity argon, nitrogen, and oxygen outputs.",3,47,2,0.05263157894736842,38,failed_constraints
2025,12298075,23,keyword,"Prior‑art search for a gas‑separation process using a high‑pressure column, a secondary pressure column, compression, heat‑exchange cooling, a reboiler‑condenser for nitrogen‑rich vapor, an argon‑enrichment column, and recycled mixed nitrogen‑oxygen vapor for refrigeration duties.",3,41,3,0.1,30,failed_constraints
2025,12298075,23,function,"Search for gas‑separation processes that compress a mixed feed, cool it, send a fraction to a high‑pressure column for nitrogen/vapor production, recycle condensate, run a low‑pressure column for enriched oxygen/argon streams, and use a third column plus heat‑exchanger mixes to vaporize and condense argon, enhancing recovery and efficiency.",3,54,1,0.02702702702702703,37,failed_constraints
2025,12340870,6,summary,"Search for semiconductor device fabrication wherein a substrate hosts sacrificial and active layers, grooved to isolate active areas, gaps expose underlying substrate for bit lines, and vertical pillars with doped channel and gate are built atop, enabling high‑density memory with external storage units.",3,44,0,0.0,32,ok
2025,12340870,6,keyword,"Search for semiconductor memory fabrication methods using trench isolation, active line patterning, sacrificial removal to form gaps, bit line integration, formation of top pillars with doped source/drain regions, gate stack over channel, and post‑process storage units aligned to pillars.",2,41,0,0.0,33,ok
2025,12340870,6,function,"Process forming a substrate with sacrificial and active layers, patterned into isolated grooves, removal of the sacrificial layer creates gaps for bit lines, active pillars are doped to form channel zones, gates are built around channels, and storage units are stacked on pillars for high‑density memory.",2,47,0,0.0,31,ok
2025,12302681,5,summary,"Search for methods to produce lead–tin perovskite films from precursor inks that use mixed lead halides, dissolve with a first solvent, deposit onto a substrate, anneal, and then rinse with a second solvent containing specific ammonium or guanidinium salts to enhance film quality.",1,44,0,0.0,30,ok
2025,12302681,5,keyword,"Mixed lead‑tin halide perovskite thin film fabrication by solvent‑based precursor ink deposition on substrate, followed by drying, annealing, and rinsing with a solution of alkyl‑ammonium halides or formamidinium halide, including methylammonium iodide, guanidinium halide, and related salts.",3,40,1,0.034482758620689655,29,failed_constraints
2025,12302681,5,function,"Methods for producing photoactive lead‑tin perovskite thin‑film materials using solvent‑based precursor inks, deposition, controlled annealing, and rinsing with mixed halide salts to optimize crystallinity, reduce defects, and enhance photovoltaic or optoelectronic device performance.",1,36,0,0.0,28,ok
2025,12186955,29,summary,"Search for injection molding equipment that uses a single-element servo valve to redirect hydraulic fluid from the piston’s rear chamber to either a head chamber or a tank, allowing variable flow control in two distinct valve positions to improve pressure management.",1,43,0,0.0,28,ok
2025,12186955,29,keyword,"hydraulic injection molding system featuring a run‑around circuit, servo valve regulating fluid path between the piston chamber and a reservoir tank, adjustable valve element for flow control, plus integrated injection cylinder, clamping unit and ejection assembly.",3,37,1,0.034482758620689655,29,failed_constraints
2025,12186955,29,function,"How can a servo-actuated valve in a hydraulic injection cylinder alternate between directing piston-released fluid to a counter chamber or an external tank while independently regulating discharge speed, thus enabling precise molding material ejection and cycle timing?",2,39,0,0.0,29,ok
2025,12252256,32,summary,"Aircraft wing fluid discharge system featuring a skirt surround with an opening that directs fluid between the wing and fuselage, and an accompanying line removes the fluid.",1,27,0,0.0,16,ok
2025,12252256,32,keyword,"Search for aircraft ground‑contact wing‑aerodynamic lift devices featuring integrated skirt‑type shielding panels, peripheral apertures, and fluid‑removal conduits attached to the fuselage, focusing on airflow‑channeling and de‑obstruction mechanisms in air vehicle lift augmentation systems.",2,39,0,0.0,30,ok
2025,12252256,32,function,"Looking for aircraft wing fluid removal systems featuring a skirt‑like cover that separates the wing from the body, an opening to channel fluid, and a body‑mounted discharge line to evacuate it; used to maintain lift.",1,37,0,0.0,22,ok
2025,12261213,8,summary,"A technique for producing a multi‑thickness fin‑FET gate stack, where dummy gates are patterned on distinct fin sections, their conductors are removed to open trenches, a mask protects one side’s dielectric during selective etch, and new gate material is deposited to achieve the target thicknesses.",3,48,0,0.0,31,ok
2025,12261213,8,keyword,"Simultaneous formation of gate stacks on adjacent fin portions, selective removal of top electrodes to create trenches, application of conformal mask, selective oxide removal, and deposition of new poly‑gate layers within the etched channels.",2,35,0,0.0,25,ok
2025,12261213,8,function,"Simultaneous dummy gate stack removal on a protruding fin to create dual trenches, selective etching mask protection of remaining dielectric, and deposition of replacement gate stacks with differing dielectric thicknesses for improved fin‑FET performance.",3,35,2,0.08,25,failed_constraints
2025,12333280,6,summary,"Search for systems that capture API request flows to a service, record identifiers and metadata, use recorded traffic to construct model representations of the service interface, and generate mock service components (e.g., stubs) for containerized services.",1,37,0,0.0,23,ok
2025,12333280,6,keyword,"Search for systems that monitor API traffic within a database data layer network mesh, capture API call identifiers and metadata, then build API interaction models and generate simulated service components for containerized services on a server platform.",3,37,2,0.07407407407407407,27,failed_constraints
2025,12333280,6,function,"Search for systems that automatically record API request traffic on a service, store enriched logs, generate API behavior models from those logs, and create virtual API components to emulate service interactions within a containerized environment.",2,35,0,0.0,25,ok
2025,12328726,4,summary,"A technique for dynamically configuring grouped transmission intervals in a wireless system, allocating one group to a UE that uses only part of it while other UEs occupy the remaining resources, and deactivating bundled usage when unnecessary, combined with secondary cell control to manage uplink traffic.",2,46,0,0.0,30,ok
2025,12328726,4,keyword,"Search for innovations on dynamic TTI bundling with measurement gaps, UE partial burst transmission, opportunistic resource reuse, and secondary cell deactivation control elements for uplink VoLTE traffic management in 5G NR eNodeB networks.",2,33,0,0.0,25,ok
2025,12328726,4,function,"Search for wireless UE uplink scheduling techniques that partition TTI bundles around measurement gaps, permitting partial UE transmission while reusing unused resources for other UEs, and dynamically terminating bundling to activate a secondary cell for UL traffic.",3,37,0,0.0,28,ok
2025,12205241,2,summary,"Search for technology that reconstructs an ordered 360‑degree product rotation from two disjoint, out‑of‑order image sequences captured in a studio, by re‑interleaving and reordering photos before streaming a virtual display to end devices.",1,37,0,0.0,24,ok
2025,12205241,2,keyword,"systems and methods for creating a virtual rotating vehicle display by rearranging two unordered image sets captured in a robotic studio, generating an in‑order video sequence that simulates smooth 3‑D rotation for mobile device playback.",1,37,0,0.0,23,ok
2025,12205241,2,function,"Explore prior art where a computer system receives two unordered image sets of an object, algorithmically interleaves them into an ordered rotation sequence, then delivers a composite video of the virtual display to a user device.",1,36,0,0.0,22,ok
2025,12188901,10,summary,"Search for a method that monitors purity of an organic solvent by contacting the liquid with a resonant quartz sensor coated to adsorb contaminants, measuring frequency shift; the sensor’s fluid interface uses a fluoropolymer to improve resistance to solvents.",2,40,0,0.0,23,ok
2025,12188901,10,keyword,"Search for purity‑monitoring methods for organic‑solvent liquids using quartz resonant sensors with an impurity‑adsorbing coating, where part of the fluid‑contact area is fabricated from fluorocarbon polymer and resonance shifts indicate contamination levels.",2,36,0,0.0,24,ok
2025,12188901,10,function,Search for prior art on monitoring the purity of an organic‑solvent liquid by contacting a resonance‑based sensor with an adsorbing layer that includes a fluorine‑resin contact section and measuring the resulting frequency shift to compare against a permissible impurity range.,2,43,0,0.0,26,ok
2025,12235934,10,summary,"Search for prior art on algorithms that use temperature, salinity, and pressure profiles from CTD casts to compute water column and mixed layer depths, then compare depth ratios to classify carbon concentration patterns and aggregate global carbon budgets.",2,38,0,0.0,27,ok
2025,12235934,10,keyword,"Search for ocean carbon partitioning techniques using CTD-derived temperature, salinity, and pressure profiles to compute water column depth, mixed layer depth, and surface organic carbon concentration, then classifying vertical carbon distribution models via depth ratios for stock estimation.",3,39,1,0.03125,32,failed_constraints
2025,12235934,10,function,"search for methods that classify oceanic organic carbon depth profiles using surface concentration, temperature and salinity data to compute water column and mixed‑layer depths, calculate depth ratios, and discriminate among depth profile types for accurate carbon inventory estimation.",2,39,0,0.0,30,ok
2025,12298128,10,summary,"Search for flexible strain sensors using dual conductive gel elements where one element partially negates the response of the other to isolate strain along a primary axis while also measuring orthogonal strain, enabling differential detection on a deformable substrate.",1,39,0,0.0,28,ok
2025,12298128,10,keyword,"Search for flexible strain‑sensing devices using conductive gel elements on a deformable base, where one gel track captures primary strain while another dual‑section track opposes that signal, providing biaxial strain compensation for soft‑material wearables.",2,37,0,0.0,29,ok
2025,12298128,10,function,"Search for gel-based sensor array on stretchable base that measures deformation along one axis while a split sensor cancels part of that signal to isolate orthogonal axis strain, enabling directional strain monitoring for wearable or soft robotics applications.",2,39,0,0.0,28,ok
2025,12283399,1,summary,"Search prior art for aircraft high‑voltage insulation systems employing a gas mixture of C3F7CN blended 22‑70 % with nitrogen, CO₂, air or argon, kept at 10–200 kPa pressure.",1,30,0,0.0,22,ok
2025,12283399,1,keyword,"Search for aircraft high‑voltage power systems using a dielectric gas mixture containing 22–70 % C3F7CN mixed with nitrogen, CO2, argon or air, pressurized between 50–200 kPa for insulation.",3,30,0,0.0,23,ok
2025,12283399,1,function,"electric aircraft enclosure using a 22–70% perfluorocyanobutyl fluoride mixed with an inert gas, pressurised to 50–200 kPa, to achieve high‑voltage insulation and enhance dielectric strength under aerospace operating conditions.",2,32,0,0.0,24,ok
2025,12223747,6,summary,"control system that captures vehicle images before and after a user’s interaction, compares pixel luminance for change detection, obtains user answers about appearance, and adjusts a user score based on matching detected and reported conditions.",1,36,0,0.0,25,ok
2025,12223747,6,keyword,"Image‑based vehicle condition monitoring system with a control unit capturing pre‑ and post‑entry exterior images, detecting pixel luminance changes, integrating user‑reported status via questionnaire, comparing changes, assigning point scores, and evaluating users for vehicle deterioration detection.",1,39,0,0.0,32,ok
2025,12223747,6,function,"System that captures exterior vehicle images before and after user interaction, compares pixel luminance to detect changes, gathers user‑reported alterations, cross‑validates observed and reported changes, adjusts a score, and assesses the user’s behavior.",1,36,0,0.0,26,ok
2025,12299749,7,summary,"Search for systems enabling secure, real‑time transmission of patient prescription and location data to multiple servers, where encrypted tokens authenticate requests, the first server queries drug data, the second adjudicates costs, and the result stream updates the patient's interface live.",1,42,0,0.0,29,ok
2025,12299749,7,keyword,"Search for patented realtime electronic billing systems that receive patient prescription and location data, transmit encrypted password‑validated derived data requests to a second server for medication information, then send adjudication requests with a second token to a third server for co‑pay calculation and continuous GUI refresh.",3,48,3,0.08823529411764706,34,failed_constraints
2025,12299749,7,function,"Real‑time prescription cost determination using client device data, involving encrypted token authentication across multiple servers for medication info retrieval and claim adjudication, with continuous co‑pay update refresh to the client interface.",1,33,0,0.0,26,ok
2025,12354037,12,summary,"Method for measuring aircraft turnaround by tracking transponder location, identifying parking stand occupancy using GIS polygons, and timestamping on‑ and off‑block events to calculate layover duration.",1,27,0,0.0,19,ok
2025,12354037,12,keyword,"Processor‑based system evaluates aircraft turnaround by interrogating ADS‑B transponders, receiving real‑time position, altitude, velocity, timestamp data, mapping to polygonal parking‑stand geospatial datasets; it timestamps on‑block when velocity < threshold on ground within stand polygon, and off‑block upon exit, computing turnaround duration.",1,46,0,0.0,36,ok
2025,12354037,12,function,"System or method using GPS/ADS‑B data and airport taxiway maps to timestamp an aircraft’s arrival at and departure from a specific parking stand, computing turnaround time by correlating position polygons with time‑stamped location records.",1,38,0,0.0,24,ok
2025,12281683,21,summary,Search for impact mitigation devices featuring conically shaped walls creating nested perimeters and an inner chamber packed with patterned spherical absorbers to redirect force and preserve structural integrity during collision.,1,30,0,0.0,22,ok
2025,12281683,21,keyword,"Search for impact‑deflecting protective cell with concentric perimeters formed by angled wall elements, a hollow core containing patterned spherical absorbers that distribute kinetic energy to reduce peak pressure at the inner perimeter compared with outer perimeter dimensions.",1,38,0,0.0,27,ok
2025,12281683,21,function,Search patents on impact‑resistant protective chambers employing concentric perimeters and internal spherical dispersal elements to amplify pressure on the inner surface while distributing external impact across a larger outer boundary.,1,31,0,0.0,23,ok
2025,12299929,6,summary,"Search for methods that use multiple cameras to triangulate target poses, build 3‑D models, back‑project them to image planes, and classify actions in multi‑subject scenes.",1,28,0,0.0,17,ok
2025,12299929,6,keyword,"Search for systems that capture multiple camera feeds of human subjects, perform triangulation‑based pose estimation, reconstruct a 3‑D body model, back‑project joint positions into 2‑D image planes, and classify performed actions from the combined 3‑D and 2‑D kinematic data.",2,45,0,0.0,26,ok
2025,12299929,6,function,"Search for systems or methods that obtain multi‑camera video of multiple subjects, perform cross‑camera tracking of a target, triangulate pose, build a 3‑D model, back‑project to 2‑D, and use that to recognize target actions.",1,39,0,0.0,22,ok
2025,12350280,16,summary,"Search for an injectable drug composition that treats immune dysfunction by combining a glycosaminoglycan, a fatty acid, a B‑vitamin derivative, and a nicotinamide nucleotide, with specific mass ratio blending to restore immune balance.",3,34,1,0.05,20,failed_constraints
2025,12350280,16,keyword,"Search for injectable formulations comprising chondroitin sulfate with unsaturated fatty acids, flavin mononucleotide, nicotinamide mononucleotide, and B vitamins (B2, B6, B12), plus branched‑chain amino acids such as valine, leucine, and isoleucine.",3,32,7,0.2916666666666667,24,failed_constraints
2025,12350280,16,function,"Identify prior art for injectable medical formulations that blend chondroitin sulfate, oleic acid, flavin mononucleotide, and nicotinamide mononucleotide to restore immune balance in patients with immune disorders.",2,27,0,0.0,19,ok
2025,12408650,29,summary,"Search patents for flexible sealed heat chambers over 50 ft³ with integrated heaters, temperature sensors and controllable fans, designed to raise interior to ≥115 °F to kill bed bugs in furniture, mattresses, and box springs, using removable side panels and an internal frame.",1,43,0,0.0,30,ok
2025,12408650,29,keyword,"heat‑based pest elimination system with removable side panels, internal volume over 50 cu ft, integrated heater, temperature sensor, internal frame, fan control, designed to kill all life stages of bed bugs.",3,32,3,0.1111111111111111,27,failed_constraints
2025,12408650,29,function,"Search for flexible heat‑treatment enclosures with integrated heaters and temperature sensors that enclose and heat items to at least 115 °F for pest elimination in furniture, mattresses, and similar goods.",1,31,0,0.0,18,ok
2025,12419786,13,summary,"An adaptive pressure‑modulating system delivers controlled fluid flow through a compliant earpiece sealed to the outer ear, generating differential pressures that alleviate neurological symptoms, with the device adjusting flows based on user‑reported symptom changes.",2,36,0,0.0,26,ok
2025,12419786,13,keyword,"Search for patents on ear‑piece pressure regulation devices employing compliant seals and a fluid transport mechanism controlled by a pressure‑differential controller, featuring symptom‑based feedback loops for neurological disorder therapy.",2,32,0,0.0,23,ok
2025,12419786,13,function,"Search for prior systems that use a wearable ear‑mounted device to generate fluid transport between an earpiece and the inner ear, adjust internal ear pressure, and allow user‑controlled regulation of symptom severity with feedback‑based adjustment after initial treatment.",2,41,0,0.0,29,ok
2025,12372981,12,summary,"Search claims integrating a neural oscillator for joint phase and frequency generation with a reinforcement learning scheme that maps robot state to joint increments, using a rhythm‑driven reward that includes phase and frequency terms to speed up learning and lower energy use in rhythmic locomotion.",3,46,0,0.0,31,ok
2025,12372981,12,keyword,"Search patents related to robotic gait control using neural oscillators integrated with reinforcement learning, involving phase and frequency conditioning, joint increment actions, and reward shaping for energy efficiency and contact prediction.",2,31,0,0.0,23,ok
2025,12372981,12,function,"Search for robotic rhythmic motion control using a neural oscillator that generates phase and frequency cues, combined with a reinforcement learning network comprising an action space, pattern formation layer, and rhythm generator to produce joint position increments and trajectory transitions.",3,40,8,0.2857142857142857,28,failed_constraints
2025,12294390,2,summary,"Search for methods that encode a standalone neural network into a compact bitstream composed of separate unit types—model parameter, layer parameter, topology, quantization, and compressed data—each with header and payload, and transmit this stream to a decoder for faithful reconstruction.",1,42,0,0.0,26,ok
2025,12294390,2,keyword,"Search for methods and systems that encode an independent machine‑learning model into a neural‑representation bitstream comprising grouped units such as model‑parameter, layer‑parameter, architecture, quantization, and compressed‑data elements with headers and payloads, then transmit to a decoder.",3,41,0,0.0,27,ok
2025,12294390,2,function,"Search for techniques that convert a neural network model with defined layers and topology into a concise bitstream containing structured segments for model metadata, layer configuration, topology description, quantization parameters, and compactified data, which is transmitted to a decoding system restoring functional network behavior.",2,44,0,0.0,29,ok
2025,12199292,1,summary,"A box‑shaped battery enclosure features an inclined bottom surface with a central protrusion, creating a direct thermal bridge between stacked electrode units and the case, thereby enhancing heat dissipation while preserving the electrode stack geometry.",1,36,0,0.0,26,ok
2025,12199292,1,keyword,"Search for lithium‑ion battery designs featuring a rectangular case with an internally sloped bottom surface in thermal contact with stacked electrode units, protruding internal bulges, and dual inclined planes for heat dissipation.",1,33,0,0.0,23,ok
2025,12199292,1,function,"Battery cases incorporating sloped inner surfaces or protrusions that contact stacked electrode units, enabling improved heat conduction and temperature regulation during charge‑discharge cycles.",1,24,0,0.0,19,ok
2025,12381825,4,summary,"Search for gateway control plane methods that receive separate initialization messages over two distinct data paths, calculate each path’s utilization percentage, and establish a device session exclusively on the less‑utilized path to balance traffic.",1,36,0,0.0,26,ok
2025,12381825,4,keyword,"Search for disaggregated broadband gateway systems that ingest two initialization packets over distinct user planes, calculate load‑balance utilization rates from internal data structures, and route user sessions onto a preferred user plane.",3,33,0,0.0,26,ok
2025,12381825,4,function,"Query for prior art on a disaggregated broadband gateway control plane that ingests separate initiation packets over distinct user planes, computes utilization‑based load‑balancing metrics from a plane‑utilization data store, and provisions a user session exclusively on the chosen plane.",1,42,0,0.0,30,ok
2025,12198066,6,summary,"Detecting misinformation without content analysis by assigning trust weights to users and items, seeding a bipartite graph, and iteratively updating weights with a HITS‑inspired algorithm to isolate high‑risk posts and accounts.",1,33,0,0.0,22,ok
2025,12198066,6,keyword,"Search for algorithms that detect misinformation within a network using a heterogeneous graph of user and content nodes, assigning initial weight vectors to selected seed nodes, iteratively updating scores with a HITS‑like propagation, and outputting high‑confidence nodes without content inspection.",2,42,0,0.0,30,ok
2025,12198066,6,function,"Search for techniques that detect unreliable content by analyzing social interaction patterns between users and items, using seed‑based weighting on a mixed graph, iteratively updating user and item credibility scores without textual analysis.",2,34,0,0.0,25,ok
2025,12367243,6,summary,"Dynamic visualization platform enabling users to navigate a data graph, selecting entities to automatically generate filtered sub‑views and new dashboard layouts tailored to the attributes of each chosen node.",1,30,0,0.0,21,ok
2025,12367243,6,keyword,"Software system for dynamic enterprise data visualization via semantic network traversal, generating context‑specific perspectives, widgets, and filters from selected visual indicators without default viewpoints, to produce on‑demand subnetworks and aggregated views.",1,33,0,0.0,25,ok
2025,12367243,6,function,"software that, upon a user selecting a visual indicator, builds a filter, detects lack of default perspective, and auto‑creates a new perspective with a different widget to display filtered portions of the data network.",1,35,0,0.0,21,ok
2025,12259946,6,summary,"System for selecting, visualizing and automating workflow tasks by mapping user‑defined processes to software robots—attended, unattended or learning‑adaptive—retrieved from persistent storage and supervised via an interface linking tasks and accepting user inputs to replace them.",1,39,0,0.0,26,ok
2025,12259946,6,keyword,"Search for automated task execution frameworks using attended, unattended, and intelligent software agents that interface with multiple application programs, provide visual workflow representations with task linkage, and incorporate machine learning engines to adapt agent behavior without user input.",2,38,0,0.0,29,ok
2025,12259946,6,function,"Search for systems that visually represent automated workflows, allow users to replace manual tasks with software agents that can operate with or without human input, and adapt interactions via machine learning.",2,31,0,0.0,21,ok
2025,12232024,4,summary,"Search for systems where a device alternates between distinct radio PHY modes to sequentially scan for discovery beacons, switching to a second mode only after failing to detect the first, then establishing a link using the mode in which the beacon was found.",1,43,0,0.0,26,ok
2025,12232024,4,keyword,"Search for methods that enable a wireless node to perform time‑multiplexed network discovery by sequentially listening in a first PHY mode, switching to a second PHY mode if the first discovery beacon is not detected, and establishing a link after receiving the second beacon.",2,45,0,0.0,28,ok
2025,12232024,4,function,"Search for prior art describing a node that alternates listening modes to receive discovery signals, switching to an alternate mode when the first fails, and then linking to a second node when a second signal is detected.",2,37,0,0.0,21,ok
2025,12333109,6,summary,"Search for novel capacitive touch screens using interleaved orthogonal electrode arrays that separately drive touch and stylus detection, with the stylus housing a ferrite‑core resonant coil and capacitor to transmit pen signals to selected sensor patterns.",1,37,0,0.0,26,ok
2025,12333109,6,keyword,"Search for pen‑based touch interfaces featuring orthogonal patterned conductive tracks, resonant inductive‑capacitive stylus bodies with ferrite cores, and a control unit that drives touch electrodes while sensing stylus proximity through shared electrode connections.",1,35,0,0.0,28,ok
2025,12333109,6,function,"Search for systems that employ orthogonal conductive pattern arrays to detect both direct touch and stylus input, with the stylus containing an inductive resonance circuit and the host selectively driving electrodes for sensing and positioning.",1,35,0,0.0,22,ok
2025,12310109,9,summary,"A display panel featuring a dual‑side trace network that extends to integrated edge protrusions, bridged by a conductive overlay covering the protrusions, with a protective film encapsulating contacts and gaps for streamlined interconnection.",1,34,0,0.0,21,ok
2025,12310109,9,keyword,"retrieving prior art for display panels featuring bilayer substrates with integrated protruding pads on opposite edges, dual‑surface trace layers terminating at pads, a conductive layer bridging pads across sides, and a full‑coverage protective film sealing pad gaps, also encompassing spliced‑panel assemblies.",1,44,0,0.0,35,ok
2025,12310109,9,function,"display panel with integrated edge protrusions on opposite sides, dual‑sided trace networks linked by central conductive bridge layers and fully encapsulating protective film covering gaps, enabling seamless multi‑panel splicing for large curved screens.",1,35,0,0.0,28,ok
2025,12417454,7,summary,"Patent search for a blockchain‑based automated communication system that uses public ledger data to decide and send tailored messages to user accounts without decrypting stored data, and retrieves backend database keys from distributed records.",1,35,0,0.0,25,ok
2025,12417454,7,keyword,"Search for techniques combining blockchain‑based distributed ledger data with automated periodic triggers to conditionally generate and send templated communications, using anonymized ledger entries as retrieval keys to secure backend databases while avoiding decryption overhead.",1,35,0,0.0,27,ok
2025,12417454,7,function,"Search for blockchain‑based automated messaging systems that use distributed ledger entries to trigger communication templates, transmit messages to account holders, avoid decryption of stored data, and exploit public ledger values as retrieval keys for private databases.",1,37,0,0.0,27,ok
2025,12253648,10,summary,"Deploys two coaxial arcs of linear electron accelerators within a static frame, driving fan‑shaped high‑penetrating X‑ray beams while a conveyor feeds the specimen; opposing detector banks gather transmitted photons, and a control unit synchronizes beam pulses to reconstruct volumetric images of dense materials.",2,46,0,0.0,35,ok
2025,12253648,10,keyword,"stationary gantry based imaging with conveyor‑transported specimens, dual‑plane arcuate linear accelerator arrays generating fan‑shaped high‑energy X‑ray beams, opposing detector panels, and automated control for timed accelerator activation and 3‑D computational reconstruction.",3,37,1,0.03571428571428571,28,failed_constraints
2025,12253648,10,function,"Search for an X‑ray imaging system employing a stationary gantry and conveyor that routes objects, multiple high‑energy X‑ray generators positioned along two parallel curvilinear tracks, opposite collector assemblies electronically synchronized to produce fan‑beam data for volumetric reconstruction.",3,41,3,0.1,30,failed_constraints
2025,12214748,29,summary,"Search for multi-pivot ladder system for agricultural machinery employing an angled stow configuration with separate axis hinges and hydraulic control, enabling space‑efficient storage without obstructing cab access.",1,29,0,0.0,22,ok
2025,12214748,29,keyword,"agricultural vehicle ladder with two frame members, each having upper and lower sections, foot supports, independent pivot points connecting to the vehicle frame’s fore and aft, hydraulic cylinder assisting angled stowed configuration, ensuring cab access.",3,36,1,0.03571428571428571,28,failed_constraints
2025,12214748,29,function,"search for an agricultural vehicle ladder with two pivoting frame members on distinct axes, a hydraulic cylinder that secures an angled, rearward stowed position, and foot supports, ensuring no obstruction to cab entry or exit.",1,35,0,0.0,23,ok
2025,12222920,6,summary,"Dynamic subscription storage for MQTT where a provider network routes wildcard and concrete topic subscriptions to separate datastores—e.g., an in‑memory trie for wildcards and a lower‑cost key‑value store for single topics—using a pointer table to select the target based on subscription type and traffic criteria.",3,51,1,0.03225806451612903,31,failed_constraints
2025,12222920,6,keyword,"Search for systems that route MQTT device subscriptions to distinct backends, storing wildcard topics in an in-memory trie while directing concrete topic subscriptions to a cheaper storage engine, using per-device tables and TPS thresholds.",2,36,0,0.0,25,ok
2025,12222920,6,function,"search for systems that route IoT device subscription logs to distinct persistence layers—such as trie‑based in‑memory stores for wildcard topics versus lower‑cost, performance‑constrained stores for concrete topics—selected via subscription type and topic throughput metrics.",2,40,0,0.0,30,ok
2025,12371045,32,summary,"Search for vehicle stability aids measuring steering and speed to detect oversteer/understeer, then compute optimal throttle setting that balances front/rear wheel drive force versus transfer-induced braking torque, and displays recommended throttle to the driver.",2,37,0,0.0,28,ok
2025,12371045,32,keyword,"vehicle driving aid system detecting outward or inward heading during cornering by combining yaw rate, steering angle and vehicle speed to compute slip angle, setting target accelerator throttle to balance front wheel drive torque and transfer braking torque, with throttle input display, and including a transfer and limited differential.",1,49,0,0.0,37,ok
2025,12371045,32,function,"Search for a vehicle cornering aid that uses yaw and slip data from steering angle and speed, calculates slip conditions, detects oversteer or understeer, sets a target throttle to minimize the front‑wheel drive‑brake force mismatch, and displays the recommended acceleration to the driver.",2,45,0,0.0,29,ok
2025,12261679,3,summary,"Search for technologies that coordinate multiple regional ground terminals to transmit individualized uplink bursts to a relay satellite, synchronizing their delays so the satellite receives them in phase, enabling the ground network to synthesize focused beams and extract user data from the return path.",2,44,0,0.0,28,ok
2025,12261679,3,keyword,Searching for satellite communications ground segment architectures employing geographically dispersed relay nodes and a central hub to synchronize uplink transmission streams through path delay compensation and beamforming techniques for coherent downlink beam synthesis.,2,33,0,0.0,25,ok
2025,12261679,3,function,"Search for techniques enabling synchronized satellite link formation via geographically dispersed ground nodes, where a central server distributes node‑specific uplink bursts with delay compensation, and ground beamformers reconstruct and shape combined downlink beams from end‑to‑end relay returns.",3,40,1,0.03333333333333333,30,failed_constraints
2025,12274607,13,summary,"absorbent articles featuring a chassis of topsheet, backsheet, core, and elastically stretchable panels bonded by ultrasonic welding, where elastic films with wrinkle‑structured skins attach in anchoring zones to provide controlled stretch in diaper‑like wear items",1,37,0,0.0,26,ok
2025,12274607,13,keyword,"search for absorbent pads with chassis comprising topsheet, backsheet, and core, featuring an elastically stretchable panel of a stretch laminate bonded ultrasonically, containing cover layers, an elastomeric film with skin, anchoring and stretch zones, and wrinkle‑furrowed skins in anchoring zones.",3,41,4,0.14285714285714285,28,failed_constraints
2025,12274607,13,function,"Search for disposable absorbent articles with chassis including topsheet and backsheet, an absorbent core, and attached elastically extendable panels consisting of multilayer stretch laminates bonded ultrasonically; panels feature anchor zones with wrinkled skin surfaces forming furrows, allowing directional stretch.",3,39,2,0.06666666666666667,30,failed_constraints
2025,12328167,3,summary,"Search for wireless communication systems that generate a CSI predictor model from a training set organized as M×N matrices, where rows are sub‑carriers or time slots and columns are antennas or spatial angles, for devices to exchange channel quality information.",1,42,0,0.0,24,ok
2025,12328167,3,keyword,"Search for prior art on methods or devices that construct a channel state information model from an M×N sample matrix, with rows as subcarriers or time slots and columns as antennas or angles, enabling first and second devices to transmit channel quality metrics.",3,44,1,0.04,25,failed_constraints
2025,12328167,3,function,Query for prior art on a method and system that builds a training set of a link quality model using an M×N matrix (rows: subcarriers or time slots; columns: antennas or spatial angles) to enable coordinated transmission of condition feedback between two devices.,2,44,0,0.0,27,ok
2025,12217148,6,summary,"Search for systems mapping vector‑based candidates to customizable web funnels via a rule‑based database of logo, headline, and CTA elements, presenting unique configurations to users over a network.",3,30,0,0.0,21,ok
2025,12217148,6,keyword,"Looking for webinterface production systems that map vector-encoded candidate points to website funnel UI elements, converting attributes such as logo, headlines, and call‑to‑action through a presentation module and rule‑based database.",2,34,0,0.0,24,ok
2025,12217148,6,function,"web interface generation via vector-based candidate selection that maps abstract configuration points to visual component settings for logos, headlines, subheadlines, and call‑to‑actions, enabling dynamic funnel construction shown to users.",2,32,0,0.0,24,ok
2025,12190823,2,summary,"Search for imaging displays using scan drivers that sequentially deliver separate display and blackout periods across multiple scan lines, where blackout signals are shared over multiple lines, shifts by defined horizontal periods, and duty cycles differ between display and blackout phases.",1,41,0,0.0,31,ok
2025,12190823,2,keyword,"display device utilizing a sequential scan driver providing multiple scan signals via separate lines to a pixel, with distinct timing windows within a frame, including a low‑brightness blanking interval to suppress display during part of the scan.",2,38,0,0.0,27,ok
2025,12190823,2,function,"Search for a display system that uses a driver to send multiple timed scan pulses to individual pixels via separate scan lines, creating a frame display period followed by a black insertion interval, with staged pulse durations and duty variations across different scan periods.",2,44,0,0.0,31,ok
2025,12336679,33,summary,"A dishwasher with adjustable, multi‐tier racks that include removable wire inserts and handles to enhance loading flexibility and accommodate dishes of varying sizes.",1,24,0,0.0,15,ok
2025,12336679,33,keyword,"dishwasher with multi-tier rack system featuring dedicated spray assemblies per rack, where the uppermost rack incorporates a removable wire framework perimeter housing a wire insert with bifurcated wall boundary, transverse and vertical wire handles, and a dual-height floor to accommodate varying object sizes.",1,45,0,0.0,33,ok
2025,12336679,33,function,"Search for dishwashers having multiple slide‑able racks each served by its own spray arm, and a top rack with a wire perimeter and a detachable wire insert featuring a raised section for small items and removable side walls.",1,39,0,0.0,25,ok
2025,12339709,6,summary,"Investigate display modules featuring bent substrate sections housed in stepped support frames, enabling flexible circuits with region‑specific layer counts and integrated stepped batteries within adjacent cavities, to address space efficiency and thermal management in compact electronic devices.",1,38,0,0.0,30,ok
2025,12339709,6,keyword,"Search for electronic displays with bent substrate portions incorporated into a support plate cavity, where a multilayer flexible printed circuit connects to the bent region and a stepped power source is positioned in an adjacent cavity.",3,36,0,0.0,21,ok
2025,12339709,6,function,"Find prior art for a display system in which a curved substrate recess holds a flexible multilayer circuit board with varying layer counts, while a stepped battery is housed in a secondary cavity, enabling compact power and signal integration close to the display front surface.",1,45,0,0.0,29,ok
2025,12408026,4,summary,"Search for technologies that dynamically route outgoing text or multimedia messages to telephone numbers by selecting among multiple communication providers and protocols based on message content, retrying failed transmissions, logging provider–protocol–address tuples, and prioritizing previously successful provider–protocol combinations when re‑sending to the same address.",1,48,0,0.0,35,ok
2025,12408026,4,keyword,"Search for systems employing a processor and memory‑based module that accept telephone or address-based messages, dynamically choose among multiple communication providers and protocols, format compliant messages, retry transmissions until success, record provider‑protocol‑address logs, and prioritize based on log hits.",1,43,0,0.0,33,ok
2025,12408026,4,function,"Search for devices that accept an address and a set of messages, select a provider and protocol from a pool, format the message per protocol, request provider retransmission until success, then log provider, protocol, and address, and next time prioritize provider and protocol based on address hits.",1,47,0,0.0,30,ok
2025,12229239,6,summary,"Search for GUI‑based system enabling drag‑and‑drop assignment of authentication methods to users, where the interface detects icon movement and automatically assigns methods to user profiles via software instructions.",1,31,0,0.0,21,ok
2025,12229239,6,keyword,"Search for systems where a processor and memory execute code displaying a visual interface with icons for multiple authentication methods and user avatars, detect drag‑and‑drop of an auth icon onto a user icon, and assign that method to the user.",2,42,0,0.0,24,ok
2025,12229239,6,function,"Search for systems that implement a drag‑and‑drop graphical interface where users drag authentication method icons onto individual user icons, automatically assigning those authentication types to the selected user accounts.",1,31,0,0.0,22,ok
2025,12390537,16,summary,"Biodegradable polymeric microcontainers with time‑controlled compartments for delivering STING agonists in scheduled pulses over months, fabricated via additive manufacturing such as micromolding or 3D printing, enabling discrete dosing without leakage.",1,31,0,0.0,24,ok
2025,12390537,16,keyword,"Search for biodegradable biocompatible polymeric microdevices (10–1000 µm) fabricated via micromolding, 3D printing, or lithography that encapsulate STING agonists, enabling time‑programmed pulsatile release over months with minimal leakage.",3,30,0,0.0,23,ok
2025,12390537,16,function,"biocompatible polymeric microdevice shells fabricated by additive manufacturing for multi‑timepoint, pulsatile release of STING agonists to induce interferon gene expression over months.",1,23,0,0.0,17,ok
2025,12209304,2,summary,"Search for methods that use a solvent‑coated metal film on a donor substrate to laser‑triggered jetting of metal particles, with the solvent restricting droplet spread to achieve sub‑micron metal traces on a receiver.",2,36,0,0.0,22,ok
2025,12209304,2,keyword,"laser jetting process utilizing a solvent‑coated metal film on a donor substrate for high‑resolution line deposition, specifying metal coating, solvent overlay, laser spot size control, droplet confinement, proximity to receiver substrate, and rapid continuous fabrication.",3,37,1,0.034482758620689655,29,failed_constraints
2025,12209304,2,function,"What prior art exists for using a solvent‑coated metal layer on a donor substrate, where laser‑induced jetting ejects solvent‑bounded metal particles that deposit on a target substrate, enabling sub‑micron resolution metal lines through solvent membrane confinement?",3,40,2,0.06896551724137931,29,failed_constraints
2025,12286024,1,summary,"Invention: A system to charge an onboard battery on a vehicle, using an AC‑to‑DC converter, a flywheel or equivalent that stores motion energy, and a motor/generator coupled to the flywheel, drawing power from mains to charge the battery.",2,41,0,0.0,22,ok
2025,12286024,1,keyword,"Search for patent examples of a vehicle‑mounted power supply system integrating an AC‑DC converter, a rotary generator coupled to a rotational energy accumulator, and a synchronous motor receiving commercial grid power for onboard battery charging.",2,37,0,0.0,25,ok
2025,12286024,1,function,"devices converting mains electricity to charge onboard batteries for mobile systems that also harvest and store motion energy via a motor that is driven by mechanical linkage, enabling continuous power supply without external charging stops.",2,35,0,0.0,25,ok
2025,12282666,6,summary,"Search for methods converting mainframe proprietary I/O requests into standard protocol operations on heterogeneous data sources via a storage client that identifies a suitable data source and uses configuration to convert the request, enforces security policies, transforms the output back to the original format.",1,45,0,0.0,29,ok
2025,12282666,6,keyword,"Method for a storage client that identifies a suitable external data source, translates a mainframe proprietary I/O protocol request via a driver, enforces security policies, transforms retrieved data back into the mainframe format, and returns it to the application.",1,40,0,0.0,24,ok
2025,12282666,6,function,"Search for systems that translate proprietary mainframe I/O requests via a client into standard protocol operations on heterogeneous data sources, then reformat results back to mainframe format while managing security policies throughout.",1,33,0,0.0,23,ok
2025,12302931,16,summary,"Search for a tablet‑like beverage formulation that dissolves rapidly and remains uniform, combining a barley leaf powder with matcha, xylitol and sucralose sweeteners, a fiber matrix of inulin and konjac, and a micronized stabilizer for smooth taste.",3,38,0,0.0,23,ok
2025,12302931,16,keyword,"Powdered drink comprising barley leaf micro‑powder, xylitol granules, matcha powder, inulin, konjac, silicon dioxide and sucralose; wet granulation, drying, sieving through a 20‑mesh screen, uniform blending, fast dissolution and non‑separation.",3,33,4,0.14285714285714285,28,failed_constraints
2025,12302931,16,function,"Search for powdered beverage compositions containing barley leaf extract, sweetening agents such as xylitol, matcha, dietary fibers like inulin and konjac, with flow aids and antimonosaccharification agents, produced by wet granulation, drying, sieving, and mixing steps, yielding fast-dissolving, non-separating granules for instant drink.",2,45,0,0.0,35,ok
2025,12186346,16,summary,"Search for an anhydrous, oil‑based topical wound dressing that blends fish and plant oils with a collagen network, uses an antioxidant that deposits on the oil‑collagen interface, includes a thickening agent to block oil seepage, and exploits a dual‑melting‑point formulation for stable skin application.",1,48,0,0.0,31,ok
2025,12186346,16,keyword,"Identify prior patents on anhydrous topical skin compositions that include cod liver and hempseed oils, fish collagen binders, thickening beeswax or cetyl ester, antioxidant ascorbyl palmitate, dual melting temperatures, and mechanisms to prevent oil seepage.",3,35,1,0.037037037037037035,27,failed_constraints
2025,12186346,16,function,"An anhydrous skin‑treating lotion mixing cod liver and hempseed oils with medium‑chain triglycerides, monolaurin and vegetable fats, plus fish collagen, a sterically protected antioxidant, and a thickening agent that blocks oil migration from the collagen network.",3,38,1,0.038461538461538464,26,failed_constraints
2025,12391706,16,summary,"search for orally bioavailable compounds that improve solubility of kinase‑blocking molecules, yielding a derivative (td32‑4) with enhanced in‑vivo anti‑cancer effects through metabolic activation.",2,27,0,0.0,18,ok
2025,12391706,16,keyword,"Search for patent disclosures of multi‑target tyrosine kinase inhibitors that are metabolized to an active small‑molecule td32‑4 analog, featuring enhanced solubility, oral bioavailability, and protein‑kinase inhibition; include synthetic routes and pharmaceutically acceptable salts or racemates with alkyl, halogen, phosphonyl, heterocyclic, and alkoxy substituents.",3,47,8,0.24242424242424243,33,failed_constraints
2025,12391706,16,function,"Search for an orally bioavailable kinase antagonist metabolized to active fragment td32‑4 that suppresses tumor cell proliferation, improves solubility versus the parent compound, and supports broad‑spectrum kinase‑targeted cancer therapy.",2,32,0,0.0,23,ok
2025,12369044,4,summary,"A maritime communication system that addresses connectivity gaps from vessel locations by issuing navigation commands to reposition ships, creating new links, and then recomputing optimal routing paths using updated trajectory data.",1,31,0,0.0,23,ok
2025,12369044,4,keyword,"Search maritime ad‑hoc networks that dynamically configure multi‑hop routing paths by acquiring client location data, detecting node link infeasibility, issuing flight‑path adjustments to reposition nautical or aerospace nodes, and re‑optimizing network links based on updated trajectory predictions.",3,41,0,0.0,33,ok
2025,12369044,4,function,"Find prior art on dynamic routing infrastructure that adjusts vessel or aircraft positions to create new network links within a maritime communication system, using real-time position updates and automated path modifications to maintain connectivity in oceanic environments.",2,38,0,0.0,28,ok
2025,12203460,27,summary,"Search for a pump system that uses two pistons reciprocated by alternating high‑pressure gas, coupling variable‑volume gas and hydraulic chambers to compress reservoir fluid into an accumulator and deliver motive hydraulic fluid to a work outlet.",3,38,1,0.04,25,failed_constraints
2025,12203460,27,keyword,"Search for piston‑driven hydraulic accumulator systems using alternating high‑pressure gas chambers, dual pistons linked in a single cylinder, gas‑switch valves, hydraulic reservoirs, and check valves, where gas pressure alternates to pump fluid into an accumulator.",3,38,1,0.03571428571428571,28,failed_constraints
2025,12203460,27,function,"Search for power systems employing a piston pump with two gas‑chambers alternately pressurised by a high‑pressure gas source and a switching valve, where reciprocating pistons compress hydraulic fluid into an accumulator that supplies motive fluid for work while low‑pressure gas is vented.",3,45,3,0.1,30,failed_constraints
2025,12337498,1,summary,"hand‑guided powered cutting tool with motor drive, automated detection of blockage or seizure, torque reduction when blocked, subsequent torque recovery, user‑adjustable nominal speed set to at least double the blocking speed limit.",1,34,0,0.0,25,ok
2025,12337498,1,keyword,"Search for hand‑held rotary cutter devices with an integrated electric drive motor that automatically adjusts torque when the cutter becomes blocked, using a monitoring unit and user‑adjustable speed selector, applicable to landscaping and timber processing tools.",2,38,0,0.0,26,ok
2025,12337498,1,function,"Search for handheld power tools with torque control that detect cutting block or jam, automatically reduce motor torque on block detection, then restore torque, and maintain nominal speed twice the minimum blocking speed, adjustable by user.",1,36,0,0.0,26,ok
2025,12402656,34,summary,"Searching for aerosol generator designs featuring a primary liquid reservoir that feeds an auxiliary capillary chamber, using a filament bundle of susceptor material to draw liquid toward the aerosolization interface, improving flow control and vaporization efficiency.",2,36,0,0.0,25,ok
2025,12402656,34,keyword,"Search for aerosolizing apparatus comprising a primary storage chamber, a capillary‑suction buffer chamber, and a fluid channel containing a filament bundle of susceptor material, with lamellar internal structure, no additional liquid retention elements, designed to deliver aerosolizable liquid to the device nozzle.",2,43,0,0.0,30,ok
2025,12402656,34,function,"search for prior art of aerosolization devices featuring a primary liquid reservoir, a secondary capillary buffer chamber without retained capillary material, and a liquid conduit comprising a filament bundle of susceptor material that delivers the working fluid to an external interface.",3,41,4,0.14814814814814814,27,failed_constraints
2025,12224191,8,summary,"Search for wafer‑handling systems in which a robotic arm equipped with camera and laser sensors identifies markers on multiple transfer stations, determines their 3‑D pose, and precisely positions the arm to exchange wafers within semiconductor equipment.",1,38,0,0.0,23,ok
2025,12224191,8,keyword,"Search for prior art on automated wafer handling systems featuring a controller, a hand‑mounted wafer holder, a linked arm base, dual optical and laser sensors for marker‑based position detection, and multiple exchange platforms with pattern‑coded markers, including FOUP integration and calibration routines.",2,45,0,0.0,33,ok
2025,12224191,8,function,"system integrating a camera and laser sensor that locates marker patterns on storage fixtures, calculates their relative positions, and directs a wafer-handling arm to move, align, and stack wafers between transfer sites with high precision.",2,36,0,0.0,24,ok
2025,12357542,13,summary,"Search for feeding assemblies for peristaltic enteral pumps that auto‑identify nutrition solution properties via a sensor on the tubing cassette and adjust pump speed or pressure accordingly, including detection of viscosity, osmolarity, and nutrient composition.",1,36,0,0.0,24,ok
2025,12357542,13,keyword,"Search patents for enteral feeding systems featuring a feed container with nutritional liquid, a pump‑compatible tubing cassette, an identification tag that conveys nutrient profile to a pump control electronics, and sensors determining viscosity, osmolality or caloric content for adaptive pumping.",3,41,0,0.0,28,ok
2025,12357542,13,function,"Search for enteral feeding systems that automatically detect nutritional fluid properties (viscosity, caloric, nutrient contents) through a mounted cassette or conduit with identification features, and adjust pump rotor or flow rate accordingly to deliver the fluid.",1,36,0,0.0,25,ok
2025,12386347,32,summary,"Search for devices that use a control interface with movable buttons or sticks that visually reflect a vehicle's autonomous status by receiving system status signals, processing them, and actuating the interface to mirror that status to the operator.",2,39,0,0.0,21,ok
2025,12386347,32,keyword,"Search for patents describing a control interface for a vehicle or UAV featuring a receiver that receives vehicle state signals, a processor generating feedback signals, actuators that adjust control element positions to visually indicate autonomous or remote operation modes.",2,39,0,0.0,26,ok
2025,12386347,32,function,"Search for remote vehicle controllers that include actuators adjusting physical control elements to display vehicle operational status during autonomous mode, using a receiver and processor to translate vehicle state signals into element positions for human operator feedback.",1,37,0,0.0,27,ok
2025,12330771,31,summary,"Search for aircraft flight‑control actuators that combine dual motor control lanes with a switchable differential mechanism, enabling torque‑summing during coordinated control and velocity‑summing during rapid movement by interlocking two gear trains via a lockable coupling.",1,38,0,0.0,29,ok
2025,12330771,31,keyword,"Search for aircraft differential actuation units employing two motor‑driven control lanes, compound planetary gearsets, a lockable differential coupling enabling torque‑summation versus velocity‑summation, with integrated motor brakes and a flight‑control processor.",1,34,0,0.0,27,ok
2025,12330771,31,function,"differential powered actuator for aircraft control surfaces with two motor‑driven lanes and a lockable gear linkage system that alternates between torque‑summing and speed‑summing drive modes, enabling precise surface deflection under varied load conditions.",3,36,0,0.0,28,ok
2025,12238274,2,summary,"Search for decoder intra‑prediction techniques that use bitstream‑derived mode and index values to conditionally include extended reference samples beyond the reconstructed block, improving prediction accuracy in video compression.",1,30,0,0.0,22,ok
2025,12238274,2,keyword,"decoder performing intra-frame block prediction from bitstream, selecting optimal mode, determining block index, fetching reference pixels from already decoded block optionally extended by extra samples, computing sample prediction based on chosen mode and reference set",2,36,0,0.0,29,ok
2025,12238274,2,function,"decoder selects an optimal predictive configuration from a predetermined set for a block using bitstream data, then references an index to choose whether additional reconstructed samples are included or only existing ones are used, and finally generates the predicted sample values.",2,41,0,0.0,27,ok
2025,12407840,2,summary,"A video compression system extracts multiple slice types from a key frame, builds a list of prior frame indices for slices in a neighboring region of later frames, but excludes earlier frames when the region belongs to an intra‑coded key frame, then stores the bitstream.",2,46,0,0.0,29,ok
2025,12407840,2,keyword,"Search for systems or methods that process a video bitstream containing multiple VCL NAL units of differing types, identify sub‑picture segments marked with an IRAP NAL, extract active reference frame entries excluding preceding frames, and encode or store subsequent slices accordingly.",2,42,0,0.0,31,ok
2025,12407840,2,function,"How to generate active reference picture list entries for slices in a sub‑region of a current frame, excluding references to prior frames when the sub‑region is linked to an intra‑coded slice of a distinct NAL type, to facilitate efficient storage and decoding of the bitstream?",3,48,1,0.03571428571428571,28,failed_constraints
2025,12287322,16,summary,"Developing a 99mTc‑labeled α‑hydroxy acid probe that reacts with endogenous H₂S to generate insoluble radioactive deposits for imaging hypoxic, inflammatory, or tumor tissues and diagnosing related diseases.",1,29,0,0.0,18,ok
2025,12287322,16,keyword,"99mTc‑conjugated D‑gluconic/D‑glucaric acid derivatives enabling precipitation with internally produced H₂S for nuclear imaging of inflammatory, hypoxic, or tumor tissues and detection.",2,25,0,0.0,15,ok
2025,12287322,16,function,"Search for technetium‑99m radiolabeled organic acid probes that react with sulfide ions in tissues, forming insoluble deposits for imaging of inflammation, cancer, or hypoxic lesions via SPECT.",2,28,0,0.0,19,ok
2025,12413969,4,summary,"A system that authenticates a player by comparing input signals from a device to the player’s actions shown in a virtual environment camera feed, and issues a warning when the signals and actions do not correspond.",1,37,0,0.0,19,ok
2025,12413969,4,keyword,"Search for prior art on processor‑driven systems that authenticate VR users by correlating headset/controller input signals with avatar actions captured via virtual camera feeds, issuing warnings when the signal and visual action are unsynchronized, and continuously monitoring user presence.",1,41,0,0.0,29,ok
2025,12413969,4,function,"Search for methods that authenticate a user controlling an avatar by comparing input signals from the user's device with camera-derived motion data, and issue alerts when signals do not match observed avatar actions.",3,35,0,0.0,22,ok
2025,12274788,16,summary,"Search for technology producing sub‑80‑nm PLGA particles with a span factor below 1.2, created by jetting a PLGA solution through sub‑1 mm orifices into a poor solvent while applying acoustic agitation to control nucleation and growth.",3,40,0,0.0,26,ok
2025,12274788,16,keyword,"Search for patents on producing sub‑80 nm PLGA microparticles by jetting PLGA solution in a good solvent through sub‑1 mm nozzles into a poor solvent, with vibration‑enhanced precipitation to obtain a narrow size distribution.",2,37,0,0.0,24,ok
2025,12274788,16,function,"Search for techniques creating sub‑80‑nm PLGA particles having tight size dispersity by forcing a PLGA solution from a high‑solubility solvent through sub‑1‑mm orifices into a low‑solubility antisolvent, with vibration‑enhanced jetting.",2,37,0,0.0,26,ok
2025,12380429,7,summary,"Search for methods that provide a graphical portal enabling administrators to allocate role‑based service subsets to user accounts, generate NFC‑enabled personalized mobile wallet apps, and unlock physical spaces through biometric authentication upon authorization.",2,35,0,0.0,27,ok
2025,12380429,7,keyword,"Search for prior art on NFC‑based mobile wallet systems that implement role‑based access control services, use fingerprint authentication to unlock doors, and provide an administrator portal for allocating specific services to individual user accounts.",2,36,0,0.0,26,ok
2025,12380429,7,function,"Search for a GUI management portal that assigns role‑based service subsets to user accounts, creates NFC‑enabled custom apps for each account, and unlocks physical spaces by fingerprint interaction when access control is granted.",2,35,0,0.0,24,ok
2025,12219990,34,summary,"Search for a smoking device that partitions tobacco into separate chambers, featuring a sliding clip that isolates one chamber while permitting air flow, enabling the user to consume a chosen portion without disturbing other stored materials.",1,36,0,0.0,25,ok
2025,12219990,34,keyword,"Search for a multi‑compartment pipe featuring a retractable compartment holder, separate storage cells, a generally hollow main body, an interior airflow opening, and an adjustable vent plate that moves within the body to allow selective smoking of different tobacco blends.",2,41,0,0.0,28,ok
2025,12219990,34,function,"search for methods of storing multiple powdered or dried substances in a single hollow vessel with removable chambers that allow selective ignition of one chamber while preserving others, employing an internal moving partition and airflow regulation to control smoke delivery.",2,40,0,0.0,27,ok
2025,12316274,1,summary,"Search for patents describing bidirectional data exchange over a photovoltaic system’s DC bus by modulating control pulses, detecting induced current to determine signal amplitude, and applying adaptive modulation for telemetry between module and inverter while ensuring command validation.",2,39,0,0.0,29,ok
2025,12316274,1,keyword,"Search for prior art on photovoltaic inverter communication: high‑frequency voltage‑modulated signals sent over DC bus lines, sensed via current levels, used to encode control and telemetry, with demodulation and code comparison for command validation between module and inverter.",1,40,0,0.0,30,ok
2025,12316274,1,function,"What prior art describes a PV system where an inverter transmits a predefined‑amplitude control signal over DC lines, the solar module measures the induced current to set its data signal amplitude, then sends telemetry back, accepting commands only when returned codes match the original?",2,45,0,0.0,32,ok
2025,12406666,6,summary,"voice‑command powered virtual assistant that generates interactive virtual objects inside a VR view to let users control and tune operations of remote or local systems, with dynamic spatial UI to adjust parameters in real time.",1,36,0,0.0,25,ok
2025,12406666,6,keyword,"Virtual assistant rendering interactive 3‑D objects in an AR/VR environment to manipulate external smart home devices or audio playback via voice command and user input, generating parameterized virtual GUI elements for remote application control.",1,36,0,0.0,26,ok
2025,12406666,6,function,"Voice‑activated virtual assistant that fabricates interactive holographic objects inside a VR environment, enabling users to control device settings or external applications via virtual interfaces, while simultaneously streaming dynamic audio or visual content to connected devices.",1,36,0,0.0,28,ok
2025,12229660,6,summary,"Search for prior art on a neuromorphic computing cross‑bar array that uses a compressed‑truncated factorization to split a large resistive memory matrix into two partial sub‑arrays, then sums ADC outputs for neural‑network layer implementation.",2,38,0,0.0,27,ok
2025,12229660,6,keyword,"Crossbar array neuromorphic computing device using low‑rank matrix factorization, resistance‑based memory cells, ADC per partitioned sub‑array, summing circuitry, and controller selecting original or decomposed arrays to perform weighted summation in a neural network layer.",2,37,0,0.0,30,ok
2025,12229660,6,function,"Search for methods employing compressed‑truncated SVD to partition resistive crossbar matrices, with ADCs converting sub‑array outputs and adder circuits reconstructing weighted sums for a neural‑network layer, controlled by an MCU selecting full or split arrays.",1,38,0,0.0,27,ok
2025,12405623,5,summary,"Design an error‑amplifier for voltage regulation that cuts current in its feedback loop by employing a secondary transistor‑resistor stage, thereby boosting efficiency and reducing voltage drop in the control path.",1,32,0,0.0,20,ok
2025,12405623,5,keyword,"Search for integrated error amplifier circuits with differential transistor pairs, two‑stage current‑limiting feedback, series resistors, and attenuator networks in power‑supply topologies or voltage‑regulator designs employing multiple transistor control inputs and reduced‑stage current flow.",1,38,0,0.0,30,ok
2025,12405623,5,function,"Find prior art for error amplifiers that employ differential input transistors and a low‑current secondary stage with an integrated attenuator, designed to limit the secondary stage current while preserving voltage‑regulation accuracy in regulator applications.",1,36,0,0.0,25,ok
2025,12204550,6,summary,"Search for a system that links design professionals with regional building product specialists by matching project location and product category, then facilitates secure communication while protecting private project data.",1,29,0,0.0,21,ok
2025,12204550,6,keyword,"Retrieve information on a cloud‑based platform that links construction professionals with material suppliers, employing a processor and network interface to match projects by geography and product genre, expose vendor expertise, and enable protected messaging between parties.",3,37,1,0.04,25,failed_constraints
2025,12204550,6,function,"Searching for systems that match construction design specialists with regional building material experts by product category and location, storing expertise profiles, and facilitating private or anonymous communication channels while protecting project data.",3,32,0,0.0,23,ok
2025,12349460,8,summary,"Search for processes creating conductive oxide semiconductor layers via dual annealing: first oxygen‑removing bake followed by hydrogen‑rich reduction, forming conductive oxide films for transistor or capacitor devices.",2,29,0,0.0,23,ok
2025,12349460,8,keyword,"Search for oxide semiconductor fabrication methods forming ZnO/InZnO layers atop SiO₂ or Al₂O₃ gates, followed by O₂‑depletion anneal and subsequent H₂‑rich anneal, with additional metal‑film and nitride stack integrating first/second conductive layers to engineer capacitor electrode interfaces.",1,42,0,0.0,31,ok
2025,12349460,8,function,"Find documents describing a two‑step annealing method where a deposited metal‑oxide semiconductor layer on an insulating film first undergoes thermal reduction to release oxygen, then hydrogenation to enhance conductivity, followed by nitride dielectric and metallic contacts forming capacitor electrodes.",2,41,0,0.0,30,ok
2025,12413473,4,summary,"Search for methods or systems that detect devices speaking a specific network protocol by sending probes that emulate only part of the protocol to elicit a reply, identifying the device and adding it to an interest list.",1,37,0,0.0,20,ok
2025,12413473,4,keyword,"A scanning apparatus that sends syntactically modeled packets on various ports, emulating a segment of the target device’s communication protocol, captures the reply, verifies protocol compliance, and aggregates discovered devices into an interest list.",2,35,0,0.0,22,ok
2025,12413473,4,function,"Searching for systems or methods that discover devices communicating via a network protocol by sending crafted messages on multiple ports, emulating parts of the protocol to elicit responses, determining protocol compliance, and grouping discovered entities.",1,35,0,0.0,23,ok
2025,12420401,25,summary,"Exoskeleton with continuous joint‑torque control driven by an offline‑trained neural network that processes IMU sensor data, built through musculoskeletal and exoskeleton simulation with dynamics randomization.",1,27,0,0.0,19,ok
2025,12420401,25,keyword,"Search for exoskeleton systems that use IMU sensor data for limb motion, generate control signals via an offline‑trained neural network, and apply joint torques based on human biomechanical models and stochastic dynamic perturbations.",2,34,0,0.0,25,ok
2025,12420401,25,function,"Exoskeleton continuously modulates joint torques to mirror limb motion by processing IMU data through a pre‑trained neural network policy, where the policy was offline‑trained using musculoskeletal and exoskeletal simulation models incorporating dynamics randomization.",1,35,0,0.0,26,ok
2025,12388621,4,summary,"Asymmetric encryption using sequences of Richelot isogenies between genus‑2 abelian surfaces, where the public key is the final Jacobian, the ciphertext is another Jacobian reached by a plaintext‑dependent isogeny, and decryption uses a secret isogeny chain derived from the original surface.",1,43,0,0.0,27,ok
2025,12388621,4,keyword,"Search for cryptographic systems using Richelot isogeny sequences on abelian surfaces, where a key‑generation unit produces a chain of isogenies on a hyperelliptic curve, an encryption circuit maps the public isogeny to a ciphertext surface via a plaintext‑derived isogeny, and decryption retrieves the inverse isogeny using the secret sequence.",3,51,0,0.0,33,failed_constraints
2025,12388621,4,function,"cryptosystem using Richelot isogeny chains between abelian surfaces, where a private sequence transforms a public abelian surface into a ciphertext surface encoding a message, and decryption reconstructs the message via reverse isogeny sequence derived from the private key.",1,38,0,0.0,26,ok
2025,12291639,17,summary,"Search for novel electrically conductive polymers derived from aminopyrazole units, synthesized via base activation and oxidative coupling, applicable as n‑ or p‑type acceptors in solar cell active layers.",2,29,0,0.0,19,ok
2025,12291639,17,keyword,Search for base‑activated aminopyrazole monomers polymerized with persulfate to yield conductive oligomers for electron‑accepting layers in thin‑film photovoltaic devices in.,2,23,0,0.0,15,ok
2025,12291639,17,function,"Search for methods of synthesizing base‑activated pyrazole monomers, subsequent polymerization into conductive pyrazole oligomers, and their application as electron acceptors or dopable active layers blended for photovoltaic cell use, focusing on n‑ and p‑type acceptor functions.",3,38,0,0.0,24,ok
2025,12235467,9,summary,Searching for an optical combiner design that suppresses cladding leakage from laser diode splice points using exposed cladding regions encapsulated in a thermally conductive transparent material while redirecting return reflections into a diffuse beam dump.,2,35,0,0.0,25,ok
2025,12235467,9,keyword,"Search for fiber‑based optical combining assemblies featuring spliced emission fibers with exposed cladding regions bonded to thermally conductive substrates and encapsulated in optical‑index‑coherent polymers to minimize stray cladding radiation, alongside coupling of reverse‑directional feedback fibers to diffusing light‑absorbing sleeves.",2,44,0,0.0,34,ok
2025,12235467,9,function,"Search for fiber optic beam combiners that employ exposed cladding sections embedded in index-matched transparent polymer to suppress splice-generated cladding light, use thermally conductive supports, and integrate a reverse-mode beam dump to diffuse return signals from the target.",3,41,3,0.1,30,failed_constraints
2025,12267259,4,summary,"Identify prior art describing wireless systems where devices receive variable phase reference offsets derived from multiple modulation coding configurations, then exploit those offsets to reallocate subcarriers across successive frames for dynamic reference signal placement.",2,34,0,0.0,28,ok
2025,12267259,4,keyword,"Search for wireless techniques employing phase tracking reference signal (PTRS) hopping offset indications from the network to the UE, where frequency resource allocation changes per transmission based on different modulation and coding levels across multiple symbols or subframes.",3,38,8,0.2962962962962963,27,failed_constraints
2025,12267259,4,function,"Search for devices that dynamically allocate frequency resources for phase tracking signals, receiving offset values per coding scheme and processing multiple reference transmissions over symbols or slots to adjust hopping patterns.",2,31,0,0.0,23,ok
2025,12420906,32,summary,"Find patents describing a surface with serrated peaks and valleys where the peaks trigger freezing, and a selective hydrophilic coating on the valleys is used to maintain a frost‑free gap.",1,31,0,0.0,17,ok
2025,12420906,32,keyword,"Search for patents describing engineered surface topography with alternating serrated mounds and interstitial valleys, where peak geometry initiates condensate freezing and a selective hydrophilic layer applied solely to the valley prevents ice formation.",2,33,0,0.0,23,ok
2025,12420906,32,function,"surface texture with alternating peaks and troughs, where peak geometry prompts early condensate freezing and a selective hydrophilic coating applied solely to the troughs keeps them snow‑free, enhancing heat transfer and anti‑icing performance.",2,35,0,0.0,24,ok
2025,12218424,3,summary,"Search for an electronic communication device that incorporates a multi‑dielectric cavity within a conductive housing wall, where a higher‑ε material block is embedded in a plastic substrate and overlapped by a millimeter‑wave antenna, enabling lower‑frequency operation without enlarging the aperture.",1,44,0,0.0,27,ok
2025,12218424,3,keyword,"Search for RF antenna assemblies in electronic devices featuring a conductive wall, through‑hole waveguide cavity surrounded by a low‑ε plastic dielectric layer with an internally embedded high‑ε dielectric inclusion partially overlapped by a patch antenna, transmitting frequencies above 10 GHz without enlarging the aperture.",2,47,0,0.0,33,ok
2025,12218424,3,function,"Search for technologies enabling high‑frequency antennas through small apertures by embedding a high‑permittivity dielectric element within a plastic substrate inside a conductive enclosure, allowing lower frequency operation without enlarging the aperture.",2,33,0,0.0,25,ok
2025,12431184,6,summary,"Search for a memory architecture featuring separate normal and security regions, where the security region is accessed exclusively via CPU cache and a controller monitors frequent activation of security rows in a full‑row mode while sampling normal rows for refreshed entries.",2,42,0,0.0,28,ok
2025,12431184,6,keyword,"Search for memory subsystem with distinct normal and secure storage regions where the secure area is accessed exclusively through an on‑chip cache, employing a comprehensive activation‑counting mechanism to identify and refresh vulnerable rows, while a partial sampling counter monitors the normal region.",2,44,0,0.0,29,ok
2025,12431184,6,function,"Search for memory architectures that partition memory into regular and security domains, using selective row‑hammer monitoring and full‑row activation counting in the secure domain, with cache‑only access to secure rows, enabling targeted refresh to prevent data corruption.",2,40,0,0.0,28,ok
2025,12287659,12,summary,"Search for a low‑dropout regulator design featuring an error‑amplifier output feeding a buffer with an NMOS driver inserted between input supply and reference supply, utilizing a band‑gap‑sourced current mirror to bias the pass device and maintain regulation at very low input voltages.",3,46,2,0.0625,32,failed_constraints
2025,12287659,12,keyword,"LDO regulator low voltage NMOS driver buffer between error amplifier output and pass device control node with bandgap‑driven current source in internal node of current path, suitable for battery‑powered sensor communications",3,33,1,0.038461538461538464,26,failed_constraints
2025,12287659,12,function,"Search for low‑dropout voltage regulators that use a buffered error‑amplifier output fed to an NMOS driver controlling a pass device, with internal current‑path biasing provided by a band‑gap‑driven p‑channel source, enabling high load drive at very low input voltages.",1,45,0,0.0,32,ok
2025,12337861,32,summary,"Search for prior art on vehicle-to-vehicle distance calculation systems that pre‑register groups of vehicles and a shared reference point, retrieve each vehicle’s position, compute distances to that point, and display the results on an in‑vehicle screen.",1,41,0,0.0,24,ok
2025,12337861,32,keyword,"vehicle-to-vehicle spacing estimation device that uses a processor connected to memory to pre-register vehicles in communication groups, request and acquire each vehicle’s position data, compute distances to a shared reference point, and present these distances on an in‑vehicle display unit",2,45,0,0.0,29,ok
2025,12337861,32,function,"Search for systems or methods that register vehicle groups sharing location data, retrieve peer vehicle positions, compute each vehicle’s distance to a common reference point, and display those distances on the requesting vehicle’s onboard interface.",1,37,0,0.0,25,ok
2025,12322070,6,summary,"Search for methods converting RGB images into high-resolution hyperspectral outputs by grouping correlating spectral bands, applying convolutional residual networks to reconstruct spectra, and employing an adaptive quality control that measures consistency, noise, and color accuracy for iterative improvement.",2,39,0,0.0,28,ok
2025,12322070,6,keyword,"Deep neural network approach for converting RGB photographs into multi‑spectral image representations using spectral band clustering by correlation, convolutional‑residual reconstruction architecture, and quality monitoring based on spectral fidelity, color restoration accuracy, and noise profiling to iteratively adjust model weights.",2,41,0,0.0,32,ok
2025,12322070,6,function,"systems that transform standard RGB images into multispectral data through correlation‑based band clustering, a convolutional‑residual neural decomposition, and iterative quality analysis of spectral agreement, reconstruction fidelity, and noise suppression to iteratively refine network parameters.",1,36,0,0.0,27,ok
2025,12370744,29,summary,"Search for 3D printer filament feed monitors using a gear that rides the filament, measuring gear speed to determine feed state, combined with a pressure‑regulated compression assembly housed in channels guiding material.",1,33,0,0.0,23,ok
2025,12370744,29,keyword,"3D printer filament feed monitoring system featuring a rotating wheel engaged with filament, a speed sensor mounted on a bracket, a pressure‑regulating arm connecting to a compressive member, and a dual‑channel housing guiding print material with integrated rotatable support—search for similar feeding detection designs.",2,47,0,0.0,33,ok
2025,12370744,29,function,"Search for filament detection systems for 3D printers that use a gear in contact with the filament, measure gear torque or speed, and incorporate a compression element to regulate contact pressure for accurate detection.",2,34,0,0.0,20,ok
2025,12342253,4,summary,"Search for automated switch of a document client to a secondary document server upon receipt of an electronic invitation, enabling local access, editing, signing or deletion of specified documents without manual reconfiguration.",1,32,0,0.0,21,ok
2025,12342253,4,keyword,"Identify prior art featuring a computing device that, when executing firmware, redirects a document application from a primary document server to a private server upon processing an electronic invitation, allowing client operations such as view, edit, sign, or delete the specified document.",3,42,1,0.03571428571428571,28,failed_constraints
2025,12342253,4,function,"Search for systems where a computing device redirects a document application to a private server guided by invitation metadata, enabling clients to view, edit, sign, or delete a target document via the new server.",2,34,0,0.0,21,ok
2025,12197716,10,summary,"Search for interface systems that conditionally display multiple daily activity metrics based on external device connection, showing or hiding additional metrics depending on connectivity status, to improve user display of health data in wearable‑integrated smartphones.",1,36,0,0.0,26,ok
2025,12197716,10,keyword,"Search for methods and systems using processors, memory, and input sensors to render daily activity screens showing step counts and heart rate, where external device authentication toggles inclusion of additional metrics on a rendering module.",3,35,0,0.0,24,ok
2025,12197716,10,function,"search for interface that displays daily activity metrics, showing a second metric only when data from a linked peripheral is available, otherwise hiding it, triggered by a user request to view a daily activity screen via input.",3,37,2,0.08695652173913043,23,failed_constraints
2025,12250747,4,summary,"Search for prior art on systems where a mobile device calculates its dual‑link switching capacity, reporting the maximum uplink/downlink change points and the allowed sequence duration, enabling the base station to schedule slot‑based direction changes efficiently.",2,39,0,0.0,27,ok
2025,12250747,4,keyword,"Method and apparatus for a UE to determine and communicate its downlink‑to‑uplink switching capability—number of switch points, per‑sub‑carrier‑spacing reference delay, and time‑duration over frequency bands comprising consecutive slots—to a base‑station network.",1,40,0,0.0,27,ok
2025,12250747,4,function,"Search for systems where a mobile terminal analyses its ability to perform downlink‑to‑uplink or uplink‑to‑downlink handovers, reports the number of allowed switches and associated time windows per sub‑carrier spacing, frequency band, and consecutive slots to a core network, which then schedules accordingly.",1,47,0,0.0,30,ok
2025,12251984,32,summary,"An automotive thermal system combining a single refrigerant cycle with multiple coolant loops that connect separate radiators, engine electronics, battery pack, and air‑conditioning components in parallel, enabling simultaneous battery heating, cabin conditioning, and heat recovery from high‑ and low‑temperature processes.",1,42,0,0.0,31,ok
2025,12251984,32,keyword,"search for vehicle cooling architecture comprising a refrigerant circuit with compressor, high‑ and low‑temperature cores, expansion valve, and parallel coolant circuits to radiators, power electronics, heating subsystem, and battery, enabling branched heat recovery during concurrent heating.",2,37,0,0.0,28,ok
2025,12251984,32,function,"Search integrated vehicle thermal management that circulates coolant to multiple radiators, HVAC elements, battery, and electronic drives, with parallel coolant paths that enable simultaneous battery warming and cabin heating and recover waste heat from low‑temperature circuits for efficient energy use.",3,41,1,0.03333333333333333,30,failed_constraints
2025,12397807,32,summary,"Search for patents on motorcycle control electronics that switch performance parameters based on driver-selected modes and real-time assistance status, especially combining sport mode with autonomous longitudinal regulation.",2,29,0,0.0,21,ok
2025,12397807,32,keyword,"Search patent literature for a two‑wheel motorized vehicle having a driver‑mode sensor, a longitudinal control status detector, and an electronic control module that selects pre‑defined engine, suspension, and braking presets based on manual mode (e.g., sport) and detected automated longitudinal assistance.",3,45,0,0.0,31,ok
2025,12397807,32,function,"System that identifies a driver‑chosen operating mode, monitors active assisted longitudinal control, and adjusts predefined vehicle system configurations accordingly for two‑wheeled motorized vehicles.",2,25,0,0.0,19,ok
2025,12411045,2,summary,"Search for devices combining active infrared illumination with passive thermal imaging in a single monocular, where the illumination and thermal sensor are mounted on separate sides of a housing and a single display alternates high‑definition optical and thermal frames.",1,40,0,0.0,24,ok
2025,12411045,2,keyword,"Search for a handheld infrared thermal sensor system comprising a housing with an infrared lens on the front, a thermal sensor lens on the side, a main circuit board inside, and a rear display that sequentially shows high‑definition images from both sensors.",3,43,2,0.07692307692307693,26,failed_constraints
2025,12411045,2,function,"Search for handheld night vision device integrating an active infrared illumination module and a passive thermal radiation detection module on separate axes, with a single rear display that alternates between the infrared and thermal imagery for rapid target acquisition.",1,39,0,0.0,26,ok
2025,12390919,21,summary,"Sheet‑bed applicator with a roller moved by stepper‑motor driven shuttles between an elevated and a pressed position, using a contact sensor to trigger final motor steps for precise pressure on a planar substrate.",1,35,0,0.0,22,ok
2025,12390919,21,keyword,"flatbed applicator with tabletop, roller guided by carriage, pair of shuttles driven by stepped motor shafts, orthogonal clamping plane; contact sensor triggers motor to perform final steps for roller compression—roller clamp system with actuator shaft, switch, and intermediate object.",1,40,0,0.0,30,ok
2025,12390919,21,function,"Searching for flatbed applicator apparatus featuring a roller moved by a dual-shuttle system into a pressed position via a stepper motor, with contact sensor triggering final clamp force, enabling precise surface‑contact coating or patterning processes.",2,37,0,0.0,26,ok
2025,12351230,32,summary,"Search patent documents describing a quick‑release mounting system that uses a movable lock on a component and a frame‑attached guide, where a drive lever slides vertically to push the lock horizontally for engagement or release.",1,37,0,0.0,22,ok
2025,12351230,32,keyword,"Find prior art of a quick‑release snap‑fit mounting system where a telescoping latch on a component is actuated by a rotating lever that drives a sliding arm vertically, enabling horizontal lock and unlock against a mate on a frame, using polymer or metal construction.",2,46,0,0.0,28,ok
2025,12351230,32,function,Search for mechanisms that allow a body to be detachably clamped to a support using a movable lock actuated by a rotary‑driven component that translates vertical rotation into horizontal telescoping action for mounting and dismounting operations.,2,37,0,0.0,21,ok
2025,12394712,8,summary,"Search for methods creating continuous support layers under staircase-patterned access lines in 3‑D memory dies, where isolated conductive islands float electrically, reducing stack discontinuities and electrical crosstalk while enhancing structural support.",1,33,0,0.0,25,ok
2025,12394712,8,keyword,"3D memory die support structure with staircase access lines, continuous conductive island layers created by peripheral removal, floating conductive islands electrically isolated from surrounding cells, vertical contacts to word lines, reduced layer discontinuities, metallic stack on substrate.",2,37,0,0.0,30,ok
2025,12394712,8,function,"Search for 3D NAND memory die technology featuring continuous conductive stack below staircase word lines, electrically floating islands, minimized discontinuities, reduced electrostatic coupling, and improved mechanical stability for high‑density interconnects.",2,31,0,0.0,26,ok
2025,12189471,6,summary,"Search for a data transfer system that copies a first snapshot of information to a buffer, computes a checksum, reloads the same data again, recomputes a second checksum, and compares the two checksums to confirm integrity using DMA hardware.",1,39,0,0.0,24,ok
2025,12189471,6,keyword,"patents on DMA controller that performs two consecutive memory copies, computes checksums for each copy, compares them, and signals a verification outcome for source-to-destination data transfers using a buffer, checksum algorithms, dual-pass verification, and error detection mechanisms",2,40,0,0.0,28,ok
2025,12189471,6,function,"Search for methods enabling data integrity confirmation by performing sequential data transfers and recalculating checksums for each copy, then comparing the results to determine a validation outcome for stored information.",1,30,0,0.0,20,ok
2025,12416992,6,summary,"Device that uses a sensor to capture antenna‑emitted signals from a touch‑grid, then finds its own speed by matching the received signal sequence against pre‑stored calibration templates stored locally.",1,32,0,0.0,22,ok
2025,12416992,6,keyword,"search for patents describing a handheld device with a sensor receiving uplink signals from an antenna array in a tablet touchscreen, using a controller to detect signal sequences from grid junctions, compare to stored patterns in local memory to infer device velocity.",1,42,0,0.0,26,ok
2025,12416992,6,function,How can a writing instrument estimate its velocity by sensing antenna grid emissions on a touch surface and matching the detected transmission pattern against locally stored speed profiles?,2,28,0,0.0,19,ok
2025,12238677,10,summary,"Method for locating a base station by a mobile device that captures multiple reference signal measurements at different positions and times, transmits the data and device coordinates to a machine‑learning model for estimating the base station’s location, and employs the result in device functions.",1,46,0,0.0,27,ok
2025,12238677,10,keyword,"user equipment utilizing multiple reference signal measurements, device position and timestamps processed by an AI model to estimate base‑station coordinates, with capability to identify the cell from the reference signals, positional data or time elements, and optionally incorporating device speed or motion direction.",1,44,0,0.0,30,ok
2025,12238677,10,function,"Machine learning system that estimates a base station location from multiple device measurements, each with timestamps and device location data, for use in locating or navigating.",2,26,0,0.0,16,ok
2025,12256771,28,summary,"Searching for cigarette-wrap papers that combine a moderate weight, dense fiberboard structure with dual-layer coatings, including a top water‑soluble polymer combined with cellulose nanofibers, to achieve low Cobb–Unger water uptake.",2,34,0,0.0,25,ok
2025,12256771,28,keyword,"Paper wrapper 25‑40 g/m², 0.90‑1.15 g/cm³, primarily softwood pulp, double‑coated: inner primer layer, outer film of water‑soluble polymer plus nano/microfibrillar cellulose, with 120‑s water absorption 0.01‑0.90 g/m², for aerosol‑producing smoked products.",2,46,0,0.0,31,ok
2025,12256771,28,function,"Searching for cigarette or smoking wrapping paper with a basis weight of 25–40 g/m² and density of 0.90–1.15 g/cm³, made from ≥50 % softwood pulp, double‑coated with an inner layer and a top film of water‑soluble polymer or cellulose nanofibrils, and a Cobb‑Unger limit of ≤0.9 g/m².",3,57,0,0.0,29,failed_constraints
2025,12382400,4,summary,"A wireless device adjusts transmission power for multiple beams by evaluating angular beam separation thresholds and applying power allocation ratios derived from subcarrier spacing numerology, using logarithmic scaling to compute power levels before output.",2,34,0,0.0,26,ok
2025,12382400,4,keyword,"Search for patents describing a mobile node that receives scheduling details for a set of numerology‑aligned channel elements, computes beam‑specific power settings using subcarrier spacing ratios and log‑based allocation, and applies beamforming with angular‑separation‑dependent maximum power limits.",2,42,0,0.0,31,ok
2025,12382400,4,function,"Describe methods for adjusting transmit power in a 5G radio device that dynamically selects power levels when switching between multiple directional beams, using beam angular separation thresholds and subcarrier spacing ratios to compute power via logarithmic scaling.",2,37,0,0.0,28,ok
2025,12260401,7,summary,"Search for prior art on an electronic device that performs two‑step authentication with an external wallet, generates and compares transaction hashes, and optionally requires user approval before submitting a blockchain transaction.",1,32,0,0.0,21,ok
2025,12260401,7,keyword,"search for: device with internal processor, blockchain app, communicates via network link, authenticates external module, generates identification token, sends auth request, receives challenge nonce, requests digital signature, receives signed transaction hash from module, compares locally and remotely, decides to broadcast transaction.",2,41,0,0.0,34,ok
2025,12260401,7,function,"Search for electronic systems that link a host device with an external secure element via blockchain, generating identity data, exchanging authentication and nonce, computing transaction hashes, receiving verified signatures from the element, and approving blockchain transmission based on hash consistency.",2,40,0,0.0,28,ok
2025,12343065,13,summary,"Search prior art for a surgical device that employs a pivoting trigger with two separate paths, a rocker arm, and a sliding slider to push a deployable element through a shaft, enabling precise distal deployment.",1,35,0,0.0,22,ok
2025,12343065,13,keyword,"Search for surgical instruments with a trigger assembly comprising separate drive and manipulation arms pivotally linked via a rocker, a mechanical linkage and slider mechanism that converts trigger motion into distal deployment of a component through a shaft, employing multiple pivot axes and slide‑coupled members.",1,46,0,0.0,31,ok
2025,12343065,13,function,"Find prior art for surgical instruments that employ a pivoting trigger with drive and manipulation parts linked via a rocker and link mechanism to actuate an internal slider, enabling targeted deployment of a surgical device through a shaft by translating the trigger movement into distal displacement.",2,46,0,0.0,29,ok
2025,12281258,19,summary,"Develop a drill‑fluid composition with encapsulated thermochemical reagents, acid precursors, and a pH‑stabilizing additive, combined with an aluminum chloride retardant to control in‑situ acid activity and selectively dissolve barite‑quartz filter cakes in wells.",1,37,0,0.0,25,ok
2025,12281258,19,keyword,"drill wellbore, inject a treatment fluid containing thermochemical reagent capsules, buffered acid–loaded capsules, encapsulated acid precursors, and aluminum chloride retardant to selectively dissolve carbonate‑laden filter coatings formed from barite and quartz solids.",2,34,0,0.0,27,ok
2025,12281258,19,function,"Drilling fluid with encapsulated thermochemical reagents and in‑situ acid-generation to remove quartz‑bearing filter cake, using a buffering acid and aluminum chloride retardation to protect rock formations.",1,29,0,0.0,20,ok
2025,12303139,13,summary,"Search for orthopedic guide devices that combine a cutting platform with integrated fluid slots and wire openings, plus alignment extensions, to accurately position bone cuts and redirect corrective forces for joint deformity repair and fusion.",1,35,0,0.0,24,ok
2025,12303139,13,keyword,"Search for orthopedic joint‑deformity repair devices that include a cut guide with a slotted base and downward‑extending member, an alignment guide with dual oblique extensions, a directional wire, and orthogonally positioned reinforcing arms.",1,35,0,0.0,23,ok
2025,12303139,13,function,"Search for orthopedic guide systems that enable precise bone cutting, align surgical instruments, and use directional wiring to correct and stabilize joint deformities, including fluid communication channels, modular extensions, and opening slots for intra‑operative manipulation.",2,36,0,0.0,27,ok
2025,12214423,20,summary,"Search for additive fabrication methods that employ a high‑power beam to melt material while surrounding the melt pool with induction coils beneath and magnetic field generators above, aiming to control melt dynamics, improve layer bonding, and reduce thermal damage across multiple deposited layers.",1,44,0,0.0,33,ok
2025,12214423,20,keyword,"Search for metal additive manufacturing methods using an induction coil‑equipped magnetic field generator positioned below the melt pool, with auxiliary upper magnetic devices creating alternating or constant fields, and laser or high‑power beam sources forming layered structures on a support base.",2,43,0,0.0,32,ok
2025,12214423,20,function,"Device employs a high-energy beam to create a molten pool and uses induction coils below and surface coils above the pool to control melt convection, enabling precise layer‑wise fabrication with minimized defects.",3,34,1,0.041666666666666664,24,failed_constraints
2025,12257210,13,summary,"A sealed drug container using a stopper with a longitudinal injection groove on its exterior, which slides into the body to create a drug‑flow passage; a tapered seating and a protrusion lock the stopper, enabling injection when engaged and sealing when released.",3,43,0,0.0,23,ok
2025,12257210,13,keyword,"Search for sealed drug dispensing containers featuring a tapered stopper with a longitudinal filling groove that creates a passage between stopper and barrel, a detachable head cut, an inner protrusion engaging the groove for drug injection, and a double‑diameter seating arrangement.",1,42,0,0.0,27,ok
2025,12257210,13,function,"Search for sealed drug containers featuring a longitudinal groove on the stopper’s outer wall that creates an injectable passage between stopper and body, with a tapered seating mechanism that locks into an interior protrusion for sealing and drug delivery.",1,40,0,0.0,23,ok
2025,12252321,21,summary,"Search for multilayer food pouch films featuring a ≥70 % ethylene/α‑olefin outer layer and an inner reinforcement blend of polyamides and a minor grafted elastomer, targeting ≤20 % haze, ≥90 % gloss, and compatibility with conventional pouch‑forming equipment.",2,38,0,0.0,26,ok
2025,12252321,21,keyword,"multilayer film food pouch featuring an outer ethylene/alpha‑olefin copolymer layer and an inner abuse layer comprising a polyamide blend and an elastomer grafted with anhydride groups, achieving ≤20 % haze ASTM D1003 and ≥90 % gloss ASTM D2457.",3,38,3,0.10714285714285714,28,failed_constraints
2025,12252321,21,function,"Search for multilayer food packaging films where the outer layer is ≥70 % ethylene‑based copolymer and the inner abuse layer contains 1–3 % anhydride‑modified elastomer blended with 25–50 % polyamide, yielding ≤20 % haze and ≥90 % gloss, and methods to form and seal pouches.",3,44,1,0.034482758620689655,29,failed_constraints
2025,12251740,25,summary,"Search for vessel emission‑reduction methods that isolate the vessel, inject purge fluid through a vent line equipped with a check valve into the downstream flow, and pump the purge fluid back out, aiming to reduce downstream pollutant levels.",1,39,0,0.0,26,ok
2025,12251740,25,keyword,"System for purging industrial flammable vessel: isolation valve, vent tubing with downstream check valve, inlet/outlet drainage tubing, purging media tank, dual pumps, motor, and housing coupling—emission reduction via pressurized purge media injection and controlled vent flow.",3,38,5,0.15625,32,failed_constraints
2025,12251740,25,function,"Search for vessel isolation and purging techniques employing a vent line with a check valve that redirects purge fluid from the vessel into a downstream flow line, allowing controlled emission reduction while draining purge media between tank and vessel.",1,39,0,0.0,26,ok
2025,12244605,4,summary,"Search for systems that authenticate virtual users by linking device GPS data and historical residential info to avatar identity, comparing real‑world activity logs with virtual avatar locations to authorize cross‑avatar interactions.",2,33,0,0.0,24,ok
2025,12244605,4,keyword,"Find patents on systems that generate visual geotag markers from user residence or device location data, transmit them to a user device for avatar association, compare real‑world location logs with virtual avatar logs, and authorize inter‑avatar interactions based on correlated geo‑authenticity.",1,44,0,0.0,31,ok
2025,12244605,4,function,"search for virtual‑world authentication systems that generate visual country geotags from a user’s residence or live location data, assign them to avatars, compare real‑world position logs with avatar movement logs, and allow avatar interactions only when the geotags meet specified country constraints.",1,45,0,0.0,31,ok
2025,12264642,27,summary,"Ring‑shaped swirl diffuser that creates circular vortex mixing in intake air passage, injecting hydrogen and other fuels through multiple ports to maximize homogeneity, combustion stability, and engine efficiency.",1,29,0,0.0,22,ok
2025,12264642,27,keyword,"Search for devices using a toroidal flow chamber with radial cross-branches to create swirling airflow for enhanced hydrogen–air mixing in combustion engines, including vapor or liquid fuel injection through primary and secondary ports.",2,35,0,0.0,25,ok
2025,12264642,27,function,"toroidal vortex diffuser for improving homogeneous mixing of hydrogen and air within a combustion engine’s inlet system, facilitating enhanced combustion stability and increased power density.",2,26,0,0.0,18,ok
2025,12347229,2,summary,"Combined use of commodity thermal and RGB cameras, deep‑learning face detection, and manifold‑based classification allows inference of elevated body temperature and mask‑compliance status from facial imagery, issuing pass/fail alerts without depending on absolute thermal data.",1,39,0,0.0,30,ok
2025,12347229,2,keyword,"Multi-sensor fever detection system using commodity thermal and optical cameras, deep‑learning facial localization, manifold‑learning pixel‑temperature correlation classifiers, ensemble anomaly scoring, and pre‑screening removal of eyewear, masks, headgear for non‑contact elevated‑temperature alerts.",1,38,0,0.0,32,ok
2025,12347229,2,function,"Search for systems that use combined thermal and optical cameras, apply manifold learning and statistical correlations to image pixels for classifying normal versus elevated body temperature, generating alerts for entry control.",2,31,0,0.0,22,ok
2025,12205334,6,summary,Search for systems that use environmental sensors to drive a processor selecting light wavelengths for a display that dynamically modulates illumination to stimulate specific visual responses and improve object perception from a viewer’s angle.,1,35,0,0.0,21,ok
2025,12205334,6,keyword,search for continuous environmental sensing devices using a sensor array that feeds real‑time data to a processor which modulates display wavelengths to generate equiluminant or peak‑sensitivity light for enhancing foveal and peripheral vision during object recognition from a fixed viewing point.,2,43,0,0.0,29,ok
2025,12205334,6,function,"Identify prior art on a system that continuously senses environmental conditions, processes the data to choose specific wavelengths, and controls a display to emit modulated light that assists viewers in perceiving objects from a fixed viewpoint as conditions change.",2,39,0,0.0,24,ok
2025,12347816,8,summary,"Search for integrated circuit packages that place distinct decoupling capacitors on both top and bottom surfaces, connect them via power traces and perimeter through‑substrate vias, creating multiple localized power domains for each die.",3,34,1,0.04,25,failed_constraints
2025,12347816,8,keyword,"Search for IC packaging substrates featuring a first side die, power routing traces to grouped bypass capacitors, secondary capacitors positioned in through‑holes on the opposite side, via arrays at the periphery, and multi‑die power island configurations.",2,38,0,0.0,27,ok
2025,12347816,8,function,"Integrated circuit module featuring a dual‑surface substrate, a die on the front side and a decoupling capacitor linked to a front‑side power trace, a second capacitor mounted through an aperture on the back side, creating isolated power islands per die with edge‑region connections.",2,46,0,0.0,31,ok
2025,12397978,25,summary,"Design of cable tie featuring a belt with a buckle possessing a longitudinal insertion hole and a laterally opening slot that flares outward, enabling easier belt threading and secure fastening.",1,30,0,0.0,19,ok
2025,12397978,25,keyword,"fastening device featuring an elongated strap and a clip with longitudinal aperture and laterally connected tapered opening, front and rear walls, side walls, upper and lower openings, lateral slot.",2,29,0,0.0,20,ok
2025,12397978,25,function,"Search for cable tie designs featuring an elongated belt that can be inserted longitudinally through a buckle’s opening, with a continuous lateral slot having a flared inlet for progressive belt entry, enabling secure fastening and adjustable belt length.",1,39,0,0.0,26,ok
2025,12229005,6,summary,"Search for nonvolatile memories providing multiple hard and soft bit outputs per cell for enhanced error correction, where different command sets trigger distinct retrieval combinations of hard and soft data bits.",1,31,0,0.0,23,ok
2025,12229005,6,keyword,"Search for nonvolatile memory technologies where individual cells record multiple bits, and a sense amplifier or controller emits hard and soft (confidence) values for each bit under different read commands, with error‑correction logic using combinations of hard and soft data signals across multiple bits.",2,45,0,0.0,33,ok
2025,12229005,6,function,"Search for nonvolatile memory devices that output distinct hard and soft bit data sets upon different read commands, allowing a memory controller to use a mixture of hard and soft bits for error‑correction decoding or reliability enhancement.",3,38,1,0.04,25,failed_constraints
2025,12424871,1,summary,Search for a power distribution architecture employing two subsystems—one with redundant supply units and another with a single unit—where a controller modulates interconnection to offer three distinct availability tiers.,1,31,0,0.0,20,ok
2025,12424871,1,keyword,"Multi-device hierarchical power supply architecture with redundant sub‑systems, a controllable switching unit linking primary and secondary loads, dynamic availability management, and flexible reconfiguration for data center load balancing and cost savings.",2,33,0,0.0,25,ok
2025,12424871,1,function,"A power supply architecture featuring multiple primary supply units and a secondary unit, linked by an interconnect controller that toggles electrical connections to shift between differing availability modes—enhancing resilience for data center loads while reducing infrastructure cost.",3,38,0,0.0,28,ok
2025,12197150,9,summary,"Search for printing devices that enhance heat distribution in a roller fixer by employing a looped heat source, an elongated reflective element, and a contact support to improve heat redirection and press nip control.",1,34,0,0.0,21,ok
2025,12197150,9,keyword,"fixing nip roller assembly with pressure roller in contact to form nip, heat source located within rotator loop, heat generation zone width orthogonal to media conveyance, reflective plate with contacting and reflecting sections, reflector width greater than heat zone, used in sheetfed electrophotographic fixer.",3,44,0,0.0,35,ok
2025,12197150,9,function,"Search for a heat‑fixing apparatus featuring a roller containing a heat source looped around its surface, a pressure roller pressing a paper or film through the gap, and a reflector that redirects radiant heat toward the fixing surface while its length exceeds the heating zone.",2,46,0,0.0,29,ok
2025,12217847,13,summary,"Question: Does prior art exist for a computer‑based medicine support device that predicts and displays alignment of treatment decisions between a patient and treating physician, using each party’s past decision data, ranking patients by decision agreement or urgency, and filtering out unlikely treatment options?",1,46,0,0.0,33,ok
2025,12217847,13,keyword,"Medical decision support apparatus featuring a computational module that forecasts patient and caregiver treatment plan selections and physician choice probabilities, presenting ordered information lists reordered by consensus degree or clinical urgency, while filtering unsuitable treatment plans.",2,36,0,0.0,28,ok
2025,12217847,13,function,"Search for clinical decision‑support systems that predict patient‑or‑relative treatment preferences and physician plans from prior decision data, present ranked lists reordered by predicted agreement or urgency, and filter out unsuitable treatment options.",1,35,0,0.0,25,ok
2025,12247964,10,summary,"Search for patents describing a calibration‑integrated chemical detection chamber that switches a movable valve between an open measurement mode and a closed ozone‑generation mode, using an internal photoionization source to generate a reference ozone signal for sensor recalibration.",1,40,0,0.0,27,ok
2025,12247964,10,keyword,"Search for patents describing a gas sampling chamber with a movable valve, integrated photoionization detector for ozone generation, and automatic calibration of chemical sensors via UV‑induced ozone inside a sealed volume.",2,32,0,0.0,22,ok
2025,12247964,10,function,"Search for devices that use a movable opening chamber with an integrated photoionization sensor to generate ozone for automated in‑situ calibration of a chemical detector, combining real‑time gas mixture measurement with a control routine that adjusts the sensor’s conversion function based on ozone generation and reference thresholds.",1,50,0,0.0,31,ok
2025,12210630,6,summary,"A computer‑enabled host‑matching platform that parses scan output, applies multi‑tiered identifier rules to link vulnerability data to specific machines, updates host profiles, and visualizes time‑bound risk status through an interactive interface.",2,35,0,0.0,27,ok
2025,12210630,6,keyword,"Search for methods and systems for host matching in asset/vulnerability management, involving extraction of asset and vulnerability data bits, tiered matching rules on native and source identifiers, updating host records, and displaying status via graphical user interface.",3,38,5,0.18518518518518517,27,failed_constraints
2025,12210630,6,function,"a host‑matching platform that extracts identifier bits from vulnerability reports, applies tiered native or source‑based comparison rules against a known‑host index, updates host vulnerability status history, and presents the temporal status via a management interface.",2,38,0,0.0,28,ok
2025,12384778,14,summary,"Search for small‑molecule HPK1 inhibitors featuring hetero‑aromatic or heterocyclic substitution patterns, including salts and pharmaceutical formulations, intended for cancer treatment and prevention.",1,24,0,0.0,17,ok
2025,12384778,14,keyword,"Search for novel HPK1 kinase inhibitors featuring heteroaryl‑alkyl or spirocyclic frameworks with optional alkyl/alkenyl side chains, phenyl or heteroaryl fused rings, or N‑heterocyclic amide motifs, highlighting cancer therapeutic candidates and unique synthetic structures.",2,36,0,0.0,27,ok
2025,12384778,14,function,"search for small molecules that inhibit hematopoietic protein kinase 1 to block downstream cytokine signaling, thereby reducing tumor cell proliferation and immune modulation for cancer treatment.",1,26,0,0.0,18,ok
2025,12274079,8,summary,"Method for fabricating a semiconductor package whereby cavities are created in the substrate, capacitive structures are inserted in the cavities, and a semiconductor die is positioned above them so the capacitors lie directly beneath the die’s main power distribution region.",3,41,0,0.0,24,ok
2025,12274079,8,keyword,"Search for designs featuring deep‑trench capacitors positioned inside substrate cavities beneath a core power‑distribution region of an integrated device, with conductive links connecting the capacitors to the device’s internal power network.",3,34,2,0.08695652173913043,23,failed_constraints
2025,12274079,8,function,"Searching for substrate engineering that places deeply etched capacitor trenches under a localized power rail region of an attached chip, providing high capacitance for reducing supply ripple and shielding electrical noise during high‑frequency operation.",2,35,0,0.0,26,ok
2025,12297213,14,summary,"Search for a multilayer hydroxide architecture incorporating a divalent zinc-based base layer, an active anionic ascorbic acid intercalated surface layer, produced by coprecipitation in an alcohol/water medium, and characterized by distinctive X‑ray scattering signatures.",2,37,0,0.0,25,ok
2025,12297213,14,keyword,"Search patents for zinc‑based layered double hydroxides with ascorbate anions prepared by coprecipitation in ethanol/water, showing X‑ray diffraction peaks near 6°, 33°, and 59°, and containing surface/base layer designations A and B.",2,36,0,0.0,23,ok
2025,12297213,14,function,"multilayer hydroxide compounds incorporating ascorbic acid as interlayer anion, zinc divalent metal, coprecipitation synthesis in ethanol aqueous mixture, powder X‑ray diffraction peaks near 6°, 33°, 59°, targeted for antioxidant delivery or controlled ascorbate release.",3,35,1,0.037037037037037035,27,failed_constraints
2025,12309149,4,summary,"Search for systems that detect fraudulent transactions by comparing mobile device signatures, including user travel patterns derived from app usage and cookie data, to known fraud signatures, assigning a confidence score to trigger additional security challenges or transaction denial.",1,39,0,0.0,28,ok
2025,12309149,4,keyword,"mobile device fraud prevention system that analyzes a device signature comprising user behavior from app usage history and cookies, travel speed, transportation mode, and departure/arrival timestamps, computes a confidence score, and triggers transaction challenge or denial.",1,37,0,0.0,27,ok
2025,12309149,4,function,"Systems that evaluate fraud risk by comparing a mobile device's behavioral travel signature—including speed, mode, departure and arrival times—to databases of known fraudulent device signatures, generating confidence scores to approve or challenge transactions.",1,36,0,0.0,25,ok
2025,12196737,10,summary,"System acquires water‑area topology, identifies a stressor or monitoring station, locates it in the terrain, selects context‑relevant data objects, then generates interactive graphical elements that display flow networks and trigger monitoring actions.",2,34,0,0.0,25,ok
2025,12196737,10,keyword,"system for water‑quality monitoring that ingests DEM data to delineate catchments, identifies stressors or sensors, classifies them as water‑operating, links spatially relevant entities, and automatically generates GUI controls illustrating flow networks and directed flowlines to operate sensors",1,39,0,0.0,28,ok
2025,12196737,10,function,"Searching for systems that map water catchment topography, classify stressors or monitoring stations, link them to related features by location, and automatically generate interactive flow‑network interfaces to control monitoring equipment.",2,31,0,0.0,21,ok
2025,12377441,23,summary,"Search for MEMS chip designs that combine piezoelectric (PMUT) and capacitive (CMUT) ultrasonic transducers on vertically stacked dielectric layers, using bonded two‑layer stacks to form isolation chambers that segregate PMUT and CMUT cavities both laterally and vertically.",1,38,0,0.0,28,ok
2025,12377441,23,keyword,"Search for MEMS devices integrating a multilayer dielectric bridge on silicon that bonds a piezoelectric MEMS acoustic sensor stack with a micromachined capacitive acoustic element, separated by lateral isolation voids and vertical vacuum cavities.",2,34,0,0.0,23,ok
2025,12377441,23,function,"Search for technologies forming layered dielectric structures with piezoelectric and CMUT cavities separated by isolation chambers, enabling integrated acoustic arrays that can both transmit and receive ultrasound without interference.",2,29,0,0.0,21,ok
2025,12258580,16,summary,"Search for methods of activating primary human CD4+ or CD8+ T cells with anti‑CD3/28 and IL‑2/IL‑15, transducing a target‑specific receptor, then expanding them using IL‑2/IL‑15, surfactant poloxamer and perfusion to achieve a 4‑fold increase within 8 days.",2,47,0,0.0,29,ok
2025,12258580,16,keyword,"Ex vivo genetically engineered CD4+ and CD8+ human T cells, stimulated with anti‑CD3/anti‑CD28 antibodies and recombinant IL‑2/IL‑15, transduced with a target‑specific recombinant receptor, then expanded in a poloxamer‑containing perfusion bioreactor for 2–8 days to yield autologous therapeutic cells.",1,47,0,0.0,32,ok
2025,12258580,16,function,"methods for expanding autologous human CD4+/CD8+ T cells transduced with target-binding receptors, using anti‑CD3/CD28 stimulation, IL‑2/IL‑15 cytokines, poloxamer surfactant, perfusion, 2–8 day culture to achieve ≥4‑fold expansion for cell therapy",1,39,0,0.0,28,ok
2025,12397358,26,summary,"High‑speed drilling method using a weighted guide that presses on a compressed fiber panel, aligns the drill along the panel’s length, and creates deep edge holes while preserving structural integrity.",3,32,0,0.0,22,ok
2025,12397358,26,keyword,"Search for techniques employing weighted alignment fixtures, axial drill supports, and force‑applied axial drilling of high‑density polyester fiberboard panels for creating precision through‑holes or edge penetrations, emphasizing guide‑system stabilization and load distribution across panel surfaces.",3,39,0,0.0,31,ok
2025,12397358,26,function,"Deep drilling into a fiber‑reinforced composite panel by aligning a guiding device with the panel, applying axial weight on the face aligned with the drill, and drilling through the edge to produce precise through‑holes while retaining panel stability.",2,40,0,0.0,25,ok
2025,12249946,1,summary,"Search for a haptic system that eliminates lingering motion in a vibrating device by detecting its back-emf zero crossing, then generating an inverse unit-step signal through a boost converter to produce a brake pulse that cancels the remaining oscillation.",2,41,0,0.0,26,ok
2025,12249946,1,keyword,"Search for linear resonant actuator vibration‑decay system employing zero‑cross back‑EMF detection, a unit‑step braking waveform generated by a boost converter, control circuitry that times the braking signal at the back‑EMF zero crossing for haptic feedback.",3,40,2,0.06896551724137931,29,failed_constraints
2025,12249946,1,function,"Search for a haptic motion controller that cancels post‑drive vibration by injecting a stepped braking waveform timed to the zero crossing of the back‑emf, using a boost converter to supply higher voltage and a logic circuit to synchronize braking with the actuator's natural decay.",2,47,0,0.0,28,ok
2025,12425779,2,summary,"Hearing aid employing multiple microphones, HRTF‑based signal synthesis, and a dual‑path processing block that yields an ANC‑enhanced reference signal and a hear‑through path, subsequently combined for playback.",1,31,0,0.0,22,ok
2025,12425779,2,keyword,"Multi‑microphone hearing aid using ADC, digital HRTF convolution, reference‑signal synthesis, active‑noise‑cancellation, hear‑through processing, generating a combined output sent to a DAC and loudspeaker.",3,28,0,0.0,22,ok
2025,12425779,2,function,"Device uses multiple microphones, digitizes signals, multiplies each by a head‑related filter, sums to form a reference, applies adaptive noise cancellation and hear‑through, mixes the results, converts to analog, and outputs sound.",3,34,0,0.0,24,ok
2025,12190200,6,summary,"A device that uses camera and code data together with conveyor speed to compute required viewing angle and depth, then suggests the optimal mounting location and posture for a stationary barcode scanner to ensure accurate reading.",2,36,0,0.0,23,ok
2025,12190200,6,keyword,"Search for prior art on stationary barcode reader installation assistance systems that use camera parameter extraction, conveyor velocity data, and depth‑of‑field calculations to compute optimal reader placement and posture for reliable code capture.",1,35,0,0.0,25,ok
2025,12190200,6,function,"Method for automatically determining optimal position and orientation for stationary barcode scanners by analyzing conveyor speed, item dimensions, code layout, and camera parameters, then presenting a recommended installation layout to facilitate rapid, fault‑free setup.",1,35,0,0.0,26,ok
2025,12224183,8,summary,"Searching for a process that removes an initial carrier to reveal conductive traces, then strips a temporary conductive film, and immersively plates each trace with gold to protect against oxidation and improve bonding in a semiconductor package.",3,37,0,0.0,23,ok
2025,12224183,8,keyword,"Identify prior art on semiconductor device packaging where a primary substrate with a metallization layer is removed to expose bond wires, followed by immersion gold plating on wires for oxidation protection and solder joint reliability, while the die is covered by molding compound.",3,43,3,0.1111111111111111,27,failed_constraints
2025,12224183,8,function,"Search for techniques to fabricate semiconductor packages where carriers are removed after molding, seed layers are stripped to reveal interconnects, and gold films are applied to protect the interconnects from oxidation and enhance joint durability.",2,35,0,0.0,21,ok
2025,12340896,2,summary,"Search for methods that capture, transmit, and analyze captured images of a patient’s skin or soft‑tissue structure, compute quantitative measurements on a remote server, and present results via a web interface for clinician use.",2,36,0,0.0,22,ok
2025,12340896,2,keyword,"system for remotely measuring anatomical surface features using a digital imaging device, transmitting raw pixel data to a local computer over a wired connection, uploading to a cloud server, computing morphological metrics, storing on a persistent cloud database, and displaying results in a web dashboard.",2,45,0,0.0,31,ok
2025,12340896,2,function,"How can a system capture raw image data of an anatomical surface, transmit it to local and remote computers, compute quantitative metrics, store the results, and display them via a web interface?",2,32,0,0.0,20,ok
2025,12417655,6,summary,"Search for systems that infer animal emotional states from video by extracting behavioral descriptors, weighting them with duration, and scoring to decide dominant emotion using preassigned affective points.",1,28,0,0.0,18,ok
2025,12417655,6,keyword,"Search for animal emotion recognition devices that capture motion imagery, derive behavior metrics with duration weighting, assign pre‑defined emotional scores, and output the dominant emotion through a scoring algorithm.",1,30,0,0.0,22,ok
2025,12417655,6,function,"search for methods or systems that detect animal emotions from video by extracting behavior features, weighting them by duration, assigning pre-set emotional scores, and selecting the emotion with the highest cumulative score for the final determination.",1,37,0,0.0,22,ok
2025,12279324,4,summary,"Search for methods enabling a wireless terminal during idle or inactive periods to perform link measurements, then select and transmit a reduced subset—determined by RAT or cell characteristics—to a cellular network, thereby minimizing reporting overhead.",1,37,0,0.0,25,ok
2025,12279324,4,keyword,"Search for systems that report selective radio access technology measurements from a mobile terminal during low‑power operation, selecting subsets based on frequency allocations, serving or non‑serving cells, and limited cell lists, and enabling the base station to instruct which measurements to transmit.",2,44,0,0.0,30,ok
2025,12279324,4,function,"How to selectively transmit cell‑level signal statistics gathered during low‑power periods, by storing raw measurements, filtering them according to specified radio access technologies or cell lists, and sending only the chosen subset to a base station, thus limiting uplink traffic.",3,42,1,0.03225806451612903,31,failed_constraints
2025,12267889,4,summary,"How can a mobile network element determine which service controller governs a virtual subnet and automatically inform that controller when a device initiates a session, using subscriber data to map the virtual network ID to the controller?",1,37,0,0.0,23,ok
2025,12267889,4,keyword,"Method for adding a terminal to a virtual network where a network element receives a message containing terminal identification, queries a subscriber data management device for the virtual network ID, determines the managing service device via a network repository, and notifies the device to enroll the terminal.",3,47,6,0.20689655172413793,29,failed_constraints
2025,12267889,4,function,"search for methods where a network management element receives a device connection request, extracts the device ID, queries a subscriber database for the network segment, then consults a repository to identify the corresponding service controller and sends a notification that the device has been attached to that segment.",2,48,0,0.0,28,ok
2025,12247391,35,summary,"Innovation for modular building: steel‑frame void forms with corrugated decking and inward‑extending bent plates; when two forms align, a reinforced column is cast between them, yielding a thicker column than conventional cast‑in‑place walls.",1,37,0,0.0,26,ok
2025,12247391,35,keyword,"How to design and construct a modular concrete column using steel‑framed void forms topped with corrugated steel decking, aligning inward‑extending bent steel plates, inserting a reinforcing mat between decks, and pouring concrete to build a thicker column than conventional cast‑in‑place walls?",3,45,1,0.029411764705882353,34,failed_constraints
2025,12247391,35,function,"Method for creating modular structural columns by assembling paired steel frame void forms with corrugated decking, aligning inwardly bent plates to form an interlocking gap, inserting a steel reinforcement sheet between decks, and pouring concrete to fabricate a thicker jointed column during construction.",3,43,0,0.0,32,ok
2025,12317014,3,summary,"Search for prior art on a fiber communication system where a central terminal sends an original sequence to a remote transceiver, which generates a pseudo‑random training pattern, returns it after a trigger, and uses it to tune an equalizer’s parameters.",2,42,0,0.0,23,ok
2025,12317014,3,keyword,"Search patents describing an ONU that receives a control message with an original sequence, generates a pseudo‑random training sequence, embeds it in a transmitted frame, and sends it to an OLT to adjust equalizer settings.",3,36,0,0.0,20,ok
2025,12317014,3,function,"Search for methods where an ONU receives initial and subsequent messages from an OLT containing an original sequence, generates a pseudo-random training pattern based on that sequence, constructs a data frame carrying this pattern, and transmits it back to the OLT to calibrate its equalizer parameters.",2,47,0,0.0,27,ok
2025,12205847,8,summary,"Search for methods enabling removal of III‑nitride layers from a substrate via cleaving, employing a patterned mask that defines separate growth zones and a support substrate bonding that creates thermal stress for layer release, allowing substrate reuse and cost reduction.",2,41,0,0.0,28,ok
2025,12205847,8,keyword,"Search for III‑nitride heteroepitaxial layers grown on non‑polar m‑plane substrates under a patterned growth‑restrict mask, bonded to a secondary support, then detached by stress‑induced cleaving exploiting thermal expansion mismatch for recyclable substrate recovery.",3,38,2,0.07142857142857142,28,failed_constraints
2025,12205847,8,function,"Search for methods enabling release of III‑nitride layers from sapphire or GaN substrates using a masked growth area, bonding to a carrier, exploiting thermal mismatch stress, and cleaving to recover substrate for reuse in III‑nitride device fabrication.",2,39,0,0.0,26,ok
2025,12430353,6,summary,"A tagging system that stores user-defined tags with identifiers, applies them to incoming data structures via attribute comparisons, and records matching or nonmatching events without modifying the original data.",1,30,0,0.0,20,ok
2025,12430353,6,keyword,"Search for automated data structure tagging systems that create user‑defined tags via terminal input, store tags in a database, retrieve tags for incoming data frames, compare attribute value sets with operators, evaluate binary outcomes against thresholds, and log match events without altering original data.",1,45,0,0.0,36,ok
2025,12430353,6,function,"Search for methods that dynamically generate user‑defined tags, store and retrieve them from a database, compare tag attributes to incoming data structure attributes using process operators, and conditionally tag data structures without alteration, enabling minimal reprogramming.",1,37,0,0.0,27,ok
2025,12236257,6,summary,"Search for systems that automatically terminate virtual machines when no active network connections exist, using connection‑count rules, and notify a cloud manager to execute the shutdown.",1,27,0,0.0,18,ok
2025,12236257,6,keyword,"search for automated idle virtual machine termination using connection count thresholds, connect monitors, disconnect rules, and external VM manager messaging within cloud service environments; include terms 'auto‑shut‑down', 'active connections', 'connection monitor', 'disconnect parameters', 'cloud VM manager', 'idle detection', 'cloud computing', 'resource management'.",1,44,0,0.0,40,ok
2025,12236257,6,function,"Search for automated shutdown of virtual instances in a cloud service when active connections drop below specified thresholds, using built-in connect monitor rules, sending inactivity alerts to an external manager that terminates the instance.",3,35,0,0.0,23,ok
2025,12242984,12,summary,Search for systems that combine multi‑agent simulation of electric vehicle fleets using historical trip and charging data to optimize vehicle configurations and battery‑level constraints for cost reduction.,1,29,0,0.0,20,ok
2025,12242984,12,keyword,"Search for fleet electric vehicle management systems utilizing simulation, sampling, and optimization modules, employing agent‑based modeling from historical trip and mobility data, route and charging infrastructure information, to compute cost‑optimal configurations while enforcing minimum battery level constraints for task execution.",3,42,0,0.0,33,ok
2025,12242984,12,function,"How to build a multi‑agent simulation and optimization system that uses fleet EV trip, mobility, and charging data to evaluate and select vehicle configurations, minimizing cost while keeping battery above a threshold for tasks, and controlling energy transfer to devices?",1,41,0,0.0,28,ok
2025,12317645,8,summary,Search for integrated active matrix display architectures that use overlapped trench contacts and through‑substrate flip‑chip bump interconnects between a flexible lead electrode layer and an upper pad layer to enable precise electrical coupling in tiled display modules.,1,39,0,0.0,29,ok
2025,12317645,8,keyword,"tiled OLED display system featuring a transparent glass substrate, transistor and display layers, through‑hole contacts overlapped by pad sections, flexible polyimide film with lead electrodes, and bump electrode interconnects connecting lead to pad contacts.",1,35,0,0.0,27,ok
2025,12317645,8,function,"query for display assemblies that employ a flexible film carrying lead electrodes on the rear of a substrate, overlapped through-contact holes, with pad areas and bump interconnects to transfer signals, enabling tiled panels that interconnect via coupling zones and preserve display performance.",2,43,0,0.0,29,ok
2025,12295234,6,summary,"Search for substrate assemblies comprising stacked layers where pixel apertures are isolated by a two‑part insulating layer featuring an obtuse‑angle recess and a gap, with a covering layer thicker than its underlying isolation, preventing pixel overlap during sequential deposition.",2,41,0,0.0,28,ok
2025,12295234,6,keyword,"Search for display substrate designs featuring pixel definition layers with pixel openings, non‑overlapping first and second isolation portions forming an obtuse‑angle slope, a gap at the obtuse region, and an overlying isolated layer whose cover portion exceeds isolation thickness.",3,41,3,0.1,30,failed_constraints
2025,12295234,6,function,"display substrate with non-overlapping isolation layer forming obtuse-angled side edges and gaps adjacent to pixel openings, where the top isolation portion is thicker than the overlying isolation layer, enabling reduced crosstalk and improved pixel isolation.",1,37,0,0.0,27,ok
2025,12314451,6,summary,"Secure firmware update interface on BGA top pad using fuse‑enabled interrupt to deactivate programming access after installation, controlled by device status or external security signal.",1,26,0,0.0,20,ok
2025,12314451,6,keyword,"Search for integrated circuit with pad‑mounted communication interface providing firmware update post‑assembly, featuring top‑side coupling, bottom‑side BGA ball linkage, interrupt path with fuse, conditionally disabling access based on part status or security signal.",3,37,1,0.03333333333333333,30,failed_constraints
2025,12314451,6,function,Search for methods of enabling post‑install firmware updates to a BGA‑packaged programmable device via a top‑side pad interface that can be selectively disabled by a fuse‑relayed interrupt responding to device status or security input.,1,38,0,0.0,25,ok
2025,12223425,6,summary,"Search for systems that accept AI model node and kernel details, use static or heuristic cost models to choose hardware‑aware micro‑kernel configurations, and embed auto‑format post‑processors to convert output between host and successive kernels in order to minimize inference cost.",1,44,0,0.0,32,ok
2025,12223425,6,keyword,"Search for methods and systems that analyze neural network graph operation sets, apply static or heuristic cost models, generate optimized subgraph configurations, and use micro‑kernel pipelines with built‑in post‑processors converting between native and compatible data formats for target CPUs/GPUs.",2,43,0,0.0,32,ok
2025,12223425,6,function,"How to determine a minimal‑cost subset of AI network operations for execution by mapping nodes to kernel micro‑kernels that reformat input and output streams between hardware‑native and inter‑kernel data formats, using static or heuristic costing models.",1,40,0,0.0,28,ok
2025,12320283,27,summary,"Search for a vehicle exhaust cleaning system that monitors upstream and downstream air‑quality probes, uses gradient and delay analysis of sensor jumps to detect sensor or catalyst faults, and throttles engine output accordingly.",2,34,0,0.0,23,ok
2025,12320283,27,keyword,"Search for an automotive exhaust system featuring a catalytic converter, upstream and downstream oxygen sensors, calculating time‑domain gradient between sensor voltage jumps, measuring downstream sensor response delay, and detecting faults to trigger drive output limit, indicating converter or sensor failure.",3,41,0,0.0,32,ok
2025,12320283,27,function,"Method for measuring differential lambda signal jumps between upstream and downstream sensors to compute gradient and delay, diagnosing catalytic converter or downstream sensor faults, and reducing drive output when such faults are detected.",1,33,0,0.0,23,ok
2025,12311188,13,summary,"Searching for wearable cardiac defibrillator that uses separate monitoring circuitry and shock delivery, employing a low‑impedance source for the defibrillator and a high‑impedance source for the monitoring system, with ECG‑based trigger for shock activation.",3,37,0,0.0,23,ok
2025,12311188,13,keyword,"Searching patents for a body‑mounted cardioverter‑defibrillator integrating separate low‑current high‑impedance and high‑current low‑impedance power sources, with monitoring electronics processing ECG for shock detection and activating a dedicated defibrillation capacitor via patient skin electrodes.",3,39,5,0.16666666666666666,30,failed_constraints
2025,12311188,13,function,"Search for wearable cardioverter device using separate low‑current monitoring supply and high‑current defibrillation supply, with integrated capacitor energy storage and processor detecting ECG shock events to trigger shock delivery via dedicated electrodes.",2,34,0,0.0,27,ok
2025,12339964,6,summary,"Search for methods converting binary files into fixed-size, probability‑based byte‑frequency representations used to extract features and train machine‑learning models for malicious code detection.",1,27,0,0.0,20,ok
2025,12339964,6,keyword,"Method for converting binary files into fixed-size byte-count matrices, computing probability histograms of byte values, extracting feature vectors, and training neural networks to classify malicious code on a multi‑processor computing system.",1,34,0,0.0,25,ok
2025,12339964,6,function,"Search for methods transforming binary files into fixed-size representations by counting byte frequencies or probabilities, then extracting feature vectors from the condensed data for training deep learning models to detect malware or malicious code signatures.",1,36,0,0.0,25,ok
2025,12307697,10,summary,"Search for a system mounted on a loading machine that uses a camera to capture a depth map of a container, processes it to compute the 3‑D position of its flat faces, extrapolates the full shape, and updates stored geometry when machine motion exceeds a threshold.",2,47,0,0.0,24,ok
2025,12307697,10,keyword,"3D camera imaging on a material handling machine that estimates a container's flat side geometry from depth data, extrapolates missing sectors assuming planar continuity, and updates a stored 3D model using motion sensors for slewing or traveling operations.",2,39,0,0.0,27,ok
2025,12307697,10,function,"3D distance sensor on a material‑handling vehicle that estimates a container’s flat face position from a depth image, extrapolates unseen areas assuming planarity, and updates stored container geometry when the vehicle moves during loading operations.",2,37,0,0.0,25,ok
2025,12256853,33,summary,"Search for frame systems that allow quick interchangeable printable panels using magnetic attachment, featuring non-through perforated magnets embedded in base and panel, with external mounts for wall fixation.",1,29,0,0.0,21,ok
2025,12256853,33,keyword,"magnetic magnetic fastening frame removable front panel printable medium base with rigid components varying dimensions and thicknesses, magnetized rear surfaces through perforations secured by adhesive, mountable to wall, replacement easy, decorative elements attachable; magnetic locking system employing perforated magnets in base and front, quick detach, vertical wall mounting.",1,48,0,0.0,40,ok
2025,12256853,33,function,"magnetic‑fastened frame enabling interchangeable printable panels, with perforated rear surfaces holding magnets for quick panel removal/replacement, and built‑in mounting fixtures allowing simultaneous attachment of both base and panel to a vertical surface.",1,35,0,0.0,25,ok
2025,12398142,14,summary,"Search literature for novel c‑Abl kinase inhibitors featuring a benzamide core with a 3‑chloro‑4‑aryl side chain and an imidazo[1,2‑b]pyridazin‑3‑yl‑ethynyl moiety, evaluated for Parkinson’s, Alzheimer’s and related neurodegenerative diseases.",1,41,0,0.0,22,ok
2025,12398142,14,keyword,"Search for c‑Abl kinase inhibitors comprising a 3‑chloro‑4‑aryl‑phenyl amide core linked via an ethynyl to an imidazo[1,2‑b]pyridazin moiety and substituted heterocycles (e.g., isoindolinyl, pyrrolopyrazolyl, piperazinyl) used in neurodegenerative disease therapies such as Parkinson’s and Alzheimer’s.",1,47,0,0.0,26,ok
2025,12398142,14,function,"Search for small-molecule inhibitors of c‑Abl kinase containing an imidazo[1,2‑b]pyridazin‑3‑yl‑ethynyl group attached to substituted phenyl‑carboxamide cores, such as isoindoline, pyrrolo‑pyrazolyl, tetrahydropyrazolo, and cyclopropyl‑piperazinyl derivatives, employed for neuroprotective therapy in Parkinson’s or Alzheimer’s disease.",2,47,0,0.0,29,ok
2025,12369263,2,summary,"Identify prior art of mobile devices featuring a telescoping arm that extends or retracts a movable module along an axis, using a constant‑tension spring and elastic connection to secure a flexible screen, with a pivot and damping for smooth motion.",1,41,0,0.0,25,ok
2025,12369263,2,keyword,"Search for a mobile device with a telescopic main chassis containing staggered interlocking teeth on support plates, a sliding retractable module with pivot, damping element, elastic linkage, and a tensioning torsion device that supplies constant pull to a bendable display panel.",2,41,0,0.0,27,ok
2025,12369263,2,function,"search for a mobile device with a main body and a sliding extension that changes screen area, using an elastic band and a spring providing consistent pull on a flexible display, with a damping element to smooth movement, including comb-like interlocking structures for telescoping",2,45,0,0.0,27,ok
2025,12240733,25,summary,"Elevator call station featuring a dual‑action rotary selector that increases or decreases the desired floor with rotation, confirms selection on press, offers an assisted mode with audio prompts, and includes an automatic reset to neutral position after use.",1,39,0,0.0,26,ok
2025,12240733,25,keyword,"Elevator calling apparatus featuring a processor linked to a main controller, a touch‑responsive display, a rotary selector that increments/decrements the target floor, press to confirm, voice feedback, and auto‑reset to zero after use, employed in an assistant calling mode.",1,42,0,0.0,28,ok
2025,12240733,25,function,"Search patents for elevator buttons that rotate to cycle desired floors, with a zero‑scale origin, and confirm selection by press, including audible prompts and automatic reset after use.",2,29,0,0.0,19,ok
2025,12202035,10,summary,"Real‑time removal of cracks in hot metal continuous casting by inductive probe detecting crack depth, transmitting to a mounted ejector that launches a carving tool with intensity tuned to depth and distance.",1,33,0,0.0,21,ok
2025,12202035,10,keyword,"Inductive crack detection and automated ejector‑based carving for removing cracks in hot metal forming, using transmitter/receiver coil array, magnetic‑field penetration, signal processing to estimate crack depth, control unit adjusting ejector thrust and carving element intensity based on depth and fixed distance.",1,44,0,0.0,35,ok
2025,12202035,10,function,"Searching for processes that use inductive crack sensing in hot metal streams, then feed crack depth and location to a remote ejector that adjusts its impact force to carve out the flaw based on measured depth and distance.",1,38,0,0.0,24,ok
2025,12359243,15,summary,"Search for methods that tag DNA adducts with a nitrogen‑based label through nucleophilic attachment, then liberate the modified nucleobase or nucleotide by enzymatic or thermal hydrolysis for mass spectrometric identification of damage.",1,33,0,0.0,21,ok
2025,12359243,15,keyword,"Search for methods detecting DNA adducts by labeling adducted nucleotides or nucleobases with quaternary amine tags, then fragmenting the DNA via enzymatic or neutral hydrolysis, and analyzing labeled adducts with mass spectrometry.",3,32,0,0.0,22,ok
2025,12359243,15,function,"Search for methods enabling detection of DNA adducts by selectively labeling damaged nucleotides with a quaternary amine tag, enzymatically digesting or hydrolyzing DNA to release labeled adducts, and identifying them via mass spectrometry.",1,33,0,0.0,22,ok
2025,12326366,10,summary,"Search for imaging system that uses a narrow‑linewidth laser with a scanning galvanometer to generate eight focal spots, collects backscattered light with matching optics, and disperses each beam through a high‑resolution interferometric filter and photon detector array for Brillouin elastic spectroscopy.",2,43,0,0.0,30,ok
2025,12326366,10,keyword,"Search for elastic Brillouin imaging probes featuring a narrow‑linewidth CW laser, galvanometric Y‑scan, microlens array, pinhole filter, plano‑convex lens, polarization beam splitter, quarter‑wave plate, microscope objectives, eight‑channel spectro‑interferometer system with scanning Fabry‑Perot, photomultipliers, and photon‑collection card.",3,44,11,0.2972972972972973,37,failed_constraints
2025,12326366,10,function,"Search for optical systems that use a linear array of focused laser spots to excite Brillouin scattering in materials, collect the back‑scattered waves with multi‑channel photodetectors, and analyze the spectra using a scanning interference filter for high‑resolution elastic imaging.",2,42,0,0.0,28,ok
2025,12226552,13,summary,"Method for creating a drug depot in a blood vessel by applying a layered, fibrin‑inducing formulation from a device to the vessel wall, forming a fibrin scaffold while establishing a concentration gradient of the active agent.",1,37,0,0.0,21,ok
2025,12226552,13,keyword,"Search for methods creating in situ drug depots by applying multilayer fibrin‑enhanced formulations with gradient concentrations onto vascular inner surfaces, using fibrin‑promoting transfer agents to construct fibrin matrix scaffolds that integrate with blood vessel walls for controlled agent release.",2,41,0,0.0,31,ok
2025,12226552,13,function,"Search for inventions that, by contacting an agent‑containing formulation with multiple gradient layers on vessel walls and transferring this composition from a delivery device onto the vessel surface, create an in‑situ fibrin matrix to achieve controlled release and vessel wall integration of therapeutic molecules.",2,46,0,0.0,28,ok
2025,12371810,1,summary,"Search for electrochemical methods that use a negatively charged precursor electrostatically attracted to an anode to deposit and uniformly reduce a carbon film onto complex or curved surfaces, achieving consistent graphene thickness for advanced battery anodes.",2,36,0,0.0,24,ok
2025,12371810,1,keyword,"Electrochemical anode deposition of graphene oxide from a solution onto uneven substrates to yield continuous graphene layers; silicon-based active core with thin oxide passivation, capped by ≤ 3 graphene sheets on a current collector forming a stick‑shaped negative electrode for a secondary battery.",3,44,3,0.1,30,failed_constraints
2025,12371810,1,function,"Electrochemical deposition of graphene oxide onto irregular, curved, or complex three‑dimensional surfaces, applying voltage to an anode‑like substrate, to achieve uniformly thick graphene coatings through in‑situ reduction of the deposited oxide.",1,34,0,0.0,24,ok
2025,12257588,23,summary,"Search for centrifugal separators featuring rotating drums with fine perforations (~30 µm), an adjacent helical screw that runs at a distinct speed from the drum, and a pressurized inlet that keeps the perforations clear while solids are conveyed to the outlet.",2,41,0,0.0,23,ok
2025,12257588,23,keyword,"Search for centrifugal separators featuring a rotating drum with a perforated exterior, a helical auger adjacent to the interior, liquid inlet at one end, solid outlet at the opposite end; processor‑controlled drum at ≥800 rpm, auger at a distinct speed, high‑pressure fluid source for pressure‑differential‑clearing of sub‑30 µm perforations.",3,54,2,0.05555555555555555,36,failed_constraints
2025,12257588,23,function,"Search for centrifugal liquid‑solid separator using a drum with fine perforations, an internal auger operating at distinct speeds, coupled with high‑pressure fluid to prevent clogging and deliver solids to an outlet.",3,33,1,0.047619047619047616,21,failed_constraints
2025,12420077,13,summary,"High‑rate catheter‑mounted expandable heart assist device with a collapsible cup, dual inlet/outlet valves, and a cyclic inflow–ejection pump mechanism operating above 100 beats per minute to emulate ventricular function.",3,33,3,0.11538461538461539,26,failed_constraints
2025,12420077,13,keyword,"Search prior art for a cardiac assist system featuring a soft catheter with an expandable pumping cup containing an inflatable balloon, inflow apertures and outflow nozzle, a one‑way valve, cyclic inflow‑ejection mechanism operated by a control unit at >100 cycles per minute.",3,44,5,0.16129032258064516,31,failed_constraints
2025,12420077,13,function,"Search for cardiac assist systems using inflatable, catheter‑mounted, expandable cups with high‑frequency cyclical pumping and dual one‑way valves for inflow/outflow between heart chamber and aortic/vascular lumen.",1,31,0,0.0,24,ok
2025,12192433,2,summary,"Image forming system that calibrates a wide‑sweep scanner by aligning a printed uniform patch with position markers to colorimetric measurements, generating pixel‑specific correction data used to adjust scan sensor output for accurate color processing.",1,36,0,0.0,26,ok
2025,12192433,2,keyword,"Search for image‑producing printer that uses a calibration strip with uniform density, scanned by a full‑width overlap sensor, and colorimetric verification of a second strip to compute adjustment data for the sensor, correcting end‑to‑center measurement bias.",2,40,0,0.0,25,ok
2025,12192433,2,function,"A printing and scanning system that calibrates the scanner by reading a printed chart with a uniform‐density strip perpendicular to feed direction, matching scan pixel positions to colorimetric readings of the strip ends, generating correction data and applying it for accurate color adjustment",2,44,0,0.0,27,ok
2025,12394732,8,summary,"Search for methods and packages with core substrates and multi‑layer redistribution stacks embedding a local interconnect module composed of a semiconductor substrate, multilayer metallization, and mating pads that electrically route signals between two bonded dies, including encapsulating dielectrics.",3,39,0,0.0,28,ok
2025,12394732,8,keyword,"Search for semiconductor packages featuring a core substrate with multiple redistribution layers comprising dielectric and metallization, embedding bulk‑substrate local interconnects bonded to metal layers, linking two IC dies.",3,29,2,0.09090909090909091,22,failed_constraints
2025,12394732,8,function,"Search for semiconductor packaging methods where a layered redistribution stack on a substrate contains embedded local interconnect chips with internal metallization, coated by dielectric, that connect adjacent integrated chips across the substrate, enabling high‑density inter‑die routing while protecting connections.",2,41,0,0.0,30,ok
2025,12305187,16,summary,"Engineered human GAA mutant omitting eight N‑terminal amino acids of its precursor lacking the natural signal peptide, appended with a foreign signal sequence to enhance cellular uptake and enzyme efficacy for lysosomal storage therapy.",1,35,0,0.0,24,ok
2025,12305187,16,keyword,"truncated alpha‑glucosidase enzyme with N‑terminal deletion of eight residues, fused with a heterologous signal peptide, potential applications in lysosomal enzyme replacement therapy for glycogen storage disease.",2,28,0,0.0,19,ok
2025,12305187,16,function,"Searching literature on engineered lysosomal hydrolase variants lacking N‑terminal residues, with synthetic signal peptides, for enhanced protein delivery and substrate degradation in metabolic disorders.",2,25,0,0.0,17,ok
2025,12204427,6,summary,"Search for methods that monitor an ESPI bus with a programmable logic device, detect anomalous firmware flash operations, record events, illuminate system or BMC error LEDs, and seize control of critical bus signals to trigger security alerts via the PCH and I2C.",3,42,2,0.06896551724137931,29,failed_constraints
2025,12204427,6,keyword,"Search for server security solutions that use a CPLD to monitor firmware flash read/write packets on an ESPI link, log anomalies to attached flash, drive system or BMC error LEDs, and seize chip‑select lines to issue warnings via PCH and BMC interfaces.",3,44,3,0.0967741935483871,31,failed_constraints
2025,12204427,6,function,"Programmable logic device monitoring bus traffic for abnormal firmware flash operations, logging events, controlling chip selects, and alerting to security risks through LEDs and communication with board management or baseboard controllers.",3,31,2,0.08695652173913043,23,failed_constraints
2025,12225738,8,summary,"Search for processes that produce nitride semiconductor transistors featuring a ridge‑shaped gate electrode and gate layer formed by dual‑step etching, yielding a rectangular top portion plus a lower protrusion, followed by a single passivation layer covering all exposed surfaces.",3,41,0,0.0,30,ok
2025,12225738,8,keyword,"Search for methods forming nitride semiconductor device with electron transit layer, higher‑bandgap electron supply layer, acceptor‑doped gate stack, ridge‑shaped gate structure centered on gate front, dual‑etch processes to shape gate and gate material, and passivation covering exposed surfaces and sidewalls.",3,44,3,0.08571428571428572,35,failed_constraints
2025,12225738,8,function,"Search for prior art describing a two‑step selective etching process that shapes a ridge‑shaped gate electrode on a top nitride semiconductor layer doped with acceptors, followed by covering exposed surfaces of the electrode and underlying layers with a common passivation film.",3,43,2,0.07142857142857142,28,failed_constraints
2025,12340875,10,summary,"Search for database system tracking quantity of DNA stored, auto‑updating numeric meter on each deposit or withdrawal, and alerting users when levels drop below predefined limits.",1,27,0,0.0,19,ok
2025,12340875,10,keyword,"Search for a computerized system that tracks, updates, and notifies changes in the quantity of nucleic acid samples in a biological sample bank, using a processor‑managed meter value adjusted after deposits or withdrawals, with threshold alerts.",2,37,0,0.0,23,ok
2025,12340875,10,function,"Systems that maintain numeric indicators representing stored genetic material quantity, auto‑update on deposits or withdrawals, and generate alerts when levels drop below a defined minimum for a biobank reserve.",1,30,0,0.0,20,ok
2025,12241822,10,summary,"Search for methods using two‑dimensional materials to detect specific ions in liquids by tuning sensor resonant frequency to match ion‑induced shifts, exploiting medium dispersion for selective detection independent of other ions.",1,33,0,0.0,24,ok
2025,12241822,10,keyword,"Search for graphene‑based resonant sensors employing frequency tuning via fluid dispersion for selective ion detection, multi‑ion discrimination, capacitive/impedance readout, tunable plasmonic resonance, field‑effect transistor graphene biosensors, and dynamic frequency‑modulated ion monitoring.",1,36,0,0.0,31,ok
2025,12241822,10,function,"Search for technologies capable of selective ion detection in liquids employing a graphene resonator whose resonance frequency is dynamically tuned to match target ion vibrational modes, thereby enabling single-ion monitoring despite coexistence of multiple ion species.",2,37,0,0.0,28,ok
2025,12345253,27,summary,"Search for a sleeve‑based packing system with tapered sections, integrated groove, shelf, and seal, featuring threaded coupling, internal ring, cap, and multiple packing elements for precise sealing in pipeline bores.",2,31,0,0.0,22,ok
2025,12345253,27,keyword,"Search patents for a packing sleeve comprising first and second sections with nested inner diameters, a groove for a seal, shoulder and shelf transitions, a ring with threads for tool engagement, and a cap engaging the sleeve end but not threaded, used in a bore of an end block.",3,49,0,0.0,28,ok
2025,12345253,27,function,"Search for a threaded axial compression packing system featuring a dual-diameter sleeve, groove‑integrated seal, shoulder‑shelf interface for multiple packing rings, and a ring‑cap assembly, enabling rapid installation into a bore, secure fluid seal, and tool access for high‑pressure applications.",2,44,0,0.0,32,ok
2025,12395489,6,summary,"Querying prior art for techniques that capture GUI snapshots of cloud objects, apply OCR to extract status markers, and launch subsequent audit passes when specific indicators appear.",1,27,0,0.0,19,ok
2025,12395489,6,keyword,"Search for systems that acquire cloud‑hosted object interfaces via network paths, issue access commands based on reachability metrics, capture screen images, apply OCR to extract text, locate specific tags, and trigger deeper vulnerability scans.",2,35,0,0.0,28,ok
2025,12395489,6,function,"Search for techniques that use network path inputs to retrieve cloud‑stored objects, capture the resulting image, apply OCR to extract text, identify specific data markers, and automatically launch further remote diagnostic procedures.",3,33,0,0.0,25,ok
2025,12275009,23,summary,"Search for microfluidic nucleic acid detection cartridge with a central fluid hub driven by pressure, multiple valve chambers, and a single externally mounted cam‑actuated mechanism that routes fluids between chambers without electronic control.",2,34,0,0.0,25,ok
2025,12275009,23,keyword,"Search for microfluidic platforms featuring a central fluid distribution unit that pumps, injects, and routes reagents among multiple chambers via mechanically actuated valves operated by a single cam-driven system, incorporating deformable‑membrane valves and pressure‑actuated hub structures for nucleic acid detection.",2,43,0,0.0,33,ok
2025,12275009,23,function,"Search for microfluidic cartridge that uses a central fluid‑distribution hub pumping between multiple chambers, with membrane valves on microchannels control fluid flow, actuated via a single external mechanical cam system for nucleic acid detection.",3,35,0,0.0,26,ok
2025,12353860,6,summary,"Search for a controller programming system providing runtime support for adding variables to functional blocks, managing spare memory areas, relocating variable storage, updating machine code, and enabling seamless program restart without interrupting operation.",2,33,0,0.0,26,ok
2025,12353860,6,keyword,"Search for methods enabling auto‑allocation and relocation of extra variables in PLC firmware during dynamic compilation, involving initial variable block, supplemental storage areas, spare buffers, and runtime suspension for memory realignment without interrupting control loop operation.",2,37,0,0.0,29,ok
2025,12353860,6,function,"Search for methods that dynamically manage additional variables in programmable controller source code, including allocating spare storage, detecting variable additions, relocating data in free memory, and updating compiled code while allowing program suspend/resume without halting operation.",2,37,0,0.0,30,ok
2025,12277696,6,summary,"Retrieve source and target pictures from a library, segment each to isolate subject and backdrop, remove the target subject, combine the source subject with the target backdrop, generate new images as augmented training data to improve defect‑detection in automated sorting.",2,41,0,0.0,27,ok
2025,12277696,6,keyword,"Search for autonomous defect detection system combining image sensor, actuation, image segmentation, foreground insertion, data augmentation for training convolutional models in parts inspection and binning operations.",2,26,0,0.0,20,ok
2025,12277696,6,function,"Search for systems that generate training images by replacing the foreground of a target image with a foreground from a source image after segmenting both, then use the new composite for supervised learning of defect detection.",3,36,4,0.19047619047619047,21,failed_constraints
2025,12268155,18,summary,"Hybrid maize X08V056 engineered by crossing inbred lines SLM15 and PH2DYM, with optional transgenes or locus conversion introduced via backcrossing or transformation, yielding plants with preserved hybrid physiology but added traits.",3,31,3,0.13636363636363635,22,failed_constraints
2025,12268155,18,keyword,"hybrid maize genotype X08V056 derived from crossing SLM15 and PH2DYM inbred lines, incorporating backcrossed or transgenic locus conversion, ATCC accession PTA-12586/PTA-124094, and generating modified kernels with agronomic trait expression.",3,32,2,0.08,25,failed_constraints
2025,12268155,18,function,"Search for methods enabling the combination of maize lines SLM15 and PH2DYM to produce hybrid X08V056 with backcrossed or transformed traits, including transgenic or locus‑converted alleles that preserve X08V056 morphology while introducing novel characteristics.",3,35,2,0.08333333333333333,24,failed_constraints
2025,12296550,29,summary,search for methods of gripping tire annular components via support structures with circumferential gripping elements and sliding feeler pins that capture the tire's contour before securing to remove support drum without stresses.,1,33,0,0.0,23,ok
2025,12296550,29,keyword,Search for patent disclosures on a method using an outer‑axial support ring with radially movable gripping tabs equipped with sliding feeler pins that contact and trace the annular tyre component surface before locking to secure the ring and allow removal.,1,41,0,0.0,27,ok
2025,12296550,29,function,Search for methods to capture and align annular tire rims using modular gripping assemblies with sliding feeler pins that contour the rim surface during encirclement.,1,25,0,0.0,17,ok
2025,12360300,9,summary,"Search for a detachable UV shield that fits over a controller display using a rim-and-backplate housing, providing a removable flat UV filter that protects the display while allowing easy removal and reattachment during use.",3,36,0,0.0,24,ok
2025,12360300,9,keyword,"detachable ultraviolet shield device with polycarbonate housing, front rim, spaced backplate, top and side walls, flat UV‑absorbing panel, and recessed access opening for controller display protection",1,27,0,0.0,21,ok
2025,12360300,9,function,"A modular UV protection enclosure that can be attached to partially shield a controller display, featuring a housing with a front rim, spaced back plate, side walls, and a flat UV shield panel that can be removed and reinstalled to protect specific device components while allowing access to underlying controls.",2,50,0,0.0,33,ok
2025,12357374,13,summary,"Search for portable electrosurgical forceps that integrate a rotary jaw assembly with retractable electrodes, a blade mounted in a limited‑travel shaft, and a radio‑frequency generator that switches impedance paths based on measured phase values to alternate sealing, cutting, and blade‑contact energy delivery.",1,45,0,0.0,30,ok
2025,12357374,13,keyword,"rotatable electrosurgical instrument having dual‑electrode jaws with an integrated cut channel, a blade shaft equipped with proximal and distal stops, a retractable electrode, and phase‑regulated RF energy transfer among electrode, jaw and blade via a removable connector.",1,39,0,0.0,28,ok
2025,12357374,13,function,"Rotatable electrosurgical scissors with integrated RF electrode jaws that adjust cutting blade position via phase‑controlled generator to modulate tissue cutting and sealing, allowing precise energy targeting during surgical procedures while maintaining electrical connectivity during instrument rotation.",2,37,0,0.0,31,ok
2025,12397448,25,summary,"Search patents for robotic tool changers employing a rotary‑actuated locking mechanism where axial movement of a pivot engages/disengages locking elements via lever arms, enabling secure attachment of a tool platform to a base unit.",1,36,0,0.0,25,ok
2025,12397448,25,keyword,"Search for robotic tool changers featuring a rotatably mounted base element with a threaded head, axial‑moving pivot pins linked to lever‑arm actuators that drive locking pins into receptacles, enabling secure tool positioning in robotic stations.",1,37,0,0.0,27,ok
2025,12397448,25,function,"Searching patents for a robotic tool changer that uses a base unit with a rotary element linked to locking elements; when the rotary element turns, lever arms pivot to move lock pins perpendicular to the axis, enabling secure attachment and release of a tool holder.",2,45,0,0.0,28,ok
2025,12227443,29,summary,"Search for a tubular infrared heater featuring a conductive heat element inside a metal sleeve with an insulating spacer that permits 1–2 µm radiation to reach the sleeve, used for pre‑heating in glass melting or forming processes.",1,39,0,0.0,22,ok
2025,12227443,29,keyword,"Search for a metal‑tubular infrared heating element featuring an electrically insulating spacer designed to transmit wavelengths between 1 µm and 2 µm, used in high‑temperature glass melting and forming equipment, with size constraints such as tubular inner diameter relative to spacer dimensions.",1,44,0,0.0,28,ok
2025,12227443,29,function,"Search for electrically conductive heating elements that emit 1–2 µm infrared radiation, surrounded by metal tubes and an insulating layer permitting IR transmission to the tube wall, applied in molten glass heating or related manufacturing processes.",1,37,0,0.0,23,ok
2025,12306211,1,summary,"Query for prior art on a current‑sensing resistor featuring side surfaces with offset protrusions and indentations, where end leads span the element, and manufacturing cuts produce complementary protruded and recessed features for improved signal routing.",2,36,0,0.0,24,ok
2025,12306211,1,keyword,"plate shunt resistor having a first side with a convex projecting portion for electrodes, an opposite recessed side with the side surface of the resistive element, voltage lead attached to the projecting side, formed by cutting the base material in the first direction to produce convex and recessed geometries.",3,49,5,0.16666666666666666,30,failed_constraints
2025,12306211,1,function,"Search for shunt resistor designs featuring side‑projected electrode contacts and complementary recessed regions that guide a voltage signal line, enabling compact current‑sensing circuitry within a single substrate.",2,29,0,0.0,22,ok
2025,12301674,4,summary,"Query for prior art on a mobile device that, when discovering no local edge service for a user session, migrates session context to a cloud server using configuration data and DNS lookup, then notifies the original edge node.",1,38,0,0.0,25,ok
2025,12301674,4,keyword,"Wireless transceiver unit with edge enabler client that detects absence of target edge servers, then initiates application context relocation to a remote application host using ACR configuration info, performs DNS resolution for host, and notifies originating edge server.",3,38,3,0.10344827586206896,29,failed_constraints
2025,12301674,4,function,"Wireless communication unit that, when no local edge server matches a session request, evaluates support for session migration to a remote cloud server using stored configuration, performs DNS resolution of the cloud server domain, initiates the connection, and informs originating service of migration commencement.",2,44,0,0.0,31,ok
2025,12344191,32,summary,How can autonomous vehicles dynamically block unauthorized physical entry by remotely commanding motorized stairs to retract or extend based on geographic location and assessed hijack risk from an external oversight control system?,1,32,0,0.0,23,ok
2025,12344191,32,keyword,"Search for autonomous vehicle security systems featuring a sensor array and drive components, an in‑vehicle control unit, and an actuator that moves a retractable stairs assembly, controlled by an oversight network that assesses hijack risk based on GPS location.",3,40,0,0.0,25,ok
2025,12344191,32,function,"An autonomous car security unit that remotely triggers an actuator to deploy or retract an internal staircase, using GPS-based location data to assess hijacking risk and adjust vehicle access accordingly.",2,31,0,0.0,21,ok
2025,12325589,25,summary,Search for intelligent pallet system using screw‑driven slider and toggle arm to engage/disengage rectangular blocks during automated multi‑axis transport machine handling.,1,24,0,0.0,19,ok
2025,12325589,25,keyword,"Search for automated pallet system with motorized lead screw actuator, slider-driven arm, swing plate mechanism on swing bar, engaging/disengaging rectangular block, smart rack frame, rack plates, linear motion control, robotic forklift-like handling of cubic components.",3,38,0,0.0,32,ok
2025,12325589,25,function,"Search for systems that use a sliding actuator on a lead screw to switch an arm between engaged and disengaged modes for moving rectangular blocks within a rack, with a swing plate controlling the engagement state.",1,36,0,0.0,21,ok
2025,12264422,34,summary,"Search for knitted footwear upper featuring a seamless knit tongue connected to side panels, incorporating raised structural elements along medial and lateral edges and built‑in lace loops, that creates a foot‑containing void while simplifying construction and enhancing support.",2,40,0,0.0,29,ok
2025,12264422,34,keyword,"Knitted footwear upper featuring an integral tongue that extends through the throat area, with raised elements along medial and lateral sides, an interior void for the foot, variable knit thickness, lace‑loop forming tensile elements, and an ankle opening.",3,39,3,0.1111111111111111,27,failed_constraints
2025,12264422,34,function,"Knitted footwear upper featuring a unitary knit throat with integrated tongue and raised structural elements along medial and lateral edges, creating a foot‑receiving void, enhanced support, and built‑in lacing loops for a secure fit.",1,36,0,0.0,25,ok
2025,12402261,2,summary,"Search for a button assembly featuring a bracket with two connected surfaces, a button mounted on the primary surface, a pliable arm with a hook that attaches to a casing, and a separate elastic element protruding from the bracket and resting against the casing.",2,44,0,0.0,23,ok
2025,12402261,2,keyword,"Search for a button module with a bracket featuring a top and bottom surface, a button mounted on the top surface, a flexible arm with a hook attached to the bottom surface that engages a casing, and a protruding elastic element abutting the housing.",2,44,0,0.0,23,ok
2025,12402261,2,function,"search for button mounting assemblies featuring a bracket with a tension arm that attaches to a casing via a hook, and an additional spring element protruding from the bracket to engage the casing for secure attachment.",2,36,0,0.0,19,ok
2025,12367738,33,summary,"Search prior art for a tabletop gaming unit featuring a slanted display mounted on a column, with adjacent input and output ports located beneath the screen on the device’s front facet, where the screen’s leading edge extends beyond the device’s front face.",1,45,0,0.0,27,ok
2025,12367738,33,keyword,"Tabletop wagering device featuring an angled display with a connecting support shaft, monitor with display surface, side‑by‑side input and output apertures beneath the monitor, front edge protruding past the table surface, and frame installation procedure.",3,37,0,0.0,26,ok
2025,12367738,33,function,"Search for tabletop electronic gaming units that mount an obliquely angled display above a surface, with simultaneous side‑by‑side input and output slots integrated on the supporting column, allowing user interaction and signal transfer while the display projects beyond the column’s front edge.",1,45,0,0.0,30,ok
2025,12375285,4,summary,"Quantum fingerprint method using data hash, grouping hash symbols, mapping each group to Bloch sphere points, initializing qubits with resulting states, then computing expectation value to generate a quantum-based data fingerprint.",3,32,2,0.07692307692307693,26,failed_constraints
2025,12375285,4,keyword,"Quantum hash digest mapping from classical symbols onto Bloch sphere coordinates, initializing a multi-qubit register per coordinate, calculating expectation values to generate a quantum tag representing the original data.",2,30,0,0.0,23,ok
2025,12375285,4,function,"methods for creating quantum fingerprints from hashed data by grouping hash characters, assigning each group to a qubit state, initializing a multi-qubit circuit accordingly, and measuring an expectation value to produce a unique signature.",2,35,0,0.0,23,ok
2025,12404688,33,summary,"Search for a surf pool system featuring a dual‑section return channel that captures peripheral water and guides it to a central intake via grating‑covered passages, improving recirculation and safety while minimizing surface disruption.",1,35,0,0.0,24,ok
2025,12404688,33,keyword,"Surf pool with wave generator, submerged surf basin, peripheral return channel and partially extending central channel, covered by submerged grating panels to redirect flow to central basin; hydrodynamic water capture and recirculation in surf attraction.",1,35,0,0.0,26,ok
2025,12404688,33,function,"water recirculation system in a recreational surf basin featuring a peripheral inlet channel looping along the basin edge, a central return conduit feeding midway, covered with grating to enhance navigation, while directing wave‑generated flow back to the midpoint after side‑wall run.",1,43,0,0.0,32,ok
2025,12289324,6,summary,"How can a tool automatically build a time‑ordered graph of network entities from incident reports, score relationships, apply a threshold, and display key event sequences for rapid security analysis?",3,30,0,0.0,21,ok
2025,12289324,6,keyword,"Graph‑based significance scoring of network security incident streams with temporal association edge construction, component clustering of device, host, or user entities, and threshold‑filtered visualization of core event sequences highlighting most critical entities and relationships.",3,36,0,0.0,27,ok
2025,12289324,6,function,"Search for methods that build a temporal event network from security incident flows, compute significance scores for devices, accounts, and linkages, filter by threshold, and display key entities in a visual timeline.",2,32,0,0.0,20,ok
2025,12367359,34,summary,Dual‑orientation magnetically induced platelet layer with distinct elevation angles on a flat substrate overlapped by a machine‑readable optical code; decoding requires integrating data from two magnetically distinct zones to authenticate security documents containing encoded digital identity signatures.,1,39,0,0.0,30,ok
2025,12367359,34,keyword,"Search for “security marking comprising a magnetically aligned platelet pigment layer with two distinct orientation zones, an overlayed machine‑readable pattern, methods for dual‑zone data extraction, and cryptographically signed user identity embedded in the encoded code.”",3,37,1,0.037037037037037035,27,failed_constraints
2025,12367359,34,function,"Search for methods of embedding a dual‑orientation magnetically aligned pigment layer beneath a machine‑readable barcode where decoding requires reading data from two separate orientation zones, enabling secure document authentication and user identity verification with cryptographic signatures.",2,38,0,0.0,28,ok
2025,12250394,2,summary,"Search for methods that determine adjacent block availability during video coding order, then generate affine motion vectors for merge candidates by sourcing control points from nearby right or left blocks or alternatively from diagonally positioned collocated blocks when those neighbors are unavailable.",3,42,1,0.03333333333333333,30,failed_constraints
2025,12250394,2,keyword,"Search for affine merge video coding where motion vectors from adjacent control points are collected into a candidate list, using flags that signal block availability, and applying collocated‑picture references for unavailable neighbors to compute prediction samples.",2,37,0,0.0,25,ok
2025,12250394,2,function,"Search prior art for video decoding methods that use block availability flags, gather affine motion control points from right or left neighboring blocks or a collocated picture when unavailable, compile these into a merge candidate list, and predict the current block’s pixels from the selected affine motion vector.",3,49,3,0.09090909090909091,33,failed_constraints
2025,12357715,2,summary,"Look for printers or copiers that use ultraviolet light for internal sanitization, automatically halting the lamp when a person approaches a certain distance, then resuming once they step away, and giving users a visual reminder during the process.",1,38,0,0.0,24,ok
2025,12357715,2,keyword,"UV‑based disinfection module in an image‑forming machine that pauses irradiation when a proximity sensor detects an object within a preset range, resumes afterwards, and the controller displays a warning to keep hands away during the cycle.",1,38,0,0.0,24,ok
2025,12357715,2,function,"search for image forming or document handling systems that use ultraviolet irradiation for selective disinfection while automatically pausing the disinfection when a sensor detects a user’s hand or object within a safety zone, resuming once the object leaves, and providing a user interface warning not to touch during disinfection.",1,50,0,0.0,33,ok
2025,12321107,13,summary,"Searching for a plasma‑driven extreme‑ultraviolet lithography system that manages high‑temperature reactive melt from feedstock and ablation debris, using a cooled inclined collector plate topped with a highly resistant overlay that channels melt into a dedicated containment chamber.",2,40,0,0.0,27,ok
2025,12321107,13,keyword,"EUV plasma source with rotating disk cathodes and a liquid metal target, where melt and debris are collected on an inclined heat‑absorbing plate covered by a corrosion‑tolerant barrier that channels the molten waste into a dedicated storage chamber, combined with a debris‑capture filter and thermal shielding.",2,49,0,0.0,30,ok
2025,12321107,13,function,"Search for extreme ultraviolet plasma light sources that employ rotating discharge electrodes, melt removal systems with corrosion‑resistant containment plates, inclined receiving plates guiding molten waste into storage tanks, and mechanisms for capturing debris emitted with EUV output.",3,38,0,0.0,29,ok
2025,12314897,7,summary,"Device for assessing plant stem bending stiffness by moving a height‑adjustable load probe through crop stems, measuring contact forces and displacement, and using the data to estimate flexural rigidity.",2,30,0,0.0,21,ok
2025,12314897,7,keyword,"Search for a crop lodging evaluation apparatus featuring an adjustable height force bar, integrated force sensor and displacement sensor, motorized traversal through stem plots, processor‑driven data acquisition, and computational models estimating stem density, length and flexural stiffness.",3,38,3,0.1,30,failed_constraints
2025,12314897,7,function,"A system enabling assessment of plant stem stiffness by moving a height‑adjustable bar through a field, measuring force and displacement to compute flexural rigidity via computational models.",3,28,0,0.0,19,ok
2025,12222622,9,summary,"Search for display backplane designs where a white emission element is flanked by red, green, and blue modules and selective shielding extends partly into the white module, with transistor orientations minimizing overlap in the row direction.",2,36,0,0.0,22,ok
2025,12222622,9,keyword,"Search for display array substrates with white and RGB sub‑pixel zones arranged in columns, where optical isolation features of RGB sub‑pixels intermix with white zones, and where active‑layer transistor openings differ per color and drain overlaps vary by row direction.",2,43,0,0.0,29,ok
2025,12222622,9,function,"A tiled display substrate incorporating interleaved white and RGB sub‑elements, where the optical barriers of the RGB units extend into the white zones, and a transistor layout with orthogonal drain overlaps minimizes signal interference and improves color fidelity.",2,39,0,0.0,25,ok
2025,12215900,30,summary,"Need prior art for a refrigeration system that splits the compressor discharge to feed a heater, decompresses part of the flow, mixes bypass and decompressed streams to constrain suction enthalpy, and employs a temperature‑based secondary fluid loop to optimize energy recovery.",2,42,0,0.0,27,ok
2025,12215900,30,keyword,"Search for prior art on refrigerant refrigeration systems featuring a compressor, upstream branching, heating module, decompression valve, bypass line, bypass flow control, and a mixing section that homogeneously blends bypass and decompressed fluids to meet enthalpy limits before returning to suction, along with variable heat‑carrier routing via a switching valve.",3,51,1,0.02631578947368421,38,failed_constraints
2025,12215900,30,function,"Investigate refrigeration cycles where a compressed refrigerant is branched, one branch heats a target, another decompressed branch is mixed with the heater’s exhaust in a heat exchanger before returning to compressor suction, and a temperature‑controlled heat medium routing adjusts bypass flow.",3,43,0,0.0,28,ok
2025,12380595,6,summary,"How to determine object‑to‑sensor distance by comparing images from two mobile cameras on a vehicle, using camera motion data and image feature analysis to compute relative depth for autonomous navigation and surveillance applications.",2,35,0,0.0,23,ok
2025,12380595,6,keyword,"Search for methods using dual automotive cameras and motion sensors to compute obstacle distance by comparing sequential frames, extracting image attributes, and combining with vehicle odometry for autonomous vehicle proximity estimation; references to underwater unmanned sonar imaging omitted.",2,38,0,0.0,28,ok
2025,12380595,6,function,multi‑sensor image capture vehicle object distance estimation using sequential frames and motion sensor data for autonomous driving or underwater robot proximity detection.,2,23,0,0.0,18,ok
2025,12281098,16,summary,"Search for heterocyclic compounds comprising a fused five‑membered ring and a six‑membered ring that inhibit or promote degradation of IRAK4 for therapeutic use, including synthesis routes and pharmaceutical formulations.",2,31,0,0.0,20,ok
2025,12281098,16,keyword,"Search for 5-membered fused heterocyclic kinase inhibitors targeting IRAK4 with anti-inflammatory activity, including synthesis routes and pharmacological formulations and drug delivery systems, chemical analogs, and toxicity profiles.",2,29,0,0.0,21,ok
2025,12281098,16,function,"search for 5‑membered fused 6‑membered heterocyclic compounds that inhibit or degrade IRAK4, including derivatives used in pharmaceutical formulations for immune‑related diseases, and methods for preparing such IRAK4‑targeting heterocycles.",1,32,0,0.0,21,ok
2025,12432234,4,summary,"A method that establishes a normal communication baseline for industrial components, detects abnormal interactions, and cross‑checks additional component traffic to decide whether the anomaly signifies a cyber threat or benign variation.",1,32,0,0.0,21,ok
2025,12432234,4,keyword,"Search for industrial control system cybersecurity methods that build a benign communication baseline, detect deviations in one component's traffic, then monitor additional components' traffic to differentiate benign anomalies from malicious attacks.",1,32,0,0.0,23,ok
2025,12432234,4,function,"Search for systems that monitor inter‑component communications in an industrial network, detect deviations from a learned normal state, then observe related component traffic to distinguish benign anomalies from malicious intrusion, enabling real‑time threat identification.",1,36,0,0.0,26,ok
2025,12220330,13,summary,"Search for prosthetic foot designs integrating an ankle‑level attachment with a pyramid joint and multiple rotatable, flexible elements that independently rotate and flex upon ground contact to enhance stability and simulate natural gait.",3,34,0,0.0,23,ok
2025,12220330,13,keyword,"Search for lower‑limb prosthesis with pyramid connector for user interface, a posterior rigid element joined by rotational connection, anterior and heel elongate members also rotatably linked, and a ground‑contacting flexible body providing passive rocking during stance.",2,38,0,0.0,28,ok
2025,12220330,13,function,"search for prosthetic foot having an attachment with a pyramid connector, rotatable flexible members that independently rock during stance, providing stability, with elongated members connecting anterior, posterior, and heel, enabling controlled rotation upon ground contact.",1,35,0,0.0,26,ok
2025,12348374,4,summary,How can containerized services be tailored and nested on edge endpoint devices using requestor activity profiles derived from persona-based historical activity data?,1,23,0,0.0,17,ok
2025,12348374,4,keyword,"Search for techniques deploying nested containers on edge endpoint devices to enforce activity‑profile based resource limits, where container definitions are derived from user personas and historical usage data, implemented via machine‑readable instructions and processor‑controlled memory.",1,38,0,0.0,28,ok
2025,12348374,4,function,"Search for systems that control edge endpoint devices by deploying containerized applications, using aggregated user activity data to configure resource limits, enabling nested containers for independent service instances, and providing isolated, profile‑driven service execution on each device.",2,38,0,0.0,29,ok
2025,12266119,6,summary,"Search for image‑based parcel alignment methods that group georeferenced parcels into sub‑clusters, generate and refine multiple alignment hypotheses per cluster, apply regularization, and merge results to synchronize parcel polygons with geotagged aerial photos.",1,35,0,0.0,26,ok
2025,12266119,6,keyword,"Search for computer vision techniques that automatically align spatially referenced property plots to geotagged aerial imagery, including cleaning of plot and semantic datasets, grouping of plots into clusters, generating multiple alignment hypotheses per cluster, refining and regularizing each cluster, and producing a final composite alignment.",2,45,0,0.0,33,ok
2025,12266119,6,function,"Search for computer vision methods that ingest aerial imagery with geolocations, cleanse associated parcel and semantic datasets, partition parcels into spatial clusters, compute several alignment proposals per cluster, refine and smooth these clusters, then merge results into a unified position correction for all parcels relative to the image.",2,48,0,0.0,35,ok
2025,12423916,2,summary,"A system that uses binocular eye tracking to locate a user’s focus point in a stereo scene, computes the depth of that point separately for each eye, creates constant‑depth meshes per eye, projects the corresponding images onto those meshes, and displays the resulting views for enhanced depth perception.",1,50,0,0.0,33,ok
2025,12423916,2,keyword,"search for patents using stereo eye-trackers to estimate gaze direction or vergence, isolate foveated object, compute per-eye distances from each retina to the object, create constant-depth depth meshes, then warp corresponding images onto these meshes for pass-through virtual display.",2,43,0,0.0,34,ok
2025,12423916,2,function,"Identify the object a viewer is focusing on from stereoscopic images, compute per‑eye distances via eye‑tracking, create constant‑depth meshes for each eye, and project the corresponding images onto those meshes to render depth‑accurate displays.",3,38,1,0.037037037037037035,27,failed_constraints
2025,12429875,12,summary,"Search for autonomous mower solution that pauses the mowing task when it detects a device inside a virtual boundary, parking at a distant predefined point chosen to maximize safety distance from the device.",1,33,0,0.0,19,ok
2025,12429875,12,keyword,"Autonomous lawnmower executing automated mowing within a virtual geofence while electronically detecting nearby mobile device signal and suspending operation by diverting to a second predefined parking waypoint farther from device, implemented via controller interface and non‑transitory software instructions.",1,39,0,0.0,30,ok
2025,12429875,12,function,"automated mower operation with virtual boundary that stops mowing when a human or device is detected, and directs the mower to park at a defined point further away from the detected object than alternative parking points",1,36,0,0.0,21,ok
2025,12425667,2,summary,"Search for methods that enhance a specific region of a video frame containing pixel value fluctuations by applying a consistent sampling pattern of odd‑indexed neighbor pixels and a uniform enhancement parameter, then encode the modified frame.",1,37,0,0.0,24,ok
2025,12425667,2,keyword,"Search for server-based video encoding techniques that perform local adaptive enhancement on regions suffering from pixel hopping, using odd-row/odd-column sampling and a uniform enhancement parameter before compression.",3,31,0,0.0,23,ok
2025,12425667,2,function,"Search for prior art on a server‑controlled video encoding technique that identifies a region with pixel‑value hopping, applies a pixel‑by‑pixel enhancement using a fixed sampling pattern of odd‑row/odd‑column pixels plus adjacent neighbors, and encodes the resulting enhanced frame.",1,45,0,0.0,31,ok
2025,12393310,6,summary,"Search for display panel having a substrate‑supported emitter region with adjacent non‑emission zone, overlaid by multilayer filling and blocking pattern layers where nested blocking gratings share equal sub‑areas matching the non‑emission width to improve light isolation.",1,40,0,0.0,30,ok
2025,12393310,6,keyword,"Search for display modules featuring a substrate‑supported display layer containing an emission zone and adjacent dark zone, overlaid by a functional refractive layer with a primary optical mask overlain by a secondary mask, both covered by filling strata and a protective cover.",2,43,0,0.0,28,ok
2025,12393310,6,function,"Device for OLED displays with a segmented emission area next to a non-emitting zone, using nested optical occlusion structures and filling layers aligned to the display layer, where pattern widths are smaller than the adjacent dead‑zone, enabling improved edge brightness control and light uniformity.",3,46,0,0.0,32,ok
2025,12429622,24,summary,"Gamma‑ray sensor for wellbore exploration employing cubic garnet ceramic scintillators based on Ca2LnHf2Al3O12 or NaLn2Hf2Al3O12 (Ln = Y, Gd, Tb, La) coupled to photomultiplier tubes for efficient light‑to‑electron conversion.",3,31,4,0.18181818181818182,22,failed_constraints
2025,12429622,24,keyword,"Search for gamma‑ray downhole detectors using cubic garnet ceramic scintillators Ca₂YHf₂Al₃O₁₂, Ca₂GdHf₂Al₃O₁₂, NaY₂Hf₂Al₃O₁₂, NaGd₂Hf₂Al₃O₁₂ coupled to PMTs or solid‑state photodetectors, measuring emitted electron signals.",1,26,0,0.0,29,ok
2025,12429622,24,function,"Gamma‑ray measuring apparatus for drilling operations, featuring ceramic scintillator compositions of Ca2LnHf2Al3O12 or NaLn2Hf2Al3O12 (Ln = Y, Gd, Tb, La) that emit visible light upon gamma interaction, photomultiplier tube converting photons to electrons, and an electronic counter integrated in a wellbore detector.",3,42,4,0.13333333333333333,30,failed_constraints
2025,12358280,28,summary,"Search for inkjet printers that estimate ink temperature per nozzle channel using flow rate and ambient temperature to adjust drive energy, optionally employing internal heaters, to improve print quality and energy efficiency.",1,32,0,0.0,24,ok
2025,12358280,28,keyword,"Search for inkjet head designs with multiple nozzles, individual heating elements, and driver control using ink transport rate and ambient temperature estimation to adjust voltage on each ejection energy generation element, with pre‑stored temperature mapping data.",3,37,2,0.07142857142857142,28,failed_constraints
2025,12358280,28,function,"Search for inkjet printers with multiple nozzle flow paths that estimate ink temperature from flow rate and ambient temperature, then adjust ejection voltage accordingly, using an in‑head heater to pre‑heat ink.",1,33,0,0.0,23,ok
2025,12347358,2,summary,"Search for display systems using multiple driver ICs that feature buffer amplifiers, a shared simulation node coupled to a gamma supply via a capacitor, and alternating driver polarities to coordinate gray‑scale transitions with minimal flicker.",3,36,0,0.0,25,ok
2025,12347358,2,keyword,"Search for patent disclosures describing a display module where data drivers incorporate buffer amplifiers linking gamma, data, and simulation voltage nodes, with capacitive coupling between simulation and gamma terminals, and alternating polarity driver pairs connected within a buffer module.",3,39,0,0.0,29,ok
2025,12347358,2,function,"Display module employing data driver ICs with buffer amplifiers linked to gamma and data voltage nodes, using an auxiliary simulation voltage coupled via capacitors to phase‑shift gamma fluctuations during grayscale transitions for enhanced drive stability.",3,36,0,0.0,28,ok
2025,12201694,16,summary,"Infection detection using a multi‑ligand hydrogel that binds fungal cells and Gram‑positive or Gram‑negative bacteria, where temperature‑responsive branched polymers conjugated to antifungals and antibiotic ligands are immobilized in a polyacrylate network for sample analysis.",3,38,3,0.12,25,failed_constraints
2025,12201694,16,keyword,"A polyacrylate hydrogel formed by copolymerization of glycerol monomethacrylate, glycidyl methacrylate, and a methacrylate crosslinker, incorporating branched poly(N‑isopropylacrylamide) conjugates bearing amphotericin B, vancomycin or polymyxin B ligands for selective binding to fungal, Gram‑positive or Gram‑negative cells.",3,40,2,0.07692307692307693,26,failed_constraints
2025,12201694,16,function,"Search for hydrogel systems incorporating polyacrylate networks crosslinked with glycerol and glycidyl methacrylates, functionalized with polymeric ligands for ergosterol, vancomycin, or polymyxin B, enabling selective capture of fungal and bacterial pathogens on contact lenses, swabs, or dressings.",2,37,0,0.0,24,ok
2025,12259136,30,summary,"Search for methods that normalize combustion of a variable fuel mixture with CO₂ addition, maintaining fuel heating value, combustion pressure, mass flow, turbine inlet chemistry, and turbine speed within 10% variation through CO₂‑based flow or temperature adjustments in a power plant combustor.",3,43,6,0.1875,32,failed_constraints
2025,12259136,30,keyword,"Search for power‑generation systems where a carbon‑dioxide enriched, variable‑fuel mix is combusted with a CO₂‑oxidant blend; turbine exhaust fed to energy generation; and control logic adjusts CO₂ ratios, flow rates, and temperatures to keep combustion parameters within ten percent.",2,43,0,0.0,31,ok
2025,12259136,30,function,"Search for methods that normalize combustion in a power plant by feeding a CO2‑enriched fuel mixture and an oxidant stream to a combustor, adjusting CO2 ratios, flow rates, or temperatures in response to changing fuel composition to keep heating value, pressure, and turbine inlet chemistry within 10% of setpoints.",3,50,0,0.0,32,ok
2025,12236088,6,summary,"Seeking prior art for an on-device buffer that uses DMA to move record data for recycling within storage, reducing host bandwidth, while synchronizing block state information across devices without reading into system memory.",2,34,0,0.0,25,ok
2025,12236088,6,keyword,"Search for patents describing internal DMA‑based recycling of storage sectors, where each sector’s data is moved into an on‑device buffer and sector metadata is temporarily held in host RAM before being written to a new storage medium.",3,40,0,0.0,25,ok
2025,12236088,6,function,"Methods for intra‑device DMA transfer of multiple sectors into an internal buffer, followed by moving only valid records to new sectors on a secondary device, while creating and conveying layout descriptors to system memory, minimizing external bandwidth usage.",3,39,0,0.0,27,ok
2025,12204789,6,summary,"System for monitoring shared memory usage across multiple hosts, generating usage data, logging statistics, predicting bus bandwidth peaks, and scheduling or throttling processes with clock adjustments to improve memory bus efficiency.",1,31,0,0.0,24,ok
2025,12204789,6,keyword,"Search for prior art on a memory subsystem that monitors shared memory accesses, derives usage statistics per host, generates usage reports, predicts low‑bandwidth periods, and schedules or throttles memory‑heavy processes or CPU clock rates accordingly.",2,37,0,0.0,28,ok
2025,12204789,6,function,"How to monitor shared memory sections across multiple hosts, collect usage data, generate aggregated statistics, predict low‑bandwidth windows, and dynamically schedule or throttle high‑bandwidth processes while adjusting host clock frequencies?",2,32,0,0.0,27,ok
2025,12222736,12,summary,"Search patents for a bathing system featuring a pressure‑sensing device that automatically limits water throughput to a heat‑pump unit, uses a bypass loop upstream, and adjusts valve position from open to shut‑off as pressure rises, preventing pump damage while maintaining efficient heating.",2,45,0,0.0,32,ok
2025,12222736,12,keyword,"Search patents describing a pressure‑responsive valve situated downstream of a bypass section and upstream of a heat pump within a bathtub recirculation loop, featuring an automatically adjusting opening governed by supply pressure to sustain optimal heat‑pump flow while preventing pressure‑induced damage.",3,44,2,0.0625,32,failed_constraints
2025,12222736,12,function,"Search for a bath recirculation device that features a pressure‑sensitive valve positioned between a bypass and a temperature‑conditioning unit, dynamically throttling water to keep the unit operating within an optimal flow range and prevent over‑pressure damage.",3,39,0,0.0,26,ok
2025,12285543,16,summary,"Develop a transplant‑ready retinal assembly generated from stem‑cell‑derived progenitors whose bipolar‑cell regulatory gene ISL1 is deleted, providing functional retinal tissue aggregates that enhance graft viability and integration while avoiding adverse gene expression.",2,36,0,0.0,29,ok
2025,12285543,16,keyword,"Patent search for retinal grafts made of ISL1‑deleted Rax‑positive, Chx10‑positive retinal precursors organized into cell‑aggregate tissue for transplantation, including culture media formulations that maintain viability of the engineered tissue and methods for generating the gene‑edited cell population from embryonic‑like stem sources.",2,47,0,0.0,34,ok
2025,12285543,16,function,"Search for methods and compositions that generate cell aggregates composed of retinal tissue cells with an altered ISL1 gene, created from stem‑cell-derived progenitors, enabling transplantation of functional retina and requiring culture conditions for maintenance.",2,36,0,0.0,24,ok
2025,12416861,9,summary,"Search for EUV lithography developers that use solvent blends with low and high Hansen solubility parameters, comprising 0.25–45% alcohol, glycol ether, pyrrolidone, or lactone plus 55–100% ketone, ether, or ester, targeting organometallic oxide/hydroxide resists.",3,38,6,0.20689655172413793,29,failed_constraints
2025,12416861,9,keyword,"EUV lithography developer blends using Hansen solubility parameters, combining low‑polarity alcohols or glycol ethers with high‑polarity ketones, ethers, or esters to enhance hydrophilicity of radiation‑exposed organometallic network latent images.",3,32,3,0.12,25,failed_constraints
2025,12416861,9,function,"Search for prior art on methods employing a mixed‑solvent developer containing 0.25–45 % alcohol or glycol ether and ≥55 % ketone/ether/ester to selectively remove unexposed portions of an organometallic oxide/hydroxide EUV resist, enhancing hydrophilicity of exposed regions.",3,41,3,0.10344827586206896,29,failed_constraints
2025,12219663,4,summary,"Method for a mobile base station that measures a device’s velocity, shares it with neighboring stations, and dynamically adjusts frequency allocations to counter positive and negative Doppler shifts in its link to the device.",1,35,0,0.0,19,ok
2025,12219663,4,keyword,"base station acquiring UE velocity metric, sending activate instruction plus velocity to adjacent stations, applying Doppler correction across frequency subbands—positive shift compensation on some subcarriers, negative on others—wireless link dynamic resource adaptation",3,34,0,0.0,29,ok
2025,12219663,4,function,search for wireless access point methods that switch active/inactive states upon receiving a status flag and transmit user velocity data to adjacent cells to apply Doppler compensation by reassigning frequency subsets for up/down frequency shifts,3,37,0,0.0,27,ok
2025,12299823,6,summary,"Search for systems that receive audio‑visual content and metadata specifying input poses with category tags, then map those poses to a rendering coordinate system locked to viewer motion, applying category‑dependent transforms from real‑world to category frames to maintain stable positioning.",3,43,3,0.0967741935483871,31,failed_constraints
2025,12299823,6,keyword,"Search for audiovisual rendering systems that map user head‑motion data to rendering poses using a mapper circuit, employ category‑based coordinate‑system transforms from a real‑world reference, and render media with fixed poses per rendering category.",3,38,3,0.10714285714285714,28,failed_constraints
2025,12299823,6,function,How to map input poses in metadata to display positions using category‑specific coordinate transforms that adapt to a viewer’s head movement?,3,23,1,0.07142857142857142,14,failed_constraints
2025,12323541,4,summary,"Search for a blockchain node technique that during block creation runs a subset of transactions concurrently, records preliminary results, then after consensus executes remaining transactions in parallel and stitches all outputs in original transaction order to build a sequential block cache.",1,41,0,0.0,29,ok
2025,12323541,4,keyword,"Investigate methods for blockchain node transaction processing that parallelise a subset of up to N transactions during block formation, detect duplicates after consensus, execute remaining transactions concurrently, and merge outcomes sequentially by serial numbers to construct a block cache.",2,39,0,0.0,27,ok
2025,12323541,4,function,"parallel execution of a subset of transactions during block packing, caching pre‑execution results for identical transactions, subsequently executing remaining transactions in parallel, then merging pre‑execution and second execution results sequentially based on transaction order in a blockchain block cache.",1,41,0,0.0,30,ok
2025,12327072,34,summary,"Method for selecting a helmet that fits by scanning a user’s head, matching fitted models from a database, and optionally creating a custom interior liner for a base helmet, with the liner designed from the scan data and fit parameters.",3,41,1,0.045454545454545456,22,failed_constraints
2025,12327072,34,keyword,"Search for methods or systems that use a 3D head scan to compute adjustment settings for a retail helmet, then design a personalized liner for a non‑adjustable shell, matching dimensions derived from the adjusted model, and output the liner configuration via software.",2,43,0,0.0,27,ok
2025,12327072,34,function,"Search for systems that use a 3D head scan to match a user’s head to an adjustable retail helmet size, then compute fit adjustments and produce a custom liner model for a compatible base helmet, storing or outputting the design.",3,41,1,0.04,25,failed_constraints
2025,12351094,32,summary,"Search for a modular truck bed attachment that includes a hinged ramp with a storage shelf and bed‑extender, employing sidewall beams and a jack to elevate the ramp, creating an expandable loading area and a gate‑like barrier.",2,39,0,0.0,23,ok
2025,12351094,32,keyword,"Search for convertible ramp assemblies for truck beds featuring a pivoting ramp, sidewall beams, an extendable support panel, integrated storage shelf with shelving frame, support posts, and jack mechanism to lift the bed extension, with locking system and tool‑retention design.",2,41,0,0.0,29,ok
2025,12351094,32,function,"search for a convertible ramp assembly that attaches to a truck's cargo compartment, providing a pivoting ramp with a jack for ground support, an extendable support panel that enlarges the loading area, and an integrated storage shelf with sidewall attachments for tool retention.",2,44,0,0.0,25,ok
2025,12313225,31,summary,Method for detecting hydrogen leaks in a refueling station by comparing two time‑separated density estimates—derived from recorded pressure and temperature—to a predefined threshold and flagging excess loss.,1,30,0,0.0,19,ok
2025,12313225,31,keyword,"Search for methods of leakage detection in hydrogen storage systems utilizing pressure‑temperature‑derived density differences between sequential measurements, employing threshold comparisons on relative changes in fluid parameters to identify venting faults in multiple tank assemblies.",3,36,0,0.0,27,ok
2025,12313225,31,function,"Search for systems or methods that detect hydrogen leakage in refueling stations by measuring pressure and temperature to calculate density, then evaluating a relative change over time against a threshold to identify leaks in storage tanks.",1,36,0,0.0,23,ok
2025,12250101,4,summary,"Search for a nanophotonics module that integrates a DAC, driver, and PIC with a modulator shaped to band‑limit the output within a Nyquist band, combined with a receiver featuring ADC, linear ISI equalization, a first‑order digital filter with transfer G(z)=1+az‑1, and MLSE decoding.",2,49,0,0.0,28,ok
2025,12250101,4,keyword,"Search for coherent optical transceiver designs featuring a DAC‑to‑driver chain, a first‑order IIR transfer H(z)=1+az−1 in both transmitter driver and receiver post‑filter, PIC modulator limiting spectrum to the Nyquist band, and MLSE‑based symbol detection.",3,43,1,0.03571428571428571,28,failed_constraints
2025,12250101,4,function,"Optical communication transceiver incorporating a DAC, driver, and integrative modulator that confines the output spectrum to a Nyquist band, employs a single‑pole DSP filter with transfer G(z)=1+az‑1 (0<a<1), and uses MLSE for symbol recovery after ADC sampling matched to the DAC rate.",2,49,0,0.0,28,ok
2025,12260175,6,summary,"Search for systems that automatically retrieve chat room logs, use NLP to tag topics and actions, calculate engagement metrics such as reply velocity and conversation duration, and archive historical analytics for future trend analysis.",2,34,0,0.0,24,ok
2025,12260175,6,keyword,"Search for systems that download chat room messages, use AI-powered NLP to extract topics, compute metrics such as chat count, average reply latency, and conversation duration, and store the extracted data and metrics for historical analysis.",3,37,0,0.0,26,ok
2025,12260175,6,function,"AI‑driven system that retrieves chat logs from a communication channel over a defined period, automatically extracts topics per message, computes metrics such as chat count, average reply latency and conversation duration, and archives this data for historical analysis.",1,39,0,0.0,28,ok
2025,12399929,6,summary,"Search for methods that store gait signatures tied to security incidents and compare new event gait data to the database, initiating alerts when similarity exceeds a set threshold.",1,28,0,0.0,18,ok
2025,12399929,6,keyword,"Search for algorithms that combine gait biometric acquisition from security event streams, database logging with timestamps, similarity‑threshold matching against stored gait templates, and automated action triggers for matched individuals.",1,30,0,0.0,22,ok
2025,12399929,6,function,"Search for motion‑gesture based threat detection systems that record walking patterns in a database, compare incoming gait data against stored entries using a similarity threshold, and trigger a security response.",1,31,0,0.0,22,ok
2025,12393949,7,summary,"Search for a processor that retrieves an execution plan from a transaction ID, enriches the received transaction data with a fraud‑score model, formats the enriched output, and transmits it to an authorizing system.",1,34,0,0.0,18,ok
2025,12393949,7,keyword,"Search for systems using transaction identifiers to fetch execution plans, applying enrichment processors for fraud scoring and other predictive models on payment authorization data, converting results into a unified format, then forwarding enriched results to issuers or payment networks.",1,39,0,0.0,28,ok
2025,12393949,7,function,"Searching for systems that receive transaction requests, construct unified data objects, apply one or more predictive models selected by a processing plan, convert model outputs into compatible formats, and transmit enriched fraud risk scores to payment authorizers.",2,37,0,0.0,27,ok
2025,12362594,1,summary,"Search for method optimizing an RF harvester’s rectifier stages and transistor bias to maximize DC output for a given incident power, involving iterative computation of matching networks, input voltage, and output voltage across possible stage counts and bias currents.",3,40,0,0.0,28,ok
2025,12362594,1,keyword,"search for radio frequency energy harvesting system with antenna, cross‑coupled rectifying network, variable transistor drain current optimization, automatic stage configuration, impedance matching network, computational power‑to‑voltage conversion algorithm.",3,30,3,0.12,25,failed_constraints
2025,12362594,1,function,"Search for methods that optimize RF energy harvesters by iteratively selecting rectifier stage counts and transistor currents to match target received power and maximize output voltage, including programmable tuning algorithms.",2,30,0,0.0,22,ok
2025,12263953,32,summary,"Hybrid aircraft propulsion system couples a thermal engine and electric motor via a gear train, with controllers pre‑adjusting engine output upon anticipatory load signals and tuning motor torque to maintain aircraft air‑mover speed targets, minimizing error for efficient hybrid power plant operation.",3,44,2,0.05714285714285714,35,failed_constraints
2025,12263953,32,keyword,"Hybrid aircraft power plant with thermal engine, electric motor, gear train, controllers; regulating torque and speed, anticipating load shifts, adjusting engine output before load change, minimizing error between target and actual motor output.",3,33,5,0.17857142857142858,28,failed_constraints
2025,12263953,32,function,"Search for a control strategy in a parallel electric‑thermal aircraft power system that uses anticipatory load detection to pre‑adjust engine output, then modulates motor torque to maintain shaft speed and torque balance during load transitions.",1,37,0,0.0,27,ok
2025,12335310,4,summary,"search for systems integrating virtual network models with collaborative machine‑learning simulations to predict and counter evolving cyber‑attack strategies, updating models through real/virtual user interactions, and producing cost‑benefit based security recommendations.",1,34,0,0.0,27,ok
2025,12335310,4,keyword,"collaborative cybersecurity defense analysis using virtual network simulation, virtual reality, and iterative machine learning attacks, capturing real‑time system events, sensor and third‑party data, generating cost‑benefit recommendations for network resilience and mitigation.",3,34,2,0.07142857142857142,28,failed_constraints
2025,12335310,4,function,"Search for systems that create a virtualized network model, run iterative machine‑learning driven attack/defense simulations, integrate multi‑source sensor and threat data, allow real‑time collaboration among actors, and generate cost‑benefit security improvement recommendations.",1,37,0,0.0,30,ok
2025,12318399,16,summary,"Combination therapy uses a cannabinoid‑rich hemp extract paired with a specific flavonoid ratio to treat gynecological cancers and hormone‑sensitive disorders, aiming to boost efficacy while mitigating side effects.",1,30,0,0.0,22,ok
2025,12318399,16,keyword,"Search for treatments using cannabis-derived cannabidiol and paired flavonoid compounds for ovarian, endometrial, head‑neck, and estrogen‑responsive cancers, focusing on therapeutic formulations with specific cannabinoid‑flavonoid ratios and co‑administration with chemotherapy.",2,34,0,0.0,24,ok
2025,12318399,16,function,"Search for methods treating gynecological cancers or disorders with a composition of cannabis extract rich in cannabidiol combined with a specific hydroxylated flavonoid at defined molar ratios to enhance therapeutic outcomes, optionally used alongside chemotherapy.",1,35,0,0.0,23,ok
2025,12253877,6,summary,"Search for processors featuring mesh networks of stops that report bandwidth metrics on sync pulses, with a control circuit aggregating those metrics to compute cycle‑stealing thresholds and dynamically gating the mesh clock to optimize performance.",2,36,0,0.0,24,ok
2025,12253877,6,keyword,"processor with a mesh network of stops, each containing a bandwidth counter that reports counts to a clock regulation unit; regulator aggregates counts, compares aggregated value to a threshold, calculates cycle‑stealing amount, gates mesh clock accordingly; synchronization pulses coordinate counters.",3,41,1,0.03333333333333333,30,failed_constraints
2025,12253877,6,function,"processor with mesh interconnect, per‑node bandwidth counters reporting to a regulator that aggregates usage, compares to thresholds, decides on cycle stealing, and gates clock signal accordingly for dynamic bandwidth management.",1,31,0,0.0,21,ok
2025,12237941,2,summary,"Search for systems that network thermostats in hotel rooms, use distinct unoccupied and occupied profiles to auto‑adjust lighting and temperature, allow guest‑specific preference overrides, and remotely manage room maps and diagnostics through a central server.",1,37,0,0.0,26,ok
2025,12237941,2,keyword,"Search for hospitality HVAC control system with networked thermostats employing separate unoccupied/occupied profiles, guest custom settings, integrated lighting and temperature control, using a local processor, memory, transceiver, and remote server for diagnostics and map‑based room visualization.",3,38,0,0.0,29,ok
2025,12237941,2,function,"Search patents for hotel room environmental control systems that use networked thermostats to automatically adjust lighting and temperature based on unoccupied, occupied, or guest‑profile settings, transmitting ambient data and diagnostics to a remote server for real‑time monitoring and customization.",1,41,0,0.0,28,ok
2025,12307273,6,summary,"probabilistic model that learns patterns of application switching, session length and daily usage to synthesize authentic end‑user activity sequences for use in cyber‑range training and detection.",1,28,0,0.0,19,ok
2025,12307273,6,keyword,"Search for systems that learn user interaction sequences from endpoint logs, employ latent-variable Markov or hidden Markov models to reproduce realistic application focus, session length, and circadian effect, and drive endpoint emulators with generated scripts for cyber‑range training.",2,40,0,0.0,29,ok
2025,12307273,6,function,"Search for prior art describing methods that learn user application‑switching patterns and durations from logged endpoint data, then generate realistic sequences to drive simulated user sessions in security testing or training environments.",2,33,0,0.0,24,ok
2025,12320793,10,summary,"Determine phenylhydrazine impurity in an API containing a phenyl‑pyrazolic core by measuring analyte concentration in a standard solution and a sample solution prepared with hydrochloric acid and acetonitrile/methanol, then comparing the signals to quantify the impurity.",2,38,0,0.0,23,ok
2025,12320793,10,keyword,"Search for analytical methods measuring phenylhydrazine impurities in a phenyl‑pyrazolone drug, using standard solutions of phenylhydrazine in hydrochloric acid plus acetonitrile or methanol, with 0.01–10 µg/mL ranges and sample solutions of the drug in the same acids and solvents.",2,43,0,0.0,26,ok
2025,12320793,10,function,"Search for analytical methods that detect phenylhydrazine residues in drug substances through acidified aqueous and organic solvent extraction, calibration with external standards in the 0.01–10 µg/mL range, enabling quantitative residue determination.",2,34,0,0.0,23,ok
2025,12359093,25,summary,"Search for a sealed tape assembly packaging comprising a transparent sleeve that holds end and middle seal tapes, with a built‑in instruction insert viewable through the sleeve for simplified package sealing.",2,32,0,0.0,20,ok
2025,12359093,25,keyword,"Search for a tape kit featuring a heat‑sealed plastic sleeve with upper/lower barriers, a transparent window, an instruction insert, and distinct tapes for sealing the front, rear, and central seams of a package.",2,35,0,0.0,21,ok
2025,12359093,25,function,Search for systems providing a tape application kit where end and transverse sealing strips are pre‑packaged within a transparent outer sleeve that contains a printed instruction insert visible through the sleeve.,1,32,0,0.0,21,ok
2025,12193648,13,summary,"Search for liquid delivery tubes for endoscope cleaning that use pressure‑actuated valves, spring bias, and a damping buffer to ensure quick, watertight connection and minimize leakage during attachment and detachment.",1,31,0,0.0,21,ok
2025,12193648,13,keyword,"Search for a pressure‑activated liquid feeding line for an endoscope reprocessor: tube body, detachable connector to an endoscope conduit cap, internal valve that seals under fluid pressure, a spring biasing it in the opposite direction, and a damping element delaying valve actuation.",1,43,0,0.0,28,ok
2025,12193648,13,function,fluid delivery conduit for endoscope reprocessor that employs a pressure‑activated valve within a detachable connector to create a watertight seal against the endoscope conduit cap while a spring biases the valve and a damper delays closure.,2,37,0,0.0,24,ok
2025,12193900,16,summary,"Search for calcium sulfate-based dental casting material with glass fiber reinforcement, plasticizer, filler and pigment that improves strength and reduces fracture during handling.",2,24,0,0.0,17,ok
2025,12193900,16,keyword,"Search for calcium sulfate dental impression materials reinforced with synthetic and natural fibers, including silica fillers, plasticizers, and colorants, for improved mechanical strength and dimensional stability in dental cast fabrication.",3,30,0,0.0,21,ok
2025,12193900,16,function,"fibers dispersed in calcium sulfate-based dental casting compound reduce chipping during handling, employing glass fibers, quartz filler, plasticizer, pigment; exploring improved strength and dimensional stability in calcium sulfate dental composites.",3,31,3,0.11538461538461539,26,failed_constraints
2025,12386057,10,summary,"Method and system for autonomous vehicle sensor health monitoring that compares positions obtained from a LiDAR sensor with locations measured by a radar sensor, detects deviations beyond a set threshold to flag misalignment, and triggers corrective calibration steps.",1,38,0,0.0,25,ok
2025,12386057,10,keyword,"search methods for automotive sensor calibration combining LiDAR and radar data fusion, comparing object positions from LiDAR with locations from radar, detecting threshold deviations, computing offsets using reflected targets, and auto‑adjusting sensor parameters in automated vehicle systems.",1,38,0,0.0,29,ok
2025,12386057,10,function,"Search for systems or methods that compare object positions from LiDAR and locations from radar to detect alignment drift beyond a distance threshold, triggering calibration corrections in autonomous vehicle sensor suites.",1,31,0,0.0,20,ok
2025,12368053,8,summary,"laser‑driven, incremental removal of protective coating on electronic packages, with multiple overlapping passes at each pad position to precisely expose contact sites while avoiding excessive ablation.",3,27,0,0.0,20,ok
2025,12368053,8,keyword,"Search for laser ablation techniques creating vias in dielectric layers over redistribution pads, involving successive overlapping laser spots at pad locations to sequentially remove portions of the insulating film until openings expose the pads.",1,34,0,0.0,25,ok
2025,12368053,8,function,"laser-assisted sequential removal of insulating film from a package with pads, employing multiple overlapping laser spots to create openings exposing each pad until the desired depth is achieved.",1,29,0,0.0,20,ok
2025,12416383,34,summary,"Search for methods that weld separate outer and inner metal shells, align their respective conduit openings, and join them with a connecting element to form a hermetic interior chamber with a through‑hole passage for service access.",2,37,0,0.0,22,ok
2025,12416383,34,keyword,"Methods for constructing an appliance enclosure from welded outer metal casing and inner metallic liner forming a hermetic interior cavity, using a joining element to merge edges and a passageway built through aligned conduit apertures, with bending of internal and external edges.",3,42,0,0.0,28,ok
2025,12416383,34,function,"How to fabricate a hermetically sealed appliance cabinet by welding outer sidewalls and inner liner walls, aligning conduit apertures, bending edges, connecting a trim breaker to outer and inner edges, and inserting a conduit for internal fluid flow?",2,38,0,0.0,26,ok
2025,12429263,30,summary,"Search for an oil‑separating condenser that receives refrigerant from two compressors via separate inlet pathways, directs streams in opposite axial directions within an internal cavity, mixes them to separate oil, allowing a reduced separation volume.",3,36,0,0.0,25,ok
2025,12429263,30,keyword,"Search for a compact condenser that uses a shell with two inlet ports, dual fluid guide passages that merge refrigerant streams for improved oil‑gas separation, and a parallel two‑compressor system of differing displacements to reduce cavity size requirements.",2,40,0,0.0,27,ok
2025,12429263,30,function,"Search for oil‑refrigerant separation devices and condensers that use dual guide channels directing refrigerant streams in opposite axial directions to mix, enabling operation with parallel compressors of differing displacements and reducing oil‑separator cavity size.",1,36,0,0.0,26,ok
2025,12360422,9,summary,"Search for a panel that uses a single transparent common electrode with slots covering all pixels, interposed by an insulating layer, to increase aperture ratio and eliminate auxiliary common lines and pad electrodes in a FFS architecture.",2,37,0,0.0,23,ok
2025,12360422,9,keyword,"Search patents for a flat panel display that employs a per-pixel electrode stack, a global top electrode with slits, and a multi-directional common contact line linked via contact apertures positioned closer than adjacent pixel electrodes to improve aperture ratio.",2,41,0,0.0,30,ok
2025,12360422,9,function,"Search for liquid crystal displays using a top-layer common electrode spanning all pixels with integrated slits for peripheral power contact, eliminating auxiliary common lines and pad electrodes, to raise aperture ratio and enable compact high‑resolution panels with tighter electrode spacing.",3,42,1,0.03125,32,failed_constraints
2025,12323007,1,summary,"Search for electric motors where stator cores extend axially beyond their windings, forming a magnetic flux region past the coil, with rotors placed either inside or outside the core area driven by a radial flux component.",1,36,0,0.0,24,ok
2025,12323007,1,keyword,"Search for electric motors featuring an axial stator with an annular yoke, multiple circumferential cores extending longer than winded coils, and dual rotors positioned on the rear end face—one inside and one outside the core assembly—driven by radial magnetic flux.",1,42,0,0.0,30,ok
2025,12323007,1,function,"Searching patents for axial‑extending electric motors featuring stator cores longer than their windings, where the coil terminates before the core end to allow a rotor positioned between the coil ends and the rear face, and the rotor utilizes radial magnetic flux for propulsion within core gaps.",1,47,0,0.0,32,ok
2025,12249203,12,summary,"Search for cash dispensing device that uses a single motor to move bills through three connected conveyance segments, featuring a gate at the retrieval entrance to reverse bill flow, enabling automatic recovery of stranded notes after power loss or initialization.",1,40,0,0.0,28,ok
2025,12249203,12,keyword,"Search for patents describing a bill‑handling module with a storage chamber, dispensing outlet, recovery chute, three‑segment motor‑driven conveyor, directional gate, and a recovery controller that re‑orients remaining bills after power loss or initialization.",2,37,0,0.0,27,ok
2025,12249203,12,function,"Search for cash dispensing apparatus employing a single motor to operate multiple conveyor sections, including a gate that reverses bill direction toward a retrieval compartment, and a controller enabling automatic recovery of stranded bills after power loss or initialization to restore normal operation.",1,43,0,0.0,30,ok
2025,12365155,29,summary,"Additive‑printed optical lens fabrication employing a partially cured outer layer onto which value‑adding films are laminated and then fully cured, enabling integrated coatings on both main surfaces of spectacles lenses.",1,32,0,0.0,24,ok
2025,12365155,29,keyword,"Process for additive 3‑D printing of spectacle lenses with two curved surfaces, applying a semi‑cured polymer coating, laminating a functional overlay film onto each surface, then fully curing to form finished lenses with surface‑enhancement layers.",2,38,0,0.0,27,ok
2025,12365155,29,function,"Additive manufacturing of spectacles lenses featuring partially cured outer layers laminated with value‑added films, subsequently cured to finalize the curved surfaces and enable multi‑functional, coated optical lenses.",1,29,0,0.0,22,ok
2025,12326807,6,summary,"Device memory with controller that partitions logical block tables and dynamically adjusts mapping granularity per partition based on observed access volumes, switching to larger or smaller block sizes when read or write densities cross thresholds to reduce wear and improve throughput.",2,41,0,0.0,29,ok
2025,12326807,6,keyword,"Investigate controllers that maintain partitioned logical‑to‑physical tables for NAND flash devices, monitoring read, write, and modify counts per partition, and dynamically adjust mapping granularity to improve alignment and wear‑leveling.",2,32,0,0.0,23,ok
2025,12326807,6,function,"Search for memory controllers that partition logical‑to‑physical mapping tables and dynamically adjust mapping granularity per partition based on read/write operation statistics, including handling unaligned accesses during read/write commands, to optimize performance and wear.",1,37,0,0.0,28,ok
2025,12418486,4,summary,"Search for methods that encode a hierarchical QoS policy into a single packet tag at a gateway, using a graph of rate‑transformation stages to derive the tag for each flow, enabling simple weighted scheduling at downstream bottlenecks.",2,38,0,0.0,23,ok
2025,12418486,4,keyword,"Search for systems using a marker graph to encode hierarchical QoS scheduling, mapping aggregated throughput to packet tags, and implementing single-point packet marking for differentiated flow control at network gateways.",3,31,0,0.0,22,ok
2025,12418486,4,function,"Search for techniques that encode resource‑sharing hierarchies into packet metadata, using a throughput‑to‑value mapping and graph‑based rate‑transformation sequences to mark packets for hierarchical QoS scheduling at network bottlenecks.",1,33,0,0.0,22,ok
2025,12356549,2,summary,"Search for high‑performance display panels that employ separate flexible circuits to isolate signal wiring from drive logic, reduce visible board projection over the display, and use ultra‑thin multilayer PCBs for compact, unobstructed OLED or LCD modules.",1,38,0,0.0,28,ok
2025,12356549,2,keyword,"Search patents on flexible display panels with side bonding area, first wiring PCB with 0.25–0.35 mm board body and 0.15–0.25 mm trace layer, second drive PCB connected via flexible cable, non‑overlapping orthographic projections of substrate and drive PCB.",1,45,0,0.0,33,ok
2025,12356549,2,function,"Prior art for slim display panel that uses two interlinked circuit layers, a wiring module and a drive module, connected through thin flexible interconnects, with the drive module’s layout displaced from the display surface to reduce overlap and allow tighter panel packing.",2,43,0,0.0,29,ok
2025,12311670,28,summary,"Search for inkjet heads with integrated electrical coupling that employ a shaft inserted into through‑holes of the head and its member in reverse order, then fixed by a support frame’s fixing member to ensure precise alignment and simplify assembly.",1,41,0,0.0,24,ok
2025,12311670,28,keyword,"Search patents for an inkjet ejector arrangement comprising a print head with a coupling region, an electric assembly with a mating coupling, a supporting base, a protruding shaft engaging through‑holes and threaded insertions for firm fixation.",3,37,0,0.0,23,ok
2025,12311670,28,function,"Search for liquid dispensing assemblies that employ a print head and an electrically coupled member secured to a support by a protruding shaft engaging through‑holes, enabling precise alignment and stable mounting for efficient ink ejection.",2,36,0,0.0,23,ok
2025,12259999,6,summary,"Device for managing user personal data that, when an app is launched, checks consent status and, if lacking, predicts the terminal most likely to be in use based on time‑dependent usage correlations to request consent, retrying on the second most probable terminal if no response.",1,46,0,0.0,28,ok
2025,12259999,6,keyword,"Information controller with processor and memory stores personal data items, consent status, application usage data, and a time‑slot probability model of user terminal usage; upon app activation it retrieves used data, checks consent, and wireless queries the terminal with highest usage probability to obtain missing consent.",2,47,0,0.0,35,ok
2025,12259999,6,function,"search for methods that request user consent for accessing personal data via the most likely active device based on time and usage patterns, sending a permission query from a central controller to the top‑priority terminal when consent is missing.",3,40,0,0.0,25,ok
2025,12214404,26,summary,"Search for press brake machines that incorporate a recessed integrated display panel in the upper movable beam, protected by a cover plate and multi‑tiered enclosure, with a screen opening tailored to display size and adjustable mounting system.",1,38,0,0.0,24,ok
2025,12214404,26,keyword,"search for press brake apparatus featuring a fixed table beam, a movable press beam with integrated graphic display housed in a recess, cover plate, display module frame, and tiered recess design with screen opening exceeding display dimensions, used for workpiece bending in metalworking.",3,43,2,0.06451612903225806,31,failed_constraints
2025,12214404,26,function,"Search for industrial press brakes where an integrated flat‑panel display is housed in a recessed module within the movable press head, protected by a sliding cover plate and screen opening, allowing real‑time machine status on the workbench.",1,39,0,0.0,25,ok
2025,12228149,27,summary,"Search for ceiling-mounted exhaust fan grilles that integrate a removable insert with internal lighting, using spring tension to secure the insert against the housing, providing airflow through a central clearance.",1,31,0,0.0,21,ok
2025,12228149,27,keyword,"Flush‑mounted in‑ceiling exhaust fan grille with an integrated perimeter flange featuring multiple openings, a mounting insert positioned within that perimeter, a centrally placed lighting module that leaves an aperture between the module and insert, and a spring linking the insert to the fan housing to secure it while allowing airflow.",3,52,5,0.15151515151515152,33,failed_constraints
2025,12228149,27,function,"Search for flush‑mounted ceiling ventilation panels featuring a planar flange with perimeter holes, a removable insert coupled to a central lighting assembly, spring‑assisted attachment to a fan housing, and an aperture allowing airflow across the light module.",3,39,1,0.038461538461538464,26,failed_constraints
2025,12332020,29,summary,"Search for prior art on a pivotable lever device attached to an optical sight’s magnification ring, featuring an axial detent system that locks the lever into several pre‑set positions for easy ring adjustment.",2,35,0,0.0,22,ok
2025,12332020,29,keyword,"Search for a lever mechanism attached to an optical sight's magnification ring, featuring a pivoting arm with axial detent stops, a base that engages the ring's mounting surface, and multiple predefined locking positions for adjusting magnification levels.",2,39,0,0.0,24,ok
2025,12332020,29,function,"lever mechanism featuring a detent assembly that locks a pivoting lever in selectable positions for rotating an optical sight’s magnification ring, enabling rapid adjustment and secure retention through a releasable mounting interface.",1,33,0,0.0,22,ok
2025,12222317,10,summary,"Search integrated circuit biosensor featuring a biologically sensitive transistor, a backside dielectric well lined with a biosensing film, fluid containment walls, an on-chip heater overlapping the chamber, and a cardiac cell adhesive coating, with built-in temperature sensing.",3,39,0,0.0,26,ok
2025,12222317,10,keyword,"Search for IC designs incorporating a biologically sensing field‑effect device within a semiconductor substrate, a backside dielectric hosting a sensing cavity lined with a biosensing polymer, microfluidic channel walls, an integrated heater overlapping the chamber, and a cardiac‑cell adhesive coating.",2,42,0,0.0,29,ok
2025,12222317,10,function,"search ICs featuring a BioFET with a dielectric sensing well, a biosensor coating, fluid containment walls, and a semiconductor‑embedded heater positioned where the heater region aligns with the fluid region, for cardiospecific cell binding and temperature modulation.",2,38,0,0.0,24,ok
2025,12252525,16,summary,"Search for engineered single‑chain immune receptors featuring codon‑optimized variable light and heavy regions linked by a spacer, combined with costimulatory CD28 and CD3ζ signaling domains, designed for enhanced expression in mammalian or NK cells to target tumor cells.",2,40,0,0.0,28,ok
2025,12252525,16,keyword,"Search for engineered chimeric antigen receptors featuring codon‑optimized scFv domains linked via flexible spacers, incorporating CD28 costimulatory and CD3ζ signaling modules, expressed in mammalian or NK cells, with leader peptide and ITAM motifs.",3,34,1,0.038461538461538464,26,failed_constraints
2025,12252525,16,function,engineered immune cells expressing fusion proteins that couple immunoglobulin variable domains to intracellular signaling and costimulatory modules for targeted lysis of tumor cells while optimizing mammalian expression and transduction efficiency,2,30,0,0.0,22,ok
2025,12259664,9,summary,"Developing alignment marks with trench depths tailored by correlating height roughness of provisional layers to trench depth, enabling precision metrology for positioning across substrates during deposition processes.",1,27,0,0.0,20,ok
2025,12259664,9,keyword,"Computational design of trench‑based alignment marks on semiconductor wafers: establishing the relationship between surface height variation of a trial process layer and trench depth to enable precise metrology, optimizing trench depth given targeted height variation and process layer thickness.",1,40,0,0.0,30,ok
2025,12259664,9,function,What methods calculate trench depth for etched marks on a wafer to permit accurate position determination by exploiting controlled height variation in a deposition layer?,2,25,0,0.0,15,ok
2025,12203664,30,summary,"Search for an air‑conditioner that uses a forward‑backward sliding fan housing extending beyond a door to deliver direct, long‑range airflow, reducing interference and loss, with an expandable elastic guide adjusting to the housing’s motion.",1,38,0,0.0,24,ok
2025,12203664,30,keyword,"Search for air‑conditioning systems with a movable fan housing unit that slides forward and backward through a door assembly’s front outlet, an elastic airflow guide that expands and contracts with the housing movement, and a larger guide housing inlet than fan inlet.",2,44,0,0.0,28,ok
2025,12203664,30,function,"Search for HVAC systems where a movable fan housing extends beyond a door‑mounted outlet, projecting a focused air stream to a distant target while minimizing airflow obstruction and loss by using a flexible guide that expands and contracts with movement.",1,41,0,0.0,26,ok
2025,12387598,12,summary,"Search for systems that automatically profile drivers and use color‑coded representations derived from real‑time data, possibly tied to location, to notify vehicle occupants or potential occupants.",1,28,0,0.0,19,ok
2025,12387598,12,keyword,"search for patents describing systems that capture real‑time vehicle driver data, generate driver‑profile models, assign color codes based on regional parameters, and transmit those color markers to current and prospective occupants via in‑vehicle displays or wireless links",2,40,0,0.0,30,ok
2025,12387598,12,function,"computer system that collects, generates and presents real‑time driver profile information, assigns a color code indicative of the profile and conditions, and communicates that color representation to potential or current vehicle occupants",1,33,0,0.0,21,ok
2025,12297912,31,summary,adjusts the amount of blow‑by gas entering the intake of a hydrogen‑fueled internal combustion engine by varying the cross‑sectional opening of a valve member that expands for low‑load conditions and contracts for higher load to maintain optimal balance.,3,42,1,0.04,25,failed_constraints
2025,12297912,31,keyword,"Search for a hydrogen‑fuelled engine flow‑rate control valve comprising a valve member that adjusts cross‑sectional area for blow‑by gas from the crankcase, maximizing flow when load is at or below idle operation.",3,36,3,0.13636363636363635,22,failed_constraints
2025,12297912,31,function,"Search for patents describing a valve that regulates blow‑by gas entering a hydrogen‑fuel internal combustion engine intake, adjusting passage area via a movable member to maximize flow when engine is idle.",3,33,1,0.045454545454545456,22,failed_constraints
2025,12278709,4,summary,"Query for prior art on smart athletic wear embedding QR‑like codes that, when scanned by mobile devices near the garment, trigger a server to deliver location‑and‑user‑profile‑specific multimedia content, including live and stored elements tailored to designated viewer groups.",2,43,0,0.0,30,ok
2025,12278709,4,keyword,"Search for wearable apparel bearing a scannable QR code that, when read by a nearby smartphone, links to a server distributing personalized static media and live video streams, tailored by user profile and proximity data.",2,35,0,0.0,22,ok
2025,12278709,4,function,"Search for apparel embedded with readable codes that, when scanned by a portable device, trigger proximity‑dependent personalized media delivery from a server, tailored to user profiles and viewer group memberships.",2,31,0,0.0,19,ok
2025,12272120,2,summary,"System captures multi‑view images, creates feature maps, then defines overlapping windows across maps to fuse neighboring grid cell semantics, enriching the maps for accurate object localization via generated bounding boxes used to steer vehicle control.",3,36,0,0.0,30,ok
2025,12272120,2,keyword,"Search for vehicle perception systems that use multi‑camera inputs to generate feature maps, apply overlapping grid windows for inter‑map semantic enrichment, and produce bounding boxes that guide autonomous vehicle control.",1,32,0,0.0,24,ok
2025,12272120,2,function,"multi‑view vehicle perception system that fuses overlapping grid cells from multiple feature maps via windowed processing to enrich semantics, then generates bounding boxes for scene objects, enabling vehicle control.",1,30,0,0.0,24,ok
2025,12365179,28,summary,Search for a multi‑nozzle liquid emitter having individual pressure‑chamber actuators driven by staggered contraction waveforms so that each discharge’s pulse timing alternates with another’s for improved flow control.,1,32,0,0.0,22,ok
2025,12365179,28,keyword,"Search for prior art on liquid ejection devices featuring multiple nozzles, each powered by a piston-like driver; driver generates distinct electrical pulse waveforms with staggered contraction intervals causing phase-shifted pressure variations in the discharge chamber.",3,37,0,0.0,28,ok
2025,12365179,28,function,"Looking for liquid discharge systems with multiple independently controlled nozzles where each driver produces alternating contraction waveforms that overlap in time, enabling synchronized or staggered jet ejection.",1,27,0,0.0,19,ok
2025,12232078,4,summary,"Search for wireless communication systems that separate paging schedules for human users and machine-type devices to prevent congestion, using individualized paging loads or indicator flags in packets.",1,28,0,0.0,19,ok
2025,12232078,4,keyword,"Search for systems where a base station schedules separate paging slots for a human‑centric terminal and a machine‑to‑machine node, limiting paging payload IDs per device type to reduce uplink/downlink congestion.",2,34,0,0.0,23,ok
2025,12232078,4,function,"Search for communication methods where a base station sends paging information to human users and machine devices at different times, using limited identity fields or calling indicators, to reduce downlink congestion and conserve radio resources for mixed traffic.",1,38,0,0.0,26,ok
2025,12401842,2,summary,"How can a display device confirm and trust a handheld phone by first exchanging a public key and credentials, then later receiving a signature-based authentication message and matching proximity‑sensor features before linking the two devices?",1,37,0,0.0,26,ok
2025,12401842,2,keyword,"method for linking a TV with a smartphone via a signed credential message, verifying signature with a stored public key, and matching proximity sensor feature set to a pre‑registered biometric template to establish trust",2,35,0,0.0,22,ok
2025,12401842,2,function,"Search for methods where a TV receives a signed authentication element and user credentials from a smartphone, verifies the signature with a stored public key, captures proximity sensor features, and associates the smartphone only if credentials match the user ID and sensor features align with stored features.",1,47,0,0.0,29,ok
2025,12283542,8,summary,"Semiconductor device with multi‑layer power interconnects where a transistor overlaps adjacent layer lines yet its source/drain connections avoid crossing them, enhancing routing efficiency and reducing cross‑layer interference.",1,30,0,0.0,22,ok
2025,12283542,8,keyword,"Search for semiconductor layout patents featuring multilayer power supply interconnects where a transistor between two in-plane power rails is overlapped by orthogonal cross-layer supply routes, with separate source and drain wires in the upper layer, ensuring no planar overlap.",2,41,0,0.0,29,ok
2025,12283542,8,function,"Search for semiconductor power‑distribution schemes that use an inter‑layer transistor overlapping adjacent power rails while separate source/drain connections in a different direction avoid overlap, enabling reduced resistance, improved isolation, and compact layouts in high‑density integrated circuits.",1,40,0,0.0,31,ok
2025,12218489,1,summary,"Search for devices featuring an exposed electrode ionizer with a fiber‑mat electrode linked to an electronics module that supplies a negative voltage, limiting peak voltage and operational current to safe thresholds to prevent excessive capacitive current during ion emission.",2,40,0,0.0,27,ok
2025,12218489,1,keyword,"Search for patent documents on negative ion generators featuring an externally exposed electrode panel comprised of a fibrous mat interfaced to a voltage supply module, with a maximum negative potential limit, a protected discharge current below a minimal detectable discharge current threshold, and a low‑resistance fiber matrix.",2,48,0,0.0,33,ok
2025,12218489,1,function,"Search for negative air ionizer devices comprising an exposed electrode mat of fiber bundles integrated with an electronics module that generates a controlled negative voltage and limits current so that capacitive discharge stays below a defined detection threshold, allowing safe ambient ion production.",1,43,0,0.0,31,ok
2025,12398187,16,summary,"Search for engineered natural killer cells expressing a humanized single‑chain antibody CAR targeting CD19 that incorporates a CD8 hinge and transmembrane region, OX40 and CD3ζ intracellular signaling modules, and in some versions a membrane‑bound IL‑15 domain to boost persistence and killing.",1,44,0,0.0,31,ok
2025,12398187,16,keyword,"Search for humanized CD19‑directed chimeric antigen receptors employing VH/VL variable domains, CD8α hinge and transmembrane segments, containing OX40 and CD3ζ costimulatory domains, with engineered T or NK cells co‑expressing membrane‑anchored interleukin‑15 to increase persistence and cytotoxicity.",3,41,3,0.0967741935483871,31,failed_constraints
2025,12398187,16,function,"immune cells engineered with CD19‑targeting CARs using humanized scFv, CD8α hinge/transmembrane, OX40‑CD3ζ signaling modules, optionally co‑expressing membrane‑bound IL‑15, to enhance cytotoxicity, persistence, and immunotherapeutic efficacy.",1,31,0,0.0,26,ok
2025,12287680,6,summary,"Search for a device case with an internal button that uses contact surfaces to bias the button inward, enabling capacitance or force sensing for multiple input types via internal sensors while maintaining a defined button travel axis.",1,37,0,0.0,25,ok
2025,12287680,6,keyword,"Search for electronic device housings with internally mounted push buttons featuring biasing mechanisms, contact surfaces, and capacitive or force sensors that detect multiple input types via coupled receptor and input regions, including collapsible switch drive mechanisms.",1,36,0,0.0,28,ok
2025,12287680,6,function,"Search for device cases that integrate a movable internal button providing multi‑modal input sensing—force, capacitance, and touch—through contact surfaces and biasing structures enabling detection of varied user presses and gestures.",1,33,0,0.0,24,ok
2025,12423553,34,summary,"Search for RFID tag integrated into jewelry—e.g., a ring or pendant—where one tag end contacts the metal enclosure and a secondary “dummy electrode” sits inside the housing, enhancing signal by forming a partially enclosed cylindrical or rectangular tag.",1,41,0,0.0,25,ok
2025,12423553,34,keyword,"RFID tag with first contact bonded to housing, dummy electrode linked to second contact, tag cylindrical or rectangular, housing a hollow cylinder with bottom, tag surrounded by housing wall, dummy electrode and housing forming cylindrical shape, local send array.",3,39,5,0.1724137931034483,29,failed_constraints
2025,12423553,34,function,"RFID‑enabled jewelry featuring a partial housing that electrically integrates one tag terminal with the enclosure and places a dummy electrode for the other terminal inside a hollow cylindrical or rectangular housing, enabling local signal transmission.",2,36,0,0.0,24,ok
2025,12355395,1,summary,"How to monitor a solar mounting system with distributed sensors that report module presence and relative height, enabling a computer to analyze support status and detect failures or misplacements in the vertical array?",2,33,0,0.0,20,ok
2025,12355395,1,keyword,"Search for patents describing photovoltaic panel mounting frames equipped with distributed tactile or optical sensors, frame‑mounted module presence detectors, and a central processing unit that collects parameter data to monitor vertical module placement and racking system performance.",2,38,0,0.0,28,ok
2025,12355395,1,function,"smart solar mounting system with distributed sensors that sense module location and occupancy in a vertical rack, data collected by a controller for real‑time monitoring and operational diagnostics of panel installation and spacing.",2,34,0,0.0,21,ok
2025,12318792,23,summary,"An aerial spray system for crop protection featuring a magnetically controlled orifice that changes spray jet size by actuating a magnetostrictive sleeve against a guiding surface, allowing precise droplet diameter adjustment without moving the entire nozzle.",3,36,0,0.0,26,ok
2025,12318792,23,keyword,"flexible nozzle with magnetostrictive actuator sleeve and coil for UAV pesticide application, adjustable outlet diameter via magnetic field, guided by periphery contact surface, silicone or latex body, hollow cylindrical sleeve, triangular interface.",3,32,0,0.0,25,ok
2025,12318792,23,function,Search for plant protection UAV nozzle systems employing magnetostrictive sleeves and coils that deform a flexible nozzle exit via a guide surface to modulate droplet size.,1,26,0,0.0,18,ok
2025,12314487,33,summary,"Search for algorithms that compute a moving object’s speed from acceleration signals, simultaneously identify vibration and stationary conditions, and automatically reduce the speed estimate when vibration is detected while the object is determined to be stationary, within multi‑sensor pose estimation systems.",1,43,0,0.0,27,ok
2025,12314487,33,keyword,"Search patents describing a system combining inertial sensor acquisition of acceleration with vibration detection to adjust velocity estimate, including motion‑estimation fusion of image‑based position data and reduction of speed when a device’s vibrator is active while stationary.",1,40,0,0.0,27,ok
2025,12314487,33,function,"Search for methods or systems that estimate a device’s speed or position using accelerometer data and camera imagery, while detecting vibration or stationary status and adjusting the speed estimate to correct vibration-induced errors.",1,35,0,0.0,22,ok
2025,12428240,28,summary,"Search patent documents describing conveyor control apparatuses that direct a platen carrying a recording medium to one of two printer lanes after preprocessing, with the decision based on medium characteristics, using branched conveyors to specific printer groups.",2,37,0,0.0,26,ok
2025,12428240,28,keyword,"Conveyor control system selecting printer lanes based on media type, employing processor logic, pretreatment module, branching conveyors, platen transport, and computer‑readable instructions for lane assignment.",3,26,1,0.047619047619047616,21,failed_constraints
2025,12428240,28,function,"Search for conveyor control systems that select printer lanes based on media type, using a processor to route a platen after pretreatment to one of two printer groups with branch conveyors, including detection of recording medium characteristics to determine lane assignment.",1,41,0,0.0,28,ok
2025,12196351,1,summary,"Search for a handguard‑mounted cable routing accessory that uses a threaded conical‑head fastener to lock and guide electrical wires onto a firearm’s handguard, optionally handling dual cables, and securing attachment with a pivot screw.",1,37,0,0.0,24,ok
2025,12196351,1,keyword,"Firearm handguard cable routing device with a mounting case containing wire guide passages, a long threaded screw with a conical tip and tapered interior, a pivot pin, and a through‑hole with tapers, securing accessory like flashlight or remote switch.",2,40,0,0.0,27,ok
2025,12196351,1,function,"search for a firearm‑mounted lead management system using a mounting body with a conduit for a power line, a conical‑threaded fastener that grips the line via a tapered surface, and a pivoting lock that secures the unit to the weapon’s handguard.",2,44,0,0.0,24,ok
2025,12214139,13,summary,"Search for devices that modulate continuous airflow into pulse‑based vortices synchronized with the user’s breathing, using duty‑cycle valve control to vary pulse frequency and strength, with pressure‑sensor feedback.",1,32,0,0.0,21,ok
2025,12214139,13,keyword,"Search patents for devices combining a flow generator for continuous airflow, valve-based pulsated air delivery system controlled by a duty‑cycle mechanism, downstream vortex‑producing user interface, pressure‑sensing breath monitoring, and a programmable processor with embedded memory to adjust vortex strength via duty cycle.",2,46,0,0.0,35,ok
2025,12214139,13,function,"Search for prior art on systems that generate oscillating air jets via duty‑cycle‑controlled valves, producing variable‑frequency vortices delivered to a user, with breath‑pressure sensing to synchronize airflow pulses.",2,32,0,0.0,23,ok
2025,12287882,6,summary,"Searching for distributed penetration testing systems that employ a programmable API framework to execute sequential attack sequences defined by a hierarchical structure, where each step's outcome triggers subsequent actions, enabling dynamic, condition‑based security validation.",2,36,0,0.0,26,ok
2025,12287882,6,keyword,"Search distributed systems for automated penetration testing employing attack‑tree or decision‑tree models, where API interfaces orchestrate sequentially conditional attack nodes, propagate outcomes to downstream actions, and declare overall success upon final node execution, with scalable, fully distributed architectures.",2,40,0,0.0,32,ok
2025,12287882,6,function,"Search for distributed, scalable security testing systems that use API frameworks to model attacker decision trees, sequentially execute attack actions based on prior results, and assess test success when the final action succeeds.",2,33,0,0.0,24,ok
2025,12244984,10,summary,"A photovoltaic module monitoring system that combines voltage sensing, a microcontroller interface, and an integrated transmitter employing crystal‑clock modulation and a DAC to convert and transmit precise digital‑analog measurement data to bi‑polar outputs.",1,36,0,0.0,24,ok
2025,12244984,10,keyword,"PV‐module monitoring system with digital conditioning, microcontroller data stream, crystal‑driven transmitter and DAC, featuring voltage sense/reference nodes, modulation clock synchronization, and bidirectional communication terminals for power‑electronic photovoltaic applications.",1,32,0,0.0,26,ok
2025,12244984,10,function,"Search for compact photovoltaic module monitoring assemblies that condition voltage sensing signals, digitally process and stream measurement data through a microcontroller coupled to an oscillator‑driven transmitter, enabling remote telemetry of power and cell health.",1,35,0,0.0,25,ok
2025,12382009,2,summary,"Search for wearable AR system using at least eight narrow field‑of‑view cameras, depth estimation, and perspective transformation to project a virtual eye position view onto the display, ensuring accurate scale and depth perception for live video overlay.",2,39,0,0.0,28,ok
2025,12382009,2,keyword,"Query for prior‑art on a virtual‑see‑through headset using ≥8 forward‑facing cameras mounted at fixed positions, each ≤ anticipated field of view, covering ≥180° horizontally and vertically, computing relative distances, then transforming captured imagery to user‑defined virtual pupil locations to render depth‑accurate VST view.",3,48,0,0.0,37,ok
2025,12382009,2,function,"Search for head‑mounted visual‑see‑through systems that employ a multi‑camera array to capture real‑world scenes, compute object distances, and re‑render the view from user‑defined virtual pupil positions, thereby correcting perspective, preserving depth cues, and eliminating sizing or position errors in the displayed imagery.",1,49,0,0.0,36,ok
2025,12349850,23,summary,"An automatic mop bucket with compartmentalized dirty, clean, and mop chambers, integrated mounting frame and scraper plates to guide water flow from clean supply through a spray system onto the mop while preventing plate movement and filtering debris with an in‑line filter bin.",2,44,0,0.0,30,ok
2025,12349850,23,keyword,"Search for multifunctional cleaning bucket with divided water chambers, hinged mounting structure, adjustable scraper, integrated water circulation system, spray nozzle, detachable cover, and built‑in filtration bin for debris removal.",2,30,0,0.0,23,ok
2025,12349850,23,function,"Search prior art for a mop bucket partitioned into dirty, movable, and clean water chambers, with a mounting frame having openings, a scraper plate, a water supply from the clean chamber, and a spray pipe delivering rinse water onto the mop, stabilized by grooves and a debris filter bin.",3,49,5,0.16129032258064516,31,failed_constraints
2025,12297797,27,summary,"Search for offshore buoyant generator employing a hemispherical shell with a convergent inlet channel that funnels wave motion into an internal turbine, converting captured kinetic energy into power while minimizing drag and structural complexity.",2,34,0,0.0,23,ok
2025,12297797,27,keyword,"Floating sphere wave power system with upper hemispherical cut‑out capturing ocean waves, channeling seawater through a converging passage to a turbine mounted at the channel end, an offshore buoyant structure converting wave motion into electricity.",2,36,0,0.0,26,ok
2025,12297797,27,function,"Search for prior art where a buoyant spherical device includes a tapering water inlet that directs ocean waves into an internal turbine chamber, enabling conversion of wave kinetic energy to electrical power.",2,32,0,0.0,21,ok
2025,12248581,6,summary,"Search for a system that dynamically selects and runs vulnerability scanners across different cloud environments, creating isolated copies of each application, executing inspectors in virtualized contexts, gathering enriched risk data, and storing findings in a unified security graph database.",3,39,1,0.03571428571428571,28,failed_constraints
2025,12248581,6,keyword,"Search for a system architecture that retrieves a list of cloud‑deployed objects, selects appropriate vulnerability scanners based on object attributes, creates isolated virtual copies, runs scanners in virtualized environments, produces enriched vulnerability datasets, then integrates results into a security graph database.",3,42,1,0.03225806451612903,31,failed_constraints
2025,12248581,6,function,"methods for inspecting heterogeneous cloud‑hosted components by creating isolated virtual copies, dynamically selecting appropriate scanners based on object attributes, executing them in dedicated environments, aggregating vulnerability findings into enriched datasets, and integrating these records into a relational security graph.",1,40,0,0.0,29,ok
2025,12189202,9,summary,"Search for a two‑part lens system that incorporates a calibrated gap and a bonding fluid to attach barrels, keeping lenses spaced and achieving precise alignment within camera modules.",2,29,0,0.0,19,ok
2025,12189202,9,keyword,"Search for split lens assemblies featuring two or more lens modules, each with a lens set inside a lens barrel, separated by a calibrated spacing between non‑transmissive surfaces, and joined using a mounting medium to secure the barrels.",3,39,5,0.19230769230769232,26,failed_constraints
2025,12189202,9,function,"Search prior art for a modular camera system where multiple lens units are separated by a calibrated spacer, with a sealing medium that fills the gap during assembly to secure and align the barrels, enabling precise optical alignment without contact between nearest lenses.",2,43,0,0.0,28,ok
2025,12374937,1,summary,"Wireless power transfer system using coil self‑inductance and current, efficiency or output voltage to derive three‑dimensional transmitter‑receiver positioning, with Q‑value thresholding for foreign‑object detection and calibrated power loss assessment.",1,34,0,0.0,25,ok
2025,12374937,1,keyword,"search system that uses a transmitting coil resonant network with self‑inductance and inverter circuit to 3‑D estimate alignment with a receiving coil resonant network and rectifier, employing Q‑factor thresholds and power loss calibration for metal object detection.",3,40,1,0.041666666666666664,24,failed_constraints
2025,12374937,1,function,"Detect foreign objects in a wireless charger by measuring 3‑D coil alignment via induced‑coefficient changes, evaluating Q‑factor thresholds, and calibrating power loss differences between transmitter and receiver.",3,30,0,0.0,20,ok
2025,12319490,25,summary,"Design a mattress carrier that fully encloses the mattress, features openings at ends or sides for insertion, and includes removable, perforated panels joined at two edges, allowing a hand to fit through openings for secure lifting and transport.",1,38,0,0.0,24,ok
2025,12319490,25,keyword,"Search for mattress transport bags featuring oversized envelopes, side/edge openings, outer panels with perforated grasping points, detachable panels attached at two edges, hand‑entry holes, and multi‑layered construction for secure storage and easy lifting.",1,36,0,0.0,28,ok
2025,12319490,25,function,"Search for a mattress transport bag that fully encloses the mattress, has openings at ends or sides, and features outer panels with punched grasp points for hand insertion, enabling easy lifting and repositioning during transport or storage.",1,37,0,0.0,23,ok
2025,12424062,12,summary,"Search for a system that collects online lottery entries, uses three separate entropy sources to independently draw the main numbers and two successive bonus sets, then evaluates tickets, granting prizes only after a failed first bonus match.",2,37,0,0.0,28,ok
2025,12424062,12,keyword,"Centralized lottery platform using multiple entropy sources to produce main winning numbers and tiered bonus drawings, accepting pre-deposit entries via secure network, with conditional prize allocation linked to primary and secondary result matching.",2,34,0,0.0,27,ok
2025,12424062,12,function,"Computer‑based lottery platform that receives online play entries before draws, employs at least one hardware true random number generator to produce a primary win set and two distinct bonus sets, awarding prizes only if secondary bonus matches unless first bonus does not.",3,43,2,0.05714285714285714,35,failed_constraints
2025,12271019,1,summary,"Backlight module featuring a prism sheet over the light source and an adjacent adjustment layer with a base bearing multiple substructures that present two distinct angles to the base surface, enabling refined light distribution control.",1,35,0,0.0,24,ok
2025,12271019,1,keyword,"Search for backlight modules featuring a prism layer over an illumination unit and an adjacent color‑tuning panel with a molded base and alternating facet surfaces creating two distinct inclination angles, one greater than the other, used in LCD panel backlighting.",2,41,0,0.0,29,ok
2025,12271019,1,function,"Search for backlight modules using a prism panel and an adjoining adjustment layer with angled micromirrors that control light distribution angles, enabling precise beam shaping and color balance for display illumination.",2,31,0,0.0,21,ok
2025,12232680,33,summary,"Dishwasher with an internal camera that captures images before and after the door opens, compares them to estimate how many items were removed, and notifies the user if the remaining dishes appear still dirty.",1,34,0,0.0,20,ok
2025,12232680,33,keyword,"dishwasher with tub wash chamber, front door, rack assembly, spray arm, camera capturing pre‑ and post‑door images, controller comparing image data to assess removed articles after cycle completion, and delivering dirty‑load user alert.",1,35,0,0.0,29,ok
2025,12232680,33,function,"looking for dishwasher systems that use an onboard camera to capture images before and after the door opens, compare the images to detect removed items, and automatically alert the user that remaining dishes are dirty after a wash cycle.",1,39,0,0.0,24,ok
2025,12222207,10,summary,"Searching for methods that generate a cost‑effective link sequence for autonomous vehicles by constructing a physical road network from endpoint coordinates, duplicating it into multiple hierarchical layers offset from a reference point, and optimizing the route within that logical network.",1,41,0,0.0,25,ok
2025,12222207,10,keyword,"Search for autonomous vehicle map‑matching systems that build a road network from link endpoint data, duplicate it across multiple offset hierarchical layers, and compute a minimal‑cost link string for motion control based on movement trajectory information.",1,38,0,0.0,27,ok
2025,12222207,10,function,software for autonomous vehicles that creates a multilayer hierarchical road network from map and trajectory data and then chooses the lowest‑cost link sequence matching the vehicle’s path to drive control logic.,1,33,0,0.0,21,ok
2025,12331989,34,summary,"rotatable clip comprising two clamping halves with coaxial shafts, an interposed spring, and an integrated data chip for food information, suitable for compact refrigeration door assemblies.",1,26,0,0.0,18,ok
2025,12331989,34,keyword,"rotary‑shaft clamping clip with dual covers, internal spring bias, integrated storage chip, anti‑slip projection, for refrigeration door assemblies, data‑reading antenna board, food‑information module",1,27,0,0.0,23,ok
2025,12331989,34,function,"Search for a clip or clamp assembly featuring a rotatable shaft connecting two opposing clamping faces with an internal spring, that also incorporates a data storage chip usable for food information and integrable into refrigeration door storage boxes.",1,38,0,0.0,25,ok
2025,12222758,13,summary,"Search for a finger‑worn ring wearable that incorporates optical (photoplethysmography) and galvanic skin response sensors, a curved thin battery, internal potting, and wireless data transmission to a mobile app, with housing dimensions under 30 mm width.",1,37,0,0.0,26,ok
2025,12222758,13,keyword,"search for finger‑worn ring sensor platform comprising a curved battery and PCB housed in a metallic or potting interior, light‑emitting LEDs and photodetectors for PPG, a galvanic skin response sensor contacting the finger, and a wireless (Bluetooth) module.",1,40,0,0.0,26,ok
2025,12222758,13,function,"finger‑worn ring with integrated light emitters and detectors for tissue photodiode measurements, embedded galvanic skin sensor, on‑board processing, and wireless data transfer to a mobile app monitoring user physiological signals and activity patterns.",2,35,0,0.0,25,ok
2025,12243768,9,summary,"Search for substrate holders in lithographic equipment that use a dual‑tiered burl arrangement with differential stiffness/density, and an edge seal that defines a large gap (≥75 % of burl pitch) to limit gas flow while clamping the substrate.",1,39,0,0.0,25,ok
2025,12243768,9,keyword,"Search for lithographic apparatus substrate holders with a main body, protruding support burls forming two concentric stiffness groups, an edge seal creating a gap ≥75 % of burl pitch, and increased perpendicular stiffness or density in the outer burl group for gas flow restriction.",2,43,0,0.0,30,ok
2025,12243768,9,function,"Search for lithography substrate holders that have an edge ring creating a clearance of at least 75 % of the support bump pitch, with concentric support bumps of differing perpendicular stiffness or density, enabling pressure‑driven substrate retention during patterning.",2,39,0,0.0,25,ok
2025,12341514,5,summary,"A system that aggregates output signals from multiple ICs in parallel through a logic module, reliably extracts data regardless of static line states, and forwards that data to a computing device.",1,31,0,0.0,19,ok
2025,12341514,5,keyword,"parallel-connected IC chips linked to a control bus and event-detection logic, generating a data‑bearing output independent of static signal polarity, with isolation resistors and supply voltage management, transmitted to a computing device.",2,35,0,0.0,24,ok
2025,12341514,5,function,"parallel array of integrated circuits linked to a control bus, event detection logic receiving multiple outputs, synthesizing a data signal from one output regardless of static signal polarity, sending the data to a computing device, isolation resistors between chip inputs and bus",1,42,0,0.0,30,ok
2025,12355903,4,summary,"Search for systems where a user device retrieves a blockchain‑registered address based on a user ID, then forwards authentication data to a service application, using an intermediary blockchain app to map IDs to device addresses.",2,36,0,0.0,23,ok
2025,12355903,4,keyword,"Search for user authentication methods using a mobile device that queries a blockchain‑registered application for a user ID, receives the device’s address data, and forwards authentication tokens via secure messages to the application endpoint.",2,36,0,0.0,23,ok
2025,12355903,4,function,"Search for decentralized identity verification systems that use a blockchain‑based address resolution service to obtain a mobile device location and then transmit credential data to a business application for user authentication, focusing on device‑to‑blockchain communication protocols and privacy‑preserving token exchange.",2,44,0,0.0,30,ok
2025,12270331,27,summary,"Search for internal combustion engines that separate compression and combustion stages using rotating units, integrate hydrogen production from exhaust vapors, and employ steam for sealing or cooling to improve efficiency, reduce weight, and lower maintenance.",3,35,0,0.0,24,ok
2025,12270331,27,keyword,"Locate prior art on internal combustion engines with independent compression and combustion rotors that direct fluid flow, employ hydrogen fuel with on‑board electrolysis, use steam sealing or cooling, and recirculate exhaust gases into intake.",3,35,0,0.0,24,ok
2025,12270331,27,function,"Search for systems combining a high‑pressure compression module with a separate combustion module where rotating elements separate compression and expansion cycles, enable hydrogen generation from exhaust vapors via electrolyzer, and use steam for sealing and cooling while minimizing transition losses and maintenance.",2,43,0,0.0,30,ok
2025,12213065,4,summary,"Mechanism for 5G slice authentication, enabling devices to register with slice‑specific checks, track rejected slice IDs from failed or revoked authentication, store them for future use, and support continual registration and de‑registration across all access networks.",2,38,0,0.0,27,ok
2025,12213065,4,keyword,"Search for 5G UE initial and movement‑based registration procedures that process a control message carrying a rejected slice identifier and cause code, where the UE stores the identifier in a secondary rejected list for failed or revoked slice authentication, supporting both 3GPP and non‑3GPP access.",3,47,1,0.03225806451612903,31,failed_constraints
2025,12213065,4,function,"Search for methods and equipment that support initial and periodic UE registration with network‑slice specific authentication and authorization, including handling rejected slice selection information when authentication fails or is revoked, and enabling network‑initiated configuration changes and deregistration across both 3GPP and alternative access.",3,45,3,0.0967741935483871,31,failed_constraints
2025,12334044,34,summary,"Search for digital keyboards that expand the standard twelve‑note octave to seventeen by splitting sharps and flats, enabling microtonal pitches while preserving traditional finger positioning, using embedded microcontrollers to output electronic signals and sampled tones.",1,36,0,0.0,26,ok
2025,12334044,34,keyword,"Search for a digital keyboard instrument with a body and microcontroller array, featuring seventeen tactile keys spanning an octave and five split‑sharp or split‑flat keys for producing microtonal pitches, lightweight harpsichord‑style key construction, and a method enabling 22 distinct tones within an octave span.",3,47,2,0.06060606060606061,33,failed_constraints
2025,12334044,34,function,"Searching for a digital piano design that uses a seventeen-key octave layout where split sharp and flat keys generate microtonal tones, producing up to 22 distinct pitches per octave, with onboard microcontrollers transmitting MIDI data to computers for real-time music performance.",3,43,2,0.06451612903225806,31,failed_constraints
2025,12262615,3,summary,"Search for display panel architectures combining interior transmissive zones between emitters with mesh‑based touch electrodes that share electrode holes, integrated light‑blocking and color‑filter layers, to improve image clarity and touch performance in multi‑zone displays.",1,38,0,0.0,29,ok
2025,12262615,3,keyword,"Search for patents describing a multi‑segment OLED display with peripheral emission zones and a central transmission aperture, featuring an encapsulation layer over the emitters, a touch‑sensing electrode array on a conductive mesh, and a reflection‑blocking stack comprising light absorption slits and discrete color filters aligned with emitter tiles.",3,51,0,0.0,35,failed_constraints
2025,12262615,3,function,"Search for display panels having separate emission and transmission zones within nested display regions, integrated touch‑sensing mesh electrodes with overlapping holes, reflective‑blocking layers having defined openings aligned to display elements, and color filter overlays, where mesh hole shapes vary to accommodate transmission areas.",1,45,0,0.0,36,ok
2025,12223915,2,summary,"Develop a pixel driver employing a multi‑transistor structure where the gate signal for the LED‑control transistor is generated by delaying the gate of a voltage‑control transistor, enabling synchronized, inter‑row switching and reduced cross‑talk for high‑speed displays.",1,42,0,0.0,27,ok
2025,12223915,2,keyword,"Query for pixel architecture employing an LED and multiple MOSFETs for gate control, wherein a sixth transistor’s gate receives a time‑shifted signal from a fifth transistor, with driving circuits addressing sequential and simultaneous gate lines across adjacent rows, referencing data and voltage rails.",1,45,0,0.0,31,ok
2025,12223915,2,function,Search for patents describing OLED pixel drivers that use a transistor chain with time‑shifted gate signals—where the fifth transistor’s gate signal is delayed to drive a sixth transistor—allowing staggered light output across adjacent gate lines to minimize timing conflicts and power use in high‑density displays.,3,50,3,0.08571428571428572,35,failed_constraints
2025,12239580,13,summary,"Search for eyewear harness featuring a fixed opaque visor with a transparent pane, a detachable fabric bib, and a pivoting mechanism that moves the visor from a protective stance over the eyes to an open stance.",2,36,0,0.0,20,ok
2025,12239580,13,keyword,"search for headgear with a rigid opaque visor mounted on a through‑hole window (clear pane), a removable fabric bib that pivots to rest on the chest for shielding, and a pivotable visor link to a head suspension, lacking a high‑intensity light filter.",1,44,0,0.0,26,ok
2025,12239580,13,function,"Pivotable rigid visor headgear with a removable fabric bib that folds to shield the eyes and contacts the chest in shielding mode, rises above eye level in non‑shielding mode, lacks a high‑intensity light‑filter window, and is controlled by a pivoting head suspension.",1,45,0,0.0,29,ok
2025,12346836,2,summary,"Search for systems that estimate whether a media file is currently displayed by identifying it via embedded watermark markers, adjusting confidence based on user actions, and suggesting related titles when confidence exceeds a set threshold.",2,35,0,0.0,23,ok
2025,12346836,2,keyword,"Search for prior art on client‑side systems that detect displayed media via embedded watermark analysis, compute a display‑confidence metric, adjust it when user interaction events are logged, and trigger content suggestions upon surpassing a confidence threshold.",2,38,0,0.0,27,ok
2025,12346836,2,function,"What prior art exists for methods that identify a displayed media item via its embedded marker, compute a confidence metric of active presentation, adjust that metric upon user interaction events, and subsequently propose appropriate related media once the confidence surpasses a set threshold?",2,43,0,0.0,30,ok
2025,12304165,25,summary,What are prior art tools that use a multi‑engagement gripper to remove contiguous spacer discs from stacks of bead‑apexes by inserting into a shared aperture channel?,3,28,1,0.0625,16,failed_constraints
2025,12304165,25,keyword,Search for an automated spacer handling system featuring a gripper head with retractable engagement members that insert into aligned central apertures of bead‑apex stacks to simultaneously lift the top and second spacers from the bead‑apexes.,1,37,0,0.0,23,ok
2025,12304165,25,function,"Robotic gripper with retractable arms reaches into vertical columns of rod-shaped spacers in a bead assembly, grasping the top unit and the next one simultaneously to lift both together, enabling efficient packaging or inventory handling.",2,36,0,0.0,24,ok
2025,12362346,1,summary,"Search for processes that apply sequential liquid reagents to form an insulating, lithium‑transparent monolayer coating on a complete conversion‑material anode, minimizing lithium loss, resisting electrolyte, and tolerating large volumetric changes.",3,32,1,0.043478260869565216,23,failed_constraints
2025,12362346,1,keyword,"Search for methods employing sequential liquid reagent treatments to deposit nanometer‑scale monolayer coatings on fully formed lithium‑ion conversion anodes, including conveyance between reaction chambers, reagent‑reactant coupling forming metal‑containing or organic layers, and rinsing steps for removal of unreacted materials.",3,43,3,0.08823529411764706,34,failed_constraints
2025,12362346,1,function,"Liquid‑phase coating process forming insulating, lithium‑conserving interphase layers on battery anodes that incorporate conversion constituents, using sequential reagent baths with chemical bonding, solvent rinses, and producing monolayer or sub‑micron films that allow lithium ion transport but block electrolyte, providing mechanical resilience.",2,44,0,0.0,35,ok
2025,12299917,9,summary,"Automatic microscopic slide focusing system that repositions slides, captures images, and iteratively adjusts lens position based on pixel‑contrast metrics to locate optimal focal plane for high‑resolution imaging.",1,29,0,0.0,22,ok
2025,12299917,9,keyword,"automated microscope slide scanning system using adjustable lens for focal optimization through iterative contrast analysis of ground-glass section, incorporating slide dispenser, illumination unit, camera with optical lens, and positioning mechanism to reposition slides for precise focus determination.",3,38,0,0.0,30,ok
2025,12299917,9,function,Search for automated focus control systems for microscope slide imaging that use slide repositioning and pixel contrast analysis to determine optimal lens position for high‑quality ground‑glass section imaging.,1,30,0,0.0,22,ok
2025,12430082,6,summary,"Seeking prior art on systems that provide a wired data link between two units, embed a diagnostic unit that records runtime data, and can wirelessly transmit stored information if the primary unit fails or loses power.",2,36,0,0.0,25,ok
2025,12430082,6,keyword,"system employing an embedded diagnostic bridge with a wired receive port, non‑volatile memory buffer and wireless transmit interface that logs unit data during operation and sends it over radio when the unit loses wired communication or power",3,38,0,0.0,26,ok
2025,12430082,6,function,"Search for a wired interface component that incorporates a diagnostic module which receives data from a device over a cable, stores this data in onboard memory, and transmits the stored diagnostic information wirelessly when the device can no longer communicate via the wired link or loses power.",1,47,0,0.0,29,ok
2025,12319954,16,summary,"Search for new morphinan-type molecules that simultaneously activate sigma‑1 receptors and block NMDA receptors, useful for treating neurological disorders, including patents describing such dual‑acting compounds, salts, solvates, and pharmaceutical formulations.",3,33,0,0.0,25,ok
2025,12319954,16,keyword,"Search for novel morphinan alkaloid analogs exhibiting σ1 receptor agonism and NMDA antagonism, including their structurally related derivatives, solvates, hydrates, and pharmaceutically viable ionic forms, evaluating applications in disease therapy.",2,30,0,0.0,22,ok
2025,12319954,16,function,"Search prior art for novel morphinan derivative compounds that serve as σ1 receptor agonists while also acting as NMDA antagonists, enabling therapeutic treatment of conditions benefiting from this dual activity.",1,30,0,0.0,20,ok
2025,12346908,7,summary,"Search for systems that use a POS terminal in a brick‑and‑mortar store to retrieve an online order ID, determine return eligibility, generate printable return labels, update database custody flags, and automatically issue refunds after a timer if the seller fails to refund.",3,44,0,0.0,29,ok
2025,12346908,7,keyword,"Search for systems integrating a brick‑and‑mortar POS terminal, a database storing online order identifiers, a control circuit generating return labels and custody flags, and a timer‑based refund trigger for retailer‑handled third‑party returns.",1,37,0,0.0,26,ok
2025,12346908,7,function,"Find systems that, at a retail POS, accept an online order ID, query a database for the returned item and refund amount, generate a shipping label to the retailer, flag custody, and auto‑issue a refund after a timer if the vendor fails to reimburse.",2,45,0,0.0,26,ok
2025,12197840,6,summary,"Process for verifying steady‑state behavior of a logic block by analyzing the depth of its synchronizing flip‑flops relative to a prescribed limit, classifying the synchronization scheme, and generating corresponding convergence information.",1,33,0,0.0,20,ok
2025,12197840,6,keyword,"Search for prior art on verification of circuit convergence using a data model of a logic block, assumptions, recognition of a port‑connected synchronizer, determination of whether the synchronizer lies within a limited register‑chain depth, classification of synchronizer type and register count, and generation of convergence metrics output.",2,49,0,0.0,32,ok
2025,12197840,6,function,"Methods for verifying convergence of design blocks by analyzing data representations, applying assumptions, detecting port‑attached synchronization patterns, checking their proximity to a predetermined stage limit, classifying pattern type and distance, producing convergence data, and reporting the result.",2,38,0,0.0,27,ok
2025,12198116,7,summary,Search for digital token‑based marketplaces that link a cryptographically secure token to a virtual item representation and apply seller risk scoring to enable conditional listings.,1,26,0,0.0,17,ok
2025,12198116,7,keyword,"A platform utilizing digitally encoded item representations linked via blockchain-hashed identifiers, risk scoring algorithms evaluating seller profiles, conditional permission logic enforcing pre-sale criteria, and marketplace interfaces enabling tokenized asset transfer upon contract fulfillment.",2,35,0,0.0,31,ok
2025,12198116,7,function,"Describe a system that links cryptographically protected tokens with item data, evaluates seller risk scores, applies conditional listing rules, and enables marketplace transactions that transfer the token to buyer accounts.",3,30,0,0.0,21,ok
2025,12227945,35,summary,"An additively manufactured beam truss featuring a planar upper rib intersected by multiple vertical and oblique struts that align at shared junctions, with a lower tension line sliding against anchoring shoes to prevent side movement, thus improving stiffness while reducing material usage.",2,42,0,0.0,31,ok
2025,12227945,35,keyword,"Search for additively manufactured truss systems featuring a planar top chord with overlapping web-node intersections, tensioned bottom chord, and distal shoe for sliding restraint, covering spans L and beam depth H.",3,32,2,0.09090909090909091,22,failed_constraints
2025,12227945,35,function,"Patent search for lightweight truss designs employing additive‑manufactured brace members intersecting along a planar upper chord with coincident nodes, using a lower chord in tension and a sliding shoe system that locks lateral movement while allowing axial sliding.",3,39,0,0.0,29,ok
2025,12259151,30,summary,"Search for HVAC control device that converts digital input into PWM while using a startup cycles profile to maintain safe operation and switch automatically between manual and building automation control modes, improving commissioning and efficiency.",3,35,0,0.0,25,ok
2025,12259151,30,keyword,"Search for HVACR variable‑speed motor controllers that convert a digital input signal to PWM, enforce high‑and‑low output limits, use serial digital profiles specifying startup cycles, and auto‑switch from manual to automation mode via building automation system communication, incorporating microcontroller, non‑volatile memory, and analog outputs to device and BMS.",3,53,2,0.05,40,failed_constraints
2025,12259151,30,function,"Searching for systems that convert control signals into PWM to regulate HVAC motor output within a safe operating band, auto‑switching from manual to automated mode based on startup cycles and building automation inputs, while optimizing energy and reducing environmental disturbance.",3,41,0,0.0,29,ok
2025,12259508,27,summary,"Self‑powered neutron‑flux sensor with wireless transmission and control interface for subcritical reactors, utilizing high‑cross‑section capture material to generate electrical power and silicon carbide detectors to regulate neutron output in real‑time.",1,35,0,0.0,26,ok
2025,12259508,27,keyword,"self‑powered neutron flux sensor insert with high‑cross‑section neutron capture material housing, silicon carbide Schottky diode detector, wireless transmitter, power generator, and control system for monitoring and adjusting subcritical accelerator neutronics in spent fuel assemblies.",1,37,0,0.0,30,ok
2025,12259508,27,function,How can a self‑powered neutron‑flux sensing insert that generates power from captured delta‑radiation and wirelessly transmits the signal to a controller controlling a neutron‑generation device be employed to monitor and optimize neutron multiplication during fuel loading inside a containment vessel?,2,44,0,0.0,30,ok
2025,12308744,1,summary,"Search prior art for a power converter that adjusts its limiting current based on the high‑side switch duty cycle, employing a feedback network and a current‑producing element to keep the load current stable across different on‑times.",3,39,3,0.12,25,failed_constraints
2025,12308744,1,keyword,"Adaptive current limiting for a high‑side switched‑mode converter with complementary low‑side switching, employing a duty‑cycle–dependent threshold, a load‑current limit reference generator, a compensation network, voltage‑feedback node, and a current source to enforce a fixed output current.",3,43,7,0.22580645161290322,31,failed_constraints
2025,12308744,1,function,"Search for power‑converter designs using a driver that PWM‑controls a primary switch and a complementary secondary switch, where a feedback network reads the PWM signal, generates a compensation voltage, and drives a current source enforcing a preset average current, independent of the switching ratio.",2,46,0,0.0,29,ok
2025,12286465,16,summary,"Engineered antigen receptor with a three-domain spacer derived from the nearest membrane‑proximal immunoglobulin‑like domains of Siglec‑4, linking a specific binding moiety, transmembrane segment, and intracellular signaling unit for targeted immune cell activation.",2,36,0,0.0,25,ok
2025,12286465,16,keyword,"Chimeric antigen receptor comprising an antigen‑binding domain, a spacer of three consecutive C2‑set Ig‑like domains derived from Siglec‑4, a transmembrane domain and an intracellular signaling module; immune cell expressing a tag‑specific CAR and a tagged polypeptide.",3,41,9,0.32142857142857145,28,failed_constraints
2025,12286465,16,function,"Search for chimeric antigen receptor constructs using a multi-domain spacer derived from the plasma membrane-proximal region of a sialic acid-binding lectin, which activates immune cells against tagged or target antigens while maintaining optimal extracellular reach.",3,38,3,0.10714285714285714,28,failed_constraints
2025,12359804,30,summary,"Search for systems using slatted V‑shaped combustion guides that create tapered flow lanes between parallel plates, directing mixed fuel and oxidizer and confining the flame within narrow channels to improve combustion stability and efficiency.",2,35,0,0.0,25,ok
2025,12359804,30,keyword,"Search prior art for combustion units using a fuel‑oxidant injector with a slatted flame holder that creates V‑shaped, tapered combustion channels; parallel elongated members, angled support slots, pilot‑flame stabilization, and non‑cylindrical member geometry.",1,37,0,0.0,28,ok
2025,12359804,30,function,"Search for systems that use parallel slatted combustion holders creating tapered V‑shaped channels for guiding fuel‑oxidant mixtures, maintaining flame confined within channels to improve combustion efficiency and reduce emissions.",1,31,0,0.0,23,ok
2025,12285165,13,summary,"Search for orthopedic fixation system comprising superelastic alloy staples with converging legs and a tapered spacer creating a compressive bias, using a tension-maintaining insertion tool to guide placement and secure bone screws.",1,33,0,0.0,23,ok
2025,12285165,13,keyword,"Identify patents for a superelastic metallic staple bearing two converging leg sections from crown portions, coupled to a wedge‑shaped spacer extending toward leg distal ends, and an insertion device that applies and maintains leg tension during implantation.",2,38,0,0.0,27,ok
2025,12285165,13,function,"orthopedic implants with superelastic staple legs converging from crowns, a wedge‑shaped spacer generating compressive bias, an insertion tool that holds and tension‑maintains the legs during placement, and optionally a drilling template for pilot shaft guidance.",1,37,0,0.0,25,ok
2025,12201903,2,summary,Search for systems combining real‑time player‑generated event streams with live studio video to compose interactive game broadcasts that support theme switching via mobile controls while rendering virtual environments.,3,30,0,0.0,24,ok
2025,12201903,2,keyword,"interactive live gaming system with game server, game renderer, VR environment comprising multiple themes, mobile activation button triggering theme transition, composite live video captured in studio and real‑time game events streamed via video processor to player device.",3,38,1,0.03125,32,failed_constraints
2025,12201903,2,function,"Search for systems that allow players to join a live interactive game where server‑generated events, multi‑theme digital surroundings, and live studio footage are combined into a composite video stream, with a remote operator switching themes via a controller button.",2,41,0,0.0,27,ok
2025,12358923,10,summary,Search for seminaphthofluorophore-based selenium probes containing diselenide linkages that react with thioredoxin reductase to yield a fluorescence or color change for detection of the reductase activity.,2,27,0,0.0,16,ok
2025,12358923,10,keyword,"Search for selenium‑containing diselenide seminaphtho‑fluorophore probes for detecting thioredoxin reductase, featuring O/S‑linked –C(Q)O–(CH2)m–selenium–selenium–(CH2)n–ORf substituents, fluorescence emission change or color shift upon enzymatic reduction, spectrophotometric detection of redox‑activated probe.",2,42,0,0.0,29,ok
2025,12358923,10,function,fluorogenic probes containing diselenide‑modified seminaphthofluorophore scaffold for detecting thioredoxin reductase activity via emission shift and colorimetric change upon enzymatic reduction in visible spectrum,2,24,0,0.0,19,ok
2025,12308496,1,summary,"Search for a modular fuel cell plant where each unit holds a chassis with a full power module, electric part, and filter, plus a coolant reservoir, dedicated cooling device, and an air duct that guides exhaust to finned housings dissipating the electronic junction heat.",2,44,0,0.0,29,ok
2025,12308496,1,keyword,"Search for prior art on fuel cell energy conversion units with built‑in thermal management, including housing frames, internal electrolytic power assemblies, heat‑sink reservoirs, active cooling ducts, and airflow directing vanes paired with radiative fin arrays for junction box temperature control.",2,42,0,0.0,33,ok
2025,12308496,1,function,"How does a modular fuel‑cell plant use a frame that houses a power unit, an electric component, and a filter to cool the electric part with a reservoir and dedicated cooler, then channel exhaust airflow toward fins that cool the power module junction box?",3,45,0,0.0,29,ok
2025,12238832,1,summary,"A lighting configuration that couples two LED assemblies, each with LEDs spanning different color temperature ranges, and a controller that dynamically selects non‑overlapping subsets from each assembly to generate multiple finely tuned mixed color temperatures.",1,36,0,0.0,26,ok
2025,12238832,1,keyword,"Hybrid RGB‑LED lamp featuring two independent source arrays of warm and cool LED elements, governed by a microcontroller that selects distinct subsets to generate two selectable correlated‑color temperatures (1,800–7,000 K) mixing within 2,580–6,020 K.",2,42,0,0.0,28,ok
2025,12238832,1,function,"Search for systems that integrate two LED arrays with a controllable driver capable of selecting different module subsets from each array to produce multiple output lights of varying color temperatures, enabling programmable mixing of warm and cool tones.",2,38,0,0.0,26,ok
2025,12216148,10,summary,"Method and device for detecting voids in a geomembrane liner by moving a flexible contact that follows uneven surfaces, pulsing current via a reference electrode, continuously processing successive electrical signals to generate a dynamic baseline and flagging any deviations that indicate defects.",1,42,0,0.0,28,ok
2025,12216148,10,keyword,"Search for a truck‑mounted flexible electrode system with conductive rollers on a cable, generating pulsed electric signals across geomembrane liners to compute real‑time baseline current/voltage levels and flag holiday defects.",2,33,0,0.0,24,ok
2025,12216148,10,function,"Search for techniques using pulsed electrical currents along a moving flexible electrode over geomembrane liners to generate a dynamic baseline of voltage or current signals and trigger a defect alert when the signal deviates, enabling continuous holiday detection on uneven surfaces.",1,41,0,0.0,28,ok
2025,12303586,16,summary,"Topical skin therapy using a Prunus serrulata extract solution to suppress TNF‑α, boost antioxidants, and increase moisture content for inflammatory or dry skin conditions.",1,25,0,0.0,17,ok
2025,12303586,16,keyword,"search for topical skin formulations containing Prunus serrulata extract prepared in water or ethanol that inhibit TNF‑α, enhance antioxidant defenses, and increase skin hydration for anti‑inflammatory cosmetic applications.",2,30,0,0.0,21,ok
2025,12303586,16,function,"topical skin composition"" AND ""Prunus serrulata extract"" AND (""TNF-α inhibition"" OR ""anti-inflammatory activity"") AND (""skin moisture"" OR ""reduced transepidermal water loss"") AND ""antioxidant activity",1,26,0,0.0,17,ok
2025,12343736,23,summary,"Identify prior art on a method that dries or fines a grain‑derived feed, then uses triboelectrostatic charging to split particles into protein‑rich and protein‑poor groups in a single charge/collect operation.",2,34,0,0.0,22,ok
2025,12343736,23,keyword,"Searching patents for a single‑step tribo‑electrostatic separation of milled dried distiller’s grains or DDGS, where drying and comminution to particles around 225–250 µm precede electrostatic charging and dual‑fraction protein enrichment.",3,35,5,0.21739130434782608,23,failed_constraints
2025,12343736,23,function,"Search for single‑step triboelectric separation systems that mill a distillers grain‑derived feed to ~150‑250 µm, optionally dry the material, and use electrostatic charge to produce at least two subfractions, one with higher protein content.",3,37,2,0.08,25,failed_constraints
2025,12425478,12,summary,"Search for vehicle diagnostic systems that use a physical connection to support dual communication modes, dynamically switching links via software commands when data volume or diagnostic stage changes, and then monitoring and reverting for cost‑efficient hardware design.",1,38,0,0.0,27,ok
2025,12425478,12,keyword,"vehicle diagnostic system establishing dual communication pathways, selecting initial link over a wired port, evaluating data size or diagnostic function to trigger transition to higher bandwidth channel, sending mode change command via initial link, activating secondary drive module, monitoring link, reverting on disconnection.",2,43,0,0.0,36,ok
2025,12425478,12,function,"How to dynamically switch a vehicle diagnostic interface from a low‑bandwidth to a high‑bandwidth mode over a physical cable, using a control command sent from the test equipment to the onboard unit, while monitoring link status and reverting automatically on disconnect?",3,43,0,0.0,27,ok
2025,12221204,32,summary,Search for aircraft high‑lift surface actuation systems using multiple drive‑line connected actuators equipped with no‑back mechanisms and a selectively engaged backup brake that limits compensation to a single failed actuator during asymmetric or uncommanded flight‑control events.,1,40,0,0.0,30,ok
2025,12221204,32,keyword,"Search for aircraft wing high‑lift control surface actuation systems using multiple actuators coupled to a driveline, each equipped with a no‑back device, and a backup brake that activates under unsafe conditions to counter back‑driving forces without exceeding the actuator’s maximum drive force.",3,46,1,0.030303030303030304,33,failed_constraints
2025,12221204,32,function,search for aircraft high‑lift flight control actuation systems incorporating no‑back mechanisms on individual actuators and a selective backup braking unit that engages only when a single actuator’s no‑back device fails during unsafe asymmetric conditions.,3,38,3,0.10714285714285714,28,failed_constraints
2025,12396881,13,summary,"Search for wearable male urine collection device using a penile sleeve guide and contractile tube that connects through a redundant chamber in a harnessed receptacle, aiming to reduce leakage and improve fluid transfer.",1,33,0,0.0,22,ok
2025,12396881,13,keyword,"Search for wearable male urination devices comprising a penile sleeve with an integrated guide channel, a flexible valve, a self‑pressurizing collection compartment that includes a redundant leak‑catching region and a sealing port, and an adjustable harness with mating loops.",2,41,0,0.0,26,ok
2025,12396881,13,function,"Search for male urine capture device with an inner sleeve that receives the penis, a guide tube inserted through a contractile sleeve into the collection bladder, and straps securing the system while also collecting any leakage around the valve interface.",2,40,0,0.0,26,ok
2025,12212943,2,summary,Wireless headset for TWS devices featuring a dual‑electrode bottom housing—positive and negative separated by insulation—and interconnected inlet slots that mitigate wind interference and enhance voice clarity.,2,29,0,0.0,20,ok
2025,12212943,2,keyword,"Wireless TWS in‑ear headset with a housing featuring a dual‑electrode bottom separated by dielectric, an integrated microphone, and multiple acoustic apertures forming interlinked inlet channels to suppress wind noise.",2,31,0,0.0,21,ok
2025,12212943,2,function,"Locate patents for wireless in‑ear headsets with bottom housings comprised of insulated positive and negative electrode sections, and multiple perforations creating acoustic pathways to reduce wind interference and improve voice clarity during calls.",2,34,0,0.0,24,ok
2025,12332335,10,summary,"How to synthesize ultrawide mm-wave imaging bandwidth by combining multiple sub-band transceiver elements, each specialized for a narrow mm-wave band, with programmable delays for beamforming and coherent superposition to enhance tissue imaging resolution?",1,36,0,0.0,26,ok
2025,12332335,10,keyword,"Search prior art on subdividing millimeter‑wave bands into multiple sub‑band imaging elements, each with a dedicated transceiver, programmable delay or phase shifter arrays, low‑loss broadband pulse synthesis, sequential transmit/receive cycles, coherent signal summation, and tissue imaging via integrated millimeter‑wave returns.",3,45,5,0.13513513513513514,37,failed_constraints
2025,12332335,10,function,Combining multiple sub‑band millimeter‑wave transmit/receive transducers with programmable delays to synthesize ultra‑wideband tissue imaging via coherent beam‑forming and signal integration.,1,25,0,0.0,20,ok
2025,12308395,1,summary,"Search for a secondary battery with a wound electrode body where uncovered active material at the ends is bonded to current collectors through grooves and overlapping areas, to lower internal resistance and improve packing within the can.",1,37,0,0.0,22,ok
2025,12308395,1,keyword,"Search for secondary battery designs with wound electrode bodies in which the positive and negative electrodes have exposed foil regions bonded to current‑collecting plates, overlapping spiral surfaces bearing radial grooves, and integrate such cells within electric‑aircraft battery packs coupled to motors and rotor blades.",1,46,0,0.0,33,ok
2025,12308395,1,function,wound-structured lithium secondary battery with end‑joined exposed electrode sections and overlapping grooves interfacing active layers to current collectors for enhanced conductivity and compact can‑packaging in aerospace power modules,1,31,0,0.0,23,ok
2025,12189494,6,summary,"How to restore data by selecting expired retention‑protected snapshots from a historical archive, moving those files into the active storage space while leaving existing, unexpired snapshots untouched and removing obsolete metadata only after their retention period ends.",2,38,0,0.0,28,ok
2025,12189494,6,keyword,"Search for methods that restore from point‑in‑time snapshots using retention‑locked backups, determining expired and non‑expired backup sets, copying only expired backups into an active namespace while preserving overlapping or orphaned backups, and managing metadata deletion during rollback.",3,41,1,0.03333333333333333,30,failed_constraints
2025,12189494,6,function,"Technique for copying only expired, time‑restricted backup slices from a snapshot into a live namespace, while keeping overlapping, non‑expired slices and deleting orphaned metadata, enabling efficient point‑in‑time restoration without disrupting existing retained backups.",2,37,0,0.0,28,ok
2025,12376087,4,summary,"Search for methods where a base station or UE determines overlapping uplink control transmission timing with a shared channel, uses priority comparison to decide whether to transmit only the shared channel or both, ensuring uplink control info is conveyed efficiently while avoiding collision.",1,43,0,0.0,30,ok
2025,12376087,4,keyword,"Search for UE and base station methods managing overlapping uplink data and control transmissions, including scheduling of shared channel and PUCCH via DCI formats, priority comparison, selective transmission of shared channel with embedded control information, and simultaneous reception under contention.",3,40,1,0.03333333333333333,30,failed_constraints
2025,12376087,4,function,"Search for systems that detect overlapping uplink PUCCH and PUSCH transmissions, compare their priorities, and selectively send only PUSCH when priorities are equal or both when unequal, ensuring UCI placement; also methods that choose DCI formats with differing bit‑length fields to schedule PUSCH.",1,44,0,0.0,30,ok
2025,12248658,4,summary,"A web‑based GUI method for selecting a network subset, dynamically refreshing choice sets, displaying a data‑center diagram, letting users pick components, and automatically producing a simulated assembly schedule.",1,30,0,0.0,22,ok
2025,12248658,4,keyword,"Search for systems using a GUI on a client device that receive a user‑selected network, dynamically update selection options via a controller, generate a component list for the network, display interactive network and component views, and produce a simulated assembly lead‑time schedule.",3,44,0,0.0,29,ok
2025,12248658,4,function,"Search for interactive web tools that let users pick a network configuration, automatically produce and display an updated component list and visual network diagram, allow component drill‑in, and compute lead‑time schedules via assembly simulation.",2,36,0,0.0,26,ok
2025,12231834,4,summary,"Search for wireless sensor networks that collect multiple time‑series from separate sensors, retrieve sensor‑specific transformation rules from a database, compute analysis values, and trigger actuator commands when thresholds are met.",3,32,1,0.045454545454545456,22,failed_constraints
2025,12231834,4,keyword,"Search for patents describing wireless sensor arrays with multiple data streams, database‑stored calibration or conversion routines referenced by unique sensor IDs, server‑side analytics that compute threshold‑based control metrics, and automated actuator commands to HVAC or climate devices in commercial or residential structures.",2,45,0,0.0,33,ok
2025,12231834,4,function,"What prior art discusses a building automation system where distributed sensors send time-series data to a central server, which applies tailored transformation routines, evaluates a control function, and issues a trigger command to HVAC or other actuators when a target threshold is reached?",3,44,1,0.03571428571428571,28,failed_constraints
2025,12207477,6,summary,"Search for semiconductor chips featuring a base layer that hosts two categories of MRAM cells: fast, low‑retention cache cells with reduced dimensions and increased height, paired with larger, slower storage cells—all fabricated at the same process level to enhance performance diversity.",1,43,0,0.0,31,ok
2025,12207477,6,keyword,"Search for semiconductor memory architecture where a cache MRAM cell on a BEOL/MOL/FEOL substrate contacts base-level contacts, with a taller, lower-switching-current cell compared to surrounding storage MRAM cells, differing in retention, programming speed, and response time.",3,41,1,0.034482758620689655,29,failed_constraints
2025,12207477,6,function,"semiconductor memory device with multiple MRAM cells on a shared substrate, where a cache element has reduced critical dimension and height, lower retention and switching current, and faster write/read compared to surrounding storage MRAM cells, facilitating multi‑tier memory architecture.",1,41,0,0.0,29,ok
2025,12331167,17,summary,"Search for resin modifiers employing a block copolymer of a reactive polyolefin segment and a polyether segment with a computed alignment factor from infrared spectroscopy, intended to enhance properties of thermoplastic resins.",3,32,0,0.0,19,ok
2025,12331167,17,keyword,"Search patents for a resin modifier using a block copolymer with an ethylene‑propylene copolymer hydrophobic segment and a polyether monool or monoamine hydrophilic segment, orientation index 1.5‑15 based on weight ratios (α, β) measured by IR on a 500 µm melt‑pressed slab, applied in thermoplastic resin.",3,50,1,0.03333333333333333,30,failed_constraints
2025,12331167,17,function,"block copolymer combining polyolefin hydrophobic segments and polyether hydrophilic segments, where an orientation index defined by the ratio of IR‑determined to weight ratios enables controlled interfacial activity and enhanced flow and adhesion in thermoplastic resin composites.",2,37,0,0.0,25,ok
2025,12413570,4,summary,Distributing a server address from a router to a device so that the device retrieves authentication credentials for secure access to a second isolated network.,2,25,0,0.0,13,ok
2025,12413570,4,keyword,"Describe prior art of a routing device that forwards a server URL to a client after receiving a first‑VLAN access request, enabling the client to retrieve a digital certificate for a second‑VLAN connection.",1,35,0,0.0,21,ok
2025,12413570,4,function,"routing device forwards VLAN‑based network request, redirects client to a service URL, client retrieves cryptographic credential to enter second virtual network, enabling controlled, credential‑based inter‑VLAN access.",2,29,0,0.0,24,ok
2025,12306296,10,summary,"Search for a stationary multibeam sonar system that employs a unified projector‑hydrophone array to transmit fan‑shaped pulses, with intersecting hydrophone beams collecting echoes from suspended scatterers for Doppler‑based current estimation.",1,33,0,0.0,23,ok
2025,12306296,10,keyword,"Search for sonar survey systems employing a projector transducer cluster, a receiver hydrophone cluster creating multiple intersecting reception beams, generating transmitter waveforms with pulse pairs per fan to produce Doppler-derived current velocity estimates from water column scatterers.",2,38,0,0.0,30,ok
2025,12306296,10,function,"System for measuring water‑current velocity using a stationary multibeam sonar that sends a composite acoustic pulse to multiple fan transmitters, then processes returned echoes via beam‑forming hydrophones to determine Doppler shifts from suspended scatterers.",3,36,0,0.0,27,ok
2025,12187570,25,summary,"rotating drum winding apparatus featuring a swingable guiding arm with multiple pulleys that directs a string‑shaped member from a perpendicular inlet axis onto the drum, achieving continuous winding while maintaining alignment and balance via a pivoted weight system.",1,39,0,0.0,28,ok
2025,12187570,25,keyword,"string winding apparatus featuring a drum with end flanges, motor‑driven rotation, inlet draw, skewed first guide, swing arm pivoting perpendicularly, second guide with multiple pulleys, counterweight balance, directing string onto drum",1,32,0,0.0,27,ok
2025,12187570,25,function,"Device that draws a filament from an inlet, guides it via a perpendicular skewed path, uses a swingable member with pulleys and a balance weight for stability to orient the filament parallel to the drum axis, enabling efficient winding onto a rotating drum.",1,43,0,0.0,25,ok
2025,12220436,16,summary,"Investigate probiotic therapy using a specific Lactiplantibacillus plantarum strain, optionally combined with a second Lacticaseibacillus paracasei strain, to ameliorate renal dysfunction in patients receiving penicillin, focusing on enhanced probiotic synergy.",2,30,0,0.0,22,ok
2025,12220436,16,keyword,"Search for Lactiplantibacillus plantarum DSM 34213 probiotic formulation, optionally combined with Lacticaseibacillus paracasei DSM 34212, used to prevent or treat chronic kidney disease, especially in patients administered penicillin, including dosage, delivery system and clinical efficacy.",3,35,3,0.1111111111111111,27,failed_constraints
2025,12220436,16,function,"Search for probiotic formulations containing Lactiplantibacillus plantarum strains and optionally Lacticaseibacillus paracasei that claim to reduce kidney inflammation, fibrosis, or failure markers while used with β‑lactam antibiotics for patients with renal impairment.",2,33,0,0.0,22,ok
2025,12398125,16,summary,"Search for novel small‑molecule inhibitors of amyloid protein aggregation for treating neurodegenerative CNS disorders, featuring heteroaromatic scaffolds (pyridine, pyrimidine, pyrazine) with diverse halogenated alkyl groups and carbonyl or nitrogen heteroatoms, including synthesis routes and therapeutic use.",3,37,0,0.0,28,ok
2025,12398125,16,keyword,"Search for small heteroaromatic compounds with halogenated alkyl or alkoxy substituents on a pyridine/pyrimidine core that inhibit abnormal protein aggregation in CNS diseases such as Alzheimer, targeted as pharmacologically acceptable salts, including synthetic routes via condensation and deprotection.",1,39,0,0.0,27,ok
2025,12398125,16,function,"Search for small‑molecule CNS therapeutics that reduce abnormal protein aggregation, featuring halogenated or alkylated pyridine/pyrimidine rings, optional bridged methylene/ethylene linkages, and hydroxyl/alkyl substituents on nitrogen atoms, in pharmaceutically accepted salt form.",1,35,0,0.0,27,ok
2025,12269851,15,summary,"Search for Corynebacterium protein variants engineered with specific amino‑acid substitutions that enhance transport of 5′‑inosine monophosphate, enabling high‑yield production of this nucleotide monophosphate through microbial fermentation.",2,29,0,0.0,20,ok
2025,12269851,15,keyword,"Corynebacterium strain engineered to express an inosine monophosphate exporter protein variant with substitutions at positions 123 Cys, 243 Val, 387 Thr, 405 Tyr, 413 Thr, 458 Lys for biotechnological production of 5′-inosine monophosphate in industrial fermentation conditions.",2,38,0,0.0,28,ok
2025,12269851,15,function,"A method for producing 5′‑inosine monophosphate by cultivating a Corynebacterium strain carrying a modified transporter protein that moves the nucleotide into the medium, then isolating the metabolite from the cells or broth.",3,33,0,0.0,17,ok
2025,12209425,35,summary,"methods for safely extracting vertical space truss columns to ground using a new support rig with cable‑driven lift system on a vertical rod, minimizing on‑site risk and improving removal efficiency.",2,32,0,0.0,22,ok
2025,12209425,35,keyword,"assistive support device for eliminating space truss assemblies, comprising a vertical rod attachment, lattice support panel, conversion bridge, lifting assembly with stranded cable, actuating mechanism, and control system, enabling rod‑cutting, lowering to ground, and complete truss detachment.",1,38,0,0.0,30,ok
2025,12209425,35,function,"Search for mechanisms that support, lower, and detach structural trusses from vertical rods using stranded wire and lift assembly to ground, improving safety and operational efficiency.",3,26,1,0.058823529411764705,17,failed_constraints
2025,12294832,2,summary,"Search for MEMS pressure sensor where a piezoelectric vibrator is strengthened by a film placed in a stepped groove, with free‑end tips connected by the film, insulated piezo elements, and an electrode linking supports to external devices.",1,38,0,0.0,22,ok
2025,12294832,2,keyword,"Search for microelectromechanical resonators featuring a piezoelectric pressure‑to‑electric transducer, a stepwise‑tapered groove covered by a reinforced film, where the film bridges a free end with tip features, insulated electrodes, and a support anchoring to a base.",2,39,0,0.0,23,ok
2025,12294832,2,function,"microelectromechanical system piezoelectric pressure‑to‑electric sensor featuring a groove‑bearing structural reinforcement layer that stepwise thins toward the back side, with integrated support and free ends, electrodes connecting to support base, and an array of tapered tips linked via reinforcement.",2,41,0,0.0,29,ok
2025,12343884,25,summary,"Search for techniques that fuse point‑cloud and color‑embedding data derived from video analysis to identify assembly actions, compute part coordinates, grip points, and widths, and generate robotic operation instructions.",1,31,0,0.0,22,ok
2025,12343884,25,keyword,"Search patents for robotic assembly systems that capture and analyze annotated video, extract spatio‑temporal action features, fuse point‑cloud and color‑embedding outputs into dense fusion matrices, segment objects to compute grip points and widths, and generate stepwise robotic instructions.",2,41,0,0.0,31,ok
2025,12343884,25,function,"robotic assembly planning from instructional videos using motion patterns and part matching; fusion of depth and color data for coordinate, grip point and width extraction; generates machine instructions for assembly tasks.",2,31,0,0.0,22,ok
2025,12431370,8,summary,"Search for a semiconductor processing system that removes peripheral ring‑reinforcements from wafers by laser carving grooves, UV‑assisted tape release, wedge‑based mechanical separation, precise table‑head sizing, and static‑neutralization for high‑throughput, low‑damage removal of protective rings.",1,41,0,0.0,31,ok
2025,12431370,8,keyword,"Search for wafer processing apparatus removing periphery ring‑reinforcements by laser cutting groove, UV‑assisted adhesion reduction, wedge separator on raised table, with tape compression bonding, frame housing and cassette tables, ionizer for static, targeting photolithography semiconductor package processing.",3,39,3,0.0967741935483871,31,failed_constraints
2025,12431370,8,function,"Search for methods or apparatuses that cut and detach a cylindrical reinforcing rim from the underside of a semiconductor wafer using laser‑induced grooves, UV‑assisted adhesive relaxation, and mechanical separation via adjustable tables and wedge separators.",2,37,0,0.0,24,ok
2025,12403752,32,summary,"Search for a vehicle cargo cover with modular rectangular panels joined along their long edges that slide along tracks to shift between a flat plane and a stacked arrangement, where rear panels are wider than the middle panels, forming a foldable tonneau system.",2,43,0,0.0,28,ok
2025,12403752,32,keyword,"Search for vehicle tonneau cover systems with rectangular panels that interlock along their long edges, feature sliding guides traveling in side-mounted tracks, and can transition from a flat, overlapping layout to a multi-layered stacked arrangement.",2,37,0,0.0,25,ok
2025,12403752,32,function,"Search for vehicle cargo covers that enable sliding panels into a flat arrangement to cover the cargo area or stack them upright, guided by tracks on the side walls, with end panels featuring expanded width.",2,35,0,0.0,21,ok
2025,12397902,32,summary,"Search for electric aircraft with rotor control system that acquires rotor angle and locks unused rotors at specific position ranges via gradual deceleration and motor control, using stored reference angles for precise lock positions.",2,34,0,0.0,25,ok
2025,12397902,32,keyword,"search for patents describing electric propulsion systems for multirotor aircraft with integrated motor‑inverter assemblies, blade‑synchronization control, lock‑angle mechanisms, angle‑sensor based rotor standoff, and control logic for dynamic mode switching between lift and tilt rotors.",3,38,0,0.0,30,ok
2025,12397902,32,function,"electric rotor drive system that acquires rotating blade angle, then gradually slows motor and locks shaft within a prescribed angular window upon receiving a lock command from flight control, for vertical take‑off aircraft",3,34,1,0.038461538461538464,26,failed_constraints
2025,12331904,1,summary,"Locate patents on automotive lighting systems employing a two‑part waveguide having an intermediate reflective section that redirects part of the light toward an emission face, using edge diffusers to produce free‑edge illumination without dedicated optical structures.",1,38,0,0.0,28,ok
2025,12331904,1,keyword,"Vehicle headlamp with a light emitter coupled to a dual‑section optical waveguide, featuring a rearward reflective interface that redirects illumination toward an output facet lined with micro‑scattering elements, while an edge of the output facet remains unstructured for diffuse beam release.",2,43,0,0.0,29,ok
2025,12331904,1,function,"Search for vehicle lighting systems using a dual‑segment waveguide where a reflective internal interface directs light from the source toward an emission facet, and diffusive elements at the facet’s border redirect part of the guided light to produce edge emission for uniform illumination.",2,45,0,0.0,28,ok
2025,12325240,28,summary,"Search for a liquid dispensing pouch that combines a sealed storage chamber separated by a partition from a non‑storage cavity, integrating a spout with internal channel, and manufactured by welding film layers to create the partitioned chamber and venting holes for release.",1,43,0,0.0,25,ok
2025,12325240,28,keyword,"Search patents for liquid container systems featuring a pouch with a spout channel, separated storage and non‑storage chambers by a sealing partition, welding of dual film layers, and air venting into the non‑storage section.",1,36,0,0.0,23,ok
2025,12325240,28,function,"Find prior art where a package with a detachable opening and a connected dispensing tube creates a partitioned interior, sealing one compartment to hold fluid while another remains empty, enabling controlled release and preventing leakage during transport.",2,37,0,0.0,26,ok
2025,12424551,8,summary,"A semiconductor device features a dielectric planar with vertical vias, a conductive underlayer bridging these vias to the substrate on one side and to the dielectric surface on the other, followed by a patterned interconnect stack in which a shielding layer interposes between adjacent signal traces.",2,46,0,0.0,27,ok
2025,12424551,8,keyword,"Semiconductor interconnect stack featuring a dielectric with exposed vias, a two‑port connection layer, independent ground metal portions, and wire layers routed over the second port, fabricated using a patterned photoresist mask and etching process.",1,35,0,0.0,26,ok
2025,12424551,8,function,"Search for semiconductor interconnect structures where a dielectric with exposed vias supports a metal layer that splits into separate bonding and ground sections, with the ground segment situated among signal traces for improved electromagnetic shielding and impedance control.",2,38,0,0.0,24,ok
2025,12299754,7,summary,system to validate consistency of user profile links by comparing displayed access identifiers with stored authorized identifiers and notifying the user when mismatches occur.,1,24,0,0.0,15,ok
2025,12299754,7,keyword,"Search for systems that detect inconsistencies between stored user profile identifiers and those displayed in online profile representations, using access tokens or URLs, and generate alerts for users, focusing on veracity monitoring, identity trust, and profile link verification.",2,38,0,0.0,27,ok
2025,12299754,7,function,"How to verify consistency of user profile references across multiple online identity services, detect mismatches between displayed profile identifiers and stored sets of identifiers, and notify the user of discrepancies?",2,30,0,0.0,21,ok
2025,12374368,2,summary,"Search for prior art on magnetic tape cartridges that control longitudinal tension during winding—maximum 0.5 N, then ≤0.3 N on the cartridge reel—while utilizing a magnetic layer with 100‑2000 micron‑scale recesses (0.10‑0.20 µm) to enhance tape durability and recording density.",1,49,0,0.0,29,ok
2025,12374368,2,keyword,Search for a magnetic recording tape with a nonmagnetic substrate and a ferromagnetic powder film that has 100–2000 sub‑micrometer indentations (0.10–0.20 µm equivalent diameter) and is tensioned ≥0.5 N between reels but wound with ≤0.3 N.,2,43,0,0.0,20,ok
2025,12374368,2,function,"Search for tape drives or cartridges that apply longitudinal tension ≥0.5 N during tape feed and ≤0.3 N during winding, with a non‑magnetic substrate and a magnetic coating of ferromagnetic powder, and having 100–2000 micron‑scale surface depressions per 40 µm × 40 µm area.",2,48,0,0.0,28,ok
2025,12327390,2,summary,"Local device content filtering using AI to detect and quarantine objectionable media by sampling from local memory, network streams, or sensors, preprocessing locally, and optionally offloading for remote analysis.",1,29,0,0.0,20,ok
2025,12327390,2,keyword,"Search for systems that sample multimedia from device storage, network traffic, and sensor input, perform local preprocessing and AI-based classification for objectionable content detection, then conduct quarantine, labeling, or remote analysis of captured media.",2,35,0,0.0,25,ok
2025,12327390,2,function,"Search for methods enabling a mobile device to locally sample media from storage or live streams, preprocess with on‑board processors to flag potentially objectionable content, and then quarantine, watermark, or forward samples for additional AI analysis, ensuring real‑time content moderation without reliance on external servers.",1,47,0,0.0,33,ok
2025,12339353,10,summary,"System generating image of a moving target by using two vertically aligned antenna rows that transmit and receive at staggered positions, with equal element spacing for improved synthetic aperture processing.",1,30,0,0.0,20,ok
2025,12339353,10,keyword,"synthetic aperture radar system with four vertically spaced transmit antennas, two lower and two upper, multiple vertical receivers, and a processor that acquires reflected radio signals from a moving target at two positions to generate an image via synthetic aperture processing.",1,41,0,0.0,29,ok
2025,12339353,10,function,Search for radar imaging systems employing vertically spaced transmission and reception arrays that capture reflected signals at two distinct target elevations and use synthetic aperture processing to produce high‑resolution images of moving objects.,1,34,0,0.0,25,ok
2025,12285542,13,summary,"Search for porous protein‑based biodegradable scaffolds with 1–500 µm pores, RGD‑containing cross‑linked collagen/gelatin foams having a modulus of 0.1–11 kPa, designed to promote cell proliferation and support tissue engineering.",1,36,0,0.0,24,ok
2025,12285542,13,keyword,"Search for porous biodegradable protein scaffolds with 1‑500 µm pores, comprising collagen or gelatin crosslinked by a chemical crosslinker with RGD motifs, forming closed‑cell foams having a Young’s modulus of 0.1‑11 kPa for promoting cell proliferation.",3,41,4,0.16,25,failed_constraints
2025,12285542,13,function,"Search for protein‑based porous scaffolds (1–500 µm pores) made from cross‑linked collagen or gelatin containing RGD motifs, cross‑linkers, and liquid, that produce 0.1–11 kPa foams and support tissue engineering by stimulating cell proliferation.",3,39,1,0.038461538461538464,26,failed_constraints
2025,12382215,2,summary,"Search for a speaker‑box vibration isolator that combines a tapered bar‑shaped core with a rubber‑coated plate attachment containing a screw opening, enabling flexible mounting while reducing resonant transmission.",1,31,0,0.0,22,ok
2025,12382215,2,keyword,"Search for vibration isolation mounts for speaker enclosures featuring a bar‑shaped main body, a protruding plate‑shaped rubber attachment with threaded screw hole, a longitudinal core, variable core thickness (central thicker than ends), and rubber covering.",1,37,0,0.0,28,ok
2025,12382215,2,function,"Search for speaker enclosure vibration isolation mounts featuring a bar-shaped main body with a centrally thick core, thinner end sections, covered in rubber, and a protruding rubber plate with a threaded screw hole to attach the speaker case to an electronic chassis.",1,43,0,0.0,28,ok
2025,12307984,2,summary,"Search for integrated electro‑optic modulators that use per‑pixel transistor circuits with simultaneous constant‑voltage and constant‑current compensation through a shared driving unit, employing capacitive feedback, to stabilize pixel response and improve modulation accuracy.",1,36,0,0.0,27,ok
2025,12307984,2,keyword,"Search for prior art on light‑modulating integrated devices featuring pixel‑level transistors, actuation regions on a main substrate, and compensation circuits with synchronized constant‑voltage and constant‑current drivers, including transistor configurations and control‑signal capacitive coupling.",1,38,0,0.0,28,ok
2025,12307984,2,function,"search for pixel‑based modulation arrays that use integrated constant voltage and current source compensation to provide stable per‑pixel driving signals, employing transistor‑based control with scanning and sensing signals for precise optical or display modulation",1,37,0,0.0,27,ok
2025,12303268,13,summary,"Detecting user fatigue in a computer system by monitoring work activity, physiological signals from built‑in and wearable sensors, estimating fatigue, prompting self‑assessment when usage resumes, and refining the predictive algorithm with the reported fatigue level.",2,37,0,0.0,24,ok
2025,12303268,13,keyword,"Search for systems estimating operator cognitive fatigue through real‑time physiological monitoring via wearable and contactless sensors interfaced with a handheld computer, using adaptive prediction algorithms updated with user feedback during inter‑session breaks.",2,34,0,0.0,27,ok
2025,12303268,13,function,"Search for systems that monitor user activity and physiological signals via device-internal and wearable sensors to compute mental fatigue scores, detect session pauses and resumptions, prompt users post-break for fatigue feedback, and refine predictive models of fatigue using that feedback.",2,42,0,0.0,30,ok
2025,12238878,2,summary,"Search for an electronic device that integrates antenna functionality into its frame while using a bonded nonconductive layer to support a display, with conductive connections linking an outer conductive shell and an inner structural member for signal routing.",1,38,0,0.0,23,ok
2025,12238878,2,keyword,"Search for electronic display devices that use a frame with a primary metal shell acting as an antenna, a secondary metal element linked by a conductive joint, non‑metal support, multilayer adhesive stack, and terminal coupling at the junction.",2,39,0,0.0,24,ok
2025,12238878,2,function,"Explore patents for electronic devices that integrate display screens with a conductive frame serving as an antenna, featuring layered bonding between conductive and non‑conductive supports and a conductive bridge linking antenna portions to enhance signal reception while maintaining display support.",1,41,0,0.0,29,ok
2025,12302216,4,summary,"Search for a wireless network technique where a donor base station discovers multiple relay‑enabled routes to a partner node, advertises route subsets, reserves a path to be activated under specific triggers, and lets the receiving node pick the route.",1,40,0,0.0,26,ok
2025,12302216,4,keyword,"Wireless network path reservation with donor node, multiple relay nodes, provision of reserved communication link indication to secondary base station, conditional trigger of reserved path upon predefined events, selection of optimal route by receiving node, core network integration, multi-hop routing protocol.",1,42,0,0.0,34,ok
2025,12302216,4,function,"Searching prior art for a wireless network system that identifies multiple relay‑enabled routing options between a donor node and a second infrastructure node, broadcasts the options, and lets the second node select a path—often a pre‑reserved path triggered by specific conditions—for efficient data transfer.",1,48,0,0.0,33,ok
2025,12240891,10,summary,"Develop a method combining gel filtration chromatography with native electrospray mass spectrometry to analyze intact protein–protein assemblies of immune origin, enabling real‑time structural characterization of antibody binding complexes.",2,30,0,0.0,23,ok
2025,12240891,10,keyword,"Search for methods integrating size‑exclusion chromatography on a polymeric resin, elution under native solvent conditions, and electrospray ionization mass spectrometry for analysis of protein‑immune complexes or antigen‑binding complexes.",3,31,3,0.13636363636363635,22,failed_constraints
2025,12240891,10,function,"Search for prior art of online size‑exclusion chromatography followed by native electrospray ionization mass spectrometry for analyzing antigen–antibody complexes, including resin washing with mobile phase to separate complexes prior to mass spectrometric detection.",3,35,4,0.15384615384615385,26,failed_constraints
2025,12233523,26,summary,"Search for power tools featuring a motor, controller, bit holder, and an electronic mode selector that enables a lock‑on continuous power mode initiated by a single button press, with the selector recessed on the housing top and integrated into a belt‑clip wall.",1,44,0,0.0,26,ok
2025,12233523,26,keyword,"Identify power tools featuring a recessed electronic mode selector on the motor housing top wall, a belt clip formed as a wrap‑around wall, motor controller, transmission, drive chuck, and a lock‑on continuous power mode activated after power switch release.",3,41,2,0.06666666666666667,30,failed_constraints
2025,12233523,26,function,"Power drill with motor controller and external mode selector enabling user‑controlled power delivery and lock‑on continuous operation via a recessed electronic selector on the motor housing, including a belt clip guard and housing‑integrated bit‑holder for threaded fasteners.",2,41,0,0.0,29,ok
2025,12272930,1,summary,"Created a spark‑ignition device with a single molded core comprising a central and surrounding electrode joined by a removable section; after assembling to the base, the section is removed to generate precise spark gaps and accommodate noble metal patches at electrode corners.",2,43,0,0.0,27,ok
2025,12272930,1,keyword,"Search for methods to manufacture an ignition component featuring a quadrangular central conductor surrounded by an octagonal grounding element, joined by a removable section, where a one‑piece conductive base is formed and the joint is later removed to create a discharge gap.",2,43,0,0.0,25,ok
2025,12272930,1,function,"find documents describing a method for manufacturing a two‑electrode high‑temperature ignition component where the electrodes are integrated in a single body and a detachable connection region is removed after mounting to a base, enabling precise spark gap control via polygonal electrode faces and metal plates.",3,47,0,0.0,31,ok
2025,12195792,15,summary,"Search for dried reagent kits for reverse transcription and DNA polymerase reactions that omit inorganic salts, use trehalose as a bulking agent, and are stabilized for long‑term storage, requiring only external ion addition upon reconstitution.",2,36,0,0.0,25,ok
2025,12195792,15,keyword,"Search for dried reverse transcriptase–strand polymerase formulations employing trehalose (0.16–0.32 M) as bulking agent, containing low millimolar dNTPs, RNase inhibitor, oligo primers, a surfactant, carboxylate buffer, and sub‑0.1 mM Mg²⁺ with K⁺ below 1 mM.",2,41,0,0.0,27,ok
2025,12195792,15,function,"dry, salt‑free reagents for reverse‑transcription amplification, containing trehalose bulking, minimal Mg2+ (<0.1 mM) and K+ (<1 mM), low dNTPs, RNase inhibitor, and primers, reconstituted with enzymes and inorganic salts for stable, low‑by‑product nucleic‑acid detection.",1,40,0,0.0,27,ok
2025,12395283,4,summary,"Query for device enabling uplink transmission over unlicensed spectrum where the user equipment performs multi-sub-band hopping controlled by network-configured signaling, activating distinct hopping modes via control information that dictates slot, COT, and grant‑scheduling parameters.",3,38,1,0.03333333333333333,30,failed_constraints
2025,12395283,4,keyword,"Search for prior art on a wireless UE device employing frequency‑hopping across multiple sub‑channels in unlicensed bands, where a base station conveys RRC configuration for distinct hopping modes (per‑COT, intra‑COT, grant‑scheduled) and activates them via downlink control flags for uplink traffic management.",2,47,0,0.0,35,ok
2025,12395283,4,function,"Search for wireless uplink frequency‑hopping over various narrow bands on an unlicensed spectrum, where a base station sends RRC configuration and downlink activation flags enabling consecutive‑COT hopping, intra‑COT segment hopping, or scheduled grant‑based hopping.",2,38,0,0.0,29,ok
2025,12224308,8,summary,Search for display panels using side‑surface dummy pixels matching sub‑pixel colors to reduce edge color mismatch in tiled or single displays.,1,23,0,0.0,17,ok
2025,12224308,8,keyword,"Search for display modules with a bottom plate supporting an active panel and side‑mounted dummy pixels that emit the same sub‑pixel color as the main panel, including tiled assemblies composed of adjacent units employing this structure.",1,38,0,0.0,25,ok
2025,12224308,8,function,"Search for display panels that include side‑mounted dummy pixels emitting identical colors as their adjacent sub‑pixels, designed to reduce color discontinuities at panel edges and enable seamless, uniform brightness across tiled display assemblies.",1,35,0,0.0,26,ok
2025,12381420,1,summary,"Design of a wireless power transfer system where the receiver side resonant coil uses a distinct inductance compared to the transmitter coil, employing high‑permeability materials and a coil‑inductance ratio below one to limit heating to under 2 °C/min during 30‑minute charging.",1,45,0,0.0,30,ok
2025,12381420,1,keyword,"Search for wireless inductive power transfer systems featuring mismatched receiving and transmitting resonant inductances, high permeability (>300 H/m) pads, inductance ratios <1, reduced heat rise ≤2 °C/min over 30 minutes, and controllable resonant networks for battery charging.",1,39,0,0.0,28,ok
2025,12381420,1,function,"search for a resonant inductive power transfer system with distinct transmitting and receiving inductances, high permeability materials (>300 H/m), ratio of inductances <1, enabling reduced heating (<2 °C/min) during a 30‑minute charging of a mobile device battery.",2,40,0,0.0,25,ok
2025,12375655,2,summary,Search for image compression methods that encode adaptive loop filter coefficients using a fixed‑order Golomb‑Rice‑style scheme while describing a binary representation of a fixed‑filter set index with truncated binary codes to reduce signaling overhead.,3,38,2,0.07142857142857142,28,failed_constraints
2025,12375655,2,keyword,"Search for patents describing adaptive loop filter coefficient encoding with fixed-order exponential Golomb and truncated binary binarization of filter index, including decoder reconstruction and encoder residual calculations in image compression.",3,31,2,0.08695652173913043,23,failed_constraints
2025,12375655,2,function,"Find techniques that use adaptive loop filtering in image compression, encode the filter coefficients with fixed‑order exponential Golomb coding, and binarize a limited set of fixed filters using truncated binary for improved signaling efficiency.",3,35,2,0.08,25,failed_constraints
2025,12414993,16,summary,"Topical membrane‑penetrating cosmetic composition with a fatty‑acid mixture engineered to match human cell membranes, incorporating natural plant oils for enhanced integration.",3,23,0,0.0,17,ok
2025,12414993,16,keyword,"Search for biomimetic lipid‑based topical formulations that incorporate human‑cell‑membrane‑like fatty‑acid mixtures with dispersed essential oils, designed for transmembrane penetration or integration into cellular or organelle membranes, focusing on creams, ointments, and emulsion systems.",2,38,0,0.0,27,ok
2025,12414993,16,function,topical lipid-based formulation with fatty acid mixture matching human cell membrane and essential oil enabling membrane penetration for transdermal delivery,1,21,0,0.0,16,ok
2025,12207381,13,summary,"Search for EUV light sources that produce EUV via laser‑irradiated tin droplets, incorporate debris‑collection vanes and a bucket system with an outer heater, and include methods for resist patterning using such sources.",1,34,0,0.0,24,ok
2025,12207381,13,keyword,"Search for EUV light sources featuring tin droplet generation, laser‑induced plasma emission, vanes for debris capture, collector apertures, gutter and bucket assemblies with cover and external heaters, and resist‑patterning methods detecting tin debris with sensors.",3,37,0,0.0,28,ok
2025,12207381,13,function,"Query EUV lithography systems that employ a laser‑driven tin droplet generator, use vanes and a gutter to route plasma debris into a heated bucket cover, with sensor‑based solid‑tin detection and automated tin‑melt control during resist exposure.",2,40,0,0.0,29,ok
2025,12304043,26,summary,"An adjustable hand tool with two interlocking jaws and handles, where a pivoting link and spring provide variable biasing force that changes as the primary jaw is turned, enabling precise control over grip or cutting power.",2,36,0,0.0,23,ok
2025,12304043,26,keyword,Search for articles describing a two‑handle clamp device featuring pivotally connected jaws with an adjustable biasing spring linked through a movable member that alters spring tension when the first jaw is rotated relative to its handle.,2,37,0,0.0,24,ok
2025,12304043,26,function,"hand tool with two jaws each pivotally attached to a handle, a link member pivoting between the jaws, and a spring bias whose force is modulated by rotating the first jaw, enabling adjustable pull or cutting force for various applications.",1,40,0,0.0,26,ok
2025,12430031,6,summary,"Multi‑node system where each node owns its own coherent memory, linked through a central IO interface that routes memory requests via distributed agents and decoders to disaggregated external memory, enabling efficient non‑coherent data access.",2,36,0,0.0,28,ok
2025,12430031,6,keyword,"Search for system‑on‑chip designs featuring NICs that expose multiple virtual functions, compute nodes with isolated coherent domains, a fabric manager mapping VFs to nodes, and a central IO die using compute die ports and memory ports to access disaggregated memory via TAD‑based address translation.",3,47,3,0.08571428571428572,35,failed_constraints
2025,12430031,6,function,"Identify prior art on systems that provide independent, non‑coherent compute domains linked via a shared IO die, using distributed home agents to forward disaggregated memory requests from each domain to appropriate memory ports through address‑translation logic.",3,38,2,0.06666666666666667,30,failed_constraints
2025,12214478,26,summary,"Query for hydraulic actuator featuring dual trigger handles, an electric motor that reverses rotation to cycle pressurization and depressurization, incorporating a pressure rail, sequence valve, shuttle valve, and speed‑controlled piston to manage fluid flow between a reservoir and cylinder during extension and retraction.",3,44,2,0.06451612903225806,31,failed_constraints
2025,12214478,26,keyword,"Hydraulic handheld tool comprising an electric motor‑driven pump, dual trigger controls, a pressure rail linked to a sequence valve and shuttle valve, an outer cylinder with inner cylinder piston, high‑speed and slow‑speed actuation, bypass check valve in longitudinal channel, fluid reservoir.",3,44,5,0.15151515151515152,33,failed_constraints
2025,12214478,26,function,"Search for hydraulic tools that use an electric motor to pump fluid, dual trigger buttons to control piston extension and retraction, incorporating sequence and shuttle valves, fluid reservoir, pressure rail, high‑speed piston movement, and fluid path control for load lift and release.",1,43,0,0.0,31,ok
2025,12272557,8,summary,"Query for methods that use a two‑stage self‑limiting and self‑reacting SiH3 precursor process to coat fin edges with protective sacrificial material during dielectric anneal, enabling high‑aspect‑ratio fin gates without dielectric exposure.",2,36,0,0.0,28,ok
2025,12272557,8,keyword,"FinFET gate dielectric deposition on dual fins with a narrowing spacing, followed by CVD‑grown sacrificial silicon‐based layers using sequential self‑limiting and self‑reacting SiH3 precursors, annealing, sacrificial removal, and gate electrode formation—prior art for such CVD sacrificial layers on fin devices.",1,45,0,0.0,35,ok
2025,12272557,8,function,"Search for techniques depositing gate dielectrics on converging fin structures, applying self‑limiting and self‑reacting precursor layers as sacrificial coatings, annealing with the coating intact, then stripping the sacrificial layers to create a gate electrode—enabling improved fin‑FET fabrication.",3,41,1,0.03333333333333333,30,failed_constraints
2025,12244498,4,summary,"Power‑efficient data packet relay system that receives fabric packets, uses a control‑bit test, selectively enables a selector, adds a new header via an index‑based lookup table, and forwards the modified packet—reducing energy usage.",1,37,0,0.0,28,ok
2025,12244498,4,keyword,"Searching prior art for low‑power data packet relay systems featuring a receiver, a selector, and a lookup table that generates modified headers based on packet indices, controlled by a decision logic unit to enable selective forwarding from an interconnect fabric.",2,41,0,0.0,27,ok
2025,12244498,4,function,"low‑power data routing system on multi‑core chip that selectively forwards packets through a selector only when a control flag signals relay, obtaining a new header from an on‑chip lookup table and disabling the pipeline otherwise.",1,38,0,0.0,25,ok
2025,12306146,10,summary,"A system for bioprocess piping that uses a cassette manifold with selectable valve units and a separate actuator block; perforated plates line both components so aligned holes allow a drive membrane to be pushed through, engaging valve membranes to open or close flow paths.",1,44,0,0.0,30,ok
2025,12306146,10,keyword,"Search for valve switching systems featuring perforated backer plates that align drive and valve membranes, a cassette manifold with port arrays and switchable valve seats, an actuator block with drive membrane structures engaging through aligned perforation holes in bioprocess installations.",3,40,4,0.13793103448275862,29,failed_constraints
2025,12306146,10,function,Search for valve actuation systems employing aligned perforated backings to align actuator membranes with flexible valve membranes for selective fluid pathway reconfiguration in bioprocess flow equipment.,3,26,0,0.0,19,ok
2025,12319001,35,summary,"Search for methods combining additive layer deposition of tower walls with sequential addition of pultruded polymer reinforcement rings produced by unwinding continuous rolls, integrated into the printed structure.",1,28,0,0.0,19,ok
2025,12319001,35,keyword,"Additive printing of tower wall layers with a pultruded polymer reinforcement ring produced by unwinding a continuous roll on a rotatable fixture equipped with radial locating guides, placing ring between printhead‑assembled layers.",1,33,0,0.0,23,ok
2025,12319001,35,function,"Technique for producing tower structures by additive printing of wall layers and simultaneous fabrication of a continuous pultruded polymer reinforcement ring: unwinding roll, rotating fixture with radial arm guides to coil material, placing the coil atop printed layers, then printing over it to create a composite tower with enhanced strength.",1,50,0,0.0,35,ok
2025,12322858,2,summary,"A foldable electronic device that uses an internal antenna feeding through the housing and a three‑layer display stack with progressively closer edge spacing, allowing a flexible front display to resist hinge stress while preserving antenna performance.",1,37,0,0.0,26,ok
2025,12322858,2,keyword,"Search for foldable smart device housing with hinge, internal RF antenna integrated into chassis, cover glass front, flexible display over glass, layered dielectric stack: inner dielectric touching panel edge, outer layer (digitizer or metal shield) offset from panel edge, varying edge spacing.",1,42,0,0.0,35,ok
2025,12322858,2,function,"Search for hinge‑foldable electronic devices that incorporate a wireless transmission circuit feeding power or signal into the housing, and feature a composite display stack of cover glass, a flexible panel, a dielectric underlayer and a secondary underlayer with staggered edge spacing for hinge integration.",1,45,0,0.0,28,ok
2025,12304412,32,summary,"Search for a system that uses multiple occupant detection sensors (interior, exterior, seat pressure, belt, trunk volume, voice) to classify a passenger once per drive and controls a seat‑airbag accordingly, disabling it for classified non‑adult or low‑risk occupants.",2,41,0,0.0,29,ok
2025,12304412,32,keyword,"Vehicle seat airbag control system using a multi‑sensor occupant identification network (interior, exterior, seat, belt, baggage, speech) with an evaluation module that classifies the occupant once at trip start and decides whether to enable or disable the airbag.",1,39,0,0.0,27,ok
2025,12304412,32,function,"Search for systems that enable selective activation or deactivation of seat‑mounted airbags based on occupant classification using multi‑sensor identification—including interior, exterior, seat, belt, and storage area sensors—performed once at the start of drive and remained fixed during the drive.",2,43,0,0.0,30,ok
2025,12365332,32,summary,"Search for automotive lane‑change assistance systems that use surrounding‑vehicle motion prediction to detect trajectory conflicts and adjust the ego vehicle path via steering, braking or acceleration control.",1,29,0,0.0,21,ok
2025,12365332,32,keyword,"Method and system using an automotive‑mounted panoramic camera that processes visual data to generate ego and predicted object trajectories, evaluates lane‑change intent of both, predicts lateral and longitudinal motion from speed, acceleration and alignment angle, checks trajectory interference in a common coordinate frame, and updates vehicle controls accordingly.",1,50,0,0.0,36,ok
2025,12365332,32,function,"search patents describing an in‑vehicle camera system that gathers surround‑view imagery, processes it to identify neighboring vehicles’ lane‑changing intentions, predicts their future trajectories, and adjusts the ego vehicle’s planned path to avoid interference while controlling steering, braking and acceleration.",1,43,0,0.0,30,ok
2025,12392625,10,summary,"High‑level search for a personalized navigation system that builds user portraits from demographics, mobility and preference data, learns from past choices and peer feedback, and dynamically provides several route recommendations tailored to each persona.",2,35,0,0.0,24,ok
2025,12392625,10,keyword,"Search for prior art of adaptive navigation systems that collect demographic and mobility attributes, apply AI models to generate individualized route recommendations, continuously update paths via pattern recognition, use historical choices, and present multiple route options through a computer‑readable interface.",2,41,0,0.0,32,ok
2025,12392625,10,function,"Machine learning–enabled navigation that gathers user mobility, age, gender, ability and preferences, constructs a dynamic persona, classifies travel patterns, predicts routes meeting distance, cost, and physical condition constraints, and continuously updates options based on user and peer feedback.",1,39,0,0.0,30,ok
2025,12422663,2,summary,"Search for a compact elongated camera head that directs light to the front end by mounting multiple light emitters behind the sensor and guiding their output with external optical fibers arranged circumferentially around the module, allowing overlap and reduced size while controlling illumination.",1,43,0,0.0,29,ok
2025,12422663,2,keyword,"Search for elongated imaging assembly featuring a central sensor module, multiple distal LED arrays, coaxial optical fiber light guide encircling the module, overlapping source positioning, front‑mounted spectral imaging filter, rear illumination filter, and interleaving light shielding structure.",2,38,0,0.0,32,ok
2025,12422663,2,function,"Search for systems providing a compact elongated camera head that uses rear-positioned light sources, radial optical fiber light guides outside the sensor module, and front overlapping illumination to enable illumination of the near-front imaging region while minimizing head length.",1,41,0,0.0,31,ok
2025,12232248,2,summary,"Searching patents for a sample holder that mounts a superconducting qubit chip onto a PCB via a support structure positioned within a cavity, where the support’s contact surface is angled relative to the chip surface to enhance coupling or reduce stress.",2,42,0,0.0,25,ok
2025,12232248,2,keyword,"Search patents for a superconducting qubit package featuring a base with an integrated support member recessed in a recess below an aperture in the PCB, where the support member is electrically coupled to the base and positioned at an angle to the qubit chip surface.",2,45,0,0.0,23,ok
2025,12232248,2,function,"search for devices that hold superconducting quantum chips using a support inserted within a cavity beneath a hole in a circuit carrier, where the support’s interface with the chip is angled rather than parallel, and the carrier provides electrical coupling to the support.",2,44,0,0.0,25,ok
2025,12186865,26,summary,"Search patents on motor-driven power tools that use a current-based torque sensor and a controller which limits output torque by automatically reducing motor speed once torque approaches a predefined threshold, then stops the motor if torque hits a maximum, regardless of user throttle.",1,45,0,0.0,31,ok
2025,12186865,26,keyword,"Searching electric power tool patents featuring a motor‑driven output shaft, a geared transmission, a current‑sensing torque estimator, a user trigger, and a controller that enforces a safe torque cap by imposing a velocity limit once a pre‑threshold is reached and halting operation when the cap is hit.",2,50,0,0.0,32,ok
2025,12186865,26,function,"Search for motor control methods that limit output torque by measuring motor current, enforce a maximum torque cap, and upon crossing a lower torque threshold automatically reduce motor speed to a preset lower value regardless of user throttle input, stopping the motor when the max torque is hit.",2,48,0,0.0,33,ok
2025,12268945,33,summary,"Search for a multi‑material golf club design that uses a heavier front section and lighter rear section, with a forward‑placed weight behind the impact point, to achieve a specific center‑of‑gravity offset and controlled moments of inertia.",2,40,0,0.0,25,ok
2025,12268945,33,keyword,"Search for a golf club head comprising front, rear, toe, heel and sole portions constructed from two materials with different densities, a face insert, a non‑metallic sole plate, a high‑density rear weight, with the center of gravity 30–50 mm offset behind the ground‑contact Y‑axis, achieving specified inertia limits.",3,53,5,0.13157894736842105,38,failed_constraints
2025,12268945,33,function,"Searching for golf club heads formed from multiple material components with a front portion, rear portion, and sole, where a high‑density weight positioned behind the ground contact point adjusts center‑of‑gravity distance, and design limits rotational inertia about three axes within specified ranges.",3,45,4,0.12121212121212122,33,failed_constraints
2025,12316265,1,summary,"Identify shaft orientation of a brushless motor using current and voltage feedback to compute induced electromotive force phase, then detect its sign reversal to derive shaft position.",2,27,0,0.0,19,ok
2025,12316265,1,keyword,"Search for techniques estimating rotor position in brushless motors by measuring phase winding current and applied voltage, calculating back‑EMF phase using self‑ and mutual inductances, detecting zero‑crossing of back‑EMF, and creating a rotor position output.",2,38,0,0.0,28,ok
2025,12316265,1,function,"Computes back‑EMF phase from sensed current and applied voltage, identifies zero‑crossing of the resulting back‑EMF, and generates a shaft‑position indication for a brushless motor.",2,28,0,0.0,18,ok
2025,12291813,29,summary,"Search for dual-polymer parts in laundry and dishwasher appliances where a recycled polyolefin core contains controlled levels of metals like lead, cadmium, chromium, bromine, antimony, arsenic, and is fully encapsulated by a non-recyclable polymer shell.",3,37,2,0.08,25,failed_constraints
2025,12291813,29,keyword,"Search prior art on water‑bearing appliance components with a dual‑polymer design, where an exterior polymer shell fully covers a core of recycled polyolefin that contains regulated trace heavy metals—lead (7‑60 ppm), cadmium (5‑20 ppm), chromate (10‑100 ppm), bromine, antimony (5‑50 ppm), arsenic (5‑50 ppm)—used in washers or dishwashers.",3,57,3,0.07317073170731707,41,failed_constraints
2025,12291813,29,function,"Search for reports on polymer‑coated components in washing machines and dishwashers where a non‑recyclable polymer outer shell surrounds a core of recycled polyolefin that contains regulated trace metals such as lead, cadmium, hexavalent chromium, bromine, antimony or arsenic, enabling sustainable appliance construction.",3,44,5,0.16129032258064516,31,failed_constraints
2025,12275712,14,summary,"Search for triterpenoid derivatives containing a 1,1‑dioxidothiomorpholino unit linked to an alkyl/alkenyl/cycloalkyl core, bearing ester or ionizable substituents designed to enhance anti‑HIV potency and pharmacokinetic properties.",1,31,0,0.0,20,ok
2025,12275712,14,keyword,"Search for triterpene‑based antiviral compounds containing oxidized thio‑morpholine or sulfonyl‑piperazine linkages, with alkyl/alkenyl/alkoxy substituents, pharmaceutically acceptable salts, stereoisomers, suitable for HIV treatment and other viral diseases.",3,31,1,0.041666666666666664,24,failed_constraints
2025,12275712,14,function,"Find prior art on triterpenoid derivatives containing a 1,1‑dioxidothiomorpholino moiety with alkyl/alkenyl and carboxylate substituents used as antiviral agents, particularly for treating HIV infections, with pharmaceutical salts and stereoisomers.",1,32,0,0.0,20,ok
2025,12285700,33,summary,"child ride‑on electric wheelchair with switchable motor control lever, rear rack for medical equipment, lockable steering system, and adjustable speed limit mechanism.",1,23,0,0.0,17,ok
2025,12285700,33,keyword,"Search for child ride‑on vehicles featuring battery‑powered electric motors, rear rod mounts for medical apparatus, lever‑controlled motor activation, interlocking steering mechanisms, and adjustable speed‑setting controls.",1,29,0,0.0,23,ok
2025,12285700,33,function,"Search for child ride‑on vehicle with electric motor drive, lever to enable/disable propulsion, rear rod for medical equipment, locking steering mechanism, and adjustable speed limiting control.",1,28,0,0.0,20,ok
2025,12190681,12,summary,"Search for gaming systems that use aggregation icons to consolidate prizes from earlier reel outcomes, preserving locked icons, with subsequent spins altering aggregate values based on icon type, and final payout determined by summed aggregate and remaining symbols.",2,38,0,0.0,27,ok
2025,12190681,12,keyword,"patent prior art for slot machines employing a presentation assembly that spins an array of reels showing monetary symbols, locks them in place, then aggregates their values with first- and second-level aggregation icons per positional rules, and pays bonus credits after a spin counter depletes.",3,46,1,0.03125,32,failed_constraints
2025,12190681,12,function,"Search for slot machine systems that lock prize symbols during bonus spins and aggregate associated winnings using positional dependencies, then remove the locked symbols and pay based on aggregated values, supporting multi‑level aggregation rules.",2,35,0,0.0,27,ok
2025,12247097,17,summary,"Searching for epoxy hardener comprising a room‑temperature liquid salt derived from polyalkylene polyamines reacting with organic acids (pKa < 6) to yield stable liquids above 15 °C, suitable for curable epoxy compositions.",2,32,0,0.0,22,ok
2025,12247097,17,keyword,"Search for epoxy hardening systems based on liquid salts formed by polyalkylene amine polymers reacting with weak organic acids (pKa <6) under 65‑110 °C, integrating alkylated or benzylated amine derivatives and containing epoxy resins as the matrix.",2,38,0,0.0,26,ok
2025,12247097,17,function,"Search for liquid cationic organics derived from polyalkylene polyamines reacting with acids of pKa<6, forming stable room‑temperature liquid salt precursors that cure epoxy resins at 65–110 °C, 3–7 h, yielding low‑viscosity, high‑performance cured coatings.",2,40,0,0.0,27,ok
2025,12421263,19,summary,"Search for novel organometallic compounds featuring multiple fused aromatic rings with nitrogen and heteroatom substitutions, designed as emissive layers in OLEDs, with variable side groups forming additional rings for tuning photophysical properties.",2,32,0,0.0,23,ok
2025,12421263,19,keyword,"Search for small‑molecule organometallic compounds used as high‑efficiency electroluminescent emitters in flexible OLED devices, featuring heteroaromatic carbocyclic rings, optional heteroatom substituents, and tunable R2‑R5 side chains.",2,29,0,0.0,23,ok
2025,12421263,19,function,"Search for organometallic emitter compounds with formula (VI) for use in OLEDs that enhance brightness, color purity, device lifetime, and enable multi‑ring substitution patterns allowing tunable energy levels and high quantum efficiencies in thin‑film electroluminescent displays.",2,38,0,0.0,28,ok
2025,12247801,29,summary,Search for rifle takedown devices that lock upper and lower receivers with a pin that blocks relative movement in one state and permits limited upward release for disassembly in another state.,3,31,1,0.05263157894736842,19,failed_constraints
2025,12247801,29,keyword,"Search for rifle takedown systems featuring a longitudinally slidable elongated pin with a thicker end locking into sidewall bores, a thinner intermediate segment defining an oblong undercut channel, allowing limited upward lift of a rear lug when released, securing upper versus lower receiver.",1,43,0,0.0,31,ok
2025,12247801,29,function,"Search for a movable rifle takedown pin that locks the upper receiver by blocking its rear lug in an operating state, but allows controlled upward movement to disengage in a released condition.",2,32,0,0.0,18,ok
2025,12280488,26,summary,"Search for a hammer design that employs U‑shaped mounting member ribs forming flow channels, sealed by resin interlock, ensuring a continuous passage through the striking head while preventing fluid leakage and maintaining axial alignment.",1,35,0,0.0,25,ok
2025,12280488,26,keyword,"Percussive hammer with head bore, handle containing U‑shaped mounting flange featuring transverse and inclined rib pairs forming flow channels; resin injected to seal channels and interlock ribs with head bore; axial alignment parallel to flow passages, transverse tip ends perpendicular to longitudinal tips.",1,44,0,0.0,34,ok
2025,12280488,26,function,"Search for a hammer design where the striking head contains a longitudinal passage and the handle has a mounting member with first and second ribs forming interlocking flow channels; resin is injected and cured to lock the ribs, sealing the passages and structurally integrating the head and handle.",1,48,0,0.0,27,ok
2025,12226512,16,summary,"Search for patents on a cleansing formula that blends multiple natural gums with a dual alkyl polyglucoside surfactant mix and inulin, aiming to deliver gentle, effective cleaning while providing prebiotic benefits and improved texture.",3,34,1,0.043478260869565216,23,failed_constraints
2025,12226512,16,keyword,"Search for personal care formulations containing natural polysaccharide gums, prebiotic inulin, and a mixture of alkyl glucoside surfactants (e.g., two types in 4:1 to 2:1 ratio), with a cosmetic base used for keratinous surface cleansing.",2,38,0,0.0,21,ok
2025,12226512,16,function,"Personal care formulations combining natural gum matrix, a blend of polyglucoside‑based surfactants in specific weight ratios, inulin prebiotic, and a lightweight vehicle, designed for gentle cleansing and conditioning of hair and skin surfaces while maintaining foam stability and low irritation.",2,41,0,0.0,29,ok
2025,12196678,10,summary,"Method for imaging a gemstone using sequential illumination from multiple light sources, each filtered and reflected by a beam‑splitting device, while a camera captures immediate and delayed images with wavelength‑blocking filters, enabling multi‑parameter analysis without mechanical repositioning.",2,40,0,0.0,29,ok
2025,12196678,10,keyword,"Search for optical systems using sequential light sources coupled through filters and spectral beam splitters to illuminate gemstones, capturing time‑resolved images via a filtered camera, analyzing reflectance at multiple wavelengths, and employing delay techniques for gemstone quality assessment.",2,39,0,0.0,30,ok
2025,12196678,10,function,"search for systems that use multiple wavelength‑selective beam splitters and sequential light emission to capture timed and delayed images of gemstones, enabling rapid, multi‑angle spectral analysis without mechanical adjustment.",1,31,0,0.0,23,ok
2025,12413558,4,summary,"Search for cloud‑mediated zero‑trust access systems that deploy a local appliance connected via secure tunnel to a remote data plane, enabling remote application access without opening local firewall ports or exposing attack vectors.",1,35,0,0.0,27,ok
2025,12413558,4,keyword,"Search for cloud‑hosted data‑plane service providing secure remote access to customer‑premises applications via a reverse proxy and service proxy, authenticating through an authentication server, with a local security appliance initiating encrypted tunnels to the cloud, integrated with a threat‑management system.",2,44,0,0.0,31,ok
2025,12413558,4,function,"Search for prior art on cloud-based secure access systems that provide an appliance on premises to establish authenticated tunnels through a cloud proxy, enabling remote users to reach on-site applications without opening firewall or exposing attack surfaces.",2,39,0,0.0,27,ok
2025,12305534,27,summary,"Look for turbine blade designs incorporating a platform section between root and airfoil with two side walls each having a perpendicular reference plane and a staggered inclined face; the front face angle is smaller than the rear, and each inclined face aligns opposite the other longitudinally on the blade.",1,49,0,0.0,33,ok
2025,12305534,27,keyword,"rotor blade with asymmetrical inclined platform side surfaces, staggered by different reference surface positions, angles varying, used in gas turbine compressor or combustor.",1,23,0,0.0,17,ok
2025,12305534,27,function,"Blade for a rotordynamic machine featuring a platform section with two side surfaces bearing staggered inclined angles relative to reference planes perpendicular to the axis, enabling controlled airflow separation and reduced vibration in high‑speed turbines.",1,36,0,0.0,25,ok
2025,12356771,8,summary,"Search for LED display panels that use a mounting substrate with TFTs separate from dual metal contacts layered over stacked semiconductor light‑emitters, positioned through crystal‑substrate openings so that no transistor lies under the metal, enabling high‑brightness projection.",1,40,0,0.0,31,ok
2025,12356771,8,keyword,"Search for display units with substrate bearing TFTs, separate first and second metallic contacts to stacked semiconductor light emitters, conductive pad layers feeding each metal side, and a monocrystalline substrate featuring through‑holes aligning the emitters—used in projection displays.",1,40,0,0.0,30,ok
2025,12356771,8,function,"search for displays with light emitters having stacked semiconductor core and dual metal contacts, where drive transistors and pads are positioned outside the metal layers, utilizing a crystal substrate with apertures and separate conductive layers for each light source.",3,39,0,0.0,26,ok
2025,12249976,6,summary,"Search patents for a memory power switch that takes two distinct supply voltages, outputs separate regulated voltages for logic and memory cells, and suppresses leakage through an inverter by adjusting a pull‑down resistor according to its input node level.",1,40,0,0.0,27,ok
2025,12249976,6,keyword,"search for power switch circuits with multi-voltage generation, inverter driven by higher voltage, and leakage current suppression via pull-down resistor controlled by inverter input level, used in non‑volatile memory with voltage‑generator generating read/write operating voltage.",3,40,4,0.12903225806451613,31,failed_constraints
2025,12249976,6,function,"Search for power switch circuits that generate separate low and higher output voltages from dual input supplies using an inverter driven by the high voltage, and incorporate a leakage‑blocking mechanism that turns off current through the inverter when both input voltages are present, supporting non‑volatile memory operation.",3,49,2,0.058823529411764705,34,failed_constraints
2025,12399578,6,summary,"investigate touch input systems where infrared illumination is dynamically modulated in response to ambient light sensed by a sensor, with emission power adjusted proportionally to brightness, color temperature, or wavelength band.",1,31,0,0.0,20,ok
2025,12399578,6,keyword,"Infrared touch sensor emits modulated IR pulses adjusted by ambient brightness, color temperature, and visible light intensity detected via external illuminance sensor, driving a low‑power emitter, and transferring reflected coded pattern coordinates from a reflective display surface to a processor over wireless link.",3,44,0,0.0,34,ok
2025,12399578,6,function,"How to dynamically adjust the intensity and timing of an infrared illumination source used by a touch sensor to detect pattern reflections on a display panel, based on real‑time ambient light metrics such as brightness, color temperature, or luminance, so that coordinate extraction remains reliable?",2,46,0,0.0,30,ok
2025,12284292,4,summary,"A secure device‑identity protocol where a host sends a challenge, the device produces a public ID, a challenge‑derived certificate and key from its stored secret, the host verifies the identity, then can issue a reset command to replace the secret and issue a new ID.",1,47,0,0.0,28,ok
2025,12284292,4,keyword,"Search for secure device authentication systems that use a host‑computing device exchange where the computing unit stores a device secret, produces a public identifier via asymmetric generation, creates a certificate derived from a host message, sends key and ID, and supports secret replacement commands to update credentials.",1,48,0,0.0,33,ok
2025,12284292,4,function,"search for authentication scheme where a device receives a host message, creates a unique device ID and a signed attestation token, then returns them with a cryptographic key, enabling the host to verify device identity and later refresh the device secret on command.",2,43,0,0.0,26,ok
2025,12376618,34,summary,Search for a device that generates a cannabinoid aerosol using strands of shredded plant matter arranged with varying widths and cross-bridges to modulate delivery and improve particle dispersion.,2,29,0,0.0,18,ok
2025,12376618,34,keyword,"Search patents for aerosol‑forming consumables featuring a substrate of longitudinal plant fiber shards with variable transverse spacing, composite sections containing a higher density of one fiber set, and cross‑linking bridge regions, incorporating cannabinoids such as CBD, THC, CBG, CBN, CBL, CBC, CBE, CBT.",2,45,0,0.0,35,ok
2025,12376618,34,function,"Search for aerosol delivery device utilizing plant‑derived cannabinoids, composed of elongated longitudinal fragments of differing widths connected by transverse bridges, designed for controlled vapor generation and dosage precision through uniform fragment distribution.",2,33,0,0.0,25,ok
2025,12376716,33,summary,"Retractable step assembly for children to use standard toilets, attaching to the seat with straps, folding steps that unfold via a motorized actuator and button, powered by a built‑in rechargeable battery, aiming to simplify child urination while maintaining safety and compact storage.",1,43,0,0.0,28,ok
2025,12376716,33,keyword,"motorized retractable child urination aid step system featuring a base that attaches to a toilet pedestal, adjustable strap loop, textured tread, integrated control unit with button actuator, rechargeable battery, charge port, and outer wall opening for step deployment.",1,38,0,0.0,29,ok
2025,12376716,33,function,"Search for collapsible child toilet steps that attach to a toilet pedestal via straps, stack against a base when stored, extend with an integrated motion device or button, enabling a child to climb and urinate into a standard toilet.",1,39,0,0.0,23,ok
2025,12308877,3,summary,"Search for optical performance monitoring systems using narrow‑band coherent receivers (5–20 % of the signal bandwidth) with ADC conversion, DSP analysis of raw metrics, and correction algorithms to compensate receiver‑induced distortion.",2,33,0,0.0,23,ok
2025,12308877,3,keyword,"Search for coherent optical receiver having reduced bandwidth, ADC, DSP, and noise‑correction module that compensates for receiver bandwidth mismatch when deriving performance metrics from digital samples, applied to optical signals with 5–20% bandwidth reduction.",3,36,1,0.04,25,failed_constraints
2025,12308877,3,function,"Find prior art on optical signal performance monitoring systems that employ a coherent receiver narrowed to 5–20% of the signal bandwidth, an ADC, DSP for raw metrics, and a distortion‑compensation module to correct receiver‑induced errors.",2,38,0,0.0,24,ok
2025,12382960,19,summary,Search for antimicrobial film additives comprising low‑percent Zn and Ag salt solutions in alcohol or glycol solvents that preserve optical clarity and film adhesion when incorporated into polymer coatings.,1,30,0,0.0,20,ok
2025,12382960,19,keyword,"search for antimicrobial polymer films incorporating 1‑5 wt % additive of zinc and silver salt mixtures dissolved in isopropyl alcohol or ethylene glycol, achieving enhanced microbial inhibition while maintaining film transparency and adhesion",2,33,0,0.0,23,ok
2025,12382960,19,function,Search for low‑concentration antimicrobial coatings that combine zinc and silver salts in alcohol or glycol solvents to preserve optical clarity and adhesive strength for packaging or textile applications.,1,29,0,0.0,18,ok
2025,12342791,34,summary,device for extracting fur from inanimate surfaces with a handle-mounted base that holds multiple interchangeable contact elements; adjust orientation to engage differing sets of elements to target various surfaces.,2,30,0,0.0,20,ok
2025,12342791,34,keyword,"pet hair removal device with handle, adjustable base, multiple brush members, selectable contact modes: dual‑brush and single‑brush, squeegee plates, frustum‑shaped roller, running‑bond edge for surface contact, orientation adjustment angles.",3,33,1,0.03571428571428571,28,failed_constraints
2025,12342791,34,function,"Search for a surface cleaning device employing several contact members that engage at various orientations, enabling simultaneous or single-point action to dislodge embedded fibers from upholstered or hard surfaces, with optional squeegee attachments for residue removal.",2,37,0,0.0,25,ok
2025,12432865,21,summary,"Search for foldable display device with distinct reinforced non‑folding panels and integrated digitizer supported by multi‑layer fiber composites using aramid, carbon, or glass fibers arranged in alternating orientations to enhance mechanical durability and reduce flexural fatigue.",1,38,0,0.0,28,ok
2025,12432865,21,keyword,"Searching for foldable display panels with independent support portions overlapping rigid zones, a multilayer support stack of aramid/carbon/glass fibers with varying orientations, and integrated digitizers aligned to each support portion, all beneath the display.",3,36,1,0.038461538461538464,26,failed_constraints
2025,12432865,21,function,"search for foldable display panels with separate rigid portions beneath flex region, where the base includes fiber‑reinforced sections (aramid, carbon, glass) that differ in weave orientation across multiple laminate levels and align with an embedded digitizer.",2,37,0,0.0,26,ok
2025,12390971,29,summary,"Search for extrusion processes that sequentially add multiple plasticizers to heated polysaccharide ester polymer particles to create a homogenous blend suitable for fibers, films, or molded articles, emphasizing variable plasticizer ratios and continuous feed control.",3,35,4,0.16,25,failed_constraints
2025,12390971,29,keyword,"Search for extrusion methods that blend particulate polysaccharide ester polymers with multiple plasticizers in a heated barrel, forming a uniform polymer‑plasticizer mix via sequential addition downstream, examining weight ratios like 1:2 to 1:12 and evaluating melt homogeneity and product discharge characteristics.",3,44,1,0.03333333333333333,30,failed_constraints
2025,12390971,29,function,"Search how to sequentially blend polymer particles with multiple plasticizers inside a heated extruder, creating a uniform melt suitable for producing fibers, flexible films, and molded items; consider plasticizer ratios ranging 1:2 to 1:12.",2,36,0,0.0,24,ok
2025,12304371,32,summary,"Search for vehicle seat ventilation ducts using a telescopic, variable‑length connector between cushion and back ducts to prevent damage during seat folding and maintain leak‑free airflow.",1,28,0,0.0,21,ok
2025,12304371,32,keyword,"Search for variable‑length telescopic sliding ventilation ducts for automotive seats, comprising a blower between upper and lower air channels, a guide tube fixed to the rear of the cushion duct, a slidably nested moving tube, and an extension component integrated with the seatback lower channel.",3,46,1,0.03333333333333333,30,failed_constraints
2025,12304371,32,function,Search for vehicle seat ventilation ducts featuring a telescoping connector that adjusts length during seat back folding/unfolding to prevent structural damage and maintain airtight airflow to seat cushion and back.,2,31,0,0.0,22,ok
2025,12239552,13,summary,"Search for a base station that receives multiple motion signals from an implantable prosthesis, classifies motion modes to detect status changes, and sends alerts—system used to identify placement errors, degradation, or unintended movement.",1,34,0,0.0,23,ok
2025,12239552,13,keyword,"Search for implantable prostheses with integrated motion‑sensing modules communicating via base‑station circuitry to detect abnormal positioning, degradation, or micromotions, converting signal streams into motion modes, status classification, and transmitting alerts to clinical monitoring systems.",1,36,0,0.0,27,ok
2025,12239552,13,function,"Find technologies that capture movement signals from implantable medical prostheses, evaluate motion patterns to detect misalignment, wear, or unintended migration, and transmit alerts indicating status changes for corrective interventions.",2,29,0,0.0,21,ok
2025,12348154,1,summary,"Search patents for SiC based‑off power switch that limits fault current by integrating a temperature‑sensitive resistive electrode, forming a controlled conduction path and reducing overcurrent through variable resistance above a threshold temperature.",1,34,0,0.0,25,ok
2025,12348154,1,keyword,"SiC wide‑bandgap switch with temperature‑sensitive resistance electrode for overcurrent protection, gate trench channel, Ti‑based thin electrode, SiO2 dielectric, aluminum contacts, 30–400 µm thick semiconductor, p‑type region linked to gate, and n‑type substrate beneath trench.",2,40,0,0.0,31,ok
2025,12348154,1,function,"Search for semiconductor switching devices that control load voltage via on‑off operation, use a silicon carbide layer with electrodes forming a current path, and employ a temperature‑dependent variable‑resistance region in an electrode to limit overcurrent by increasing resistance at high temperatures.",2,44,0,0.0,29,ok
2025,12327279,6,summary,"Online and in‑store solution that captures a shopper’s body shape with a camera and scanner, creates a virtual twin, overlays selected garments onto the twin, and displays the result in real‑time mirror or fixed view.",1,38,0,0.0,22,ok
2025,12327279,6,keyword,"Search for real-time virtual fitting system integrating body scanner, camera capture, and display device switching between live mirror mode and rendered mode, superimposing user silhouette with selected garment using 3D dummy model, mobile trigger input, online and physical store applications.",2,41,0,0.0,34,ok
2025,12327279,6,function,"search for systems that capture a user's body image via camera, model the user's shape using body scanning, generate a virtual representation, superimpose selected apparel onto that representation, and display either a live mirrored view or a rendered image, for fitting purposes in retail context.",1,47,0,0.0,31,ok
2025,12213752,13,summary,"Search for robotic eye surgery apparatus featuring a tiered driving mechanism with an RCM base, nested actuators delivering three‑axis motion for instrument control, integrated balance hardware, harmonic reducer, and proximity detection for collision prevention and emergency stop via controller button.",2,41,0,0.0,31,ok
2025,12213752,13,keyword,"search for robotic ophthalmic surgery platforms incorporating a three‑axis drive chain with a U‑shaped harmonic reduction stage, integrated RCM structure, proximity sensing for obstacle detection, vibration alarm, and a manual override button for continuous operation",1,37,0,0.0,26,ok
2025,12213752,13,function,"Search for robotic ophthalmic surgery systems featuring serial actuators that provide three‑axis motion via a coordinated arm structure with a fixed center‑of‑rotation, allowing precise instrument manipulation during retinal bypass, sub‑retinal injection, or vitrectomy, and incorporating obstacle‑sensing to halt motion and alert the operator.",2,48,0,0.0,35,ok
2025,12276258,27,summary,"Search for vertical wind‑capture framework with spaced radial walls creating airflow channels that feed an interior stack of balanced shaft segments, lowering start‑torque and enabling low‑speed conversion to electricity or hydraulic pressure.",1,35,0,0.0,25,ok
2025,12276258,27,keyword,"Search for compact wind‑capture towers with upright posts, multiple deflector panels projecting outward, channeling sections between panels, perforated openings feeding a central chamber, a vertically stacked drive‑shaft assembly driven by airflow, and integrated hydraulic or electrical generation modules.",2,40,0,0.0,31,ok
2025,12276258,27,function,"Search for wind energy devices using upright support with spaced wind-deflecting walls that funnel air through openings into a central chamber, driving a vertically stacked multiple-segment shaft to power electric generators or hydraulic pumps at low wind speeds.",1,40,0,0.0,29,ok
2025,12217966,8,summary,"Search for wafer processing methods that apply a three‑layer protective film bonded by heat, where the first layer is polypropylene, the second layer becomes fluid on heating, and the third layer stays flat, used for backside grinding without damaging the front surface.",3,43,2,0.07142857142857142,28,failed_constraints
2025,12217966,8,keyword,"Thermocompression‑bonded polypropylene protective film with a fluid second layer and a rigid third layer applied to a semiconductor wafer, forming a three‑layer shield during wafer processing, enabling backside grinding on a chuck table holding surface.",1,37,0,0.0,26,ok
2025,12217966,8,function,"Search for wafer processing techniques that apply a sequentially bonded polypropylene protective sheet assembly, where a middle heated fluid layer and a top flatness‑maintaining layer are used to thermocompress bond and protect the wafer surface before grinding operations.",3,39,0,0.0,26,ok
2025,12254136,6,summary,"compact haptic button system providing low‑profile tactile feedback, employing shape‑memory‑alloy wire actuators to move an intermediate element at an angle relative to the main button axis, enabling perpendicular motion suitable for integration into the side margin of a thin portable computer.",3,44,1,0.03225806451612903,31,failed_constraints
2025,12254136,6,keyword,"Low-profile tactile switch integrated along portable device edge, employing perpendicular motion of moveable component relative to static base, driven by intermediate lever rotating about a second axis and shape memory alloy wire contraction, producing contact-driven tactile response.",3,39,2,0.0625,32,failed_constraints
2025,12254136,6,function,"Search for low‑profile haptic button assemblies that employ shape memory alloy wires to actuate a movable lever along one axis via an intermediate element that moves or rotates on a second axis, delivering a tactile click while fitting into narrow edge recesses of handheld devices.",3,46,2,0.0625,32,failed_constraints
2025,12252311,25,summary,"Search for beverage container with hinged lid and spout where a mechanical interaction between lid and collar requires a preset threshold force to open, allowing controlled pour while preventing inadvertent opening, including optional lower re-closure force.",1,37,0,0.0,27,ok
2025,12252311,25,keyword,"Search for lid‑spout assemblies with a collar and coupling ring that employ an interaction member and element creating a threshold force for angular opening of a package lid, including an auxiliary threshold for closing, sliding and engagement surfaces, sealing ring, and pour outlet control.",1,45,0,0.0,28,ok
2025,12252311,25,function,"Seeking prior art for a pourable‑product container that includes a lid-spout unit with a threshold force hinge: the lid opens only when a defined opening force is exceeded, using a collar‑lid engagement to set that force.",3,39,1,0.041666666666666664,24,failed_constraints
2025,12275719,14,summary,"Search for novel small molecules of a defined structural class designed to inhibit Gal-3, including their salt forms, pharmaceutical formulations, and methods of synthesis and therapeutic application, covering compounds not previously disclosed.",3,33,0,0.0,22,ok
2025,12275719,14,keyword,"Search for Galectin‑3 inhibitory small molecules matching formula (I) structures, including soluble salt derivatives, compositions, synthesis routes, and therapeutic uses in oncology or fibrosis, focusing on galectin‑3 antagonists with optimized pharmacokinetics.",2,33,0,0.0,22,ok
2025,12275719,14,function,"search for chemical entities or salts that inhibit galectin‑3 activity, including pharmaceutical formulations, therapeutic compositions and manufacturing methods enabling galectin‑3 blockade for disease treatment.",1,26,0,0.0,17,ok
2025,12207416,2,summary,"Search for imaging systems that detect and classify packed components by analyzing shape and angle of multiple feature areas, using a reference part to identify co‑related candidates based on spatial and feature similarity.",1,34,0,0.0,22,ok
2025,12207416,2,keyword,"Find prior art for a component mounter with a camera imaging a bulk supply area, image processing to isolate brightness‑defined feature portions, state recognition using shape and angle of feature portions, reference and candidate identification within a positional search range, and determination of identical component membership.",2,47,0,0.0,33,ok
2025,12207416,2,function,"Search for robotic component‑handling systems that use camera‑based image processing to locate parts in bulk, recognizing individual components by measuring shape or angle of multiple feature areas, selecting a reference feature and nearby candidates within a positional window to confirm sameness.",2,43,0,0.0,30,ok
2025,12349993,13,summary,"Search for surgical robotic positioning systems using a reference frame, multi‑segment arms with adjustable joints, and computer‑controlled motion to align implants accurately while minimizing fluoroscopy exposure and operative time.",1,31,0,0.0,23,ok
2025,12349993,13,keyword,"Search for computer-assisted orthopedic platforms featuring a reference frame, dual articulated robotic arms with snap-release joints, real-time sensor data fusion for implant trajectory calculation, and fluoroscopy-reduced guidance systems.",2,32,0,0.0,25,ok
2025,12349993,13,function,"computer-assisted surgical apparatus providing a fixed base, a primary implant arm, and a movable secondary arm with releasable joints to align guiding trajectories to an implant joint using image‑based pose estimation and automated motion control for shorter procedures and lower radiation.",2,43,0,0.0,30,ok
2025,12262011,2,summary,"Searching prior art for adaptive intra‑prediction and residual generation in image compression, where transform block dimensions are chosen per color component, enabling variable width/height limits tied to chroma versus luma and color format, to improve reconstruction accuracy.",2,39,0,0.0,29,ok
2025,12262011,2,keyword,"Search for patent disclosures describing image decoding apparatus that divides a frame into blocks, determines intra prediction modes, generates intra prediction and residual blocks based on transform block dimensions tied to chroma components, color format, and top‑left position constraints.",3,40,3,0.1,30,failed_constraints
2025,12262011,2,function,"Discover image decoders that partition images into blocks, select intra‑prediction modes, produce intra and residual blocks sized per chroma and color format, and reconstruct pixels using block‑positioning based on maximum width and height limits.",3,36,1,0.037037037037037035,27,failed_constraints
2025,12240848,16,summary,"Search for small molecule inhibitors targeting Rho-associated kinase (ROCK) for novel therapeutic uses, focusing on structures with unique substituents that selectively block ROCK activity in disease models, including cardiovascular, CNS, and tumor indications.",2,34,0,0.0,25,ok
2025,12240848,16,keyword,"search for small-molecule ROCK-1/ROCK-2 inhibitors, selective rh-kinase modulators, therapeutic kinase inhibitors, cytoskeletal regulation, cardiovascular disease, neuroprotection, pharmacologically acceptable salts, chemotype analogs, in vitro kinase assay, cell-based activity, mechanistic studies, in vivo efficacy.",1,38,0,0.0,31,ok
2025,12240848,16,function,"Search for small molecules inhibiting rho-associated coiled-coil forming kinase, used in treating diseases such as hypertension, fibrosis, or cancer, including kinase-competitive inhibitors, allosteric inhibitors, chemical inhibitors, and their pharmacological formulations.",1,33,0,0.0,25,ok
2025,12205557,2,summary,"Composite image creation from dual application screenshots with priority‑based scaling: enlarge the higher‑priority image to fill the maximum area while preserving aspect ratio, position the lower‑priority image in the remaining space, and arrange based on each image’s resolution.",1,42,0,0.0,29,ok
2025,12205557,2,keyword,"Search for image generation systems using multiple processors to acquire dual application image data from a terminal, determining priority‑based layouts that enlarge high‑priority images to maximum aspect‑ratio‑preserving sizes while fitting second images into remaining space.",2,39,0,0.0,30,ok
2025,12205557,2,function,"Search for systems that combine two application windows’ screen captures, prioritize one, scale it to maximum size while preserving aspect ratio, fit the second image into the remaining space, and output a composite image.",1,34,0,0.0,23,ok
2025,12407966,2,summary,"Search for refrigerator designs featuring a detachable front panel that incorporates a microphone and voice communication path integrated into the door's upper trim area, allowing voice input without removing the panel.",1,32,0,0.0,21,ok
2025,12407966,2,keyword,"Search for refrigerators featuring a detachable front panel with an upper trim that houses a microphone module, an upper cap having trim and fixer openings, a voice conduit, rotatable door body, and a storage compartment.",3,35,1,0.045454545454545456,22,failed_constraints
2025,12407966,2,function,"Search for refrigerators that integrate a detachable front panel containing an embedded microphone module in a trim recess of the upper door cap, enabling voice input through a built‑in voice path for hands‑free operation.",1,36,0,0.0,23,ok
2025,12308306,8,summary,"Search for a chip package design with a carrier hosting an active component and a two‑tiered pin array of varying pitch, where a shielding enclosure keeps the top pins higher than the device, achieving excellent return‑loss (S‑parameter < ‑20 dB).",3,42,0,0.0,27,ok
2025,12308306,8,keyword,"Search for semiconductor packages with a carrier, integrated component, and a connector featuring an array of high‑density conductive pins adjacent to the component and a lower‑density array further away, a shielding layer exposing the pins, and S11 below –20 dB.",2,42,0,0.0,26,ok
2025,12308306,8,function,"Search for semiconductor packages with a carrier-mounted connector that has two conductive‑post groups of differing densities and pitch, a coplanar shield covering the carrier and posts, enabling S11 < −20 dB and enhanced signal integrity.",1,36,0,0.0,23,ok
2025,12355070,1,summary,"Search for a battery anode material with a silicon core surrounded by a porous carbon shell that contains intercalated lithium salt, produced by calcining silicon and carbon substrates, mixing with lithium salt, and freeze‑drying the composite to enhance capacity and longevity.",2,42,0,0.0,26,ok
2025,12355070,1,keyword,"Search for negative electrode materials featuring a silicon‑rich core encapsulated by a porous carbon shell containing intercalated organic lithium salt, prepared via calcined silicon–carbon mixture, followed by salt addition and vacuum freeze‑drying for lithium‑ion batteries.",3,39,3,0.1,30,failed_constraints
2025,12355070,1,function,"Search for a negative electrode composition where a silicon‑rich core is encapsulated by a carbon shell containing a lithium‑derived electrolyte and porous structure that allows partial ion intercalation, and a synthesis route that calcines mixed silicon–carbon precursors followed by low‑temperature drying.",2,45,0,0.0,29,ok
2025,12322753,1,summary,Seek prior art for battery electrolytes containing a nitrogen‑functional additive formula with alkoxy/alkylene/alkenyl substituents and boron or phosphorus groups that enhance long‑term cycle stability by forming protonic acid complexes.,2,33,0,0.0,24,ok
2025,12322753,1,keyword,"Search for electrolyte solutions containing a multifunctional nitrogenous additive derived from Formula 1 with alkoxy, alkylene, alkenyl substituents and B or P radicals, improving cycle stability and performance in rechargeable lithium‑ion devices.",2,33,0,0.0,20,ok
2025,12322753,1,function,"search electrolytic solutions with nitrogen‑containing additives that bond with protonic acids, enhancing stability and cycling in lithium secondary batteries, and extending service life.",2,24,0,0.0,16,ok
2025,12273990,2,summary,"Search for high‑frequency PCB designs that use a substrate with a cavity on its top surface, two opposing signal traces across the cavity, a capacitor overlapping the cavity, two spaced bond pads, and a neighboring ground plane, all incorporated into a modular package with a lid.",1,47,0,0.0,29,ok
2025,12273990,2,keyword,"Search for high‑frequency printed circuit assemblies featuring a substrate recess between opposing microstrip conductors, with a bypass capacitor bridging the line ends and separate bonding pads, plus a ground plane displaced from the recess and integrated in a module frame.",1,41,0,0.0,27,ok
2025,12273990,2,function,"Search for high-frequency printed circuit boards featuring a recessed dielectric area with two parallel signal traces separated by a ground plane, a through-chip capacitor overlapping the void and bonded to both traces, enabling minimized trace capacitance and improved signal integrity in advanced modules.",2,45,0,0.0,32,ok
2025,12294632,4,summary,"Search for network gateways that translate MQTT‑SN to MQTT, enabling sensor nodes to subscribe and receive partitioned payloads via a connection node, with metadata indicating block size, continuation, and index.",3,31,0,0.0,21,ok
2025,12294632,4,keyword,"Search for network exposure node enabling MQTT‑SN gateway to translate non‑IP terminal connections, subscribe to topics, and relay multi‑block messages with size, continuation, and index fields between non‑IP sensor devices and an MQTT broker.",3,38,2,0.07142857142857142,28,failed_constraints
2025,12294632,4,function,"search for a broker that translates a lightweight sensor network protocol to a standard message queue protocol, supports non‑IP sensors connecting through an intermediate node, enables device subscriptions to topics, receives segmented sensor data and forwards it with size, continuation flag and block index information.",3,46,0,0.0,32,ok
2025,12395533,4,summary,"Search for systems that classify AI inference requests and route them to secure variants or isolated environments based on security tags, using a front‑end agent to flag and a placement service to select protected execution nodes.",1,37,0,0.0,23,ok
2025,12395533,4,keyword,"Search for methods that employ a front‑end security agent to classify user‑generated AI prompts, transmit classification‑eligible requests to a variant selection engine, route them to a secured production environment, execute an inference workload, and return the payload to the user interface.",3,44,1,0.03571428571428571,28,failed_constraints
2025,12395533,4,function,"Method for selecting a secure variant of an AI inference workload: classify a user prompt to determine eligibility, forward it to a placement service that classifies the payload to choose a secured variant, execute the model on a protected environment, and return the results.",1,44,0,0.0,24,ok
2025,12370016,13,summary,"Automated system for validating and improving a patient’s virtual tooth structure by comparing a fresh intra‑oral scan with archived treatment records, inferring missing or inaccurate positions from prior models, and generating a corrected 3‑D representation with selectable overrides while preserving proven features.",2,45,0,0.0,29,ok
2025,12370016,13,keyword,"Search for systems that automatically validate a three‑dimensional tooth reconstruction by comparing it to a historical dentition representation, using similarity metrics to infer missing tooth positions and update the current model, and then highlighting and restricting user edits on inherited features.",2,42,0,0.0,27,ok
2025,12370016,13,function,"looking for prior art regarding automated quality verification of a 3D-structured representation of dental arches derived from intraoral scans, incorporating comparison with prior orthodontic treatment models to infer missing or ambiguous tooth positions and augment the current model.",2,39,0,0.0,27,ok
2025,12427740,29,summary,"Method for producing composite aerospace parts with carbon fiber skins and metal cores: melt a removable core, wind fiber, drain the filler, pre‑cool fibers with liquid nitrogen, cast molten metal under pressure to avoid fiber damage.",1,37,0,0.0,28,ok
2025,12427740,29,keyword,"Method for fabricating carbon‑fiber reinforced aerospace body by winding cloth over a meltable core mold, draining molten fusible material, cryogenic liquid nitrogen cooling of non‑stressed shell, metallurgical coating with molten metal under pressurised airtight containment, and subsequent cooling to yield composite structural part.",1,45,0,0.0,36,ok
2025,12427740,29,function,"process for forming composite aircraft structural members that melts a low‑melting alloy core, wind a textile layer around it, drain the melt, immerse the outer skin in liquid nitrogen, coat pressure‑sealed metal, then cast and cure the metal to produce a reinforced profile.",2,45,0,0.0,31,ok
2025,12373505,6,summary,"Searches online directories for business profiles, caches results to accelerate retrieval, scores candidates, scrapes or calls APIs to collect profile data, normalizes it, and compares it against stored reference listings to evaluate data accuracy and issue a compliance rating.",3,39,0,0.0,27,ok
2025,12373505,6,keyword,"Search for systems that audit external web profiles of physical entity locations by caching search‑engine results, scoring link relevance, scraping API data, normalizing against reference listings, and assigning audit scores based on validity comparisons.",1,35,0,0.0,27,ok
2025,12373505,6,function,"Search system that retrieves and caches web search results, scores results to identify location-based entity profiles, scrapes or calls APIs to collect profile data, normalizes the data, contrasts it with reference listings, and produces an audit outcome.",2,38,0,0.0,26,ok
2025,12271425,6,summary,"Searching for prior art describing automated pruning of data governance hierarchies by evaluating term–asset associations, rule‑usage thresholds, and age‑based grace periods to decide which governance terms should be flagged and subsequently removed from nested hierarchical structures.",1,39,0,0.0,28,ok
2025,12271425,6,keyword,"method and software for condensing a data governance hierarchy by evaluating assignment relationships between governance terms and information assets, applying usage thresholds across policy rules, marking low‑usage terms for deletion after a grace period dependent on node age and contextual governance structure",1,43,0,0.0,32,ok
2025,12271425,6,function,"Search for methods that automatically prune a data governance hierarchy by evaluating governance term usage across assets and rules, applying thresholds to mark terms for deletion, incorporating grace periods for young term nodes, and performing hierarchical node removal in a computer‑implemented system.",1,43,0,0.0,30,ok
2025,12221893,27,summary,"Search for aircraft turbine pitch control systems that use sensor‑derived excitation load signals to command coordinated airfoil actuation via a unison ring and ensemble actuators, aiming to reduce vibration and improve stability.",1,33,0,0.0,24,ok
2025,12221893,27,keyword,"search for aircraft turbine engines with computer‑controlled blade pitch adjustment systems using sensor‑derived excitation load compensation, actuators mounted on fan case, and a ring‑type coupling mechanism for coordinating multiple blade actuators.",3,34,2,0.07692307692307693,26,failed_constraints
2025,12221893,27,function,"search for systems that compute an airfoil pitch adjustment command driven by measured excitation loads on a turbine engine, sending instructions to a ring‑mounted ensemble actuator and unitary actuators to modify blade pitch and damp vibrational loads.",3,38,0,0.0,25,ok
2025,12294841,2,summary,"Search for a method that splits an audio stream into several category‑based source signals, further into sub‑signals, and assigns each sub‑signal to predetermined vehicle cabin speakers according to routing rules to achieve immersive in‑vehicle sound.",2,39,0,0.0,26,ok
2025,12294841,2,keyword,"Method for distributing decomposed audio signals to multiple speaker modules positioned in a vehicle cabin, using category-specific sub-channel routing based on a predetermined distribution principle to achieve immersive surround sound playback.",3,33,4,0.16666666666666666,24,failed_constraints
2025,12294841,2,function,"Method for on‑board car audio that deconstructs playback signals into distinct sound categories and sub‑signals, assigning each sub‑signal to specific cabin speaker modules via a rule‑based routing map, enabling precise immersive multi‑room surround sound.",1,39,0,0.0,30,ok
2025,12272138,6,summary,"Develop a vehicle collision alert system that trains a lightweight front‑end classifier from roadway images and speed, uses a sliding‑window of feature vectors to predict collision risk in real time, and forwards findings to a back‑end validator that filters false positives.",1,44,0,0.0,29,ok
2025,12272138,6,keyword,"Search for vehicle collision warning systems that use sliding-window image feature extraction from front‑facing cameras, recurrent or CNN classifiers, probability estimation, real‑time alerts, and backend verification to filter false positives for fleet safety dashboards.",1,37,0,0.0,28,ok
2025,12272138,6,function,"Search for systems that train a collision‑warning neural network from roadside images, speed data, and collision labels; use sliding‑window feature vectors to compute per‑frame collision probability; trigger vehicle alerts; and have remote backend models to verify, filter false positives, and route events to a safety inbox.",1,49,0,0.0,35,ok
2025,12387099,2,summary,"Personalized recommendation engine that uses a trained base model updated with user consumption and device interaction data, adjusting predictions based on skipped segments and overall viewing patterns, then suggests alternate media items featuring shorter dialogue subcontent.",2,36,0,0.0,28,ok
2025,12387099,2,keyword,"content recommendation engine applying an agnostic‑trained model updated by user profile consumption logs, device playback of scene metadata distinguishing non‑dialogue and dialogue subscenes, with adjustment for skipped dialogue, producing recommendations for shorter dialogue subscenes.",1,36,0,0.0,27,ok
2025,12387099,2,function,"Personalized recommendation engines that analyze user content consumption, including scene-level metadata, to adapt a pre‑trained model, detect skip behaviors on specific sub‑scenes, update the model, and output shorter dialogue segment suggestions for future viewing.",1,37,0,0.0,28,ok
2025,12206902,2,summary,"Searching for methods where a coding tool's activation in a lower syntax level of a video bitstream depends on a flag indicating lack of a higher‑level structure, including luma mapping and chroma scaling operations.",1,36,0,0.0,21,ok
2025,12206902,2,keyword,"Search for video coding patents describing a rule‑based conversion of slice‑based video pictures to bitstreams where a syntax flag determines presence of a syntax element, contingent on missing higher‑level syntax structures, employing a tool that transforms luma samples to specific values and scales chroma.",3,47,0,0.0,32,ok
2025,12206902,2,function,"video encoding rule that conditionally includes a first-level syntax element during conversion of a slices-based video picture to a bitstream, based on a flag indicating absence of a higher-level syntax structure, employing a coding tool that remaps luma samples and scales chroma values",1,46,0,0.0,31,ok
2025,12250565,4,summary,"Search for 5G access node techniques that use MAC control signals to inform UEs of multi-component-carrier transmission state changes with reduced message size, employing bit flags to indicate shared configurations and multiple state options in multi-TRP setups.",2,40,0,0.0,30,ok
2025,12250565,4,keyword,"Search for patents describing a 5G base station generating control messages to update UE with multiple component‑carrier settings, including TCI codepoint modifications, SRS resource mapping, and MAC control elements carrying serving‑cell identifiers for coordinated beamforming.",2,37,0,0.0,29,ok
2025,12250565,4,function,"Search for systems that generate MAC elements to signal UEs to simultaneously update transmission settings for groups of component carriers in a multi‑TRP 5G environment, reducing signaling overhead and latency while supporting carriers with multiple configuration states.",2,38,0,0.0,26,ok
2025,12312469,17,summary,"Search for resin compositions combining a bifunctional monomer with two polymerizable sites, a two‑stage polymer comprising sub‑components of low Tg (<10 °C) and high Tg (≥60 °C), and a thermoplastic (≥30 °C Tg) used to improve impact resistance of thermosets.",2,42,0,0.0,27,ok
2025,12312469,17,keyword,"Search for patents describing a two‑stage polymer system with a low‑glass‑transition (<10 °C) component, a high‑glass‑transition (≥60 °C) component, a thermoplastic matrix (Tg ≥30 °C, Mw 10–500 k), and a bifunctional monomer incorporated into a (meth)acrylate resin for improved impact resistance and in thermosetting resin formulations.",3,53,0,0.0,34,failed_constraints
2025,12312469,17,function,"search for polymer systems mixing a two‑stage copolymer (low‑Tg first phase, high‑Tg second phase) with a high‑Tg thermoplastic and a bifunctional monomer, to produce impact‑enhanced thermosetting resins or composites.",1,34,0,0.0,23,ok
2025,12387203,7,summary,"Search for blockchain‑based point‑of‑sale exchange protocols where a device’s public key is used to request swapping the device for part of a payment asset, with conditions validated via a de‑encrypted distributed ledger and the transaction logged on that ledger.",1,44,0,0.0,25,ok
2025,12387203,7,keyword,"Processor‑capable POS terminal asset trade employing public key solicitation, private key extraction, cryptographic decryption of distributed ledger rule set, conditional authorization dispatch, and transaction recording within a blockchain ledger.",1,30,0,0.0,25,ok
2025,12387203,7,function,"Search for POS terminal solutions that allow surrender of a purchased token in exchange for part of an original resource, using a device’s public key to request its secret key, decrypting ledger‑stored condition sets, authorizing trades when conditions are met, and recording the result on a distributed ledger.",2,50,0,0.0,30,ok
2025,12362276,8,summary,"Semiconductor package featuring isolated dummy conductors on separate second pads, employing height‑offset redistribution to lower EMI, with a dielectric layer opening exposing functional pads and bonding dummy conductors to isolated pads, stabilizing supply noise without direct IC connection.",1,39,0,0.0,31,ok
2025,12362276,8,keyword,"semiconductor package featuring a dielectric layer with apertures exposing contact pads, an isolated dummy conductor on a distribution layer, level‑aligned connecting terminals, solder‑mask recesses for first and secondary contact pads, and stacked interfaces for thermal integrity.",2,38,0,0.0,27,ok
2025,12362276,8,function,"Search for semiconductor packages employing isolated dummy conductors on dedicated secondary pads, electrically separated from IC terminals, with level-aligned interfaces for both active connections and floating/grounded dummies, enabling reliable redistribution layers and improved signal integrity.",1,37,0,0.0,28,ok
2025,12316041,1,summary,"A high‑speed transmission connector with a terminal split into two housing‑mounted sections joined by a bendable intermediate zone that rotates the component’s orientation from vertical plate width to orthogonal thickness, enabling easy manufacturing.",3,36,2,0.08695652173913043,23,failed_constraints
2025,12316041,1,keyword,"Search for high‑speed transmission connectors featuring a terminal with first and second retention sections in separate housings, a bendable switching segment, and plate‑like faces oriented at perpendicular angles, enabling efficient manufacturing and reliable mating.",3,36,2,0.08,25,failed_constraints
2025,12316041,1,function,"Search connectors featuring a two-part housing with a movable second housing, a terminal having separate retained segments, and an intermediate coupling that bends from a horizontal to a vertical orientation, enabling rapid assembly and high‑speed signal transfer.",2,39,0,0.0,25,ok
2025,12282268,9,summary,"Search for electrophotographic developing rolls with a metallic core and rubber sleeve, whose outer surface includes a urethane‑based high‑friction center and smooth silicone low‑friction ends designed to reduce toner leakage and enhance process stability.",1,37,0,0.0,27,ok
2025,12282268,9,keyword,"Search patent documents for electrophotographic developing rolls with metal cores, rubber annular elastics, urethane central surfaces, silicone end portions, kinetic friction ≤0.1, Rz ≤1.8 µm, and toner containment device features.",3,32,0,0.0,22,ok
2025,12282268,9,function,"search for electrophotographic developing rolls that combine a central high‑friction, high‑roughness urethane section with low‑friction, low‑roughness silicone end sections to improve toner transfer and containment, reducing particle leakage from toner containers.",1,35,0,0.0,26,ok
2025,12381684,3,summary,"Describe a method for choosing MIMO beamforming layers and transmit ports by measuring each port's signal‑to‑noise ratio and estimating inter‑port correlation, then selecting ports with high SNR and low correlation from a set of UE‑issued reference transmissions.",3,42,1,0.03571428571428571,28,failed_constraints
2025,12381684,3,keyword,"MIMO beamforming layer‑and‑port selection leveraging wideband SRS‑port correlation matrices and SNR thresholds, first picking the highest‑SNR SRS port, then iteratively adding ports whose cross‑correlation stays below a chosen correlation threshold and whose SNR exceeds the threshold—searching for earlier patents on SRS‑port subset selection.",2,50,0,0.0,40,ok
2025,12381684,3,function,"methods for selecting MIMO beamforming layers by receiving sounding reference signals, measuring per‑port SNR, computing a wideband correlation matrix, setting correlation and SNR thresholds, and choosing ports with SNR above threshold while keeping correlation below threshold.",3,37,1,0.034482758620689655,29,failed_constraints
2025,12286416,14,summary,"A method to synthesize cyclic monothiocarbonate derivatives by converting halohydrin precursors with a halogenated carbonyl reagent into an adduct, then reacting with a sulfur nucleophile to form five‑membered cyclic monothiocarbonate structures.",3,32,2,0.1,20,failed_constraints
2025,12286416,14,keyword,"Find patents describing conversion of halohydrin halide derivatives to cyclic monothiocarbonates via a carbamate intermediate formed by reacting with a carbonyl chloride or alkyl chloroformate, followed by addition of a sulfur anion nucleophile.",2,33,0,0.0,21,ok
2025,12286416,14,function,"Search for processes that convert halohydrins with phosgene or alkyl chloroformates into reactive intermediates, then react those intermediates with anionic sulfur reagents to produce 5‑membered cyclic monothiocarbonates for use in organic synthesis.",1,33,0,0.0,21,ok
2025,12315058,6,summary,"Search for methods that map articulated object poses from one coordinate space to another by matching corresponding feature points, then transfer root, orientation, and joint positions, adjusting subsidiary joints based on joint hierarchy, to generate animation data for a target model.",1,41,0,0.0,29,ok
2025,12315058,6,keyword,"A processor‑driven method defines a correspondence function between a source motion capture space and a target representation space using feature landmarks, applies this function to transform a root coordinate, orientation, and primary joint, infers secondary joint positions from hierarchical relationships, and generates target pose data for animation rendering.",3,49,0,0.0,35,ok
2025,12315058,6,function,"How can a processor define a mapping for translating pose points between two equally dimensional spaces, locate the root, orientation, and main joint, infer a secondary joint, then modify and render the target pose animation?",2,35,0,0.0,25,ok
2025,12288234,7,summary,"Search prior art for a platform that verifies merchant‑developer ownership of an API or SDK application by embedding a unique identifier in the app’s metadata, extracting it, and matching it against a stored ID to approve access.",2,39,0,0.0,21,ok
2025,12288234,7,keyword,"System for verifying ownership of a distributed software application by embedding a unique identifier in the application’s metadata, retrieving the application package from a registrant service, comparing identifiers stored in a provider’s database, and approving merchant access to an e‑commerce platform.",1,44,0,0.0,24,ok
2025,12288234,7,function,"Method for validating a third‑party application using a unique identifier embedded in bundled SDK/API metadata, retrieving the corresponding package from an app registry, comparing the extracted ID to a database‑stored identifier, and granting platform access if matched.",2,40,0,0.0,26,ok
2025,12306244,10,summary,"A method and apparatus for dynamic allocation of test resources where scan input and output channels of multiple devices under test are routed through configurable data‑distribution units, each comprising selector and register stages, linked to a shared test bus.",2,40,0,0.0,27,ok
2025,12306244,10,keyword,"Search for integrated test circuitry with dynamic data routing, using selector‑register pairs for scan‑input and scan‑output mapping, leveraging a configurable test bus to connect multiple ASICs, optimizing resource allocation based on input–output channel counts.",2,38,0,0.0,29,ok
2025,12306244,10,function,"How is a dynamic data distribution network constructed to route test vectors between a shared test bus and multiple scan input and output channels of integrated devices, using selectors and registers, allowing on-demand resource allocation during scan testing?",2,39,0,0.0,28,ok
2025,12354917,8,summary,"Simultaneous dual fluid or laser singulation of die across multiple die streets by directing each fluid jet or laser beam along a die street, enabling staged material removal along the street length and zig‑zag separation of each die while preserving supporting structures.",3,43,0,0.0,33,ok
2025,12354917,8,keyword,"Search for semiconductor substrate die singulation methods using fluid jets or laser beams traveling along die streets, including zigzag removal of trench material, simultaneous dual‑jet processes, and integration with die support frames on silicon wafers.",3,36,2,0.07142857142857142,28,failed_constraints
2025,12354917,8,function,"Search for semiconductor wafers where coordinated fluid jets or laser beams remove inter‑die material in a zigzag or simultaneous fashion, enabling selective singulation of individual dies while preserving adjacent support structures, with jets moving only along the separation zones.",3,40,2,0.06896551724137931,29,failed_constraints
2025,12308598,9,summary,"Ultraviolet laser resistant optical substrate system with a protective front coating, a metal adhesion layer on a portion of the opposite surface, a thin blocking layer (~60–280 nm), a thinner capping layer (<blocking thickness), and a seal between cap and support structure.",1,43,0,0.0,29,ok
2025,12308598,9,keyword,"Search for prior art on a UV‑laser‑resistant transparent substrate coated on one face with a protective layer, on the opposite face a metal adhesion layer topped by a thin (<280 nm) blocking film and a thinner capping layer, sealed to a supporting frame.",2,45,0,0.0,28,ok
2025,12308598,9,function,"Investigating thin-film protective architectures for light‑permeable elements that shield against ultraviolet laser exposure, incorporating a partially adhered blocking layer (<280 nm), a thinner capping cover, and a sealing assembly bonded to the support frame—enabling high‑damage‑threshold optical interfaces.",2,42,0,0.0,32,ok
2025,12431954,3,summary,"Search for wireless equipment that measures several reference signals, then chooses one for communication, using either a scheme of N signals with a time offset or a scheme of 2N signals spaced half as wide, allowing flexible beam selection.",1,39,0,0.0,25,ok
2025,12431954,3,keyword,"Search for prior art on user equipment measuring and selecting frequency‑domain reference beams under two schemes: first transmitting N beams then offsetting them, second transmitting 2N beams with half adjacent spacing, for beam‑based communication with a base station.",1,40,0,0.0,29,ok
2025,12431954,3,function,"Search for prior art on techniques that measure many frequency‑domain reference signals, pick at least one, and employ it in cellular communication, where the references follow either (i) an N‑signal schedule with offset repetition, or (ii) a 2N‑signal set with half spacing.",2,45,0,0.0,27,ok
2025,12387676,2,summary,"An LED display system corrects defective pixels by storing calibration curves during fabrication, then at operation selects the lowest‑grade compensation parameters excluding the top K % of values, rescaling image data to a unified gray range before driving both healthy and faulty pixels.",2,43,0,0.0,31,ok
2025,12387676,2,keyword,"look for LCD/LED display panels that separate normal and anomalous pixels, utilize a driver storing compensation tables, compute final correction by discarding top K % of values, and rescale grey levels into a common reference band.",1,36,0,0.0,24,ok
2025,12387676,2,function,"search for display panel pixel correction where controller calculates compensation using lower percentile of stored pixel values, excludes top K% outliers, defines reference gray range, and applies same maximum compensation to high outliers, rescaling overall luminance.",1,36,0,0.0,28,ok
2025,12426629,34,summary,"Search for aerosol delivery system with rotating chamber array, positionally aligned discharge, and transfer chamber buffering aerosol to granule medium.",1,20,0,0.0,14,ok
2025,12426629,34,keyword,"Search for aerosol delivery devices featuring a rotating chamber assembly, multiple media‑filled cavities for granule aeration, a discharge aperture aligned with a transfer chamber, position‑locking mechanisms, and upper and lower apertures facilitating aerosol flow from source to output.",2,40,0,0.0,28,ok
2025,12426629,34,function,"Aerosol‑delivering system that uses a rotating chamber array positioned by a limiter, each chamber holding solid granules, receiving aerosol via a transfer‑buffer chamber between case and disc, to create pressure‑controlled passage through granules before ejection.",1,38,0,0.0,29,ok
2025,12329607,13,summary,Search for an implant surgical driver with asymmetrically arranged radial supports of unequal size for torque transfer and a separate recognition module using positional identifiers and dummy markers to determine fixture positioning and orientation.,2,34,0,0.0,22,ok
2025,12329607,13,keyword,"surgical implantation driver featuring an engagement head transmitting torque, dual radially protruding supports of unequal size arranged asymmetrically along a central axis, and a separate recognizer with position identifiers and spaced dummy markers to detect fixture alignment.",2,37,0,0.0,27,ok
2025,12329607,13,function,"Search for surgical implant driver heads or tool sets that use radially protruding, asymmetrically arranged support arms of unequal size to transfer implantation torque, along with a position‑identifying mechanism such as dummy markers that detect fixture alignment or orientation during implantation.",1,42,0,0.0,30,ok
2025,12381639,3,summary,"A distributed RF detection network that uses on‑board machine‑learning classifiers to analyze inexpensive antenna signals, identifying frequency, modulation, source type, and location even in noisy or non‑line‑of‑sight conditions, and reporting deviations via a low‑power communication link.",3,42,1,0.03333333333333333,30,failed_constraints
2025,12381639,3,keyword,"radio‑frequency detection with low‑cost SDR antennas, digital sampling, machine learning classifiers, regression models, determining amplitude, frequency, modulation, SNR, source type, location, and abnormal signal deviations, networked sensor nodes, non‑LOS environments, trained statistical models, signal fingerprinting.",2,38,0,0.0,34,ok
2025,12381639,3,function,"Search for low‑cost RF sensing systems that use on‑board machine learning classifiers to detect, classify, and localize radio signals, assessing frequency, modulation, source, power, SNR, and signal changes in noisy or obstructed environments.",3,35,0,0.0,25,ok
2025,12298664,9,summary,"Search for a system that removes a semiconductor mask from its carrier, inspects the mask surface and carrier for defects via a robotic arm, decides if the carrier needs cleaning or replacement within a window, and places the mask back into a cleaned or new carrier to shorten inspection time.",2,50,0,0.0,28,ok
2025,12298664,9,keyword,"Search for EUV mask inspection methods featuring automated pod extraction, pod cleanliness assessment, swap decision logic, and synchronized pod replacement during mask inspection period.",3,24,1,0.05,20,failed_constraints
2025,12298664,9,function,"How can an industrial lithography system automatically remove a mask from its carrier, simultaneously examine the mask and carrier for debris, determine if the carrier must be replaced, and then reload the mask into a new carrier during a set pause, all while reducing inspection cycle time?",2,47,0,0.0,30,ok
2025,12380970,2,summary,"Search for systems where a scanner selects patient data, shows categorized document types, shades categories that recently had files to prevent duplicate uploads, auto‑generates filenames from chosen patient and category identifiers, and transmits images to a remote server.",1,39,0,0.0,27,ok
2025,12380970,2,keyword,"medical image scanner with controller that receives patient records and document categories from a PC, lets user select patient info, shows categories color‑coded by file age, assigns name from selections, and uploads scanned image to a server",1,38,0,0.0,26,ok
2025,12380970,2,function,"Image scanner system that receives patient records and document categories, permits user selection of a patient, displays categories with grayout when recent images exist, auto‑generates filenames embedding patient and category, and uploads to a server.",1,36,0,0.0,24,ok
2025,12305465,35,summary,"Search for a nested wellhead tubing hanger featuring a removable inner hanger locked by a radially movable engagement mechanism actuated to release or engage the inner hanger via a profile lock, reducing installation steps and improving hook‑up efficiency.",3,39,1,0.037037037037037035,27,failed_constraints
2025,12305465,35,keyword,"Search for nested tubing hanger designs featuring a wellhead housing, a steel outer hanger with a parent cavity, a radially movable locking member actuated from unengaged to engaged states, and an inner hanger that locks via an outer engagement surface, removable by retraction.",3,43,2,0.07142857142857142,28,failed_constraints
2025,12305465,35,function,Search for a nested tubing hanger system featuring an outer hanger with a movable radial locking element actuated by a tool that secures an inner hanger through an engagement profile and permits removal when released.,3,35,1,0.047619047619047616,21,failed_constraints
2025,12425592,2,summary,"Search for image codecs using adaptive matrix transform applied to transform coefficients after residual coding, where the matrix size depends on block dimensions and prediction context for improved compression.",2,29,0,0.0,20,ok
2025,12425592,2,keyword,"Search for image decoding methods applying low‑frequency non‑separable transform, block size‑dependent 16×16 or 32×64 matrices, intra‑prediction mode based LFNST sets, residual coefficient modification, coding enhancement, next‑generation video compression.",3,35,6,0.1935483870967742,31,failed_constraints
2025,12425592,2,function,"Search for image coding techniques that derive a transformation matrix from a block's prediction context and size, then apply it to transform coefficients before entropy coding to maximize compression gain while limiting decoder complexity.",2,35,0,0.0,23,ok
2025,12342419,4,summary,"Search for methods enabling 4G to 5G roaming by mapping user equipment usage types to attribute pairs, determining subscriber profiles within a converged core, and configuring connections based on those profiles.",1,31,0,0.0,22,ok
2025,12342419,4,keyword,"Search for systems that store a mapping of device usage categories with attribute‑value pairs to determine a subscriber profile, enabling the configuration of a 4G‑initiated 5G connection based on subscription data in a modern converged core network.",3,39,2,0.08333333333333333,24,failed_constraints
2025,12342419,4,function,"Searching for methods or systems that store a mapping of device usage types and, on receiving a 4G‑to‑5G handover request containing a usage type, use the mapping to fetch an appropriate user profile in a converged core and configure the 5G link accordingly.",2,45,0,0.0,26,ok
2025,12341377,27,summary,"Search for a turbocharger motor design featuring a rotor surrounded by a stator with multiple partially extending fins that leave a circumferential gap, enhancing airflow and heat exchange while maintaining rotor support and magnetic coupling.",2,35,0,0.0,23,ok
2025,12341377,27,keyword,"turbocharger rotor‑stator assembly with radially extending finned stator forming a circumferential gap, each fin internal diameter 1.2‑3× rotor diameter, and outer fin portions wound with coils.",2,29,0,0.0,20,ok
2025,12341377,27,function,"Search for a rotor‑centric compressor motor where stator fins terminate short of the rotor, creating a circumferential flow channel with fin inner diameters 1.2–3× the rotor’s external diameter, enabling efficient air compression in automotive engines.",2,39,0,0.0,24,ok
2025,12327648,27,summary,"A sealed containment system encloses a liquid‑fuel nuclear reactor, with critical and subcritical zones, a heat exchanger, and a drain tank; inert gas lines adjust internal pressures to direct salt circulation, while a surrounding absorbent layer captures fission products.",2,40,0,0.0,29,ok
2025,12327648,27,keyword,"Search patents for sealed containment structures surrounding integrated molten salt reactors with heat exchangers and cores, fission‑product absorbent barriers, inert‑gas manifold systems, and pressure‑driven fuel‑salt circulation between critical and subcritical zones.",3,35,1,0.03571428571428571,28,failed_constraints
2025,12327648,27,function,"Looking for prior art on sealed containment systems for integral molten salt reactors that use an integrated vessel with critical and subcritical regions, internal heat exchanger, drain tank, and an inert‑gas pressure‑management system to divert molten salt between regions while absorbing fission products.",3,45,4,0.12121212121212122,33,failed_constraints
2025,12193635,13,summary,"Search for prior art on electronic systems that capture sequential oral feature data, compute positional deviations to assess disease evolution, build predictive models, and trigger treatment suggestions when values reach a threshold.",2,32,0,0.0,23,ok
2025,12193635,13,keyword,"e​lectronic monitoring of oral conditions using imaging sensors, baseline landmarks, time‑series comparison, prognostic models, threshold‑based treatment recommendations within dental clinics, integrated with workflow, patient‑specific risk scoring, digital periodontal mapping, predictive analytics, automated alerts.",1,37,0,0.0,32,ok
2025,12193635,13,function,"Search for systems that electronically collect and compare oral feature measurements over time to diagnose and predict dental disease, creating models that trigger threshold‑based treatment or monitoring recommendations.",1,29,0,0.0,20,ok
