year,patent_id,wipo,query_type,query_text,attempt_used,query_word_count,leak_overlap_count,leak_overlap_ratio,leak_query_ngram_count,status
2005,6882480,2,summary,"Search for projector modules where color‑combining optics are mounted on heat‑insulated spacers separating them from light‑modulating elements, including intermediate conversion films, to prevent heat transfer and improve modulator cooling while sustaining small form factor and high brightness output.",1,41,0,0.0,30,ok
2005,6882480,2,keyword,"optical modulator projector with heat‑insulating spacer between modulator and color‑combining device, heat‑conductive housing, thermal shielded control cable, high luminance, compact size",3,24,1,0.05,20,failed_constraints
2005,6882480,2,function,"Search for devices that separate heat generated by light-modulation elements from conversion layers using insulated spacers, improving cooling and enabling compact, high-brightness projectors.",2,25,0,0.0,18,ok
2005,6949222,13,summary,"Search for a system that controls electron‑beam sterilization by measuring each object’s travel speed, automatically adjusting the beam current and voltage in response, and ejecting the item if the delivered dose falls below a preset threshold.",1,38,0,0.0,23,ok
2005,6949222,13,keyword,"Electron‑beam sterilization system with speed‑sensing detector, velocity‑to‑control converter, high‑voltage filament current generator, process control unit comparing real‑time high‑voltage and filament current to programmed norms, and negative‑signal‑activated ejector for sterile object removal.",3,40,4,0.13333333333333333,30,failed_constraints
2005,6949222,13,function,"search for industrial apparatus that monitors conveyor speed during electron beam sterilization, automatically regulates filament current and high voltage to maintain prescribed dosage, compares real‑time dose parameters with preset norms, and ejects the product when deviations exceed limits.",1,39,0,0.0,29,ok
2005,6854269,27,summary,"Search for hydraulic noise suppression systems using a flow restrictor, a downstream flow‑velocity sensor, and a valve‑controlled bypass loop that adjusts flow to damp pressure oscillations.",1,28,0,0.0,19,ok
2005,6854269,27,keyword,"Search for hydraulic noise suppression systems employing a flow restriction element integrated with a sensor that measures downstream pressure oscillations, coupled to a valve‑controlled bypass loop that adjusts flow to reduce acoustic emissions in pump‑actuator circuits.",2,38,0,0.0,26,ok
2005,6854269,27,function,"Search for hydraulic noise suppression systems where a flow restriction is placed upstream of a pump‑actuator line, a sensor monitors downstream pressure oscillations, and a valve‑controlled bypass delivers corrective flow to dampen hydro‑acoustic disturbances.",1,37,0,0.0,25,ok
2005,6860142,10,summary,"automatic fluid monitoring and cleaning system for metalworking processes that circulates fluid through sensors, injects cleaning agents or calibrants, uses valves and manifolds to manage flow, and delivers real‑time corrective adjustments based on measured parameters.",1,36,0,0.0,26,ok
2005,6860142,10,keyword,"automatic system for real‑time monitoring of metalworking fluid parameters with an integrated sensor array, cleaning agent injection, valve manifolds, and calibration routines for pH, conductivity, temperature, refractive index; includes a circulating pump, metering device, functional material source, and feedback control.",1,41,0,0.0,31,ok
2005,6860142,10,function,"automatic monitoring and control of metalworking fluid parameters with integrated sensor calibration and cleaning cycles, using pumps, inlet/outlet manifolds, functional material injection, refractometer sensing, and fluid circuit valve sequencing.",1,30,0,0.0,23,ok
2005,6908409,31,summary,"Stepless friction drive uses adjustable contact plates and a compliance system of upper/lower bearing shells, cage‑mounted balls, and a traction element linked to a hydraulic piston, enabling elastic deformation compensation while transferring torque through swivelling friction wheels.",3,39,3,0.1,30,failed_constraints
2005,6908409,31,keyword,"search for stepless friction transmission comprising swivelable friction wheels between twin toroidal input/output discs, with an adjustable compensatory bearing cage of upper/lower shells and balls actuated by a hydraulic piston.",3,32,1,0.043478260869565216,23,failed_constraints
2005,6908409,31,function,"search for stepless friction drive mechanism with adjustable friction wheel support that compensates for elastic deformation using a bearing element, ball cage, and hydraulic piston to maintain torque transfer and variable output speed",3,33,1,0.043478260869565216,23,failed_constraints
2005,6925281,9,summary,"Search for methods to apply and fuse an abrasion‑resistant, transparent toner blend from a donor layer onto both surfaces of a sheet, using a transfer station and fuser to form a uniform protective layer safeguarding images.",1,37,0,0.0,23,ok
2005,6925281,9,keyword,"Method for coating a dual‑surface recipient sheet with a transparent abrasion‑resistant toner resin, applying from a donor device, transferring to both surfaces by a contact station, and fusing via a heat fuser, optionally with light‑fast additives.",3,39,3,0.12,25,failed_constraints
2005,6925281,9,function,"Search for methods that apply and fuse a protective toner coating to both sides of a substrate via a donor plate and transfer station, forming a durable image‑protective finish.",2,30,0,0.0,18,ok
2005,6950505,3,summary,"Search for automated telephone monitoring that captures caller number, destination number before transfer, logs timestamps, identifies caller location and identity via database matching, and initiates return calls for flagged numbers.",2,30,0,0.0,23,ok
2005,6950505,3,keyword,"search for telephony monitoring system with processor and database that detects caller‑origin and destination numbers before call transfer, logs call time, locates caller via database match, and auto‑generates a return call based on stored identifiers.",1,37,0,0.0,27,ok
2005,6950505,3,function,"Searching for systems that monitor inbound calls routed through a transfer network, determine the caller and called numbers, log timestamps, identify caller location and identity, and automatically initiate return calls without answering.",3,32,2,0.08695652173913043,23,failed_constraints
2005,6967341,13,summary,"Seeking prior art for a high‑voltage EUV or soft‑X‑ray source that employs a concentric hollow cathode and surrounding electrode, a low‑pressure gas operated on the left side of the Paschen curve, where a pressure gradient deforms plasma emitted through the cathode bore.",3,46,0,0.0,29,ok
2005,6967341,13,keyword,"Search prior art on a concentrically arranged electrode system for EUV/soft X‑ray generation, where a hollow cathode with a recess directs discharge gas into a coaxial anode chamber, plasma is produced by high‑voltage on the left side of the Paschen curve, and plasma shape is controlled by a gas‑pressure gradient.",3,54,0,0.0,32,failed_constraints
2005,6967341,13,function,"How can a hollow cathode housed within a concentric high‑voltage electrode be used to produce extreme ultraviolet or soft X‑ray emissions by establishing a low‑pressure gas discharge on the left side of the Paschen curve, then varying the surrounding gas pressure to control plasma position?",3,48,0,0.0,32,ok
2005,6922021,1,summary,"Design of a high‑frequency resonant dielectric waveguide lamp that efficiently couples microwaves through drive and feedback probes to sustain plasma in a bulb, minimizing reflected power by tuning resonant modes before and after ignition.",1,35,0,0.0,24,ok
2005,6922021,1,keyword,"Search for a microwave‑resonant plasma lamp comprising a dielectric waveguide with ε > 2, integrated chamber, sealed bulb or lens, drive, feedback, and optional start probes, optimized for impedance matching during single and higher‑order modes.",3,36,0,0.0,24,ok
2005,6922021,1,function,"Search for dielectric waveguide resonator lamps employing microwave power coupling via drive, feedback, and start probes to control resonant modes, minimize reflected power, achieve efficient plasma formation, and provide luminous output.",1,31,0,0.0,25,ok
2005,6911922,4,summary,Search for patents describing a technique that layers an auxiliary channel onto a standard data link by selectively re-encoding packet segments and inverting running disparity to increase effective bandwidth while maintaining signal integrity.,1,34,0,0.0,24,ok
2005,6911922,4,keyword,"Search for methods and devices that encode portions of data/control/idle words within packets, employing reversible running‑disparity techniques to overlay a secondary channel on a primary data stream, thereby increasing channel capacity and maintaining signal balance.",1,38,0,0.0,27,ok
2005,6911922,4,function,"Search patents describing a method that overlays a secondary data channel onto a primary communication line by encoding portions of packet words and flipping the polarity of the encoded word's running disparity, thereby increasing throughput for data, control, or idle packets.",2,42,0,0.0,27,ok
2005,6933506,1,summary,"Search for microstrip gas detectors where alternating front‑surface electrodes are surrounded by floating dielectric islands that store charge, inducing stronger signals in orthogonal rear‑surface readouts, improving compactness and performance.",1,31,0,0.0,22,ok
2005,6933506,1,keyword,"Search for microstrip gas detector designs featuring an insulating substrate with alternating high‑voltage electrodes, rear‑side readout strips crossing front surface anodes, conductive floating isolation zones, and charge‑retaining pad regions that enhance signal induction via orthogonal readouts.",3,39,0,0.0,32,ok
2005,6933506,1,function,Search for gas‑ionization detectors using front‑side alternating conductive strips with rear‑side orthogonal readout electrodes and electrically isolated floating cells that improve signal induction across the gas volume.,2,30,0,0.0,23,ok
2005,6860145,10,summary,"Search for vehicle chassis dynamometer that uses multiple independent drum assemblies driven by distinct motors, each with its own loading measurement and torque sensor, coordinated by a master controller for independent power assessment.",1,33,0,0.0,22,ok
2005,6860145,10,keyword,"Searching for patent disclosures of motorized vehicle chassis dynamometers featuring isolated roller assemblies driven by independent motors, separate loading dynamometers for power measurement, dedicated motor and dynamometer controllers, and torque‑reaction sensors linked to a central supervisory controller.",1,38,0,0.0,28,ok
2005,6860145,10,function,"motorized system for vehicle testing that includes separate motors for driving rollers and independent load measuring units, with central controller coordinating driving and load operations, enabling precise measurement of vehicle input power without driving load units.",3,36,1,0.037037037037037035,27,failed_constraints
2005,6894376,8,summary,"Search for methods that enlarge integrated circuit die area within a leadframe by thinning contact regions near the die attach pad, allowing the die to overhang beyond those contacts while keeping the pads coplanar and bonding to recessed leads.",3,39,1,0.037037037037037035,27,failed_constraints
2005,6894376,8,keyword,"Leadless leadframe IC packaging with a die attach pad and recessed contact zones, where the inner contact region is lower than the pad to allow die overhang and broader die area, external contact outer ring for wire bonding, exposed lower contacts, and molded plastic encapsulation.",3,45,1,0.03125,32,failed_constraints
2005,6894376,8,function,"Leadless leadframe IC packaging with a coplanar base, thinner inner contact regions to allow the die overhang beyond the contact pad limits, bonding to peripheral contact portions, and plastic encapsulation leaving contact surfaces exposed for increased die area utilization.",2,39,0,0.0,29,ok
2005,6976334,29,summary,"Search patents describing a ground‑mounted planting container that uses a downward‑slope, water‑ and light‑impervious wall to funnel moisture into a central opening, includes keyways for detachable domed cover insertion, and prevents weed growth around a single plant.",2,40,0,0.0,28,ok
2005,6976334,29,keyword,"Search for outdoor planter assemblies featuring a central aperture, sloped frusto‑conical wall, liquid‑impermeable inner surface, stake‑compatible flange with keyway openings for detachable domed transparent covers, and integrated plant or animal cage mounts.",1,35,0,0.0,27,ok
2005,6976334,29,function,"Look for an outdoor planter that directs water to a central opening and limits weed growth, using a downward‑sloping impervious shell, a removable dome cover attached by keyway‑to‑pin fasteners, and a flange enabling stake anchoring and cage insertion.",1,41,0,0.0,26,ok
2005,6949512,16,summary,Retrieve prior art for using bacterial LPS-binding protein or engineered variants to elevate serum protein and suppress cytokine release in septic patients caused by gram‑negative or gram‑positive bacteria.,3,31,2,0.09090909090909091,22,failed_constraints
2005,6949512,16,keyword,"Search for prior art on sepsis therapeutics comprising bacterial polysaccharide‑binding protein variants, including murine, rabbit, or human‑derived forms, used to raise serum protein to inhibit endotoxin‑triggered cytokine release in gram‑negative and gram‑positive septicemia.",2,38,0,0.0,29,ok
2005,6949512,16,function,"Search for therapeutic methods that administer a protein capable of binding bacterial endotoxin to raise serum binding protein levels, thereby reducing cytokine release in gram‑negative or gram‑positive septicemia using native or engineered variants.",2,35,0,0.0,25,ok
2005,6868867,31,summary,Search for modular fluid control assemblies featuring a two‑layer block coupling system that interconnects sequential valves in rows and laterally links adjacent rows via screw‑mounted longitudinal and lateral channels.,1,31,0,0.0,23,ok
2005,6868867,31,keyword,"Search for modular hydraulic device arrays featuring an upper and lower interconnect modules with block couplings, longitudinal and lateral flow channels, through‑pass access ports, base plate mounting via screws, and series‑parallel routing for multiple control units.",2,38,0,0.0,29,ok
2005,6868867,31,function,"Modular fluid control system that arranges devices in series rows and links them with a two‑layer block‑coupling network, using longitudinal and lateral channels and screw‑mounted connectors to a base plate for flexible series–parallel fluid routing.",1,39,0,0.0,26,ok
2005,6979273,33,summary,Search for a baseball batting aid featuring a rotatable bar pivoted from a base plate that uses a ratchet‑pawl system for angular control and a sliding stand on the bar for linear radial adjustment of a ball holder.,1,39,0,0.0,22,ok
2005,6979273,33,keyword,"rotatable batting training apparatus with a vertical axle through a home plate, a radial bar mounted on the axle, a two‑way ratchet comprising a gear wheel and a pawl driven by a spring, and a telescoping stand sliding in a radial groove to hold a baseball",2,47,0,0.0,27,ok
2005,6979273,33,function,"Search for a device that rotates a bar around a center axle with a ratchet, allowing radial linear movement of a stand holding a baseball, enabling batters to practice swings and adjust angles.",3,33,0,0.0,19,ok
2005,6925005,6,summary,"Search for semiconductor memory designs incorporating a page‑buffer that adapts read‑sense timing based on the spatial distance of a target cell from the buffer, using reference cell arrays to calibrate sense delays across multiple word‑line regions.",1,39,0,0.0,27,ok
2005,6925005,6,keyword,"Search for non‑volatile memory circuits employing a memory cell array with bit and word lines, a page buffer performing sense‑timing based on pre‑charged bit line discharge, and adaptive timing using reference cell array regions or distance‑dependent delays.",3,41,5,0.16129032258064516,31,failed_constraints
2005,6925005,6,function,"Search for DRAM/flash memory designs that use a page buffer, variable sense timing depending on cell‑to‑buffer distance, and reference cells to dynamically adjust sense margin for long word lines.",2,32,0,0.0,22,ok
2005,6901197,9,summary,"Optical fiber with core, inner cladding containing lower‑index sub‑regions, and an outer cladding whose index exceeds the inner average, achieving negligible attenuation of the fundamental mode (<0.1 dB/m at 15 mm bend) while strongly attenuating first higher‑order modes (>1 dB/m at 30 mm) and maintaining a mode‑field diameter of 8–50 µm.",3,59,3,0.07692307692307693,39,failed_constraints
2005,6901197,9,keyword,"Search for optical fiber designs with a core of index n1, inner cladding of lower index n2 incorporating sub‑medium regions n3, and outer cladding index n4, achieving <0.1 dB/m fundamental‑mode loss at 15 mm bend and >1 dB/m loss for secondary modes at 30 mm, mode‑field 8–50 µm.",3,55,2,0.05555555555555555,36,failed_constraints
2005,6901197,9,function,"Search for optical fibers featuring a core, inner cladding with lower‑index sub‑regions, an outer cladding of higher index, achieving <0.1 dB/m bending loss for the fundamental mode at a 15 mm diameter and >1 dB/m loss for non‑fundamental modes at a 30 mm diameter.",3,50,3,0.1,30,failed_constraints
2005,6948416,32,summary,"Search for prior art on real‑time calculation of pneumatic‑assistance boost in vehicle brake servomotors using simultaneous vacuum and hydraulic pressure sensors, where the pressure difference is derived from a characteristic operating curve to obtain instantaneous amplification.",2,38,0,0.0,25,ok
2005,6948416,32,keyword,"Search patents describing an automotive brake‑assist device that uses a pneumatic‑servomotor with separate vacuum and working chambers, where sensors detect vacuum level and master‑cylinder pressure, and a data processor computes the current amplification factor from a saturation characteristic curve and ΔP.",1,44,0,0.0,28,ok
2005,6948416,32,function,"How to determine real‑time amplification ratio of a vacuum‑assisted brake servo by concurrently measuring vacuum level in its low‑pressure chamber and hydraulic pressure at the master cylinder outlet, then interpreting those signals via a lookup mapping of operating points to calculate the pressure differential governing clutch actuation?",2,50,0,0.0,35,ok
2005,6841618,17,summary,"Search for a thermoplastic blend formed by dynamic vulcanization of an ethylene‑based copolymer containing vinyl‑alcohol units and a carboxyl‑functionalized block copolymer with aromatic and conjugated diene blocks that is crosslinked with an amine, providing excellent gas and liquid barrier and flexibility.",2,44,0,0.0,27,ok
2005,6841618,17,keyword,"Search for thermoplastic blends produced via dynamic vulcanization of a copolymer of ethylene and vinyl alcohol with a carboxylated block copolymer comprising an aromatic vinyl block and a conjugated diene block, crosslinked using an amine‑based crosslinker, targeting 10–60 % ethylene content, 1–20 g/10 min MFR, and enhanced gas/organic liquid barrier.",3,54,4,0.10526315789473684,38,failed_constraints
2005,6841618,17,function,"Search for thermoplastic blends formed by dynamic vulcanization of a polyethylene–ethylene copolymer matrix with a carboxyl‑functionalized blend of aromatic and conjugated diene blocks, crosslinked by a low‑molecular‑weight amine, offering superior gas and liquid barrier while maintaining flexibility.",2,41,0,0.0,28,ok
2005,6880695,26,summary,"board processing system with belt‑mounted workpiece, dual screw shafts driven by servo, movable clamps on each end via cylinders, and hydraulically actuated push rollers to transfer the board onto a processing unit.",1,33,0,0.0,24,ok
2005,6880695,26,keyword,"search for conveyor apparatus featuring dual screw shafts driven by servomotor, linear actuators with belt clamp mechanisms, and pneumatic pushing rollers for precisely handling PCBs within a processing unit.",2,29,0,0.0,21,ok
2005,6880695,26,function,"Search for patent claims describing a machine that uses a belt driven by pulleys, screw shafts operated by a servomotor, and cylinder‑actuated grasping members that secure both ends of a board, while roller assemblies push the board onto a processing station.",1,42,0,0.0,27,ok
2005,6850402,1,summary,"Search for a power control arrangement employing dual switching networks that regulate solenoid current by selectively toggling two MOSFETs and a series resistor, minimizing energy loss during off commands, lowering EMI, and providing rapid actuation.",2,35,0,0.0,26,ok
2005,6850402,1,keyword,"Search for an integrated solenoid driver using dual MOSFET switching arrays, where one MOSFET is paralleled with a resistor and the other is series‑connected with a separate resistor, linked by a diode, and controlled by a command signal plus real‑time current feedback to cut waste heat and EMI.",2,50,0,0.0,30,ok
2005,6850402,1,function,"solenoid current control using dual MOSFET switching networks that limit current and reduce resistor dissipation during off commands, improving efficiency and lowering EMI, employing comparator‑based current sensing and gate‑drive logic for fast response.",2,35,0,0.0,28,ok
2005,6940362,2,summary,Searching for printed circuit arrangements that balance signal transit times between multiple ICs by embedding alternately spaced inductive and capacitive segments within signal traces to tune propagation speed.,2,28,0,0.0,21,ok
2005,6940362,2,keyword,Search for multilayer PCB interconnect design using alternating inductive and capacitive trace segments with equal spacing to match signal propagation times between synchronized ICs.,3,24,0,0.0,18,ok
2005,6940362,2,function,"PCB having several IC mounting sites interlinked by routing patterns that incorporate sequential, evenly spaced inductive‑capacitive pair structures to tune and equalize signal propagation times, enabling simultaneous synchronous communication between ICs.",1,32,0,0.0,26,ok
2005,6844726,10,summary,"Vectorial magnetometer that derives three‑axis magnetic field components from a scalar sensor by applying frequency‑specific periodic fields through orthogonal coils, synchronously demodulating in‑phase and quadrature, computing the sensor’s transfer function at each frequency, and correcting the component amplitudes.",1,42,0,0.0,29,ok
2005,6844726,10,keyword,"Search for a vector‑field detection system that uses a scalar magnetometer, orthogonal modulation coils (x, y, z), separate drive frequencies, synchronous in‑phase and quadrature demodulation, double‑pass demodulators, and a transfer‑function‑based correction module for each axis.",1,40,0,0.0,26,ok
2005,6844726,10,function,"Search for methods that combine a scalar magnetometer with three orthogonal coils delivering frequency‑specific modulation currents, perform in‑phase and quadrature synchronous demodulation, derive transfer functions per frequency, and apply corrections to obtain accurate magnetic vectors along each axis.",3,40,0,0.0,30,ok
2005,6895369,3,summary,"Search for techniques to monitor automation endpoints using state‑transition logs and acknowledgment‑based telegram sequencing to reconstruct previous state changes, including preservation of historic transitions.",1,26,0,0.0,19,ok
2005,6895369,3,keyword,"Search for PLC automation systems where terminals send control unit notifications, awaiting acknowledgment, and embed dual‑state transition indicators (E01, E10) within signed frames.",2,24,0,0.0,19,ok
2005,6895369,3,function,"Search for methods enabling automated terminal monitoring where each terminal indicates state transitions via distinct telegram components, and requires confirmation from a central unit before retransmission of state updates, thus preserving accurate history of state changes.",3,36,0,0.0,27,ok
2005,6872087,2,summary,"Search patents for a circuit board enclosure that uses a bulkhead housing and a detachable cover that clamps over a connector's port, with a coupling mechanism running through the cover, the enclosure, and the connector to secure the cover while allowing later disconnection for signal insertion.",2,47,0,0.0,27,ok
2005,6872087,2,keyword,"bulkhead aperture coupling member method for shielding connector interface port with a releasable cover and threaded latch, protecting a SCSI connector opening on a printed circuit substrate, incorporating an O‑ring seal and removable cover assembly.",2,36,0,0.0,24,ok
2005,6872087,2,function,Search for systems using a bulkhead with an opening that allows a connector with a protected interface aperture to be inserted and secured by a releasable cover coupled via a threaded or latching member.,3,34,0,0.0,17,ok
2005,6917882,16,summary,Computational design of chimeric oligonucleotide primers for DNA recombination via in silico crossover of parent sequences and selection of informative substrings for experimental recombination.,1,24,0,0.0,15,ok
2005,6917882,16,keyword,"search for computed oligonucleotide libraries generated by crossover operators applied to aligned parental DNA or peptide sequences, yielding chimeric oligos separated by identified crossover points for in vitro recombination.",1,29,0,0.0,20,ok
2005,6917882,16,function,"Search for computational methods that align multiple parental nucleic acid sequences containing heterologous regions, identify homologous segments, simulate recombination at chosen sites, generate chimeric derivative sequences, and extract oligonucleotide primers for laboratory recombination.",2,33,0,0.0,26,ok
2005,6970247,10,summary,An array of conformal fiber‑optic sensors gathers reflectivity changes as an object interacts with its surroundings; a PC processes the data for real‑time 2‑D/3‑D mapping of events such as water flow over a towed hull.,3,40,3,0.13636363636363635,22,failed_constraints
2005,6970247,10,keyword,Search for systems incorporating arrays of optical fiber sensors attached to object surfaces that detect boundary reflectivity changes using OTDR and TDM multiplexing for real-time 3D visualization of towed vessel interactions with water.,2,34,0,0.0,24,ok
2005,6970247,10,function,"Dynamic measurement of object‑environment interaction via conformal optical fiber sensor arrays that detect reflectivity changes at fiber‑water boundaries, processed in real time to produce 2‑/3‑dimensional visualizations and data recordings, using time‑division multiplexed OTDR systems.",1,39,0,0.0,29,ok
2005,6941521,6,summary,"Search for techniques that dynamically create user interfaces from XML by mapping elements to visual components, computing layout via defined hierarchies, and rendering views where component sizes and positions follow hierarchical relationships and layout rules.",2,35,0,0.0,24,ok
2005,6941521,6,keyword,"Search for prior art on building GUIs from XML‑based visual elements using a hierarchical layout model that defines relationships between display objects, where rendering rules place each component on a layout window according to the XML element hierarchy.",3,39,4,0.14814814814814814,27,failed_constraints
2005,6941521,6,function,"How to generate a dynamic GUI from XML by mapping elements to UI widgets and arranging them per a hierarchy of layout rules that dictate relative positioning, size, and styling.",3,30,0,0.0,17,ok
2005,6931759,34,summary,"Search for a clothes dryer system that uses an internal drum humidity sensor and an exhaust‑duct temperature probe to calculate drying progress, enabling adaptive control of drying cycles for improved energy efficiency and performance.",1,35,0,0.0,23,ok
2005,6931759,34,keyword,"Search for exhaust clothes dryer with drum-mounted humidity electrode and exhaust‑duct thermistor, utilizing voltage‑based moisture sensing and temperature change detection to compute dryness state changes for precise control of dryer performance and energy efficiency.",1,37,0,0.0,27,ok
2005,6931759,34,function,"Search for dryer apparatus enabling accurate clothes drying by measuring internal drum humidity with an electrode sensor and exhaust air temperature with a thermistor, then comparing signals to adjust the drying cycle for enhanced efficiency.",1,35,0,0.0,23,ok
2005,6846426,10,summary,"Search for a micro‑machining technique that fills a suspended conduit with an upper layer, patterns and etches holes through the filler to the substrate, then deposits bridging material through those holes to seal and narrow the micro‑channel.",1,39,0,0.0,24,ok
2005,6846426,10,keyword,"Search for techniques to partially fill microchannels with infill materials, pattern and etch a hole to substrate, then deposit a bridging film that contacts substrate through the opening—used for suspending bridged microstructures or sealing wafer channels.",3,37,1,0.041666666666666664,24,failed_constraints
2005,6846426,10,function,"methods for bridging micro‑scale channels in wafers by partially filling with a removable infill, selectively etching to create access holes, then depositing conductive or structural material to connect channel ends and reinforce suspended features.",1,35,0,0.0,24,ok
2005,6928972,27,summary,"Search for systems that auto‑shut down a main diesel engine after an idle period, automatically switch to a secondary engine‑driven generator for auxiliary power, shed loads, with start triggers such as low coolant, battery or pressure, ensuring reliable HVAC power.",1,42,0,0.0,30,ok
2005,6928972,27,keyword,"Search for auxiliary power units for large diesel engines that employ a secondary engine coupled to an electrical generator, an idle‑timer controlled auto‑shutdown of the primary engine, load shedding, and conditional secondary start‑up for heating, HVAC, and reliability under varying weather.",3,44,4,0.13333333333333333,30,failed_constraints
2005,6928972,27,function,"Search for systems where a secondary engine linked to a generator supplies power and climate control while a timed control system terminates the primary diesel engine after a set idle period, transfers loads, and initiates the secondary engine under low coolant, voltage, or pressure conditions.",2,45,0,0.0,31,ok
2005,6881249,16,summary,"Search for biocompatible colored microparticles with inert outer shells, chromophore cores, and energy‑absorbing agents that rupture upon irradiation, enabling controlled release of pigment for reversible tissue coloration and active removal by laser or flash‑lamp.",3,36,1,0.04,25,failed_constraints
2005,6881249,16,keyword,"Search for prior art on colored microcapsules with inert shell layers and embedded chromophore cores that rupture or alter under targeted electromagnetic energy such as laser or high‑intensity light, enabling controlled deposition or removal of visible tissue marks.",2,39,0,0.0,27,ok
2005,6881249,16,function,"search for biodegradable microparticles coated with inert shell and chromophore core that rupture or degrade when exposed to specific electromagnetic energy, enabling reversible tattoo marking in biological tissues.",3,28,0,0.0,18,ok
2005,6938994,28,summary,"search for methods and devices for temperature‑regulated inkjet printheads that sense the substrate temperature, preheat thermal actuators with sub‑ejection pulses to reach a threshold before printing, avoiding premature ink ejection.",1,32,0,0.0,22,ok
2005,6938994,28,keyword,"Ink‑jet printhead with a nozzle array on a substrate, each nozzle comprising a thermal displacement actuator, ink chamber, and activation unit; integrated temperature sensor measures substrate temperature, triggering preheating pulses that raise the substrate above a threshold without ejecting ink.",3,41,4,0.13333333333333333,30,failed_constraints
2005,6938994,28,function,"Search for systems using temperature‑sensing elements on a substrate, with thermal actuators actuated by sub‑ejection energy pulses to pre‑heat before ink discharge, enabling controlled printing when the substrate temperature reaches a specified threshold.",2,36,0,0.0,25,ok
2005,6964797,21,summary,"Laminated paper‑core packaging for liquid foods that uses two barrier layers of EVOH and polyamide fused directly, lacks adhesive or aluminium, enables heat sealing, and protects moisture transfer, all fabricated by co‑extrusion.",3,34,3,0.12,25,failed_constraints
2005,6964797,21,keyword,"Search for novel paper‑cardboard core packaging laminate featuring dual barrier layers of ethylene‑vinyl alcohol copolymer and polyamide joined without adhesive, flanked by polymeric heat‑sealable films, produced by co‑extrusion, excluding aluminum, for oxygen and aroma protection of liquid foods.",3,42,5,0.15625,32,failed_constraints
2005,6964797,21,function,"Laminated barrier film with a paper core and directly joined EVOH–polyamide layers devoid of adhesive, covered by polymer sealant skins, enabling robust oxygen and aroma barrier for liquid dairy and juice containers, produced by melt co‑extrusion without aluminum, preventing moisture‑induced defects during sealing.",2,46,0,0.0,35,ok
2005,6844324,16,summary,"In what way does a modular peptide delivery system, featuring a binding peptide, a membrane fusion peptide, a receptor‑recognition ligand, and a backbone of lysine and aspartic acid repeats, facilitate efficient intracellular transport of large molecules such as plasmid DNA in vitro?",3,43,3,0.10714285714285714,28,failed_constraints
2005,6844324,16,keyword,"Search for peptide‑based gene delivery vectors containing binding modules, diverse membrane‑fusion peptides, promoter‑driven DNA cargo, and targeting moieties, all assembled on polylysine‑polysuccinimide backbones for in vitro membrane translocation and cellular uptake.",3,35,0,0.0,27,ok
2005,6844324,16,function,"Search for modular peptide carriers that attach binding, cell‑penetrating, and receptor‑binding motifs to a polymeric amino‑acid backbone for efficient DNA delivery into cultured cells.",2,27,0,0.0,18,ok
2005,6838287,10,summary,"A method for measuring the heat transfer property of a target component in multi‑component fluid mixtures by heating a sensor element to an elevated temperature and reading a nearby temperature probe, thereby reducing interference from other components with varied thermal conductivities.",3,42,0,0.0,26,ok
2005,6838287,10,keyword,"Search for a microbridge‑based fluid mixture monitor with a heater and temperature probe that uses elevated heating to suppress variable interference from CO₂ and H₂O, enabling accurate measurement of hydrogen’s thermal conductivity.",2,34,0,0.0,20,ok
2005,6838287,10,function,"Search for methods using a heated microstructure probe with an adjacent temperature detector to selectively measure a specific component’s thermal property in mixed gases, where the probe’s operating temperature is chosen to suppress influence of other components (e.g., CO₂, H₂O) and enable rapid, low‑cost concentration monitoring.",2,50,0,0.0,30,ok
2005,6943773,6,summary,"Computing device utilizes a deflectable display with discrete LED elements, where a touch sensor measures bending; the processor interprets deflection rate to dynamically scroll and blend portions of successive pages stored in memory, allowing continuous page transition based on user‑defined proximity.",1,42,0,0.0,30,ok
2005,6943773,6,keyword,"Search for patent documents that disclose a handheld computing device equipped with a tilt‑sensitive OLED display, a memory housing paginated content, a controller interpreting tilt sensor input to sequentially render overlapping page segments based on tilt angle.",1,38,0,0.0,27,ok
2005,6943773,6,function,"Search for prior art comprising a device with a deflectable display and a deflection sensor that controls sequential page rendering, where deflection magnitude dictates the display rate and the overlap of current and next paginated content on a portion of the screen.",1,42,0,0.0,23,ok
2005,6846923,28,summary,"Search for high‑molecular‑weight polysaccharides made by coupling sugar monomers through oxime bonds generated by galactose oxidase‑catalyzed oxidation of vicinal alcohols and subsequent reaction with hydroxylamines, for paper‑finishing or drug delivery.",1,34,0,0.0,24,ok
2005,6846923,28,keyword,"Search for polysaccharide polymers containing oxime linkages formed by oxidative polycondensation of saccharide units bearing hydroxyiminyl groups, catalyzed by galactose oxidase, for paper strengthening or drug delivery applications.",1,28,0,0.0,20,ok
2005,6846923,28,function,"Search for enzymatic or chemical methods producing polysaccharide or carbohydrate polymers with oxime linkages in paper or medical delivery contexts, focusing on glycosyl monomers bearing -ONH2 or aldehyde precursors oxidized by oxidases, yielding polymers of MW 1000–10,000 for enhanced strength or biocompatibility.",1,44,0,0.0,30,ok
2005,6900067,8,summary,"Method to fabricate high‑performance III‑nitride light emitters on sapphire by MOCVD growth of an AlGaN interlayer at 1000‑1180 °C, thickness 500–5000 Å, where the V/III precursor ratio is stepped during growth to limit substrate nitridation before depositing the active nitride layer.",3,46,0,0.0,30,ok
2005,6900067,8,keyword,"Search for methods that grow an AlGaN buffer on sapphire via MOCVD at 1000–1180 °C, where the Al content varies, thickness 500–5000 Å, starting with a low nitrogen–metalorganic precursor ratio, increasing it during deposition, using N₂ ambient.",2,40,0,0.0,25,ok
2005,6900067,8,function,"search for techniques forming blue‑green light emitting diodes on sapphire using an AlGaN buffer layer grown by MOCVD near 1000–1180 °C, with controlled nitrogen‑to‑metal precursor ratio and layer thickness 500–5000 Å, followed by a III‑nitride active layer.",2,43,0,0.0,30,ok
2005,6931119,3,summary,"Automated call‑routing that analyzes caller ID and database info to classify service type, directs voice or text calls to the proper agent terminal, transmits caller records, and automatically opens the relevant application for the agent.",1,36,0,0.0,24,ok
2005,6931119,3,keyword,"Search for methods that route incoming voice or text communications to agent workstations based on caller identifiers such as DNIS/ANI, retrieve caller profile from indexed database, assign specialty type, and auto‑launch or maximize a customer‑service application on the assigned terminal.",2,43,0,0.0,29,ok
2005,6931119,3,function,"Search for systems that route voice or text calls to agent terminals using caller identifiers, retrieve caller profile data from a database, determine agent specialty, automatically forward the call, pre‑populate an agent application with call data, and launch or maximize the application.",1,43,0,0.0,29,ok
2005,6895148,9,summary,"Searching for semiconductor waveguide couplers that adjust light transfer by electrically tuning carrier density to change the refractive index, employing insulated strip and slab sections with independent electrodes for dynamic coupling control.",1,32,0,0.0,22,ok
2005,6895148,9,keyword,"Search prior art on electrically tunable silicon waveguide structures where an applied voltage across isolated semiconductor strip and slab portions modulates refractive index, enabling variable absorption and coupling in resonant cavities, couplers, or modulators.",2,34,0,0.0,25,ok
2005,6895148,9,function,"Optical device employing semiconductor waveguide sections with electrically isolated strip and slab elements, where applied voltage modulates carrier concentration to vary refractive index and absorption, enabling tunable coupling between adjacent waveguides, variable gratings, modulators, and all‑optical switching.",2,38,0,0.0,30,ok
2005,6837188,29,summary,"Search for pet restraint systems that prevent leash tangling by using an annular band with an integrated loop channel, a pivoting swivel assembly permitting 360° rotation, and a latch that closes the channel, plus adjustable sizing sections for collar or harness.",1,41,0,0.0,26,ok
2005,6837188,29,keyword,"tangle‑proof pet collar system featuring an annular pad with internal raceway channel, adjustable flexible material, bi‑axial rotating swivel truck, pintle shaft and collet assembly, integrated latch and leash attachment.",1,31,0,0.0,25,ok
2005,6837188,29,function,"Search for collar or harness devices with an integrated swivel-bearing or pivoting leash attachment that permits 360° rotation while preventing leash entanglement, featuring a continuous curved channel or raceway and a latch mechanism to secure the collar.",3,38,0,0.0,24,ok
2005,6883904,28,summary,Method adjusting drop‑ejection timing in inkjet output to compensate for varying ink viscosity or temperature using an asymmetric heater to maintain consistent drop volume.,2,25,0,0.0,17,ok
2005,6883904,28,keyword,"Search for patent documents describing an inkjet printer with a drop-forming unit employing an asymmetrical heater, where a controller adjusts pulse timing based on ink temperature or viscosity sensed by a proximal sensor, and uses lookup tables to maintain constant droplet volume.",2,43,0,0.0,28,ok
2005,6883904,28,function,"Locate embodiments that adjust the timing between actuation pulses of an asymmetric heater in a continuous ink ejection system, based on real‑time sensing of ink temperature, viscosity or flow rate, to preserve uniform droplet ejection characteristics.",3,37,0,0.0,25,ok
2005,6868569,33,summary,"Suction‑assisted patient support system comprising a multi‑foam core sealed within a cover that, when connected to a vacuum source and regulated for negative pressure, compresses the foam to mold around the patient with adjustable firmness while preventing ambient airflow when disconnected.",2,43,0,0.0,28,ok
2005,6868569,33,keyword,"person-support apparatus featuring foam core elements, a suction source creating negative pressure, a pressure regulator, fluid conduits, a cover with an interior chamber, foam ILD characteristics, stabilizing members, a foam frame opening, and a detachable suction coupling interface.",3,39,2,0.06896551724137931,29,failed_constraints
2005,6868569,33,function,"search for suction‑supported patient supports featuring a foam core compressed by adjustable negative pressure, with a cover housing the core and fluid communication to the suction source, and a regulator allowing preset pressure settings for controlled foam deformation",3,39,2,0.08,25,failed_constraints
2005,6839985,34,summary,"Search for boot tongue design featuring a flexible base panel reinforced by a semi‑rigid longitudinal bar with tapered side protrusions that extend from the foot section to the shank area, providing added support and allowing an adjustable, tightened fit along the boot's slit.",3,45,0,0.0,29,ok
2005,6839985,34,keyword,boot with high flexible upper featuring longitudinal slit and adjustable tightening; tongue comprising main flexible panel reinforced by semi-rigid core and multiple tapered lateral extensions reaching the intermediary area; materials include flexible polymer and composite reinforcement.,3,37,2,0.06896551724137931,29,failed_constraints
2005,6839985,34,function,"How a boot tongue can improve fit and support by having a flexible panel reinforced with a semi‑rigid elongated core that runs along the long axis and is extended at tapered sides to reach the lateral and medial edges, enabling tighter closure and leg support?",1,46,0,0.0,29,ok
2005,6889559,10,summary,"thermal‑sensor flow meter featuring an upstream tubular adapter that establishes a standardized test section, employing a non‑aligned sensor array for calibration and drift detection by internal comparison of sensor outputs to sustain accurate pipeline flow measurement.",1,38,0,0.0,27,ok
2005,6889559,10,keyword,"Investigate flow meters featuring heat‑loss sensor arrays mounted offset from a central sensor, a tubular adapter flange extension providing a calibrated upstream section, and comparative sensor drift detection via pressure‑flow recalibration tests.",2,34,0,0.0,27,ok
2005,6889559,10,function,"thermal loss flow meter sensor array with multiple non‑aligned sensors for calibration, using a tubular adapter mounted upstream between pipeline and meter flanges to create a fixed upstream measurement zone, comparing sensor outputs for drift detection.",2,37,0,0.0,28,ok
2005,6861778,13,summary,"Search patents for liquid‑filled rotor housings employing permanent‑magnet passive bearings that provide negative stiffness, using centrifugal forces to stabilize an ultralight elongated rotor driven by external magnetic fields.",1,30,0,0.0,23,ok
2005,6861778,13,keyword,"Search for liquid‑filled cylinder stator with elongated low‑density rotor, radially mounted permanent magnets on rotor and stator walls forming magnetically coupled thrust and radial pairs that produce directional negative stiffness, stabilized by centrifugal forces during rotation, energized by an electromagnetic drive.",2,43,0,0.0,32,ok
2005,6861778,13,function,"Search for liquid‑filled rotatory devices employing low‑density elongated rotors with magnetically driven surfaces, coupled by permanent‑magnet bearings that generate centrifugal‑overcome negative stiffness for magnetic suspension while providing high‑speed radial and thrust support.",2,37,0,0.0,29,ok
2005,6937344,9,summary,"Overlay measurement in lithography using sub‑resolution periodic marks on resist and substrate that produce an interference signal detected by the tool’s alignment system, enabling correction of misalignment in a multi‑layer device fabrication process.",1,36,0,0.0,23,ok
2005,6937344,9,keyword,Search for lithographic projection systems employing sub‑periodic alignment markers wherein the overlay between a photoresist‑coated substrate and a patterned mask is evaluated by measuring an interference fringe pattern generated by matching periodic resist and substrate marks relative to a reference period.,2,43,0,0.0,29,ok
2005,6937344,9,function,"How to enable precise overlay verification in photolithographic projection systems via interference patterns generated from finer overlay features, allowing an alignment detector with coarser reference spacing to assess resist‑to‑substrate registration and correct exposure geometry?",3,36,0,0.0,26,ok
2005,6937177,5,summary,"Search for a system that rearranges binary inputs through interconnected shufflers to achieve dynamic matching, employing a control unit that biases output pathways based on historical activity counts to balance high-value signal distribution.",2,34,0,0.0,24,ok
2005,6937177,5,keyword,"Search for patent disclosures on a multi‑terminal data shuffler array that incorporates a bit generator driven by a state controller, a score‑keeping unit ranking output terminals by their history of high‑value bits, and interleaved input–output shuffler links for re‑mapping signals.",3,45,1,0.03333333333333333,30,failed_constraints
2005,6937177,5,function,"Search for systems that dynamically distribute incoming binary signals to multiple output paths using a control element that balances high-level signal usage by allocating each output port the least-used high-bit count, ensuring even throughput through a scoring mechanism.",3,41,0,0.0,31,ok
2005,6894013,19,summary,"Search for hand dishwashing liquids that use a low‑molecular‑weight diamine (pKa 8‑11.5) combined with anionic and amphoteric surfactants, enzymes, and a glycol‑based solvent to improve cleaning, stability, and rheology.",3,34,1,0.047619047619047616,21,failed_constraints
2005,6894013,19,keyword,"Search for hand dishwashing formulations containing short‑chain diamine (pK1/pK2 8–11.5), a mix of anionic and amphoteric surfactants, enzyme cocktails (cellulase, protease, lipase, etc.), and a solvent comprising short‑chain alkanols or propylene‑ethylene glycol copolymers, with pH 5‑12.5 and surfactant ratios 100:40:1 to 9:0.5:1.",3,55,1,0.029411764705882353,34,failed_constraints
2005,6894013,19,function,"Search for a hand‑dishwashing fluid containing a basic diamine with pK values 8–11.5, balanced anionic and amphoteric surfactants, enzymatic proteins, a small molecular solvent mix, yielding enhanced cleaning, stability, and ease of handling at pH 5–12.5.",2,41,0,0.0,26,ok
2005,6958078,16,summary,"Search for implantable biodegradable scaffold with porous structure that incorporates vertebral disc cells in a carrier matrix, includes mechanical conditioning such as cyclic loading, mimics intervertebral core, and gradually degrades to leave a self‑produced gel for disc repair.",2,39,0,0.0,27,ok
2005,6958078,16,keyword,"Search for biodegradable porous scaffolds with cell‑laden hydrogels for engineered nucleus pulposus implants, including cyclic mechanical conditioning in vitro, natural nucleus pulposus removal, and gel‑like tissue formation by disc cells after scaffold resorption.",3,35,1,0.037037037037037035,27,failed_constraints
2005,6958078,16,function,"Find earlier patents describing biodegradable porous scaffolds seeded with intervertebral disc cells, mechanically conditioned in vitro, then implanted to replace damaged nucleus pulposus, where scaffold degrades to leave biologically active gel restoring disc biomechanics.",3,34,0,0.0,27,ok
2005,6903224,14,summary,"search for synthetic routes to substituted 1,3-oxathiolanes that act as building blocks for antiviral nucleoside analogues, highlighting sulfur‑oxygen heterocycles bearing diverse ester or acyl side groups.",1,29,0,0.0,19,ok
2005,6903224,14,keyword,"Search for substituted 1,3‑oxathiolanes bearing 2‑ethoxycarbonyl or 2‑t‑butyldiphenylsilyloxy‑methyl groups with 5‑hydroxy, 5‑acetoxy, 5‑methoxycarbonyloxy, or 5‑(2‑methoxyethoxy) substituents relevant to antiviral nucleoside analog synthesis.",1,33,0,0.0,16,ok
2005,6903224,14,function,"Find prior art describing substituted 1,3‑oxathiolane derivatives (e.g., ethoxycarbonyl‑2‑position and hydroxyl or acetoxy‑5‑position) employed as intermediates for synthesizing antiviral nucleoside analogues and their related production methods.",1,33,0,0.0,19,ok
2005,6976588,25,summary,"Search for a shipping tray and cover system where a release‑coated portion of the tray meets an adhesive‑bound cover, enabling the cover to be peeled cleanly at retail, revealing product display and allowing decorative graphics on the release layer.",2,41,0,0.0,24,ok
2005,6976588,25,keyword,"Search for trays having a top‑edge release coating, covered by a removable adhesive strip that lets the cover separate at retail points, revealing packaged goods in intact trays, with graphic‑embedded release layers and easy‑remove sealing for shipping containers.",3,41,0,0.0,28,ok
2005,6976588,25,function,"Display container featuring a tray with a cover sealed by a release‑treated panel that protects the tray when the adhesive bond is released, enabling customer‑friendly display at point‑of‑sale.",2,32,0,0.0,18,ok
2005,6965457,2,summary,"Search for image processing systems that analyze a selected block of pixels using orthogonal or wavelet transforms, compute frequency‑band characteristics, integrate across blocks, and use those values to classify the type of content within a sub‑region (halftone, text, tone).",1,41,0,0.0,29,ok
2005,6965457,2,keyword,"Search for patents that describe selecting reference blocks in a digitized picture, applying a wavelet/orthogonal transform, computing frequency‑band characteristic values, integrating these values across blocks, and using them to determine attributes of sub‑regions.",3,36,1,0.04,25,failed_constraints
2005,6965457,2,function,"An image analysis apparatus using wavelet or orthogonal transforms to extract per‑frequency‑band characteristics from a reference block, integrating results across blocks to identify attributes of a selected sub‑area for halftone, text, and smooth‑tone differentiation.",2,38,0,0.0,26,ok
2005,6881609,2,summary,"Search for a system that uses micro‑bump and micro‑well arrays on mating electronic or optical components, where wells are prefilled with bonding material and bumps are inserted to form precise, high‑resolution interconnects with sub‑100‑µm pitch and active alignment optimization during bonding.",2,46,0,0.0,29,ok
2005,6881609,2,keyword,"Search for flip‑chip interconnection techniques utilizing micro‑pitch bump and well arrays (<100 µm), with solder or conductive epoxy in wells, alignment optimization by performance monitoring, glass carrier fabrication with release layers, and thermal rework methods for electronic module bonding.",2,41,0,0.0,29,ok
2005,6881609,2,function,"search for technology enabling sub‑100‑micron pitch bump/well flip‑chip interconnects with bonding material, alignment optimization via performance parameter, reworkability, release‑layer carriers, and coupling electronic or optical component mounting.",2,32,0,0.0,26,ok
2005,6963538,3,summary,"Search for dynamic rate‑adaptive traffic shaping using feedback over an ATM ABR connection that monitors link transport capacity, sends rate control messages to the upstream node, and adjusts sending speed before congestion occurs.",2,34,0,0.0,26,ok
2005,6963538,3,keyword,"search for systems controlling data flow over variable‑speed physical‑layer links using real‑time rate monitoring and feedback via resource‑management cells, shaping traffic to ATM ABR services, adjusting send rate before congestion or loss, with mechanisms to detect temperature and electromagnetic interference‑induced rate changes.",3,47,0,0.0,38,ok
2005,6963538,3,function,"monitoring instantaneous transport rate on a dynamic physical layer link, generating management messages with rate information when change exceeds a threshold, forwarding to an upstream source to adjust its transmission rate before congestion, for ATM ABR traffic employing integrated resource management feedback.",3,42,5,0.16666666666666666,30,failed_constraints
2005,6896332,32,summary,"Search for seat hinge assemblies using a planetary gear system with dual external gears, driven by a pinion and biased by an elastic member for reliable engagement and smooth adjustment.",1,30,0,0.0,18,ok
2005,6896332,32,keyword,"Search for seat adjustment hinge mechanisms featuring dual gear wheels with internal tooth patterns, interconnected planetary wheels, a driver pinion engaging the planets, a rotatable carrier, and an elastic biasing member ensuring planetary wheel engagement.",3,35,1,0.038461538461538464,26,failed_constraints
2005,6896332,32,function,"Search for motor vehicle seat hinge mechanisms that employ dual internally‑toothed gear wheels, a carrier‑mounted planet wheel driven by a pinion, and an elastic biasing element to preserve continuous mesh and smooth seat‑angle adjustment.",3,37,1,0.038461538461538464,26,failed_constraints
2005,6899487,19,summary,Search for ink formulations that use a water‑in‑oil solvent with a dye‑pigment blend stabilized by nonionic surfactants and phosphate‑based anti‑corrosion agents for dry‑ball pens.,3,30,0,0.0,19,ok
2005,6899487,19,keyword,"water‑in‑oil solvent ink for oil‑ink pens comprising water, polar organics solvating water, water‑insoluble polar solvent, dye–pigment colorants dispersed by nonionic surfactant, phosphate surfactant anti‑corrosive wetting agent",3,32,5,0.18518518518518517,27,failed_constraints
2005,6899487,19,function,"An ink formula enabling durable, non‑corrosive writing in oil‑based ballpoint pens, comprising a water‑containing water‑in‑oil solvent system, a dye‑pigment blend stabilized by a nonionic surfactant, and a phosphate surfactant serving as anti‑corrosion wetting agent.",3,41,5,0.1724137931034483,29,failed_constraints
2005,6973091,3,summary,"Find prior art for a system that eliminates regulated PSTN charges by interfacing consumer PCs with a managed VoIP network, enabling carrier‑grade voice and data between web users and remote advertisers, using automatic menu navigation and IP‑to‑phone mapping.",3,41,1,0.034482758620689655,29,failed_constraints
2005,6973091,3,keyword,"Search for systems that use a managed VoIP gateway to connect home user devices and advertiser call centers over two independent access networks, bypassing regulated PSTN tolls, providing carrier‑grade voice, simultaneous IP data, menu navigation, and automated idle agent selection.",3,41,2,0.06060606060606061,33,failed_constraints
2005,6973091,3,function,"search for systems that use a managed VoIP gateway to bypass regulated telephone infrastructure, enabling high‑quality, web‑guided voice calls between a consumer’s PC/telephone and a seller’s office while locating and routing calls via internet‑selected product listings and automated agent menus.",2,46,0,0.0,33,ok
2005,6922692,6,summary,"Search for methods that use observer binding to traverse directed acyclic graphs, generate target substructure sets from input patterns, calculate corresponding valid substructure sets for related nodes, and compare them during traversal to activate or deactivate analysis modules.",2,38,0,0.0,27,ok
2005,6922692,6,keyword,"Directed acyclic hierarchical data graph traversal using observer binding, pattern observers, computed pattern sets, relationship graph representation, systematic node walk, pattern validation, and observer deactivation upon mismatch.",2,27,0,0.0,24,ok
2005,6922692,6,function,"System for optimizing traversal of a directed acyclic graph by binding observers to graph nodes, generating child pattern sets, constructing a relational node map, and testing node correspondence during traversal, enabling efficient hierarchical data analysis.",2,35,0,0.0,26,ok
2005,6941280,7,summary,"Computing an intraday NAV estimate for actively managed ETFs from encrypted portfolio files in a trusted computing environment, where decryption, validation against the previous close, and application of real‑time quotes generate the intraday value while safeguarding security holdings.",1,39,0,0.0,27,ok
2005,6941280,7,keyword,"Search for technologies that compute an intraday NAV estimate for a managed exchange‑traded vehicle by decrypting encrypted portfolio position files, reconciling with prior‑day published NAV, applying live price feeds to confidential security holdings within a trusted computing architecture.",3,40,1,0.034482758620689655,29,failed_constraints
2005,6941280,7,function,"Computer‑based system that decrypts encrypted portfolio position data, verifies it against prior day closed values, and uses live market prices to compute a real‑time net asset value estimate while preserving confidentiality of holdings.",3,35,1,0.037037037037037035,27,failed_constraints
2005,6974974,9,summary,"Search for methods to produce semiconductor light emitters with quantum wells strained over 2% relative to substrate or cladding, exceeding critical thickness to enhance carrier confinement and optical performance in optical transmission modules.",1,33,0,0.0,22,ok
2005,6974974,9,keyword,"Search for prior art on semiconductor lasers featuring a strained quantum well with lattice mismatch exceeding 2 % relative to either the substrate or cladding, surpassing the Matthews‑Blakeslee critical thickness, and employing carrier‑confining cladding layers for optical confinement.",3,39,2,0.07692307692307693,26,failed_constraints
2005,6974974,9,function,"Strained active region in a diode with lattice mismatch above 2 % or exceeding the critical thickness for thin‑film growth, enhancing carrier confinement and optical output for use in optical transmission or transmitter‑receiver modules.",2,35,0,0.0,22,ok
2005,6960491,8,summary,"Locate prior art on IC packaging techniques that apply a partially cured resin layer to the substrate, attach the chip while it remains uncured, then press with a higher molding force to re‑seal and expand the effective bond area during simultaneous curing.",1,43,0,0.0,29,ok
2005,6960491,8,keyword,"Search for integrated circuit packaging methods using A‑stage liquid paste forming partially cured B‑stage film on substrate, chip attachment above glass‑transition temperature, subsequent re‑bonding under higher molding pressure, and simultaneous cure of molding compound to improve chip‑bonding area.",3,43,4,0.11764705882352941,34,failed_constraints
2005,6960491,8,function,"Search for methods that apply a partially cured thermosetting paste to a substrate, attach a semiconductor chip using the paste, then increase molding compound pressure beyond chip‑bonding pressure so the paste re‑bonds, enlarging the chip‑to‑substrate bond area.",1,41,0,0.0,29,ok
2005,6942260,35,summary,"Search for door‑closing mechanisms that compensate for exterior skin deformation by converting linear handle motion into rotary lock action via a deflector element with distance‑compensating coupling, ensuring stable operation under skin flex.",1,34,0,0.0,25,ok
2005,6942260,35,keyword,"Search patent prior art on automotive door closure systems featuring a door lock, an external handle actuator with a linear adjuster, a force‑transfer linkage that converts linear to rotary motion via a pivoting deflector, a lever‑type lock operator, a ratchet coupling, and a deformation‑compensating distance element integrated with the vehicle outer skin.",3,55,3,0.07894736842105263,38,failed_constraints
2005,6942260,35,function,"Search for vehicle door latch systems with an external handle actuator that converts linear motion into rotary action via a deflector, featuring a compensation mechanism to adjust for skin deformation, allowing independent movement of the lock lever.",1,37,0,0.0,24,ok
2005,6919273,8,summary,"Search for processes that fabricate a Ti–Si–N thin barrier employing plasma or thermal CVD with TiCl4, silicon hydride, NH3 or H2/N2 gas mixtures, yielding a nitrogen‑rich alloy that blocks copper diffusion while eliminating chlorine residues.",2,39,0,0.0,28,ok
2005,6919273,8,keyword,"Search for prior art on plasma CVD or thermal CVD deposition of TiSiN barrier coatings for copper diffusion blocking in semiconductor devices, employing TiCl4, silicon hydride, N2, H2 or NH3 reducing gases, and chlorine removal processes.",1,36,0,0.0,26,ok
2005,6919273,8,function,"Search for plasma CVD processes forming TiSiN barrier layers on semiconductor substrates, incorporating TiCl4, silicon hydride, ammonia or hydrogen, and nitrogen, removing chlorine by post‑plasma, to inhibit copper diffusion while maintaining defined Ti, Si, N atomic ratios.",1,38,0,0.0,29,ok
2005,6946775,9,summary,"Optical switching in integrated photonic circuits using a movable slug actuated by piezoelectric transducers within a solid channel, with contacts linking to metal droplets that guide the slug to selectively block or open waveguide paths.",2,35,0,0.0,23,ok
2005,6946775,9,keyword,"Search for optical switching devices featuring piezoelectric‑actuated liquid‑metal slugs within solid waveguide channels, employing contacts and globules to block or guide light, and integrated via layers or substrates.",1,30,0,0.0,22,ok
2005,6946775,9,function,"Search for piezoelectric-actuated movable metallic slug within a solid channel that selectively blocks or permits optical waveguides, using conductor contacts and fluid metal couplings.",2,25,0,0.0,18,ok
2005,6928483,4,summary,"How can router fast‑path forwarding tables be used to accelerate link‑state advertisement propagation by selecting inbound/outbound interfaces with preset rules, bypassing slower software handling to improve network robustness?",3,31,2,0.08333333333333333,24,failed_constraints
2005,6928483,4,keyword,"High‑speed dataplane forwarding of OSPF link‑state updates using state tables that specify preferred ingress and egress interfaces, independent of control‑plane processing, with forwarding logic triggered by inbound link‑state advertisements.",3,33,2,0.08,25,failed_constraints
2005,6928483,4,function,"Search for devices or methods that receive network topology update packets on an inbound interface, immediately relay them on a fast‑path using a pre‑configured forwarding rule table, independently of control‑plane inspection or state updates.",2,37,0,0.0,24,ok
2005,6958104,33,summary,"Search for methods and structures for sports racquet frames wherein interior surface undulations are introduced to match mold area and prevent composite laminate wrinkling during manufacturing, especially around curved sections, applicable to various composite materials.",1,35,0,0.0,26,ok
2005,6958104,33,keyword,"Search for composite tennis racquet frames with molded undulated inner surfaces designed to match inner/outer mold areas and minimize laminate wrinkling during tube fabrication, including variations in undulation height, length, frequency, and placement along curvature.",3,36,0,0.0,28,ok
2005,6958104,33,function,"Search for manufacturing methods of laminate tubular sports frames that use mold inner surface undulations to equalize inner and outer cavity areas, thereby reducing material wrinkling during molding of curved racquet frames.",1,32,0,0.0,24,ok
2005,6852717,16,summary,"Search for novel urea‑linked anti‑inflammatory agents featuring a t‑butyl methoxy‑substituted phenyl moiety coupled to a pyrimidinyl‑oxy‑naphthalene scaffold, including methanesulfonamide derivatives, for chronic inflammation therapy.",2,30,0,0.0,22,ok
2005,6852717,16,keyword,"Search for novel tert‑butylmethoxyphenyl‑naphthylurea compounds with pyrimidin‑ or triazine‑oxy substituents, morpholine‑ or piperidine‑alkyl side chains, methanesulfonamide derivatives, reported for anti‑inflammatory activity in chronic inflammatory disease models.",1,31,0,0.0,23,ok
2005,6852717,16,function,"Search for novel aryl‑urea compounds featuring a pyrimidine or triazine substituent linked to a naphthalene scaffold, engineered to inhibit inflammatory signaling pathways such as NF‑κB or cytokine release, providing therapeutic activity against inflammatory disorders.",2,36,0,0.0,25,ok
2005,6867925,9,summary,"Search for a multi‑group zoom lens that provides at least a 4× magnification range by moving the final positive‑negative element group toward the subject while increasing spacing between the first two groups and decreasing spacing between the second and third, ensuring paraxial magnification constraints.",3,46,0,0.0,31,ok
2005,6867925,9,keyword,"Zoom lens with positive/negative/positive group arrangement, variable magnification ≥4×, third group moves toward object while inter‑group distances change, satisfying 2.9 < β3T/β3W < 8.",1,27,0,0.0,20,ok
2005,6867925,9,function,"Find camera zoom lenses composed of sequential positive‑, negative‑, positive‑power groups that move relative distances differently during zoom, enabling ≥4× magnification while meeting specified lateral magnification ratio limits, and possibly employing a positive‑negative subgroup for fine focusing control.",1,40,0,0.0,32,ok
2005,6867434,9,summary,"Search for displays using low‑dielectric organic resin layer overlaying semiconductor switch structures, capped with a metal mask to reduce parasitic capacitance between mask and active elements while ensuring surface flatness for pixel electrode alignment, achieving improved illumination efficiency in active matrix illumination devices.",3,44,0,0.0,35,ok
2005,6867434,9,keyword,"Search for prior art on active‑matrix electroluminescent displays featuring a thin‑film transistor stack with a silicon‑oxide insulation layer below an organic resin planarization film, topped with a silicon‑nitride passivation and metal masking electrode that avoids parasitic capacitance.",3,41,1,0.034482758620689655,29,failed_constraints
2005,6867434,9,function,"Layered insulating structure for thin‑film transistor arrays using low‑dielectric organic resin to level surface and minimize capacitance between metal masking and TFT, with oxide/nitride/oxide stacks and pixel electrode layering.",3,33,1,0.04,25,failed_constraints
2005,6838262,16,summary,"Search for novel polypeptide ligands derived from mammalian RANK-binding sequences, especially proteins comprising specific amino‑acid residues that modulate immune signaling, and their encoding nucleic acids for therapeutic or inhibitor‑screening use.",1,33,0,0.0,24,ok
2005,6838262,16,keyword,"Search for DNA constructs encoding RANK ligand polypeptides (amino acid residues 1‑294 or 48‑290) in mammalian expression vectors, including fusion proteins, for immune response regulation or inhibitor screening.",1,30,0,0.0,22,ok
2005,6838262,16,function,"DNA or RNA sequences encoding RANKL variants that bind the RANK receptor, including expression vectors and fusion proteins, and their application in immunomodulation and high‑throughput screening of RANKL inhibitors.",1,30,0,0.0,19,ok
2005,6920743,34,summary,"search for saddle tree design allowing adjustment of support member spacing, cross member angles, and heights with a rigid locking feature for varying horse sizes.",1,25,0,0.0,17,ok
2005,6920743,34,keyword,"Search for adjustable saddle tree with reconfigurable support struts and cross members, angle adjustment, rigid lockable state, height adjustable crossbars, equine saddle frame with adjustable fore and aft cross rods, articulating couplings, and variable distances >1.5 inches.",2,38,0,0.0,28,ok
2005,6920743,34,function,"Saddle assemblies featuring adjustable mounting arms, variable cross‑piece spacing, and reconfigurable angle settings enabling precise fit for animals of different sizes while maintaining structural rigidity.",2,26,0,0.0,21,ok
2005,6880822,25,summary,"Search for paper feeders with angularly movable hoppers that use an urging mechanism and a release device to achieve distinct non‑release, small‑release, and large‑release positions, thereby minimizing the hopper swing range during continuous sheet feeding.",1,38,0,0.0,27,ok
2005,6880822,25,keyword,"rotating hopper paper feeder with roller, pivoting around fulcrum, urging gear, release modes: non‑release, small‑release, large‑release; sheet stack pushed upward; resistance to urging; minimizing swing; used in imaging printer.",1,32,0,0.0,27,ok
2005,6880822,25,function,"paper feeder with a rotatable hopper pivoting around a fulcrum, positioned in non‑release, small‑release, or large‑release modes, employing an urging device to press paper against a feed roller and a release device to pull it away.",1,39,0,0.0,25,ok
2005,6881949,2,summary,"Search for apparatuses that employ a stylus sensor and encoder to map groove topography onto digital timing signals, enabling real‑time alignment of audio from rotating records with synchronized electronic audio tracks.",2,32,0,0.0,22,ok
2005,6881949,2,keyword,"device synchronizing record groove position using a stylus sensor and rotary encoder, generating an analogue trace of groove topography, sampling electrical signal proportional to stylus location, and controlling external binary output based on real‑time position data.",2,37,0,0.0,28,ok
2005,6881949,2,function,"Search for systems that synchronize a digital audio stream with an analog record’s waveform by measuring stylus position, encoding it, and using the positional data to time‑align the digital output with the groove audio.",1,36,0,0.0,20,ok
2005,6912891,10,summary,"Search for ultrasound‑based sensors employing twin delay lines that auto‑calibrate by detecting echoes from two dissimilar materials, for real‑time measurement of solids concentration or bulk modulus in food liquids during processing.",3,34,0,0.0,24,ok
2005,6912891,10,keyword,"Ultrasonic longitudinal wave sensor with twin delay line, integrated transducer and reflective interface calibration, measuring bulk‑modulus‑related properties in liquid food systems such as milk, ketchup, chocolate, and detecting solids concentration via reflected echo amplitude analysis.",3,37,2,0.06666666666666667,30,failed_constraints
2005,6912891,10,function,self‑calibrating ultrasonic sensor with twin delay lines measuring bulk modulus and solids content of food‑grade liquids via echo timing and amplitude for online process monitoring.,3,27,1,0.05,20,failed_constraints
2005,6884239,13,summary,"site‑specific ingestible drug delivery capsule with reservoir sealed by a baffle‑bung and elastomeric o‑ring retainer that presents non‑linear resistance, opening only when actuator pressure exceeds a threshold, triggered by a wireless electromagnetic latch",1,37,0,0.0,25,ok
2005,6884239,13,keyword,"site‑specific ingestible delivery capsule featuring a closure with elastomeric o‑ring providing nonlinear resistance, piston actuator driven by wireless electromagnetic latch, hollow cylindrical reservoir, threshold‑force unsealing for controlled release of liquid or solid payload.",2,36,0,0.0,27,ok
2005,6884239,13,function,"search for ingestible drug delivery capsule where a sealing bung is held in place by a resilient o‑ring requiring a threshold force to open, an actuator powered by an internal energy source, and a radiation‑responsive latch controlling actuation.",1,40,0,0.0,23,ok
2005,6956020,19,summary,"Find prior art on liquid laundry conditioning agents that combine fatty acid–derived amino alcohols with dispersed silicon‑containing polymers to enhance wear resistance of woven textiles in household washing, focusing on additive structures imparting protective polymeric films.",1,38,0,0.0,29,ok
2005,6956020,19,keyword,"Search patents for aqueous textile softener blends that combine a fabric conditioning agent with an ester‑based amide–alcohol additive and a dispersed organopolysiloxane, aimed at improving fiber abrasion resistance during home laundering.",2,33,0,0.0,23,ok
2005,6956020,19,function,"Searching for domestic laundry softeners that, after washing, improve textile fibre abrasion resistance through a liquid aqueous formulation containing fabric softener, fatty acid amide additives, and dispersed polyorganosiloxanes, enabling longer fabric life and reduced wear in home washing machines.",2,39,0,0.0,31,ok
2005,6894454,1,summary,Hybrid sensorless electric motor control system switching between high‑frequency injection at low speeds and back‑EMF detection at higher speeds for accurate speed and rotor position measurement.,1,28,0,0.0,21,ok
2005,6894454,1,keyword,"Search for electric motor control systems that employ a dual‑mode speed and position estimator, switching between a high‑frequency excitation module and a back‑EMF measurement module, controlled by an inverter‑connected controller with DC supply integration in automotive powertrains.",2,41,0,0.0,28,ok
2005,6894454,1,function,"electric motor control system with inverter and controller, using high‑frequency injection block for speed/position detection alongside back‑EMF measurement block, with a transition logic to switch between modes based on operating speed for vehicle powertrain applications",1,38,0,0.0,28,ok
2005,6900420,1,summary,"Induction heating system using a multi‑strand stranded wire wound as a bobbin with an insulated cooling tube interleaved within the windings, enabling indirect coolant flow to prevent overheating during paper‑finishing processing.",3,33,0,0.0,24,ok
2005,6900420,1,keyword,"Inductive heating element using a Litz wire coil formed into a bobbin, with an electrically insulated plastic tube intermeshed around the winding for indirect coolant flow, applicable to paper or board finishing machines to heat components while maintaining low electrical leakage.",2,41,0,0.0,29,ok
2005,6900420,1,function,"induction heating assembly with a spiral wound conductive cable and an insulated intermeshed cooling tube for circulating coolant, used to heat components in paper or board finishing equipment.",3,28,1,0.05555555555555555,18,failed_constraints
2005,6897186,20,summary,"Seeking prior art on using a polymer‑silicate fluid with added alkali to chemically consolidate sandy excavation walls by producing insoluble silicate reactions, thereby enhancing stability during cavity enlargement.",1,29,0,0.0,22,ok
2005,6897186,20,keyword,Search for excavation stabilization systems incorporating polymeric slurry with 0.1–50% sodium silicate and 0.01–10% alkalinity source forming low-solubility silicate derivatives in sandy or unstable soils for wall support.,1,33,0,0.0,22,ok
2005,6897186,20,function,"Investigate methods that apply a polymer-containing excavation fluid with silicate salts and an alkaline additive to react with unstable sandy soils, forming less soluble silicate structures that reduce water movement, enhance earth wall stability, and maintain borehole dimensional integrity.",3,40,1,0.034482758620689655,29,failed_constraints
2005,6939760,8,summary,"How to deposit high‑quality metal‑oxide capacitor dielectrics on a semiconductor substrate with excellent step coverage and throughput, by alternating a metal‑containing precursor with a low‑flow oxidant, then a high‑flow oxidant, repeating the cycle in a dual‑stage CVD process?",1,44,0,0.0,29,ok
2005,6939760,8,keyword,"dual‑stage metal oxide deposition on semiconductor electrodes, using alternating metal‑containing precursor and oxidizing gas flows, multiple cycles, controlled temperature, step‑coverage improvement, thin‑film capacitor manufacturing",2,28,0,0.0,24,ok
2005,6939760,8,function,Search for ways to deposit metal‑oxide dielectric layers on interconnects using successive metal‑precursor and oxidant steps to improve step coverage while preserving throughput.,2,25,0,0.0,18,ok
2005,6850858,8,summary,"Search for methods that calibrate optical metrology instruments using contrast‑enhanced artifact features to reduce measurement noise, compare measured parameters to reference values, and automatically adjust the tool until alignment is achieved.",1,32,0,0.0,23,ok
2005,6850858,8,keyword,"Search for prior art on calibrating optical metrology equipment using sub‑wavelength trenches that induce phase shifts and high‑reflectivity contrast features on a substrate, comparing measured geometrical parameters to reference values, and iteratively adjusting instrument settings via reflection and transmission techniques.",2,42,0,0.0,31,ok
2005,6850858,8,function,"methods for calibrating optical metrology instruments using contrast-enhanced artifacts that provide an optical contrast to lower random measurement errors, involving parameter measurement on a feature, comparison to reference values, and adjustment of instrument until alignment is achieved.",3,38,1,0.038461538461538464,26,failed_constraints
2005,6970530,6,summary,"Search for a shift register that uses a multi‑transistor stage arrangement to provide continuous non‑floating node voltages and extend transistor lifetime under sustained bias, improving reliability for thin‑film panel drive circuits.",2,34,0,0.0,25,ok
2005,6970530,6,keyword,"search for high reliability shift register with multiple transistor stages, each forming an inverter and charging circuit, using high/low supply voltages, out‑of‑phase clock pulses, avoiding floating nodes, for TFT panel gate driving, particularly in amorphous silicon memory elements.",3,41,2,0.0625,32,failed_constraints
2005,6970530,6,function,"Search for serial data storage stages using complementary transistors that supply high and low voltages to prevent floating nodes, employ an inverter for level restoration, and include a charge‑sharing node to mitigate long‑term stress on amorphous silicon TFTs, enabling robust panel gate driving.",3,45,1,0.030303030303030304,33,failed_constraints
2005,6964018,6,summary,"Hybrid document editor that rapidly offers multimedia insertion candidates while typing, using partial character input to match dictionary entries linked to media identifiers and file names, displaying selectable options for images, audio, or video.",2,34,0,0.0,26,ok
2005,6964018,6,keyword,"Search for systems that use partial character matching to retrieve multimedia assets via an associative dictionary for real‑time insertion of images, audio, or video into a text editor, displaying selectable candidates from storage tables identified by identifiers or filenames.",1,40,0,0.0,26,ok
2005,6964018,6,function,"Search for methods or systems that enable real‑time inclusion of images or audio in word processing by performing forward incremental lookup in dictionaries linked to media identifiers as the user types, presenting media as selectable insertion candidates.",1,38,0,0.0,24,ok
2005,6836991,29,summary,"Search for devices that capture ejected bullet casings from firearms, featuring a rigid-walled housing with an opening aligned to the ejection port, and an internal foam liner with angled wedges designed to redirect casings and prevent re‑ejection.",2,39,0,0.0,24,ok
2005,6836991,29,keyword,"Search for firearm shell casing catcher with hollow housing and rigid walls, having an opening connected to the ejection port, lined with acoustic foam wedges slanted to deflect expended casings away from the port and prevent backflow.",1,37,0,0.0,24,ok
2005,6836991,29,function,"firearm casing catcher comprising a rigid‑walled housing with an ejection entry opening and an internal acoustic foam lining featuring angled wedges that direct ejected shell casings toward a collection chamber, preventing rebound toward the opening and promoting efficient storage of expelled casings.",2,43,0,0.0,31,ok
2005,6869876,21,summary,"Search for deposition processes creating a metal coating on semiconductor surfaces by initially generating a halide‑based intermediate via alternating vapor‑phase halogen and metal precursors, then removing halogen atoms in a subsequent reduction step to yield the final metal film before full film formation.",2,45,0,0.0,33,ok
2005,6869876,21,keyword,"Search for patents describing chemical vapor deposition of a metal halide intermediate using halogen‑bearing and metal‑bearing precursors, then subjecting the intermediate to a reducing agent to yield a metal film on semiconductor substrates, including bilayer barrier structures, pulsed‑reactor techniques, and alloy‑forming steps.",3,46,0,0.0,33,ok
2005,6869876,21,function,"Metal film deposition on semiconductor surfaces via an initial halide layer formed by halogen and metal precursors followed by reduction to metal, enabling uniform metal coatings without direct metal deposition and improving interface quality.",2,34,0,0.0,25,ok
2005,6865888,27,summary,"electric turbocharger piston engine reluctance motor stator C‑shaped yokes covering rotor teeth to drive compressor wheel, improving boost control and reducing parasitic losses.",1,24,0,0.0,19,ok
2005,6865888,27,keyword,"Electric reluctance motor–driven turbo‑compressor for piston engines, featuring a fresh‑air intake and outlet, a transmission shaft coupled to an electric machine that turns the compressor wheel, and a stator composed of C‑shaped yokes with free legs protruding radially inward to encircle and align with cylindrical‑rotor teeth.",3,51,2,0.06060606060606061,33,failed_constraints
2005,6865888,27,function,"Search for motor‑driven compressor systems employing electromagnetic reluctance motors with C‑shaped yokes that encase rotor teeth to efficiently compress air for piston engines, integrating electric‑powered compressors and turbine‑driven electric machines for engine intake control.",1,38,0,0.0,28,ok
2005,6951593,8,summary,"Search for a lamination apparatus that uses a movable curved pad with a progressively varying gap to gradually seal a glass substrate and laminated element under vacuum, employing a central compressible protrusion and controlled suction to minimize trapped air and improve bonding uniformity.",1,43,0,0.0,28,ok
2005,6951593,8,keyword,"Search for vacuum‑laminating apparatus with a movable curved pad having radially increasing gap, a compressive‑deformable protrusion, suction holes, heating element, and glass or wafer substrates sealed within a vacuum chamber.",1,32,0,0.0,23,ok
2005,6951593,8,function,"search for apparatus that holds two substrates on facing surfaces, one having a curved region that progressively widens outward, which gradually brings the substrates together under vacuum, includes a central compressible protrusion, and enables lamination of glass and wafer with minimal air extraction.",1,43,0,0.0,29,ok
2005,6926791,34,summary,"Find prior art on binding multiple paper sheets by applying a thermally-activated imaging compound to each sheet, then heating and cooling it to fuse sequentially with already bound layers using a pressing device.",1,34,0,0.0,23,ok
2005,6926791,34,keyword,"search for thermal bonding of media sheets by applying and activating imaging adhesive, then sequentially heating each sheet’s binding region with a heating element, cooling with a cooling element, and stacking for document binding.",1,35,0,0.0,22,ok
2005,6926791,34,function,"sequential sheet‑binding process applying an imaging adhesive to each page, then heat‑and‑cooling the bond area while stacking, enabling automated paper assembly with precise thermal control.",1,28,0,0.0,21,ok
2005,6861584,1,summary,"Describe a flush‑to‑grade underground rectangular enclosure that incorporates wall‑mounted cross‑connect panels, routed cables through vertical raceways, a raised work floor, and a bracket system enabling different panel types for service access.",3,35,1,0.038461538461538464,26,failed_constraints
2005,6861584,1,keyword,"Search for underground rectangular vaults with side and bottom walls, containing raised floors, built‑in raceways for cable routing, stationary mounting brackets for telephone cross‑connect assemblies, and access hatches for technician entry and exit.",2,35,0,0.0,24,ok
2005,6861584,1,function,"ground‑mounted rectangular underground enclosure with fixed side walls, integrated conduit and access hatch for telecom cross‑connect equipment, enabling technicians to service bundled signal cables via a raised interior floor and enclosed raceway.",2,34,0,0.0,26,ok
2005,6968655,35,summary,"Search for a modular sheet‑metal stair step system featuring cutouts and tapered flanges for attaching treads and risers, with slitted tread flanges for flexion to accommodate curved stairs and a laminated load‑bearing surface.",1,35,0,0.0,23,ok
2005,6968655,35,keyword,"Search for metal sheet stair rail systems with integrated cutouts, tread and riser flanges, slit‑flex design, laminated coatings, load‑bearing flanges for structural mounting, applicable to straight or curved stair manufacturing methods.",3,33,1,0.04,25,failed_constraints
2005,6968655,35,function,"Search prior art for metal sheet stair substructure comprising contiguous cutouts and slitted flanges that flex for curved profiles, allow modular treads and risers to be fastened while providing integral load‑bearing support with laminated material layers.",2,37,0,0.0,27,ok
2005,6845590,35,summary,"A fascia assembly that attaches to a roof edge and uses a spring‑clipped, snap‑on cover plate to lock a membrane against the edge, employing a rigid base with vertical and horizontal protrusions for compression and sealing.",3,38,0,0.0,21,ok
2005,6845590,35,keyword,"Search for roof fascia assemblies with a vertical panel attached to the roof, an angled protrusion acting as a drip edge, a snap‑over cover plate, spring clips in a seating groove, and integration with tar‑based membranes.",3,38,1,0.043478260869565216,23,failed_constraints
2005,6845590,35,function,"Systems for installing a fascia that secures a roofing membrane to a vertical roof edge, featuring a flat support plate with lower and upper horizontal legs, an inward angular flange compressing the membrane, a snap‑off cover plate and spring clips that hold the cover in place to prevent water ingress.",3,51,1,0.03125,32,failed_constraints
2005,6838529,17,summary,"polyester blend of glycidyl ester and glycidyl ether with catalyst for improved hydrolysis resistance, reduced gas generation, and stable viscosity, targeting automotive connectors.",1,23,0,0.0,16,ok
2005,6838529,17,keyword,"Search for polyester blends incorporating ~0.1–3 wt% glycidyl ester, 0.5–3 wt% glycidyl ether, and 0.001–1 wt% catalyst, with ≤7 equivalents per ton of carboxyl functionality, yielding low gas evolution, stable viscosity after melt, suitable for automotive connectors and electronic housings.",2,46,0,0.0,29,ok
2005,6838529,17,function,"Search for polyesters modified with glycidyl ester and glycidyl ether additives that exhibit low gas evolution, stable viscosity during melt processing, high hydrolysis resistance, and are suitable for automotive electrical connector components.",1,32,0,0.0,23,ok
2005,6904092,2,summary,"Technique for reducing prediction drift in low‑bitrate scalable video compression by computing motion intensity, comparing it to a preset threshold, and selectively enabling or disabling motion‑compensated enhancement layer coding.",3,31,1,0.047619047619047616,21,failed_constraints
2005,6904092,2,keyword,"Search patents describing adaptive scalable video coding that switches between motion‑referenced and purely intra‑coded enhancement layers depending on calculated motion activity thresholds, aimed at reducing prediction error variance during very low bitrate transmissions.",3,35,1,0.034482758620689655,29,failed_constraints
2005,6904092,2,function,search for methods to reduce prediction errors in fine‑grain scalable video compression by selecting motion compensation based on activity thresholds.,2,21,0,0.0,14,ok
2005,6902177,13,summary,"Search for a human‑powered vehicle featuring front‑mounted fixed axles, a pivoting seat that directs a rear wheel via a flexible chain connection, and hand‑operated cranks for propulsion, to simplify steering and enhance rider control.",3,37,2,0.08,25,failed_constraints
2005,6902177,13,keyword,"Search prior art for a human‑powered cycle with a structural frame, two front wheels on fixed axles, a pivoting seat connected by a flexible chain or belt to a steerable rear wheel, and a hand crank above the front wheels, plus a biasing seat spring.",3,46,6,0.20689655172413793,29,failed_constraints
2005,6902177,13,function,"Human‑powered wheeled vehicle using a pivoting seat that steers a rear wheel through a flexible chain or cable linkage, with front wheels powered by a hand crank and a seat‑biasing spring returning the seat to neutral.",1,38,0,0.0,24,ok
2005,6937761,6,summary,"Method for multi‑segmenting correlated achromatic image representations, creating high‑confidence object cores via thresholded overlaps, weighted summation of cores, colorizing, binarizing, and isolating individual image objects.",1,27,0,0.0,22,ok
2005,6937761,6,keyword,"Search for computer vision techniques that generate multiple greyscale replicas of a single image, apply diverse segmentation rules to identify high‑confidence core zones, retain zones overlapping a preset core‑threshold, perform weighted fusion, then color‑map and binarize to isolate distinct objects.",1,43,0,0.0,33,ok
2005,6937761,6,function,"How can multiple correlated grayscale images be simultaneously segmented using varied criteria, thresholded against multi‑core certainty zones, weighted‑summed, colored and binarized to automatically isolate and extract individual objects based purely on image data?",1,35,0,0.0,28,ok
2005,6911035,13,summary,"Search for devices that secure a tubular graft to a blood vessel by placing an inner ring inside the lumen and an outer ring outside, using gripping elements that capture the vessel wall to create a leak‑free seal while enabling side‑branch preservation.",2,44,0,0.0,28,ok
2005,6911035,13,keyword,"Search for designs featuring an internal annular prosthesis sleeve that interfaces with a blood vessel, paired with an external annular sleeve surrounding the internal one, incorporating integrated suture anchors to secure the vessel wall around a continuous sealing rim, enabling branch attachment and modular vascular graft systems.",3,47,0,0.0,33,ok
2005,6911035,13,function,"Search prior art on annular suturing systems that anchor a tubular vascular graft to a vessel with an inner ring inside the lumen and an outer ring carrying suturing elements compressing the vessel wall, forming a leak‑free seal and graft fixation, allowing modular configurations and branch preservation.",1,48,0,0.0,32,ok
2005,6840727,31,summary,"Searching for fasteners that allow one‑hand insertion yet resist separation, featuring interlocking snapping segments with anti‑opening features, multi‑hole engagement for sealing, reduced noise, and use in automotive assemblies.",2,31,0,0.0,23,ok
2005,6840727,31,keyword,"Search for folded sheet metal fasteners with front and back snapping segments, continuous top and bottom engagement holes, left/right side links, and bottom extensions forming an integrated moisture and gas barrier; include features that prevent disengagement and lateral sliding.",3,40,3,0.10344827586206896,29,failed_constraints
2005,6840727,31,function,"fastener system for sheet metal assemblies enabling simple snap‑in and secure separation, using dual snap arms with inward bends, multi‑hole engagement, and elastic sealing bands for water‑ and gas‑tight performance while minimizing noise in automotive structures.",2,39,0,0.0,29,ok
2005,6873961,7,summary,"Computer‑based method for tracking project progress by storing planned and actual parameter values over time, statistically comparing them to produce correlations, variances, and change rates, and visualizing results for project performance evaluation.",1,33,0,0.0,23,ok
2005,6873961,7,keyword,"time‑series project tracking database storing planned and actual lines‑of‑code, requirement, and staff metrics, performing statistical correlation, variance, and rate‑of‑change analysis, outputting visual functions on a dashboard for project progress assessment.",1,35,0,0.0,25,ok
2005,6873961,7,function,"Search for systems that store planned and actual project metrics, perform statistical comparisons, generate correlations and variance analyses between metrics such as code, requirements, staffing, and display these functions to track project progress.",1,33,0,0.0,24,ok
2005,6960921,10,summary,"Search for capacitive sensors for detecting metal ion concentrations in stainless‑steel treatment solutions, particularly methods enabling real‑time monitoring of chromium or iron released during derouging or passivation processes.",1,30,0,0.0,22,ok
2005,6960921,10,keyword,"Capacitive sensing system for measuring Fe or Cr ion levels in stainless steel derouging or passivation baths, employing two conductive electrodes fully immersed in the electrolyte and detecting dielectric response variations as metal ions leach from the steel substrate.",1,39,0,0.0,27,ok
2005,6960921,10,function,"Search for an electrochemical detection system that uses a capacitive probe with exposed terminals to detect changing dielectric properties of a stainless‑steel passivation bath, enabling real‑time adjustment of treatment chemistry.",2,32,0,0.0,21,ok
2005,6884186,33,summary,"Search for a handheld device that stores multiple throwing toys, uses a pivoting lever to push the lowest toy onto a tiltable slope, allowing the user to choose which side chute releases the toy onto the playing field.",2,38,0,0.0,24,ok
2005,6884186,33,keyword,"Projectile dispensing apparatus featuring dual side emission chutes, lever‑actuated release with L‑shaped second arm, stack‑retaining retainer, tiltable supply ramp for directional selection, pivoting about a single axis, ejecting upon player trigger.",2,34,0,0.0,28,ok
2005,6884186,33,function,"How can a toy dispenser use a tiltable ramp and pivoted lever to let a player choose left or right chute for launching stacked ball‑like projectiles onto a surface, while ensuring each launch drives the lowest projectile from the stack?",2,41,0,0.0,28,ok
2005,6841851,8,summary,"Semiconductor structure combining a substrate with a gate electrode, a gate‑oxide deposition, cleaning step to remove residues, an etch‑stop layer over the gate and substrate, and subsequent high‑density plasma oxide coating to eliminate bubble defects during fabrication.",3,40,2,0.07142857142857142,28,failed_constraints
2005,6841851,8,keyword,"Invention featuring a gate electrode on a semiconductor, sidewall gate oxide, a barrier layer blocking under‑etch, and a plasma‑generated dense oxide overcoat designed to eliminate bubble defects during fabrication.",2,31,0,0.0,22,ok
2005,6841851,8,function,"semiconductor process employing gate electrode sidewall oxide, substrate‑spanning etch‑stop barrier, and subsequent high‑density plasma oxide coating to suppress bubble defects during fabrication.",3,25,1,0.047619047619047616,21,failed_constraints
2005,6940355,5,summary,"Integrated VCO that uses several slab inductors to connect multiple oscillator cores, creating a continuous low‑loss tank resonator; the cores are driven through opposing inductor ends, and the oscillation is extracted via a pick‑up coil inductively coupled to the slab network.",3,43,4,0.13333333333333333,30,failed_constraints
2005,6940355,5,keyword,"Search for integrated voltage‑controlled oscillators utilizing low‑loss slab inductors forming the tank circuit, including multiple oscillator cores connected between inductor end terminals, on‑chip pick‑up coils, and inter‑oscillator inductive coupling within CMOS or SiGe ICs.",3,39,6,0.1875,32,failed_constraints
2005,6940355,5,function,"Search for an oscillator architecture employing slab inductors as low‑loss tank components to couple multiple oscillator cores, provide resonant frequency control, pick‑up signals via inductive coils, and enable inductive coupling between separate oscillators for phased‑array or synthesis applications.",2,41,0,0.0,32,ok
2005,6846669,15,summary,Search for plant genetic methods that adjust seed weight or oil content using transgenic expression of ADC gene variants driven by plant promoters.,1,23,0,0.0,16,ok
2005,6846669,15,keyword,"Search for prior art on transgenic crop plants containing an expression cassette with a plant promoter driving a heterologous adenosine deaminase gene, showing at least 80% sequence identity to known ADC sequences, used to reduce seed mass or increase oil content.",3,41,0,0.0,29,ok
2005,6846669,15,function,"Searching for techniques that use plant‑promoter driven ADC gene cassettes to adjust seed weight or fatty‑acid yield in transgenic crops, enabling selection of seeds with altered mass or oil production.",3,32,2,0.09090909090909091,22,failed_constraints
2005,6951813,21,summary,"Search for atomic‑layer deposition or chemical vapor deposition processes using metal‑halide precursors followed by trialkylaluminum halide scavenging to produce halogen‑free metal layers, especially titanium or Ti/Al films.",1,31,0,0.0,24,ok
2005,6951813,21,keyword,"Search for methods of depositing metal layers from metal‑halide precursors and removing halogens with trialkylaluminum or comparable alkyl‑metal reagents, especially for titanium or Ti–Al films, using ALD/MOCVD processes in a sealed reaction chamber.",1,37,0,0.0,25,ok
2005,6951813,21,function,search for deposition processes using metal–halogen precursors followed by organoaluminium treatment to eliminate halide content and yield a pure metal thin film or multilayer structure.,2,26,0,0.0,18,ok
2005,6870372,5,summary,"Method and apparatus for monitoring comparator faults during system operation by using microcontroller inputs and outputs to compare expected voltage levels under control signals, enabling detection of comparator or peripheral device failures.",1,32,0,0.0,23,ok
2005,6870372,5,keyword,"Search systems integrating a comparator with a microcontroller, using dual analog inputs and digital H/L signal coupling, where fault‑detection logic evaluates comparator output voltage against microcontroller drive level and reference voltage, including hysteresis‑enhanced peripheral devices.",3,38,0,0.0,28,ok
2005,6870372,5,function,"Search for systems that detect comparator faults during assembly by feeding a comparator’s output to a microcontroller’s analog input and using controller logic to compare the output voltage against H/L signals sent back to the comparator, enabling diagnosis of both the comparator and attached hysteresis components.",2,49,0,0.0,29,ok
2005,6882626,4,summary,"Search prior art on automatic traffic rerouting in a multipath network when a link failure is detected by a gateway device sending probe packets to routers, causing traffic to be redirected to an alternate path.",2,35,0,0.0,20,ok
2005,6882626,4,keyword,"Search for methods and systems where a gateway device initiates data flow to a router along a virtual circuit, inserts detecting cells, uses a line card to spot failures on that circuit, and reroutes traffic to a different virtual circuit via a switch, possibly in firmware.",3,46,0,0.0,28,ok
2005,6882626,4,function,"Find earlier work on gateway modules sending diagnostic cells to routers, detecting a link failure via a switch, and redirecting data from the failed link to an alternative link in a multi‑path routing system.",2,35,0,0.0,22,ok
2005,6890201,1,summary,"Search for a low‑force contact coupling that uses a stationary, U‑shaped element and a sliding arm driven by an actuator to sandwich a mating terminal, featuring a cam‑actuated latch that locks the connection after minimal insertion effort.",2,40,0,0.0,24,ok
2005,6890201,1,keyword,"Search for patents describing ZIF connectors with insulating support, a contact comprising a fixed stem, a U‑shaped leg, a movable arm driven by a slidably mounted actuator, cam‑controlled locking, and a spring seated in an engagement groove to hold the contact closed.",2,44,0,0.0,27,ok
2005,6890201,1,function,"Search for a sliding‑connector with a hinged contact comprising a fixed shaft, a U‑shaped segment and an extendible arm that slides along a body, allowing cable ends in a gap to be pressed together by a rotatable cam for secure, low‑force mating.",2,45,0,0.0,25,ok
2005,6861155,21,summary,"Search for monodisperse quantum dot emitters with core–shell semiconductor design that achieve sub‑60‑nanometer emission spread, high quantum efficiency, and narrow size distribution using a high‑bandgap shell grown from a thermal precursor without disturbing monodispersity.",2,38,0,0.0,29,ok
2005,6861155,21,keyword,"search for monodisperse CdX quantum dots with core sizes 20–125Å, overcoated by ZnY shells, emitting <60 nm FWHM photoluminescence, >30 % quantum yield, and prepared by thermal precursor conversion in a coordinating solvent preserving monodispersity.",1,35,0,0.0,26,ok
2005,6861155,21,function,"Search for methods and compositions producing monodisperse semiconductor nanocrystals with core–shell structures that, when excited, emit photoluminescence confined to a spectral width of ≤60 nm, preserving size uniformity (<10 % deviation), and employing a higher band‑gap shell material formed by in‑situ thermal precursor conversion.",1,46,0,0.0,32,ok
2005,6955608,31,summary,"Search for a vehicle steering shaft assembly that fixes shaft terminals within a housing, joins them via a resilient socket‑mounted ball joint that may pivot and slide along the shaft axis, offering improved alignment and flexibility.",3,37,0,0.0,25,ok
2005,6955608,31,keyword,"Steering shaft universal double‑joint for automotive steering comprising a resilient ball‑joint in a socket with sliding bushing, housing joining dual single‑joint modules, shaft ends fixed against rotation.",3,30,4,0.17391304347826086,23,failed_constraints
2005,6955608,31,function,"vehicle steering shaft double linkage incorporating a resilient ball‑and‑socket connector that permits pivoting alignment and axial sliding, enabling precise steering torque transmission while mitigating vibration and accommodating shaft misalignment.",2,31,0,0.0,24,ok
2005,6842970,10,summary,"Search for methods of patterning strain‑sensitive resistive elements onto substrates by coating a matched insulating frit layer, applying conductive paste, covering with a flexible film over recess shapes, and then thermally sintering to remove film while bonding the layers.",1,40,0,0.0,29,ok
2005,6842970,10,keyword,"Search patents for methods forming a strain‑sensing resistive element by printing a glass frit insulating layer and a conductive paste resistor, covering with a flexible film matched to a recess, then curing to sinter and remove the film.",2,39,0,0.0,24,ok
2005,6842970,10,function,"Search for methods creating strain‑sensitive resistors by depositing an insulating film onto a substrate, overlaying a resistive paste, patterning a flexible film to fit a recess, removing the backing, and sintering to burn the film and bond the layers.",3,40,1,0.041666666666666664,24,failed_constraints
2005,6960391,2,summary,"Search for a copper tape with a carrier backing and a smaller‑area resin and functional layer printed by screen‑printing to prevent surface contamination, scratches, and wrinkles during cutting and handling, enhancing reliability of printed substrates.",3,37,0,0.0,23,ok
2005,6960391,2,keyword,"Search for a copper tape bonded to a metal plate, foil or polymer film, featuring a thin resin coating and an adjacent conductive or magnetic film printed by screen methods on a reduced area, to prevent surface contamination during size trimming.",2,41,0,0.0,26,ok
2005,6960391,2,function,"Improve handling and protect the exposed copper conductor of a laminated substrate by applying a sub‑edge insulating coating that restricts resin adhesive pickup and shields against scratches, dimples, and creases during trimming, shipping, and handling operations.",2,37,0,0.0,25,ok
2005,6961550,3,summary,Search for a radio receiver that detects whether the current broadcast is primarily voice or music and then automatically either mutates the audio output or switches to a different station identified by a stored frequency signature using a secondary tuner.,1,40,0,0.0,24,ok
2005,6961550,3,keyword,"radio receiver with a tuner, voice‑only detection sensor, audio processor, and a spectrum analyzer that captures a unique frequency signature, a second tuning unit scanning for matching stations, and an automatic mode switch triggered by voice‑or‑music detection.",3,40,1,0.038461538461538464,26,failed_constraints
2005,6961550,3,function,"radio system with voice versus music detection that triggers mute or station‑switching, employing a stored frequency‑signature scanner to locate and hop to matching broadcasts, enabling automatic content‑based operational changes.",1,32,0,0.0,23,ok
2005,6910791,1,summary,"headlight system employing additional ring‑shaped secondary reflectors and a ring lens to capture and redirect direct light between the primary elliptical mirror and projector lens, enhancing beam uniformity and intensity by guiding backward‑emitted photons through peripheral optics.",1,39,0,0.0,29,ok
2005,6910791,1,keyword,"Search patents describing automotive headlights that integrate a primary ellipsoidal reflector and projector lens with secondary ring-shaped reflectors and peripheral guide surfaces, employing auxiliary concave mirrors and cylindrical lens assemblies to redirect and concentrate stray light for enhanced luminous efficiency and beam distribution.",2,44,0,0.0,32,ok
2005,6910791,1,function,"search for a projection headlight system that captures light emitted directly between the primary ellipse reflector and lens, reflects it retrograde with secondary ring-shaped mirrors, then redirects it forward through a ring lens to enhance beam uniformity and intensity.",1,40,0,0.0,27,ok
2005,6890275,31,summary,"A continuously variable drive unit that uses electrically controlled hydraulic pressure to slide variable displacement V‑pulleys in a variator, incorporating a double‑acting piston for balanced chamber volumes that recycles fluid from the lower‑pressure side to the higher‑pressure side, reducing reservoir draw.",2,45,0,0.0,30,ok
2005,6890275,31,keyword,"Search for continuously variable transmissions employing hydraulically adjusted primary and secondary V‑pulley disks, electro‑hydraulic pressure control lines, and a hydraulic cylinder with a bidirectional piston for oil volume redistribution between pressure chambers.",3,34,4,0.16666666666666666,24,failed_constraints
2005,6890275,31,function,Search for fluid‑controlled variable‑ratio transmission system using hydraulically movable gear discs driven by an electro‑hydraulic pressure regulator and an oil recycling cylinder that transfers pressurized fluid between opposing disc chambers to minimize reservoir usage while enabling continuous speed variation in vehicles.,3,44,0,0.0,34,ok
2005,6915008,2,summary,"Search for methods and apparatuses that use overlapping 3D sensors or stereo cameras to locate calibration targets, compute their relative positions, and transform local coordinate data into a shared global frame for combined 3‑D reconstruction.",1,36,0,0.0,22,ok
2005,6915008,2,keyword,"Find prior-arts describing a multi-sensor 3‑D localization system that uses overlapping measurement volumes, extracts calibration markers from each sensor’s local reference, and computes the relative pose to merge data into a shared global coordinate space.",2,39,0,0.0,26,ok
2005,6915008,2,function,"System for aligning multiple three‑dimensional sensors through overlapping fields, using calibration markers dispersed across sensor volumes, to compute a transformation mapping each sensor’s local coordinates to a shared reference frame for unified object localization.",1,36,0,0.0,27,ok
2005,6895534,6,summary,"Search for systems that automatically diagnose cluster computer networks by monitoring middleware parameters such as heartbeat, poll, and timeout values, comparing them against optimal ranges, and reporting discrepancies.",1,28,0,0.0,19,ok
2005,6895534,6,keyword,"Find patents that describe automated diagnostic systems for cluster computer nodes, monitoring network heartbeat, autostart timeout, node timeout and polling intervals against reference thresholds or optimal ranges in cluster middleware to support mission‑critical client applications.",1,36,0,0.0,28,ok
2005,6895534,6,function,"Search for systems or methods that automatically collect cluster middleware network parameters—such as heartbeat, autostart timeout, polling, or node timeout intervals—compare them with optimal or preset reference ranges, and report diagnostic results or alerts for mission‑critical cluster nodes.",1,41,0,0.0,28,ok
2005,6874229,31,summary,"Search for connecting rod solutions that replace conventional bearings by incorporating an elastically deformable elliptical bore, which self‑adjusts clearance when the crankshaft end applies axial forces, produced by compressing, honing, and releasing to form the oval opening.",2,38,0,0.0,25,ok
2005,6874229,31,keyword,"Search for connecting rod manufacturing methods that form an elliptical interface with a crankshaft by applying axial pressure to the rod end, machining a circular clearance, then allowing elastic recovery to create an oval opening, with clamping and bolting assemblies to secure the crankshaft.",2,44,0,0.0,27,ok
2005,6874229,31,function,"search for connecting‑rod designs that use deformable oval cavities to mate crankshafts without separate bearings, and manufacturing methods employing compressive deformation, honing, and elastic recovery to create clearance‑enhancing oval openings.",1,32,0,0.0,24,ok
2005,6951366,32,summary,"Look for rear car body assemblies featuring side and cross members joined by flanged rear walls, with inner sill panels integrated to extend forward and rearward, and a floor panel attached to multiple edges for structural rigidity.",2,37,0,0.0,25,ok
2005,6951366,32,keyword,"Search for automotive rear body assemblies featuring paired lateral frame members with lower, interior, and exterior walls, a transverse support rod connecting those frames, and an inner sill component bonded to the exterior wall front portion; include manufacturing steps for integrating a floor slab.",2,44,0,0.0,32,ok
2005,6951366,32,function,"Search patents describing automotive rear body reinforcement systems using lateral side frames joined to a central cross‑member, with integrated side‑sill panels connected to side walls, enabling compact assembly of floor and bulkhead components while maintaining structural rigidity and crash performance.",1,42,0,0.0,33,ok
2005,6970489,9,summary,"Search for compact spatial optical links employing semiconductor lasers and photodiode receivers, where the laser wavelength is chosen to match a low absorption coefficient in the detector, enabling high sensitivity transmission through free space using diffusion regions for beam spread.",2,40,0,0.0,28,ok
2005,6970489,9,keyword,"Search for an optical link system featuring a semiconductor laser chip emitting near‑infrared light, a diffusion zone for free‑space beam expansion, and a silicon or InP photodiode receiver that converts the light to an electrical signal with an absorption coefficient within 0.001–0.3 µm⁻¹.",2,49,0,0.0,28,ok
2005,6970489,9,function,"Search for spatial optical links employing laser diodes and silicon or InP photodiode receivers that use light‑diffusion regions, where the emitted wavelength is selected so the receiver’s absorption coefficient falls between 0.001 and 0.3 μm⁻¹, enabling low‑cost, high‑sensitivity transmission.",3,46,1,0.034482758620689655,29,failed_constraints
2005,6907730,27,summary,"Search for a Stirling engine displacer assembly featuring an annular seal mounted on a stepped displacer, allowing radial play to block gas leakage and cut friction while relaxing precision tolerance in the radial clearance.",1,34,0,0.0,23,ok
2005,6907730,27,keyword,"Stirling machine displacer with cylindrical body and step, radial clearance minimized by a radially free ring seal situated between cylinder inner surface and step, allowing eccentric motion without axial pressure and low friction and a bearing seal on the rod axis.",2,41,0,0.0,29,ok
2005,6907730,27,function,"search for seals or cylinder‑displacer assemblies in Stirling engines that reduce gas leakage without tight radial clearance, lower friction for reciprocating components, allow axial and radial freedom, and maintain contact despite eccentric displacement.",1,34,0,0.0,25,ok
2005,6943658,1,summary,"Search for semiconductor transformers with two side‑by‑side spiral conductors, each surrounded by a magnetic layer beneath and a connected magnetic layer on top, forming a dual‑layer magnetic core.",1,31,0,0.0,20,ok
2005,6943658,1,keyword,Spiral transformer on semiconductor substrate with parallel spiral windings side-by-side and two bonded magnetic layers—one under and one above the conductors—forming a compact integrated magnetic core for high‑frequency energy transfer.,1,35,0,0.0,25,ok
2005,6943658,1,function,"Search for a planar transformer featuring two side‑by‑side spiral conductors on a semiconductor substrate, integrated with stacked, electrically connected magnetic layers that couple the windings for on‑chip inductive power conversion and signal isolation.",1,36,0,0.0,23,ok
2005,6849144,1,summary,"Search for methods of fabricating liquid‑filled switching elements that use high‑frequency acoustic lapping to create micro‑channels in a metal plate, then mate the patterned plate to a complementary substrate and seal an active electrolyte between them.",1,39,0,0.0,25,ok
2005,6849144,1,keyword,"Method to fabricate a fluidic switching apparatus by ultrasonically milling structural features into a conducting plate, aligning the milled geometry with complementary patterns on a substrate, and sealing electromechanical liquid for actuation.",2,32,0,0.0,19,ok
2005,6849144,1,function,"Search patents describing a method that uses ultrasonic milling to create features in a thin conductive plate, then matches these features to complementary structures on a supporting wafer and seals a transportable fluid to form an electrically responsive fluidic switch.",2,40,0,0.0,26,ok
2005,6891636,2,summary,"What is a method for charging variable fees for document and advertisement prints by adjusting rates based on the additional processing time required, thereby compensating for reduced throughput?",2,28,0,0.0,16,ok
2005,6891636,2,keyword,"Search for prior art on copier systems that support a separate advertisement image mode, allow fee scaling based on print time, charge advertisers differently when ads printed on back or separate sheets, and include a selection unit for document‑only vs document‑plus‑ad image modes.",1,46,0,0.0,33,ok
2005,6891636,2,function,"Patent search for image printing apparatus that adds advertisement overlays to documents, includes mode selection for ad‑only versus combined printing, and dynamically balances user and advertiser fees based on print duration to preserve operational efficiency.",2,36,0,0.0,26,ok
2005,6961809,6,summary,"Search for methods that enable ordered rule set management by editing a copy in software, computing the differences from a base copy, and applying those changes to update a specialized associative memory array storing the rule set.",3,37,0,0.0,23,ok
2005,6961809,6,keyword,"Search for prior art on content‑addressable memories used to store access control lists or position‑dependent tables, where a software editor produces an edited list, a diff engine computes changes, and a control module merges differences back into the CAM.",3,41,1,0.037037037037037035,27,failed_constraints
2005,6961809,6,function,"Design of a system that stores an order-sensitive access control list in a content‐addressable memory, edits the list in software, computes differences between the edited and original list, and integrates those changes back into the CAM‑stored list, maintaining fast lookup and consistent integrity.",3,46,2,0.06666666666666667,30,failed_constraints
2005,6891777,10,summary,"Search for acoustic tool‑position monitoring in drilling: methods that transmit sound into a well, capture primary and formation returns, set amplitude thresholds from transducer output and geometry, compute early/late echo times to derive standoff distances, identify preferred tool placements, and assess borehole size.",3,45,0,0.0,33,ok
2005,6891777,10,keyword,"Borehole subsurface evaluation employing multazimuth acoustic transmission, front‑face and formation‑echo transit time analysis, standoff distance calculation from farther/closer‑mode times using borehole fluid velocities, tool geometry thresholds, radial adjustment, and borehole diameter determination.",2,36,0,0.0,31,ok
2005,6891777,10,function,"search for ultrasonic borehole evaluation techniques that transmit acoustic pulses at multiple azimuths, analyze echo transit times to calculate far‑ and near‑field standoff distances, determine tool placement and borehole diameter using echo amplitude thresholds influenced by transducer output and tool geometry.",2,42,0,0.0,32,ok
2005,6920240,6,summary,"Fast 3D medical imaging from 2D scans by frequency‑selectively filtering projection data, separately reconstructing low‑frequency components into small sub-images, then fusing those sub‑images to form the final image, thus speeding reconstruction and suppressing noise for moving subjects.",1,41,0,0.0,32,ok
2005,6920240,6,keyword,"Search prior art for a block‑wise Fourier‑domain filtered back‑projection technique that creates low‑frequency thumbnail reconstructions from 2‑D projections, discards high‑frequency blocks for speed and noise suppression, applied to mobile CT or industrial tomography with motion compensation.",1,42,0,0.0,29,ok
2005,6920240,6,function,"Search for methods that reconstruct 3D images from 2D projections by applying Fourier transforms, segmenting frequency blocks, performing inverse transforms, generating low‑resolution thumbnails per block, back‑projecting, then fusing thumbnails while discarding high‑frequency blocks to reduce noise, applicable to mobile tomography.",1,43,0,0.0,35,ok
2005,6888728,1,summary,"Timing generator for controlling synchronous rectifier transistor in a transformer‑coupled half‑bridge converter, deriving drive pulses that cross gate threshold synchronized with switching edges, enabling optimized dead time and reduced commutation delay.",3,33,0,0.0,25,ok
2005,6888728,1,keyword,"Search for a transformer‑based synchronous rectifier switching supply featuring a dead‑time timing generator that delivers control pulses exceeding the rectifier transistor’s threshold at the leading edge and falling below it before the following edge, accounting for leakage inductance and commutation delay.",1,44,0,0.0,29,ok
2005,6888728,1,function,"synchronous rectifier timing generator creating a delayed gate drive waveform that crosses threshold at rising edge and before falling edge of half-bridge switching signal, enabling dead‑time optimized switching power converters.",2,32,0,0.0,25,ok
2005,6903521,23,summary,"Search for coaxial electromagnetic accelerator using paired circular inductors to create an axial magnetic field that induces a secondary current in a dielectric‑coated channel, with a discharge coil generating a plasma pulse for propulsion or high‑energy transfer.",1,39,0,0.0,25,ok
2005,6903521,23,keyword,"Coaxially aligned dual‑loop inductors with spaced circular windings, dielectric interface layers forming a channel that induces a secondary current, a pulsed discharge coil generating high‑energy plasma for electromagnetic acceleration – prior art search.",1,34,0,0.0,26,ok
2005,6903521,23,function,"Search for an electromagnetic accelerator employing coaxial, parallel inductive coils that create a magnetic field inducing a secondary current in a dielectric-filled channel, with a pulse discharging coil to generate plasma and propel particles.",2,35,0,0.0,22,ok
2005,6949633,15,summary,Search for cleavable-linker oligonucleotide primers that detach short extension products from immobilized primers after selective cleavage for improved fragment sizing and sequencing.,1,23,0,0.0,16,ok
2005,6949633,15,keyword,"cleavable linker oligonucleotide primer immobilized solid support selective chemical cleavage release of extension fragment short product size determination including modified sugar or phosphate backbone, free 3′ hydroxyl, 5′ immobilization attachment, and use in sequencing or fragment sizing",1,37,0,0.0,28,ok
2005,6949633,15,function,"Discover prior art for oligonucleotide primers engineered with a 3′ cleavable linkage that, after enzymatic extension, releases a short primer‑derived fragment while the immobilized primer remains attached, facilitating high‑resolution fragment sizing and sequence identification.",1,36,0,0.0,26,ok
2005,6887223,13,summary,"Search for an external catheter bag support system featuring a cloth pouch, belt attachment, and elastic suspension strap that lets a wrapped urine collection bag swing freely across a thigh during physical activity.",3,33,7,0.2916666666666667,24,failed_constraints
2005,6887223,13,keyword,"male urinary incontinence, external catheter, urine collection bag with top inlet, bottom outlet, slotted top, cloth pouch with aligned corner slits, belt‑worn suspension system, threadable strap through pouch and bag slits, allowing free thigh swing during activity",3,38,2,0.06060606060606061,33,failed_constraints
2005,6887223,13,function,"Is there prior art for a cloth pouch and suspension strap system that suspends an external catheter urine bag on a belt, allowing the pouch and bag to move sideways along the thigh during patient movement?",2,36,0,0.0,22,ok
2005,6944936,2,summary,"Search for methods of fabricating laminated lead assemblies that integrate a spring metal skin, a conductive layer and an insulating spacer, form a window for mounting an IC with multi‑terminal array, and drill vias in the insulator to connect IC pins to embedded bond pads.",1,46,0,0.0,28,ok
2005,6944936,2,keyword,"Search for processes to fabricate an integrated lead suspension or component comprising a laminated spring‑metal/conductor/insulation stack with an IC receiving aperture, integrated conductive traces and bond pads, and through‑insulation vias interconnecting an IC terminal array.",3,39,3,0.1111111111111111,27,failed_constraints
2005,6944936,2,function,"How to create a laminated spring‐metal, conductive, and insulating substrate, drill a window in the metallic layer for an integrated circuit's pin array, embed interconnect traces in the conductive layer, and pattern vias through the insulator to connect the pins to the traces.",2,45,0,0.0,26,ok
2005,6931471,6,summary,Search for methods that protect against I/O interference during dynamic memory page relocation by temporarily disabling device arbitration and updating mapping tables.,1,23,0,0.0,15,ok
2005,6931471,6,keyword,"Search for patents covering a processor‑controlled memory‑mapping table that links physical memory pages to I/O device endpoints, which upon a data relocation request temporarily suspends bus arbitration for the linked device, moves data between pages, updates the mapping and resumes arbitration.",2,44,0,0.0,30,ok
2005,6931471,6,function,search for methods disabling I/O arbitration temporarily during data migration between physical memory pages tied to device‑page tables that enables safe page reassignment without interrupting ongoing I/O operations.,1,31,0,0.0,22,ok
2005,6837919,23,summary,"Search for methods that remove dissolved gases from an electrorheological fluid inside a sealed, field‑controlled actuator using vacuum or low pressure, optionally with heat, to preserve viscosity control and operational repeatability.",1,32,0,0.0,21,ok
2005,6837919,23,keyword,"Search prior patents for electrorheological fluid deaeration in sealed or closed devices, using reduced pressure (≤100 torr), electric-field controlled viscosity, heat treatment, and repeatable operation, including sealing methods and injection timing.",1,32,0,0.0,25,ok
2005,6837919,23,function,"Search for methods that remove gas from electrorheological fluid inside a sealed chamber operating under the fluid's influence, using reduced pressure (≤100 torr) and optional heating, to preserve consistent viscosity control during repeated actuation cycles.",2,36,0,0.0,26,ok
2005,6891477,35,summary,"Search for a wireless interrogation system that powers and reads from sensor stations on a composite pipe, where a mobile probe sends a signal to energize the station and receives back data about fluid flow or pressure.",1,37,0,0.0,21,ok
2005,6891477,35,keyword,"Wireless interrogation device on a composite flow conduit with through‑passage, wirelessly energizing embedded RFID sensor nodes that transmit pressure or temperature data via RF.",1,25,0,0.0,18,ok
2005,6891477,35,function,"Wireless, power‑transmitting measurement stations embedded in fluid flow conduits, remotely interrogated by a mobile device that delivers a powering signal and receives data on parameters such as pressure, temperature or flow, enabling batteryless, in‑conduit monitoring without external wiring.",1,40,0,0.0,28,ok
2005,6930473,5,summary,"Patent search for a switching converter employing two parallel MOSFETs with size asymmetry, where a control circuit sequentially gates a low‑capacitance device first and a low‑resistance device later, depending on load current thresholds, to independently minimize conduction and switching losses.",1,42,0,0.0,29,ok
2005,6930473,5,keyword,"Search for DC‑DC switching converters employing two parallel MOSFETs of unequal size, controlled by a current‑based logic that initially turns on the smaller device and then activates the larger device once voltage reaches a reference level, minimizing switching and conduction losses.",3,43,0,0.0,30,ok
2005,6930473,5,function,"Power‑switching converter uses two parallel MOSFETs with different on‑resistance and switching losses; a controller sequentially gates the low‑loss device first, then the low‑on‑resistance device once voltage reaches a target, only if current exceeds a preset threshold, reducing both dynamic and conduction losses and gate capacitance loss at low current.",3,54,1,0.02564102564102564,39,failed_constraints
2005,6979389,2,summary,"Search patent records for techniques using MEMS actuators to individually orient sliders during ion milling, modulating the beam angle per measured tip recession to achieve target pole‑tip‑recession values across a slider array, thereby customizing air‑bearing surface morphology.",3,40,4,0.12121212121212122,33,failed_constraints
2005,6979389,2,keyword,"Search for patents on arrays of MEMS‑actuated ion‑milling stations that individually adjust slider pole‑tip recession during air‑bearing surface processing, involving micro‑actuator driver, data acquisition of etch rates, and control of ion incidence angles for each slider element.",3,42,2,0.0625,32,failed_constraints
2005,6979389,2,function,"Search for methods or systems that use an array of micro‑electro‑mechanical actuators to individually orient components during ion‑beam milling, enabling tailored surface geometries for each element in a batch.",3,32,2,0.09523809523809523,21,failed_constraints
2005,6879836,10,summary,"Search for systems that use a GPS‑enabled mobile phone to capture a worker's location, store time‑series position data, query a map database for map overlays, generate daily activity logs, and estimate delivery ETA based on distance, unloading volumes, and current speed.",2,44,0,0.0,31,ok
2005,6879836,10,keyword,"Search for prior art on wireless location monitoring systems for handheld GPS‑enabled phones in mobile labor, featuring remote query units, position data logging, GIS database lookup, temporal trajectory filing, daily activity analysis, and ETA calculation incorporating travel distance, cargo metrics, and real‑time speed.",1,45,0,0.0,37,ok
2005,6879836,10,function,"Finding prior art on systems that query mobile worker’s GPS‑tracked phone, log time‑stamped positional data, generate daily activity reports, and compute delivery arrival times using distance, load, and historical speed factors.",2,34,0,0.0,27,ok
2005,6896156,25,summary,"Quadrilateral‑shaped paint container with finger‑recessed grips for pouring, threaded top collar, integrated pour spout aligned with diagonal corners, bail handle, and a stable body.",1,26,0,0.0,19,ok
2005,6896156,25,keyword,"high-density polyethylene paint reservoir with quadrilateral body and rounded corners, bottom finger recess, threaded top collar and cap, bail handle, and integrated pour spout aligned to opposing corners for directional dispensing.",3,32,0,0.0,24,ok
2005,6896156,25,function,"Search for paint dispensing containers with recessed finger slots, rounded-corner side walls forming a near-square shape, a threaded collar with a pour spout aligned to opposite corners, and integrated bail handles enabling controlled pouring and convenient cap securement.",2,40,0,0.0,29,ok
2005,6968190,4,summary,"Method for transferring pre‑stored radio‑network optimization algorithm parameters during handover between source and target subsystems via Iur or Iu interfaces, allowing the handover to proceed without renegotiating those parameters over the mobile station’s air interface.",1,38,0,0.0,29,ok
2005,6968190,4,keyword,"Mobile radio system where handover optimization algorithm parameters are transferred between source and target base stations over the Iu or Iur link, bypassing air‑interface renegotiation with the mobile station.",1,30,0,0.0,21,ok
2005,6968190,4,function,"Pre‑stored handover optimization algorithm parameters transmitted between radio subsystems over backhaul or core network, bypassing re‑negotiation on the mobile air interface.",1,23,0,0.0,18,ok
2005,6951466,2,summary,Device suspends one PCB above another with arms; uses a downward‑directed plate to deliver a connecting force to the back of the upper board so that two surface‑mount connectors align and mate without imposing load on the first board.,1,41,0,0.0,27,ok
2005,6951466,2,keyword,"Search for apparatuses featuring a horizontal support plate with downward suspension arms that hold a PCB above a mating board, using a pressure plate to apply axial coupling force to an integrated connector while preventing side forces.",2,37,0,0.0,25,ok
2005,6951466,2,function,"Search for devices that suspend a first PCB above a second using extension supports, allowing planar alignment and applying directed force via a pressure pad exactly at the connector location, while securing the second board without imposing load on the first.",3,41,0,0.0,28,ok
2005,6880350,10,summary,"Variable‑fluid spray apparatus for cooling semiconductor devices, employing a swirl chamber and movable plunger to modify jet flow and adjust spray width for temperature control.",1,26,0,0.0,18,ok
2005,6880350,10,keyword,"Dynamic spray cooling system for semiconductor heat removal featuring a multi‑port nozzle attached to a vortex chamber, a controllable main jet with a traveling plunger, adjustable swirl inlets, and an actuator‑driven flow regulator to shape spray breadth for precise temperature control.",2,43,0,0.0,30,ok
2005,6880350,10,function,"Search for thermally responsive spray cooling assemblies that employ adjustable orifice jets, swivel actuators, and swirl chambers to modulate spray patterns, enabling temperature regulation of semiconductor devices.",3,27,0,0.0,20,ok
2005,6952530,32,summary,"Search for modular glass‑ceramic composites that embed optical and electronic interconnect networks within a structural housing, using patterned, molded, and tempered components to provide integrated thermal control, mechanical support, and dual‑path electro‑optical communication without separate signal buses.",3,40,0,0.0,31,ok
2005,6952530,32,keyword,"Search for integrated spacecraft infrastructure comprising photostructurable glass‑ceramic components—patterned, molded, tempered, annealed—forming a composite electro‑optical communications lattice that routes optical signals via optical paths and electrical signals via electrical paths, encapsulating MEMS, optoelectronic, and electronic units within a multifunctional support frame.",3,45,3,0.08108108108108109,37,failed_constraints
2005,6952530,32,function,"What prior art exists for integrated glass ceramic structures that simultaneously provide mechanical support, thermal control, and interconnect optics and electronics using patterned photostructurable ceramic components forming a combined optical‑electrical routing system?",3,33,2,0.08,25,failed_constraints
2005,6872930,9,summary,"An optical system that aligns the spacing between detector elements to a resolvable feature size in the view by employing a k‑space filtering element, enabling high‑fidelity image reconstruction with multiple illuminations and computational post‑processing, thereby matching sensor pitch to scene resolution.",2,44,0,0.0,29,ok
2005,6872930,9,keyword,"optical imaging system with pixel array sensor and k‑space optical element that scales sensor pitch to match diffraction‑limited object size in the field of view, using multiple illumination sources, computer processor, memory, and unit‑mapped resolution for optimal signal‑to‑noise.",2,43,0,0.0,30,ok
2005,6872930,9,function,"Optical imaging system that maps sensor pixel pitch onto a target field through a scaling element to preserve modulation transfer above signal‑to‑noise limits, employing multiple illumination and computational processing for enhanced image fidelity.",2,35,0,0.0,26,ok
2005,6893748,2,summary,"High‑density perpendicular recording disc featuring an interleaved soft magnetic film of ferromagnetic layers separated by nonmagnetic spacers that create opposite‑alignment coupling, with layer thickness tapered to improve recording stability and read sensor performance.",3,35,1,0.038461538461538464,26,failed_constraints
2005,6893748,2,keyword,"Search for perpendicular magnetic recording media featuring a substrate, a recording layer, and a soft magnetic film that contains alternating ferromagnetic layers separated by non‑magnetic spacers—often ruthenium—to produce anti‑ferromagnetic coupling, with top ferromagnetic layers thinner than those below.",3,42,6,0.1935483870967742,31,failed_constraints
2005,6893748,2,function,"Search patents describing perpendicular hard disk drives featuring a multilayer soft magnetic blanket with alternating ferromagnetic and inert spacer films, where spacer layers produce antiferromagnetic interactions between successive magnetic layers, using materials such as ruthenium, to enhance recording density and reduce noise.",3,42,0,0.0,33,ok
2005,6922228,2,summary,"Search for a cooling system featuring a single axial fan directing airflow through a split duct network that guides air both above and below the external casing to cool multiple light valves on a liquid crystal display core, reducing noise and enhancing heat dissipation.",2,44,0,0.0,31,ok
2005,6922228,2,keyword,"Search for a cooling apparatus featuring an axial fan mounted on an air‑duct assembly affixed to an external housing, where partitioning generates multiple air channels with outlets directed to the exterior of polarized light valves on the housing, enhancing heat dissipation in a reflective display core.",2,47,0,0.0,29,ok
2005,6922228,2,function,"Invention: air‑cooled display kernel mounted on an external case, where a single axial fan drives split ducts that direct downward airflow through guide planes to cool valve surfaces, enhancing heat dissipation and lowering noise.",2,35,0,0.0,26,ok
2005,6933413,14,summary,"Search processes that convert hexafluoro‑1,2‑epoxypropane to hexafluoroacetone using fluorinated titanium dioxide catalysts and subsequent conversion to a neutralized hydrate by water absorption and alkali treatment, minimizing side products.",3,31,0,0.0,20,ok
2005,6933413,14,keyword,"Search for catalytic conversion of hexafluoro‑1,2‑epoxypropane to hexafluoroacetone using fluorinated titanium oxides, subsequent aqueous absorption, alkali neutralization, and distillation to yield hexafluoroacetone hydrate.",2,26,0,0.0,17,ok
2005,6933413,14,function,"Isomerizing hexafluoro‑1,2‑epoxypropane to hexafluoroacetone via fluorinated or non‑fluorinated titanium‑based catalysts, then absorbing, neutralizing, and distilling to yield high‑purity, acid‑free hexafluoroacetone hydrate with minimal by‑products.",2,32,0,0.0,22,ok
2005,6884024,27,summary,"Fastening system for bearing‑carrier struts attaching to a turbine casing via circumferential and axial stop faces matched to the casing, with angled screw clamps that secure contact for strong yet releasable mounting.",2,33,0,0.0,22,ok
2005,6884024,27,keyword,"Search for a releasable fastening system for bearing struts of an aircraft gas turbine rotor mount, using circumferential and axial stop faces, an inclined screw connection, and symmetric projection features on the strut end.",2,34,0,0.0,22,ok
2005,6884024,27,function,Search for systems enabling releasable retention of bearing carrier struts on turbine rotor casings using circumferential and axial stop faces with inclined screw fasteners.,1,24,0,0.0,17,ok
2005,6887338,26,summary,Search for CMP systems utilizing a high‑tension polish belt (3000–4000 lb) and a multi‑zone air‑bearing platen that adjusts backside air pressure for reducing wafer edge defects and fine‑tuning removal rates on 300 mm wafers.,1,39,0,0.0,29,ok
2005,6887338,26,keyword,"Search for 300‑mm planarization devices that use a high‑tension polishing belt (3000–4000 lbs) and belt tension control device on a platen with multiple adjustable backside air‑bearing zones for edge‑effect reduction and removal‑rate tuning, while minimizing fluid use.",3,43,2,0.0625,32,failed_constraints
2005,6887338,26,function,Search for chemical mechanical polishing equipment for 300mm silicon wafers featuring a 3000‑4000 lb belt tension and a platen with multiple air‑pressure zones that form an air bearing and adjust removal‑rate profiles while minimizing fluid use.,3,39,2,0.07142857142857142,28,failed_constraints
2005,6979497,2,summary,"A flexible polyimide substrate achieving superior electrical conductivity through a molybdenum–nickel alloy interlayer with controllable alloy ratio, followed by a thin conductive metal coating for enhanced adhesion and performance in flexible electronic applications.",3,34,0,0.0,24,ok
2005,6979497,2,keyword,"Search for an electro‑conductive composite featuring a polyimide substrate with aromatic backbone, a subbing layer of molybdenum‑nickel alloy rich in molybdenum, and a top electroplated conductive metal coating suitable for high‑temperature electronic packaging.",3,36,0,0.0,24,ok
2005,6979497,2,function,"electro‑conductive polyimide substrate with molybdenum‑nickel alloy subbing layer (75‑95% Mo, 5‑25% Ni) and conductive metal coating for flexible printed circuit boards and electronic implants.",1,28,0,0.0,21,ok
2005,6885390,25,summary,"Find prior art for a print system that uses a heated head and roller to activate a thermo‑adhesive sheet, then thermally melts residual adhesive onto a separate wipe material moved through the heated chamber, all controlled by a shared unit.",2,41,0,0.0,28,ok
2005,6885390,25,keyword,"thermal activation unit with heating head, opposed platen roller, control logic, cleaning carrier sheet, thermosensitive adhesive layer on a base substrate, and method for removing residual adhesive by heating when sheet absent, integrated into a printer apparatus.",1,37,0,0.0,26,ok
2005,6885390,25,function,"device heats a thermosensitive adhesive sheet with a thermal head and platen roller, and, when the sheet is absent, thermally cures residual adhesive on the head/roller while a cleaning sheet is drawn between the head and roller to pick up and remove the cured residue.",1,46,0,0.0,27,ok
2005,6892583,10,summary,smoothed rheometer plate with integrated micro pressure sensors in cavities for local pressure measurement and viscosity calculation in shear flows.,1,20,0,0.0,13,ok
2005,6892583,10,keyword,"Multi‑well deformable diaphragm pressure sensor array embedded in a rheometer plate with a smooth shear face; capacitive or resistive transducers in individual cavities record local pressure deflections, enabling high‑resolution viscosity and normal stress‑difference characterization in slit or plate shear geometries.",3,43,0,0.0,32,ok
2005,6892583,10,function,"Search for devices that integrate distributed pressure transducers into a smooth plate surface, where micro‑diaphragms deflect over cavities to locally resolve fluid shear forces, viscosity, and normal stress variations in rheometric or slit‑shear configurations.",2,36,0,0.0,25,ok
2005,6960675,21,summary,Search for tantalum complexes comprising tethered amine ligands or amide groups designed for chemical vapor or plasma deposition of tantalum nitride or oxide diffusion barriers on copper‑based or ferroelectric device structures.,2,32,0,0.0,22,ok
2005,6960675,21,keyword,"Search for tantalum precursor compounds with tethered amide ligands for ALD/CVD of TaN/TaOX, including structures with bis(amine) ligands, cyclic silyl amides, and nitrogen‑containing substituents for copper diffusion barriers on integrated circuit substrates.",2,36,0,0.0,26,ok
2005,6960675,21,function,"Searching for novel tantalum based vapor‑phase deposition precursors capable of forming nitride or oxide diffusion barriers on copper interconnects via CVD or ALD processes, focusing on tethered amine complexes and amide structures.",2,33,0,0.0,24,ok
2005,6855195,19,summary,"Search for ink formulations featuring novel chromophoric cores with diverse substituents and surfactants, aimed at enhancing color stability and printability on pigmented substrates, particularly designs incorporating heterocyclic linkages and multiple functional side groups.",2,33,0,0.0,24,ok
2005,6855195,19,keyword,"Search for inkjet ink formulations based on chromophores structured per formula sets 1‑3, incorporating phosphonic or sulfonic acid moieties and nonionic surfactants, suitable for high‑resolution deposition onto supported films containing light‑reflective inorganic particles.",2,36,0,0.0,27,ok
2005,6855195,19,function,"Search for inkjet inks that blend aromatic/heterocyclic chromophores bearing hydrophilic/substituent groups with a surfactant, designed to jet onto a substrate with a white pigment‑loaded image layer, achieving broad color range, rapid drying, and minimal nozzle clogging.",2,39,0,0.0,28,ok
2005,6858636,16,summary,"Search for compounds featuring a phenyl‑imidazole‑one core with a biphenylmethyl side chain that competitively inhibit angiotensin II receptors, offering novel antihypertensive and heart‑failure therapeutic options.",3,28,2,0.1,20,failed_constraints
2005,6858636,16,keyword,"Search prior art on imidazolone derivatives bearing an N‑1 phenyl substituent, a biphenylmethyl backbone, and a 5‑tetrazole side chain that act as AT1 (type 1 angiotensin) receptor blockers for hypertension, glaucoma, and post‑operative circulatory disorders, including salt formulations.",2,41,0,0.0,26,ok
2005,6858636,16,function,"Search for angiotensin II antagonist molecules comprising an imidazo‑one core with variable biphenylmethyl groups and tetrazolyl side chains, designed to lower blood pressure, treat congestive heart failure, and control intraocular pressure in glaucoma patients.",3,35,2,0.07692307692307693,26,failed_constraints
2005,6928291,4,summary,"Search for network intermediaries that intercept mobile requests, detect required personal data, and trigger a user‑controlled prompt on the handset before forwarding data to servers.",2,26,0,0.0,17,ok
2005,6928291,4,keyword,"method for intercepting mobile device network requests at an intermediary gateway, determining the requirement of sensitive data, invoking a handheld UI to allow user control over disclosure, and selectively releasing the data to the origin server based on the user’s choice.",1,42,0,0.0,26,ok
2005,6928291,4,function,"intercepting data requests from a mobile device to a server via an intermediary gateway that determines required personal information, prompts the mobile user through a UI to dynamically grant or deny release of protected data, and forwards the user‑consented data to the server.",1,44,0,0.0,27,ok
2005,6980288,10,summary,"Developed an optical analyzer that assesses the optical response of a sample by frequency‑shifting a reference beam, multiplexing it with the transmitted sample signal, photodetecting and comparing phase to extract characteristic data.",1,33,0,0.0,19,ok
2005,6980288,10,keyword,"Search for systems with a light source that demultiplexes a transmitted optical signal into separate wavelengths, generates a reference oscillation, frequency‑shifts one channel, re‑multiplexes it with the transmitted channel, detects the combined beam with a photodiode, and compares its electrical phase to the reference for characterizing a sample.",2,50,0,0.0,29,ok
2005,6980288,10,function,"search patents on a coherent optical diagnostic device that uses multiplexed dual‑frequency signals, demultiplexing, photo‑conversion, and phase comparison with a reference to assess the optical properties of a test sample.",2,32,0,0.0,20,ok
2005,6910412,24,summary,"Search for foot‑activated garbage compactor featuring a piston inside a sealed cylinder and a spring‑return mechanism, mounted on a pivoting cover that lets a foot step the plate to compress waste and automatically reset it.",1,37,0,0.0,22,ok
2005,6910412,24,keyword,"Searching patents for a trash receptacle featuring a cylindrical housing with a reciprocating compression plate, a pivot‑mounted cover equipped with a foot‑step opening, a seated recess with a corresponding aperture, and an integrated spring‑based restituting mechanism to return the plate.",1,43,0,0.0,26,ok
2005,6910412,24,function,"Garbage container with an internal compress plate that a user foot can depress through a pivotally mounted cover opening, automatically returning via a spring‑restoring mechanism to reduce fill volume.",1,30,0,0.0,21,ok
2005,6884701,21,summary,"Search for a semiconductor fabrication method that creates a subsurface doped region via ion implantation, activates it in a nonoxidizing furnace at a temperature below defect‑forming limits, then increases the temperature to ~1000 °C before the dopants reach the surface, enabling defect‑free epitaxial layer growth.",2,47,0,0.0,31,ok
2005,6884701,21,keyword,"Search for buried impurity ion implantation in a substrate followed by a nonoxidizing atmosphere anneal, raising temperature from <800 °C to ~1,000 °C to activate diffusion before epitaxial layer growth, thereby preventing oxide‑induced stacking faults and autodoping.",3,39,2,0.08,25,failed_constraints
2005,6884701,21,function,"Find techniques for creating buried dopant layers in semiconductor wafers by ion implantation, followed by a nonoxidizing furnace anneal at a first temperature to activate diffusion, then a temperature ramp to ~1000 °C for epitaxial crystal growth with gas introduction, to reduce autodoping and defects.",3,45,0,0.0,28,ok
2005,6952188,3,summary,"An antenna assembly for circular‑polarized satellite reception using a symmetric folding mechanism that employs a plastic mount with aligned holes and dual grooves to support orthogonally bent conductive lines between opposing metal plates, enabling simplified, cost‑effective unit production.",2,40,0,0.0,30,ok
2005,6952188,3,keyword,"Search for satellite circular‑polarized antennas that use symmetrically folded metal straps between dual grounding plates, with plastic mounting members featuring through‑holes and side grooves for vertical and horizontal wire support, implementing low‑cost fabrication methods.",1,37,0,0.0,29,ok
2005,6952188,3,function,"Search for satellite antenna designs using two opposing metal plates with a molded plastic mount that holds a metal wire shaped in orthogonal segments, permitting folding into left‑ or right‑symmetric configurations to lower fabrication cost and enable circularly polarized reception.",1,41,0,0.0,29,ok
2005,6918856,13,summary,"Search for an apparatus that uses a power‑driven disc to rotate a hoop containing massage rollers, creating a circular waist‑twisting motion while delivering friction massage to aid body slimming.",2,31,0,0.0,21,ok
2005,6918856,13,keyword,"Search for waist contortion device featuring a main chassis with a power supply and gear assembly, a rotating disk and inner hoop encircling the user, equipped with built‑in massage rollers for synchronous twisting and slimming treatment.",3,37,0,0.0,23,ok
2005,6918856,13,function,waist toning apparatus employing a rotating circular frame with built‑in rollers that simultaneously twist the waist and massage to promote a slimming effect.,1,24,0,0.0,14,ok
2005,6904238,3,summary,"How can one characterize the gain variation of an optical amplifier caused by changing polarization, using a saturating source, a slow input scrambler, a fast output scrambler, and intensity analysis of each channel?",2,33,0,0.0,22,ok
2005,6904238,3,keyword,"Search for a system that generates a saturating multi‑channel optical source, applies a slow polarization randomizer to the input of an optical amplifier, then uses a rapid polarization scrambler on the output and an analyzer to quantify PDG across WDM channels.",3,42,1,0.04,25,failed_constraints
2005,6904238,3,function,"Find prior art on methods that evaluate how an optical amplifier’s gain varies with input polarization by applying a high‑power broadband signal, scrambling polarization slowly before amplification, and scrambling output quickly to generate a measurement signal for channel‑by‑channel power analysis.",2,44,0,0.0,30,ok
2005,6844952,9,summary,"Find prior art for a mirror mount with an actuator‑driven mirror assembly employing a low‑stiffness flexure spring and a pivot support to constrain unwanted translation while allowing rotation, using a Z‑stop style mechanism for motion precision.",1,39,0,0.0,26,ok
2005,6844952,9,keyword,"Search for actuator‑driven mirror assemblies featuring a Z‑stop or translational dampening device, a flexure spring with sub‑20 mN·mm/rad stiffness, a rotary pivot structure, dual mirror configuration with counter‑reflective surfaces, and fixed frame coupling via coil‑mirror integration.",2,43,0,0.0,32,ok
2005,6844952,9,function,"Search for actuated mirror assemblies using a low‑stiffness flexure spring and pivot support to limit translational drift, enabling controlled rotation about a central axis, often including a counter‑mirror, within a fixed frame structure.",1,35,0,0.0,26,ok
2005,6852399,21,summary,"Decorative coating system using a paper substrate, a printed graphic layer, a stress‑relief primer, and an electron‑beam polymerized resin overcoat, designed to reduce shrinkage deformation during curing while maintaining specified friction and gloss.",2,35,0,0.0,26,ok
2005,6852399,21,keyword,"Search for a decorative coating system containing a paper or polymer base, an inked printing layer, a stress‑relieving primer layer, and a UV‑initiated cured resin overlay that minimizes shrinkage and provides high adhesion.",2,35,0,0.0,23,ok
2005,6852399,21,function,"decorative substrate with printed image under ionizing‑radiation curable protective coating, incorporating a primer layer to relieve shrinkage stress, regulating gloss, dynamic friction 0.3‑0.6, total thickness <50 µm, uses penetration‑inhibiting coating.",3,35,2,0.08,25,failed_constraints
2005,6879548,2,summary,"High‑resolution optical recording medium with a multilayer stack (reflector, lower dielectric, recording, upper dielectric), where the recording/upper dielectric interface is smoothed to <4 Å roughness to enable efficient reflection‑based readout from the upper side.",3,37,1,0.045454545454545456,22,failed_constraints
2005,6879548,2,keyword,"sputtered reflective base with dielectric spacer, recording layer, and top dielectric coating, side‑illuminated, where the recording layer’s top interface roughness is <4 Å, etched after deposition; search for sub‑angstrom surface finish optical storage media.",2,37,0,0.0,25,ok
2005,6879548,2,function,"optical storage device with a reflective layer, a low‑index dielectric, a recording layer, and a high‑index overcoat, designed for transverse illumination where the detected signal originates from reflections within the recording layer, requiring interface roughness below a few angstroms for high data fidelity.",3,45,0,0.0,30,ok
2005,6845929,23,summary,"Search for spray guns that use a converging‑then‑successively‑diverging flow path with two distinct divergence angles (0‑10° then 9‑14°) to improve coating density and reduce oxidation, especially in over‑expanded thermal or plasma spray processes, including retrofit nozzle kits.",1,43,0,0.0,31,ok
2005,6845929,23,keyword,"Search prior art for spray gun systems with elongated housing and passageways where the inlet section converges and the outlet section has two diverging sections with small divergence angles (0‑10° then 9‑14°), or straight sections, for thermal spray processes Mach numbers 1‑4 HVHF, HVAF, cold and plasma coating.",3,51,0,0.0,33,failed_constraints
2005,6845929,23,function,"spray gun and retrofit nozzle kit enabling high‑duty thermal, HVHF, HVAF, cold, and plasma spray coatings with over‑expanded Mach 1‑4 flow, using multiple converging/diverging channel geometries to achieve superior deposition efficiency, dense coatings, and low oxidation.",1,40,0,0.0,31,ok
2005,6928122,5,summary,"Search for adaptive predistortion circuits that separate DAC paths for reference and error signals, apply vector decomposition with stored complex gain factors, filter both paths independently, and combine them via an RF combiner to reduce wide‑offset noise.",3,38,1,0.037037037037037035,27,failed_constraints
2005,6928122,5,keyword,"Search for RF amplifier predistortion devices employing dual DAC paths, DSP-based lookup tables of complex tap weights, vector error calculation, separate I/Q filtering with broadband and narrowband stages, and RF combiner integration to suppress wide offset noise.",2,39,0,0.0,29,ok
2005,6928122,5,function,"Search for a system that uses separate DACs for reference and error signals to generate a predistorted RF drive, with vector‑decomposition based error calculation, adaptive lookup table updating, and dual‑band filtering for improved wide‑offset noise performance.",3,39,2,0.07407407407407407,27,failed_constraints
2005,6972511,5,summary,"Compact quartz crystal oscillator featuring dual electrodes on opposite surfaces, side‑extended contacts, adhesive‑secured mount at one end, and a minimal inter‑face gap that keeps the gap-to-length ratio below 6.4%.",1,35,0,0.0,24,ok
2005,6972511,5,keyword,"Search for quartz crystal resonator assemblies featuring a recessed housing, dual surface electrodes plus extending contacts, a protective sealing plate, conductive epoxy mounting to maintain parallelism, and a sub‑0.064 gap‑to‑length ratio for improved frequency stability.",1,39,0,0.0,28,ok
2005,6972511,5,function,"search for prior art on quartz crystal resonator assemblies with recessed cavities, crystal substrates bearing excitation electrodes on opposite faces, lateral extension leads, and a sealing cover held parallel by conductive adhesive, maintaining a 0<gap-to-length ratio<0.064 for stable frequency operation.",1,45,0,0.0,31,ok
2005,6854113,6,summary,"Method enabling simultaneous execution of a mix of source‑level Java code for debugging, profiling or coverage and compiled bytecode within a single running program, coordinated by a bridge class that dynamically attaches new classes and switches execution contexts during runtime.",2,41,0,0.0,28,ok
2005,6854113,6,keyword,"Search for a mixed‑mode runtime combining a source‑code interpreter (SCIP) with a byte‑code engine (BCIP) linked via an extendable bridge class, enabling profiling, debugging, memory transfer, and control transfer points in an object‑oriented Java environment.",3,39,4,0.14285714285714285,28,failed_constraints
2005,6854113,6,function,"Search for methods enabling mixed‑mode execution in an OOP system where interpreted Java source handles debugging or profiling, with a bridge transferring control to a byte‑code VM; includes dynamic class addition, state memory sharing, and transfer points for source‑bytecode interaction.",3,43,3,0.1,30,failed_constraints
2005,6838426,19,summary,"A spray‑able gel‑based cleaner that adheres to surfaces, prolonging stain contact for efficient removal of oily and water‑repellent spots on walls, tiles, concrete, metal, and automotive parts, comprising surfactants, oils, terpenes, solvents, dyes and gelling agents.",2,39,0,0.0,28,ok
2005,6838426,19,keyword,"Search for sprayable gel cleanser compositions containing surfactants, hydrocarbon oils, terpene aromatics, ethyl butyrate, gelling polysaccharides or synthetic elastomers, solvent carriers, and colorants; formulated for extended surface contact and removal of grease, paint, caulk, tar, and automotive stains on walls, brick, concrete, vehicle panels, and machinery.",2,46,0,0.0,35,ok
2005,6838426,19,function,"How can a sprayable gel cleaning system be formulated to remain on diverse surfaces for prolonged contact, facilitating efficient removal of both lipophilic and hydrophobic stains from household walls, industrial facilities, concrete, and vehicle exteriors?",3,35,3,0.125,24,failed_constraints
2005,6907613,2,summary,"Disk drive assembly that keeps the spindle freely supported by dampers and springs when no disk is present, engaging a locking member only upon disk insertion to prevent pin wear, and automatically resetting the lock after transfer‑error recovery.",1,39,0,0.0,27,ok
2005,6907613,2,keyword,"Search prior art for disk drive assemblies with a rotating platter head unit that remains freely supported by a compliant suspension during idle operation, and is re‑engaged by a releaseable locking element only when a cartridge is inserted, aiming to reduce pin wear and enable rapid restocking.",2,48,0,0.0,31,ok
2005,6907613,2,function,"elastic support for disk drive unit in standby, auto‑unlocked, lock engages when disk inserted, transfer mechanism moves disk to turntable for clamping, includes error recovery by returning disk and keeping unit unlocked; prevents pin damage",1,36,0,0.0,27,ok
2005,6922131,1,summary,"Search for laminated thermal‑resistance devices using conductive polymer layers between metal foils in telecom power contacts, low capacitance, low resistance, size under 2.5 mm, meeting UL1950 M‑1.",3,30,0,0.0,22,ok
2005,6922131,1,keyword,"Search for laminar thermistor devices built from conductive polymer PTC layers sandwiched between thin metal film contacts, insulated with flexible dielectric at perimeter, low‑resistance (<6 Ω at 20 °C), <150 pF capacitance, ≤2.5 mm thick, ≤50 mm perimeter, and qualifying UL1950 M‑1 250 V/3 A tests.",2,50,0,0.0,32,ok
2005,6922131,1,function,"Search for compact low‑resistance PTC assemblies using conductive‑polymer films sandwiched between thin electrode layers and flexible conformal dielectrics, achieving less than 6 Ω at 20 °C, <150 pF capacitance, and UL1950–M‑1 compliance for telecommunications power contacts.",3,40,0,0.0,28,ok
2005,6883629,32,summary,"Search for a three‑wheeled conveyance featuring a motor‑driven double‑front‑wheel setup and a pivoting swing arm carrying a rear wheel that can be swapped with front wheels, with vertical‑axis steering synchronized to the front turning arc, and a strut and shock absorber.",2,46,0,0.0,29,ok
2005,6883629,32,keyword,"Search for a three‑wheel vehicle with a front steering pair, a rear wheel mounted on a pivoting one‑sided swing arm with strut support and shock‑absorbing suspension, wheel hub assembly, and rear wheel interchangeable with front wheels, pivoting about a horizontal axis orthogonal to the chassis' longitudinal axis.",3,50,7,0.20588235294117646,34,failed_constraints
2005,6883629,32,function,"Search for motorized three-wheeled road vehicles featuring a chassis with two front drive units, a collapsible rear support arm with vertical pivot, a shock absorber limiting lift, a detachable rear propulsion assembly that tracks front steering arcs, and optional dual-wheel mounting.",3,43,0,0.0,32,ok
2005,6837210,32,summary,"looking for prior art on marine small engine lubrication systems with independent oil tank, separate feed and recovery pumps, upward extending drain pipe with cap and top tank opening integrated into engine's front, vertical elongated tank configuration",1,38,0,0.0,28,ok
2005,6837210,32,keyword,"Search for prior art of marine engine lubrication system with an isolated oil reservoir integrated into engine forebody, featuring a crankcase, fore‑and‑aft oriented crankshaft, a circulation pump transferring used oil back to the tank, a drain tube with upper valve, and a removable cap with dip‑stick.",3,49,0,0.0,32,ok
2005,6837210,32,function,"Searching for marine engine lubrication systems that use an external oil reservoir, separate feed and recovery pumps, an upward‑opening drain line with a cap, and a vertically elongated tank integrated into the engine front to support fore‑aft crankshafts.",1,40,0,0.0,26,ok
2005,6879984,6,summary,"System and method for creating business analytics reports by splitting relational tables into row‑numbered, single‑field files, compressing repeated data, streaming compressed contents in memory without full decompression, and distributing partition‑aware sub‑rowset processing across servers to merge partial results.",1,42,0,0.0,33,ok
2005,6879984,6,keyword,"Denormalized inverted relational tables compressed into row‑identifying single‑field files, directly traversed in memory; distributed servers partition row subsets, aggregate unique partition keys, merge them, and compute analytical reports from separate partition and measure files without full decompression.",2,39,0,0.0,31,ok
2005,6879984,6,function,"Distributed analytic reporting system that inverts relational tables into single-field files with row identifiers, compresses repeated values, reads directly from memory, assigns row partitions to worker nodes, merges unique keys, and aggregates results to produce business dashboards.",2,38,0,0.0,29,ok
2005,6977573,1,summary,"Search for a multilayer ceramic coil array with sequential conductors forming multiple parallel spirals, where inner coils have sections reversed for improved field control and compactness.",1,26,0,0.0,17,ok
2005,6977573,1,keyword,"Search for multilayer magnetic coil structures comprising stacked ceramic substrates with embedded wire layers, forming at least three coaxial spiral windings, where intermediate windings include bidirectional or reverse sections, and external drive pads attach to coil termini.",3,37,0,0.0,28,ok
2005,6977573,1,function,"Search for layered ceramic coil assemblies with multiple stacked conductors forming several adjacent spiral coils, each terminated by surface electrodes, employing partial reverse winding of inner coils to achieve improved magnetic field distribution or reduced inductive coupling.",3,37,0,0.0,29,ok
2005,6840927,13,summary,"Search for a menstrual tampon that uses a compressed absorbent core with a multi‑layer wicking sheath covering both faces, inserting fluid into internal voids while providing a loose skirt for extra capacity, designed to reduce leakages without sticking to mucosa.",2,41,0,0.0,28,ok
2005,6840927,13,keyword,"Search for patents on a menstrual tampon that features a compressed absorbent core with an external liquid‑absorbing layer enveloping the core, partially permeating its interior, and extending to create a protective skirt for enhanced leakage control.",2,37,0,0.0,22,ok
2005,6840927,13,function,"Search for absorbent feminine tampon designs featuring a compressed core coated with a fluid‑absorbing sleeve that covers the core entirely, permeates its interior, and provides a protective skirt beyond the extraction tip to reduce leakage while preventing tissue adhesion.",2,40,0,0.0,27,ok
2005,6895052,2,summary,"A method for transmitting an MPEG‑2 video by converting it to a lower‑rate stream, generating a delta stream reflecting the difference, and later merging the two streams to recreate the high‑rate source without retransmission.",2,37,0,0.0,21,ok
2005,6895052,2,keyword,"Search for MPEG‑2 transcoding employing differential coding of coefficient matrices and merging transcoded payload with differential data to reconstruct the original video stream, preserving quality using hierarchical sequence, picture, slice, macroblock, and block layering.",2,35,0,0.0,25,ok
2005,6895052,2,function,Find prior art on bitstream separation and merging schemes where a transcoded MPEG video stream is combined with a differential stream—capturing differences between the original and transcoded codes—to recover the original source without re‑sending the full high‑resolution bitstream.,2,42,0,0.0,28,ok
2005,6840734,27,summary,"Speed regulation of a turbine rotor by computing rotational velocity from real‑time power or torque measurements, comparing it against two ascending thresholds, and throttling the rotation to maintain optimal energy output—down‑shifting to the lower threshold when the upper limit is exceeded.",1,44,0,0.0,28,ok
2005,6840734,27,keyword,"turbine rotor speed control using power or torque measurement, dual threshold comparison for optimal energy output, generator integration, feedback loop, predefined rotor speed reduction when upper threshold exceeded, applicable to hydroelectric or wind turbines.",2,34,0,0.0,27,ok
2005,6840734,27,function,"How to regulate a turbine rotor speed using power/torque monitoring to maintain optimal energy output when speed crosses two preset thresholds, reducing speed to a lower threshold when above the upper limit?",2,33,0,0.0,23,ok
2005,6968622,26,summary,"Search for a portable cutting tool featuring a handle that houses a hinged blade support; the support pivots between an extended position for use and a retracted position within the handle, with a secondary guard wall and a pivoting locking element securing the blade.",2,44,0,0.0,26,ok
2005,6968622,26,keyword,"Search for prior art on utility knives featuring a pivotally mounted handle, a folded blade holder with guard and main walls, an interposed blade, a space-receiving handle area, and a pivoting blade lock assembly covering the guard and main walls.",3,41,2,0.07692307692307693,26,failed_constraints
2005,6968622,26,function,"Searching for prior art on collapsible utility knives featuring a pivoted blade holder that folds into the handle, includes a main wall and a guard wall that lock over the blade, and incorporates a pivoting locking element attached near the blade holder’s upper edge.",3,45,4,0.14285714285714285,28,failed_constraints
2005,6907441,6,summary,"Search for an analog control circuit that computes the square root of an input using only multipliers, summers, delay elements and a scaler, providing a pre‑distorted signal to linearize a nonlinear instrument.",3,33,4,0.2,20,failed_constraints
2005,6907441,6,keyword,"Search for analog square root extraction networks employing cascaded multipliers, summers, and tunable delay blocks with scaling operations, producing pre‑distorted signals that linearize a nonlinear sensor, achieving fast, low‑complexity square‑root computation.",3,34,0,0.0,27,ok
2005,6907441,6,function,"control system computing root of input signal using chained multipliers, summers, delays, scaler to pre‑distort signal for linearizing a nonlinear measurement device.",3,23,1,0.058823529411764705,17,failed_constraints
2005,6896248,26,summary,"Fluid‑powered clamp uses a piston‑driven cylinder inside a sliding housing to push a movable jaw against a fixed jaw, with a lock that secures the housing until fluid release allows disengagement.",2,33,0,0.0,22,ok
2005,6896248,26,keyword,"Search for hydraulic clamping apparatus comprising a sliding bar, fixed and movable jaws, a piston-driven rod inside a cylindrical housing with an inlet port, fluid source and pressure actuation, and a lock that engages the bar to prevent housing movement, controlled by a switch.",3,45,1,0.03571428571428571,28,failed_constraints
2005,6896248,26,function,"fluid‑actuated sliding‑jaw clamp with piston‑driven movable jaw, slide bar lock preventing disengagement, using pressurized fluid through inlet port for rapid clamping and declamping of workpieces.",1,28,0,0.0,22,ok
2005,6977229,8,summary,"Search for semiconductor wafer cleaning methods that combine plasma ion bombardment with high‑velocity gas shear from a scanning planar pad, followed by a secondary plasma step to remove residues, and optionally incorporate wafer heating – aimed at preventing yield loss during fabrication.",3,42,0,0.0,30,ok
2005,6977229,8,keyword,"plasma‑assisted wafer cleaning using a vacuum chamber equipped with a planar pad that includes a gas injection port, applying high‑velocity gas flow together with plasma‑generated radicals for residue removal, followed by a second‑gas plasma step to eliminate adsorbed species and transfer the wafer.",3,47,0,0.0,33,ok
2005,6977229,8,function,"Dry wafer cleaning apparatus employing a scanning planar pad with gas injection holes to produce high‑velocity gas flow and viscous friction, coupled with in‑situ plasma generation from a primary gas, then a secondary plasma for residue removal, optionally with wafer heating, all within a vacuum chamber.",1,48,0,0.0,34,ok
2005,6971526,23,summary,"Search for techniques and devices that secure a textile or mesh filter element to a filter plate via a ring-shaped connector—characterized by a flat collar around the element's opening, an angled tab engaging a plate recess, and optional retention rings.",2,43,0,0.0,26,ok
2005,6971526,23,keyword,"Search for patents describing a flange-type attachment element that secures a filter membrane to a pressure plate, featuring a peripheral collar engaging a membrane opening, an angled tab engaging a recess, and a clip component that engages a plate bore, for use in filter press systems.",2,47,0,0.0,29,ok
2005,6971526,23,function,"How to attach a fabric or synthetic mesh to the central opening of an industrial filter vessel with a collar-like ring that clamps onto the cloth perimeter and a sloped tab for engaging the vessel walls, preventing leakage and allowing independent mounting on both sides?",3,46,1,0.037037037037037035,27,failed_constraints
2005,6947646,9,summary,"A device that brings two optical elements into frictional contact, applies a controlled press, and then uses a piezoelectric actuator to deliver rapid vibration pulses that nudge the components, refining their intersecting axes.",2,33,0,0.0,21,ok
2005,6947646,9,keyword,"Survey patents on optical axis alignment systems that employ rapid piezoelectric expansion to generate impulsive inertial forces, use frictional pressing between optically contacting members, tilting stages, and stainless or hardened tip elements for precise axial alignment.",3,36,1,0.03571428571428571,28,failed_constraints
2005,6947646,9,function,"Search for methods that use a piezoelectric actuator to produce a rapid inertial pulse, striking optical components or holders to refine axis alignment while maintaining frictionally secured contact between faces of optical elements.",2,33,0,0.0,23,ok
2005,6931994,29,summary,"Search for novel anti‑target warheads featuring sequential deployment of elongated kinetic rods followed by a blast‑fragmentation module, guided to first intersect the target path then detonate remotely, using separate trajectory control.",1,33,0,0.0,25,ok
2005,6931994,29,keyword,"Search for patents describing a tandem munition employing a longitudinal rod array of high‑velocity projectiles followed by a nearby blast‑splinter module, with a guidance system that first deploys rod projectiles into the target path and then releases the splinter module ahead of impact.",2,45,0,0.0,29,ok
2005,6931994,29,function,"Looking for warhead designs that launch a string of kinetic rods ahead of the target, then deploy an explosive shrapnel payload afterward, enabling targeted penetration followed by area‑effect fragmentation.",2,30,0,0.0,20,ok
2005,6973258,2,summary,"Develops a recording technique that aligns broadcast media timing by extracting internal clock markers from incoming data, computing adjusted timestamps from packet arrival intervals, and building synchronized media units before storage.",3,31,0,0.0,23,ok
2005,6973258,2,keyword,"Searching prior art on compensating clock drift between set‑top box broadcast streams and recording devices by detecting program clock markers, using arrival timestamps to calculate time offsets, generating corrected time stamps, and assembling recording blocks for high‑speed digital interfaces.",3,41,2,0.06060606060606061,33,failed_constraints
2005,6973258,2,function,"Search for systems that capture digital broadcast streams, detect program clock references, compensate timing differences between broadcast and storage interfaces, and generate transport stream units with corrected timestamps for recording.",3,30,3,0.13636363636363635,22,failed_constraints
2005,6931109,3,summary,"System that assigns the best external data provider to a corporate node over a traditional voice interface, using a cost‑performance model and real‑time performance metrics to evaluate multiple providers, then renegotiates choice when updated metrics arrive.",2,38,0,0.0,27,ok
2005,6931109,3,keyword,"Search for systems that select a single Internet Service Provider for a corporate network via a dedicated telephone link and packet interface, comparing ISP cost‑performance data to a client profile, and re‑evaluating after dynamic updates.",3,37,5,0.2,25,failed_constraints
2005,6931109,3,function,"Search for systems that, via a dedicated telephone line, accept a connection request from a corporate network, identify the client, acquire and evaluate Internet provider tariff and quality metrics against the client’s operational criteria, dynamically select the best provider, then re‑evaluate when provider metrics change.",2,47,0,0.0,32,ok
2005,6893266,34,summary,"transparent semi‑rigid panel with bent ends that form non‑returning pockets for affixing printed sheets, enabling synchronized writing over visible icons displayed on both front and back surfaces, allowing teachers to mark topics while referencing pre‑printed prompts.",3,39,1,0.03225806451612903,31,failed_constraints
2005,6893266,34,keyword,"dry erase whiteboard with bent, non‑reverting edges forming a pocket that holds a printed sheet; clear polycarbonate body; removable paper insert; markings on sheet aligned to board surface; dry‑erasable front and back faces.",3,35,0,0.0,26,ok
2005,6893266,34,function,"panel featuring erasable surfaces and folded corners that create a pocket for a printed sheet, permitting writing that lines up with the sheet’s symbols.",2,25,0,0.0,14,ok
2005,6932236,29,summary,Search for advances in vacuum‑metered corn planter seed disks featuring countersunk holes and alignment aids that enable higher seed rates without readjusting vacuum settings or replacing disks.,2,28,0,0.0,21,ok
2005,6932236,29,keyword,"Search for a corn seed planter featuring an improved seed disk with spaced vacuum holes each <13/64 in., frustoconical countersink ≤0.25 in., a double eliminator, and an alignment tool that permits 1200–2800 seeds per pound without readjusting vacuum settings.",3,42,7,0.2413793103448276,29,failed_constraints
2005,6932236,29,function,"Enhanced seed dispensing disk with miniature vacuum ports and frustoconical countersinks, together with a precision double eliminator and alignment tool, allows a planter’s vacuum system to accommodate a broad range of corn seed density while keeping vacuum settings constant and eliminating disk replacement.",3,44,2,0.06451612903225806,31,failed_constraints
2005,6864725,5,summary,"Search for low‑current buffering circuits using complementary p‑and n‑channel amplifiers with independent self‑biasing, a common enable gate, and combined outputs for balanced performance over a wide supply range.",2,32,0,0.0,21,ok
2005,6864725,5,keyword,"Search patents for self‑biased dual‑channel N‑ and P‑type differential amplifier input stage featuring a shared enable transistor, output summing network, low‑current operation, symmetry over supply variations, and optional mirror amplifiers for complementary outputs.",3,37,2,0.07142857142857142,28,failed_constraints
2005,6864725,5,function,"Search for low‑current differential amplifier arrays using symmetrical n‑ and p‑channel stages that are automatically biased and share a common enable transistor, yielding minimized power consumption while maintaining wide‑range voltage compatibility.",3,34,0,0.0,24,ok
2005,6949861,1,summary,"Secures a copper tube element within an insulative base by a press‑fit; a groove on the base holds the connecting lead in place, preventing rotation and ensuring reliable electrical contact during operation.",2,33,0,0.0,21,ok
2005,6949861,1,keyword,"Search patents describing an insulated brush mounting bracket featuring a press‑fit tubular copper conduit into a vertical opening, a riveted wire contact on the upper exterior of the conduit, and an inner guiding groove extending to the top for the wire connector.",2,43,0,0.0,26,ok
2005,6949861,1,function,"Search for a holder assembly featuring an insulated base with an upward channel, a tightly fitted tubular copper conduit, and a riveted metal contact positioned by an internal groove, enabling secure electrical coupling and shielding of carbon brush connections.",2,39,0,0.0,25,ok
2005,6860543,35,summary,"Search for a vehicle door system that uses a three-link pivot assembly with a releasable center pillar, allowing the door to lift and slide outward from an access opening while a structural support follows the door’s movement.",2,39,0,0.0,23,ok
2005,6860543,35,keyword,"Search vehicle side door sliding assembly featuring three pivoted links, a releasable structural pillar engaged with the door frame, a center pillar secured to the frame, and an auxiliary support member that carries the door during outward pivoting beyond the side opening.",2,42,0,0.0,29,ok
2005,6860543,35,function,"Search for door opening mechanisms that use multiple pivoting links to move a door outward and laterally beyond the frame, with releasable pillar integration, a supporting member beneath the door, enabling swinging and lateral pivot modes in vehicle doors.",1,39,0,0.0,26,ok
2005,6864123,6,summary,"Search for ROM fabrication methods that use inkjet‑based selective deposition of insulating layers onto lower electrodes in a cross‑point array, with protective banks to prevent cross‑contamination, enabling rapid, low‑cost creation of multiple write patterns without complex lithography.",1,41,0,0.0,31,ok
2005,6864123,6,keyword,"Search for methods of fabricating ROM memory cells using inkjet‑deposited insulating films on cross‑point electrodes, employing a bank for isolation, FAS coating with UV removal, and subsequent semiconductor and upper electrode deposition.",1,34,0,0.0,24,ok
2005,6864123,6,function,"search for methods of selectively depositing insulating films onto cross-point electrodes of ROM cells using inkjet technique, employing a surrounding bank to prevent material overflow, solvent evaporation, and subsequent semiconductor and upper electrode formation.",1,35,0,0.0,26,ok
2005,6945218,27,summary,"Rotary piston for a pump or motor, featuring a shaft‑mounted cylindrical rotor with radially sliding vanes that move through pins in raceways, forming fluid chambers that carry fluid from inlet to outlet as the rotor turns.",3,37,1,0.043478260869565216,23,failed_constraints
2005,6945218,27,keyword,"Search for rotary piston devices featuring a shaft‑supported rotating core with multiple vanes that slide radially within spaced slots, guided by pins on ears engaged in continuous races, enclosed in a housing with inlet/outlet openings, and having inter‑vane seals to prevent cross‑flow.",2,46,0,0.0,32,ok
2005,6945218,27,function,"Rotary piston pump with a central rotor bearing radially sliding vanes guided by pins within continuous races, creating fluid chambers that move between inlet and outlet ports; vane seals direct flow between adjacent compartments during rotation to drive displacement.",1,39,0,0.0,31,ok
2005,6863620,33,summary,"Identify prior art on golf putters featuring tool‑free modular striking plates of elastomer bonded by magnetic or lock fittings, allowing quick attachment removal without altering feel for side‑by‑side performance comparison.",1,33,0,0.0,25,ok
2005,6863620,33,keyword,"Search patents for an adjustable golf putter containing a head with a metallic or magnetic cavity surface, a removable elastomer striking pad secured by magnetic bonding and mechanical lock fittings allowing tool‑free quick replacement of the pad for performance comparison.",2,41,0,0.0,27,ok
2005,6863620,33,function,"Search for golf clubs featuring a head with a magnetic or metallic cavity, a replaceable elastomeric striking element secured by lock fittings, enabling tool‑free, rapid attachment changes while preserving feel for real‑time comparison of different rebound characteristics.",2,39,0,0.0,28,ok
2005,6868382,6,summary,"Speech recognizer that accumulates label sequences of acoustic sub‑word units for common words and adds high‑probability label sequences of speaker‑specific words into parallel network structures, using HMM‑sliced phoneme states while preserving transition and emission probabilities.",1,39,0,0.0,30,ok
2005,6868382,6,keyword,"Search for algorithms that generate acoustic event label sequences from phoneme Hidden Markov Models, accumulate generic word label networks, and append speaker‑specific label paths to parallel network structures for improved word decoding in variable speaker scenarios.",3,37,2,0.07142857142857142,28,failed_constraints
2005,6868382,6,function,"search for systems that store generic and speaker‑specific word label chains in parallel network structures, extract speaker‑dependent chains via acoustic event state‑level decomposition of HMM phoneme models, and accumulate label sequences for dynamic vocabulary construction.",2,38,0,0.0,29,ok
2005,6883922,9,summary,"Search for large‑screen display systems employing an inclined light path from a high‑resolution display to a thin projection module, featuring six or more aspherical mirrors plus sequential plane mirrors that collectively keep image distortion under 0.5% and brightness unevenness below 20%.",3,44,1,0.03225806451612903,31,failed_constraints
2005,6883922,9,keyword,"Search for projection display systems using oblique light delivery onto a projection surface, incorporating a multi‑mirror optical path with more than five aspherical mirrors and sequential plane elements, achieving sub‑0.5% distortion and under 20% brightness non‑uniformity in a slim‑profile design.",2,45,0,0.0,33,ok
2005,6883922,9,function,"Search for a large‑screen display system that employs multiple aspherical mirrors combined with plane mirrors to project image light at an angle onto a projection surface, achieving distortion under 0.5 % and brightness variation under 20 % while keeping a thin profile.",3,42,3,0.10714285714285714,28,failed_constraints
2005,6847999,3,summary,"Search for a server‑side system that parses XML‑based voice script files, automatically gathers runtime execution attributes, and produces user documentation in selectable formats, enabling dynamic, self‑documenting voice application development over HTTP.",2,34,0,0.0,27,ok
2005,6847999,3,keyword,"Search for XML‑based web voice application frameworks that parse XML tags, collect runtime execution attributes, and generate user documentation artifacts in selectable formats via HTTP between browser clients and application servers.",3,32,0,0.0,25,ok
2005,6847999,3,function,"Searching for methods and systems that parse XML voice application definitions, capture runtime execution attributes, and auto‑generate user documentation files in user‑selected output formats, enabling self‑documenting voice application design.",2,32,0,0.0,25,ok
2005,6964202,10,summary,Search for non‑destructive inspection of ferromagnetic rails using electromagnetic probes to detect roller‑induced fatigue by monitoring surface residual stresses and changes in stress orientation.,1,26,0,0.0,18,ok
2005,6964202,10,keyword,"Search for methods detecting rolling contact fatigue in ferromagnetic rails by measuring surface biaxial residual stresses (~0.1–8 mm depth), evaluating changes in magnitude or transverse direction, and using an electromagnetic probe with multipolar magnetic sensors to generate alternating fields, separate in‑phase and quadrature signals, and track compression stress reductions.",3,52,1,0.02857142857142857,35,failed_constraints
2005,6964202,10,function,"How can one detect the onset of rolling contact fatigue in a ferromagnetic rail by measuring surface biaxial residual stresses with an electromagnetic probe, monitoring decreases in compressive transverse stress or rotations of principal stress axes toward 45°, without employing prohibited phase terms?",3,43,4,0.12903225806451613,31,failed_constraints
2005,6905596,24,summary,fluid-enhancing magnetic straw containing detachable magnetizing members that generate tangential magnetic fields in an annular chamber for improved ionization and easy maintenance.,1,23,0,0.0,16,ok
2005,6905596,24,keyword,"Search for fluid‑magnetization straws featuring a hollow outer tube, detachable magnetizing units with water‑proof core envelopes, anchoring flanges, annular channels, tangential flux from arranged permanent magnet cores, and connectors for device integration.",3,34,1,0.038461538461538464,26,failed_constraints
2005,6905596,24,function,"magnetic drinking straw with an inner annular channel and permanently mounted magnets arranged to generate a tangential magnetic field for ionizing and purifying beverage fluids, enabling modular assembly, easy cleaning, and connection to filtration or diagnostic devices.",3,37,0,0.0,25,ok
2005,6970228,9,summary,"Search for semiconductor lithography systems that supply a cleaning gas between a projection optics and wafer, using a guide plate with aperture to direct flow toward the wafer and laterally outwards, controlling gas dynamics based on wafer stage position, to reduce optical contamination and improve pattern fidelity.",3,47,1,0.03125,32,failed_constraints
2005,6970228,9,keyword,"Search for ""projection exposure system semiconductor lithography using purge gas guided through a patterned aperture near the optical system tip, with gas flow regulation tied to wafer stage position, incorporating purge plate, aspirating unit, and control electronics.",1,37,0,0.0,29,ok
2005,6970228,9,function,"Search for patents describing a purge gas delivery system for a lithographic exposure apparatus that places a guide plate with an aperture at the lens tip, supplies gas to the wafer region, and dynamically controls flow based on stage position, sometimes aspirating gas from the optical path.",3,47,0,0.0,29,ok
2005,6924597,1,summary,"Searching for a display device that incorporates a partitioned gas cavity, a controlled gap at the partition ends, and an engineered substrate edge designed to raise its natural frequency above 20 kHz, thereby preventing low‑frequency resonance.",2,37,0,0.0,24,ok
2005,6924597,1,keyword,"Search for display devices employing dual opposed substrates with peripheral sealing, an internal partition creating cell arrays, and an airgap between partition terminus and opposing substrate that raises the substrate segment natural frequency above 20 kHz.",2,36,0,0.0,26,ok
2005,6924597,1,function,"Design a gas‑discharge display device that suppresses performance loss from substrate resonance by incorporating a partition creating a void space, adjusting substrate gaps linked to partition height, and raising the natural frequency above audio range to ensure signal integrity.",2,40,0,0.0,28,ok
2005,6914316,8,summary,"Search for trench‑based semiconductor devices featuring nested sub‑trenches of varying aspect ratios, where distinct dielectric layers sequentially coat trench walls and are then fully filled, enabling high‑density integration and improved isolation.",1,34,0,0.0,26,ok
2005,6914316,8,keyword,"Search for semiconductor trench structures containing dual trench regions with differing aspect ratios, each employing sequential insulation layers forming sub‑trenches and complete dielectric fillings, focusing on embodiments using multiple dielectric coatings on trench sidewalls and bottoms for isolation in integrated circuits.",1,42,0,0.0,32,ok
2005,6914316,8,function,"trench‑structured semiconductor device with successive layer deposition of dielectric materials forming nested cavities of differing aspect ratios to improve insulation and reduce leakage, employing first and second trenches, each with multiple continuous coatings and complete fill layers for enhanced electrical isolation.",3,42,1,0.03225806451612903,31,failed_constraints
2005,6875437,34,summary,Search for a protective head bag with detachable band and dual zipper/loop fasteners to secure hair during treatment while preventing solution escape.,1,23,0,0.0,16,ok
2005,6875437,34,keyword,"Search patents for hair protection headband system comprising a bag with a rim opening, detachable cotton band joined via adhesive, dual openings each using zipper or hook‑and‑loop fasteners, and a tab‑receiver mechanism to secure the bag to the head.",3,42,3,0.10714285714285714,28,failed_constraints
2005,6875437,34,function,"Search for a protective head covering that encloses the head with an open perimeter, attaches a detachable band via adhesive or other fastener, features two openings each with secure closures to retain hair, prevent treatment spill, and optionally uses cotton.",2,40,0,0.0,27,ok
2005,6919040,20,summary,"Sintering carbide powder with a small fraction of CBN under high temperature and pressure, using a binder alloy of transition metals plus up to 40% of a secondary element such as Al, Si, or Ti, to create a hard abrasive product.",2,41,0,0.0,26,ok
2005,6919040,20,keyword,"Retrieve patents on sintered abrasive materials that combine boron carbides and boron nitride grains, using a metal binder of transition elements and a 5–40 % volume fraction of a second metal that forms strong borides or nitrides, sintered at 1200–1600 °C under high pressure without producing hexagonal BN.",2,49,0,0.0,33,ok
2005,6919040,20,function,"Method for fabricating a carbide‑based abrasive composite with ≤25 wt% cubic boron nitride, sintered at 1200–1600 °C and 40–70 kbar using a transition‑metal alloy binder supplemented (up to 40 vol%) with a secondary metal that promotes bonding and stabilizes the CBN phase without forming hexagonal BN.",3,50,3,0.08571428571428572,35,failed_constraints
2005,6886321,28,summary,"Search for prior art on a removable nozzle assembly that mounts inside a central tube of a spinning device’s plate, where the nozzle is permanently attached to the tube inlet region to withdraw yarn from a rotor without detachable parts.",2,41,0,0.0,23,ok
2005,6886321,28,keyword,"removably insertable fiber spinner adapter with a base body that fits into a conduit plate receptacle, featuring a central bore and a non-detachable yarn nozzle positioned in the inlet section for efficient withdrawal from a rotor-based fiber spinner.",2,40,0,0.0,25,ok
2005,6886321,28,function,"Search prior patents for a base insert with a central bore and a non-detachable yarn withdrawal nozzle located at the inlet, designed for removable attachment to a spinning device’s conduit plate, facilitating yarn extraction in open‑end rotors.",3,40,4,0.16,25,failed_constraints
2005,6886895,33,summary,"Search for a secure cabinet for servers that hides equipment from view, uses upper wall and ceiling panels with spaced small ventilation holes in parallel skins, and provides internal mounting points while maintaining airflow.",1,34,0,0.0,23,ok
2005,6886895,33,keyword,"Find prior art on secure server enclosures featuring four-panel constructions with recessed ventilation openings at top edges, concealed side-wall grilles, ceiling-mounted vented panels, and integrated vertical mounting rails for secure attachment of expensive computing hardware.",1,38,0,0.0,30,ok
2005,6886895,33,function,"security locker for confidential servers featuring angled dual‑skin side panels with upper inline ventilated apertures, a canopy panel with ventilation holes, mounting shafts for equipment, and reduced‑visibility side vents.",1,31,0,0.0,23,ok
2005,6916084,28,summary,"A carriage latch mechanism that eliminates torsional play through zero‑clearance complementary surfaces, applying bias forces to maintain head orientation when the latch locks, thereby improving print alignment and dimensional accuracy in ink‑jet systems.",2,35,0,0.0,26,ok
2005,6916084,28,keyword,"search for inkjet printer carriage designs featuring torsional restraint mechanisms, zero‑clearance interface locking between carriage and pen latch, biasing force retention, and precise torsional stiffness enhancements.",3,27,2,0.09090909090909091,22,failed_constraints
2005,6916084,28,function,"system for minimizing torsional drift of a moving carriage in a printing module, using a movable latch that interlocks with an attached handle via complementary surface geometry to apply a counter torque and enhance rotational rigidity during operation.",2,38,0,0.0,24,ok
2005,6927944,2,summary,"Search for a magnetic recording apparatus base that integrates a slanted mounting platform with shaft‑matching rectangular holes and screw‑alignment slots, plus a bent retention section, to simplify press processes and enhance mounting stability.",1,35,0,0.0,24,ok
2005,6927944,2,keyword,"Search for magnetic recording apparatus base with an integrally formed tilted stand mounting a drum via vertically punched rectangular shaft‑aligned holes, screw‑hole angle adjustment, cut‑and‑bent retaining portion, and provisional fixation mechanism.",1,35,0,0.0,27,ok
2005,6927944,2,function,"A magnetic recording playback system base with an integrated inclined mounting panel featuring precisely dimensioned shaft‑receiving slots and auxiliary screw‑mounting recesses, enabling the drum to be positioned and secured by a single press operation, boosting structural integrity and assembly precision.",3,42,0,0.0,29,ok
2005,6879148,31,summary,"Search for bearing‑sealing apparatus wherein an elastomeric hood with an annular opening, formed by a shield positioned between the bearing races, holds a sensor wheel inside the bearing, directly facing a detection surface for monitoring operation.",1,37,0,0.0,24,ok
2005,6879148,31,keyword,"device: sealing assembly for rotating bearing, incorporating a guard positioned between the inner and outer rings, an internal encoder wheel, and a sensor element housed behind the guard with a compliant backing and circular aperture for optical detection.",2,38,0,0.0,24,ok
2005,6879148,31,function,"search for sealing shields integrated into rotating bearings that support elastic sensor housings with annular windows for direct detection of an internal encoder wheel, enabling real‑time monitoring of bearing conditions without compromising sealing integrity.",1,35,0,0.0,25,ok
2005,6866808,29,summary,"Method for mass‑producing multiple low‑hardness molded parts in a single multi‑cavity mold featuring interconnected cavities and a surfactant‑containing fluid filling system that ensures even fill and solidification, enabling efficient removal of lightweight castings.",1,37,0,0.0,27,ok
2005,6866808,29,keyword,"Multi‑part moldting with interconnected cavities, surfactant‑containing low‑hardness casting material (≤200 N shattering force), single inlet point, cavity‑to‑cavity gravity or pressure flow, solidification and removal of molded components.",2,32,0,0.0,24,ok
2005,6866808,29,function,"Search for methods producing multiple molded parts from a single mold with interconnected cavities except for peripheral ones, using a low‑hardness fluid casting material with surfactant, filling via a single injection point, solidifying, and demolding.",1,36,0,0.0,25,ok
2005,6842664,12,summary,"Search for a CNC turret control system that computes turret axis offsets by combining tool edge coordinates, turret rotation angles and reference offset distances, enabling precise autonomous turret positioning during cutting operations.",2,32,0,0.0,25,ok
2005,6842664,12,keyword,"control system for CNC cutting machine with rotatable turret; algorithm for deriving turret axis coordinates from edge position data, turret orientation, and stored offset values; robotic positioning of turret for material removal.",2,32,0,0.0,23,ok
2005,6842664,12,function,Search for CNC turret control systems that calculate axis offsets from reference tables and tool edge data to position the turret for arbitrary rotations during cutting operations.,1,27,0,0.0,18,ok
2005,6915665,9,summary,"Search for a method to enhance sub‑200 nm transmission of fused silica optical elements by photochemically treating the preform before shaping, to improve UV lithography performance.",1,27,0,0.0,18,ok
2005,6915665,9,keyword,"Fused silica UV lithography system with sub‑200 nm source, photolytically enhanced transmission, photonic exposure 193–300 nm to increase <300 nm internal transmittance by ≥0.07, preform shaping, and projected pattern onto a radiation‑sensitive substrate.",3,37,4,0.13793103448275862,29,failed_constraints
2005,6915665,9,function,search for methods of fabricating a fused silica optical element that uses pre‑exposure to ultraviolet light to enhance transmission properties before shaping into a lithography apparatus component,2,28,0,0.0,18,ok
2005,6976099,6,summary,"Search for systems that route peripheral interrupt signals to a host processor or an independent co‑processor depending on the device’s power mode, managed by a controller that acknowledges readiness, using either bus communication or dedicated line, avoiding host activation when off.",1,43,0,0.0,27,ok
2005,6976099,6,keyword,"Search patents describing an interrupt controller that routes requests from platform devices to either a host processor or an independent co‑processor, based on the system’s power state, delivering event interrupts via bus messages or dedicated lines, with acknowledgment logic.",2,41,0,0.0,27,ok
2005,6976099,6,function,"Search for interrupt routing systems that deliver device-generated interrupts to a secondary processor when the primary processor is powered down, using a controller that acknowledges target readiness and selects the destination based on the system’s power mode.",3,39,0,0.0,23,ok
2005,6958371,17,summary,"Search for melt‑blended water‑soluble polymer films that enhance ductility by incorporating a grafted polyether copolymer with polar vinyl chain ends, improving processability and compatibility while maintaining water solubility and high strength.",2,33,0,0.0,24,ok
2005,6958371,17,keyword,"water‑soluble films produced by melt blending a vinyl‑alcohol derived polymer with an ethylene‑oxide based polymer that contains grafted ethylene‑oxide side chains, to enhance processability, ductility, and film strength while maintaining high water solubility.",3,37,0,0.0,28,ok
2005,6958371,17,function,"Search for processes that produce a water‑soluble, highly flexible film by heating and shearing a hydroxyl‑rich polymer with a polyoxyethylene backbone bearing grafted side chains, forming a homogeneous melt, then extrusion or casting to enhance ductility while retaining strength.",2,41,0,0.0,28,ok
2005,6957546,33,summary,"Search for devices that create portable indoor/outdoor ice rinks using a collapsible tubular frame, continuous flexible connectors, and a protective band securing a water‑permeable sheet, enabling rapid ice formation and easy disassembly.",1,34,0,0.0,25,ok
2005,6957546,33,keyword,"portable polyethylene ice rink kit with rigid tubular frame end‑to‑end connected by elastic covering connectors forming closed loops and corners, continuous corrugated clip clamp and protective band securing sheet, allowing ice formation by frozen water, adjustable height, sliding sheet",1,41,0,0.0,33,ok
2005,6957546,33,function,Portable inflatable ring with a flexible tubular frame and continuous secondary connectors that secure a sheet laid over ground; rainwater inside the frame freezes into ice while a protective band guards the sheet and allows it to slide relative to the frame.,3,42,1,0.038461538461538464,26,failed_constraints
2005,6886136,6,summary,"Automated method identifies common template regions across multiple images, reconstructs the shared form layout from similar samples, and extracts variable content by aligning auto-extracted data with manually keyed field identifiers, enabling efficient processing without pre‑stored templates.",1,38,0,0.0,31,ok
2005,6886136,6,keyword,"search for methods combining image grouping by similarity, template reconstruction from common fixed parts, automated field location extraction in template images, and comparison of extracted data with manual entries for variable content in document imaging systems",2,36,0,0.0,25,ok
2005,6886136,6,function,"Technique clusters highly similar images to isolate variable content versus shared template, generates new template from shared regions, couples manual field annotation to coordinate mapping, enabling automated extraction and cross‑image data alignment.",3,33,0,0.0,27,ok
2005,6929750,13,summary,"Search for microfluidic separators that employ standing ultrasonic waves generated by a piezoelectric element, creating parallel laminar layers of suspended particles that are then cleaved at an internal branching to produce streams with differing particle concentrations, all without extra reflectors or special dividers.",2,43,0,0.0,29,ok
2005,6929750,13,keyword,"Microfluidic particle separator featuring integrated silicon channel with branching outlet, piezoelectric transducer delivering ultrasonic standing wave to induce laminar stratification and particle lateral migration, enabling efficient fluid split by ultra‑thin flow divider.",2,33,0,0.0,27,ok
2005,6929750,13,function,"Search for ultrasonic microfluidic devices that use a single piezoelectric source to generate standing waves in a silicon channel with a branching fork, forming laminar particle layers for differential outlet separation without reflectors.",1,33,0,0.0,22,ok
2005,6880727,23,summary,"Search for an automatic point‑of‑use liquid mixing system that uses multiple pressure‑maintained reservoirs and electronically timed valves to dispense precise aliquots, ensuring consistent mixtures per recipe before delivery.",1,31,0,0.0,23,ok
2005,6880727,23,keyword,"Search for patents on automated liquid dispensing systems with pressure‑maintained reservoirs, valve‑based precise dosing, electronic sequencing controller, and inline mixing for point‑of‑use beverage or pharmaceutical formulations.",1,30,0,0.0,21,ok
2005,6880727,23,function,gas‑pressurised liquid reservoir system AND electronic valve controller AND sequential valve actuation AND precise dose dispensing AND liquid mixer AND point‑of‑use mixing AND gas pressure regulator AND consistent recipe,1,32,0,0.0,22,ok
2005,6949283,29,summary,"Search for polymeric multilayer web composed of horizontally discontinuous multi‑phase sub‑layers continuous vertically, interleaved with fully continuous layers (one adhesive) that avoid weld lines in the vertical‑thickness plane.",1,31,0,0.0,23,ok
2005,6949283,29,keyword,"Search for prior art on polymeric multilayer webs coextruded to include laterally discontinuous layers with longitudinally continuous phases, interleaved by fully continuous layers—some embedding pressure‑sensitive adhesives—while suppressing weld lines in the thickness–longitudinal plane.",1,37,0,0.0,28,ok
2005,6949283,29,function,"Coextruded polymer multilayer web comprising discontinuous cross‑web layers with down‑web continuous phases and one or more fully continuous layers lacking weld lines in the thickness–down‑web plane, enabling enhanced directional bonding and structural integrity in sheet materials.",3,40,4,0.12903225806451613,31,failed_constraints
2005,6922438,4,summary,"Search for patent disclosures on MPSK symbol hypothesis testing using low‑resolution approximate multipliers such as ±15/16 or ±3/8, implemented with add, shift, twos‑complement logic, to compute a decision metric.",3,33,4,0.18181818181818182,22,failed_constraints
2005,6922438,4,keyword,"MPSK decision‑making system employing I/Q component multipliers based on ±15/16, ±3/8, or ±cos(π/8)/±sin(π/8), realized with add‑shift‑two's complement arithmetic and yielding a metric for transmitted symbol validation.",3,38,2,0.09523809523809523,21,failed_constraints
2005,6922438,4,function,"Search prior art for an MPSK hypothesis‑testing system that multiplies received in‑phase and quadrature symbols by fixed multipliers such as ±(15/16), ±(3/8), ±cos(π/8), ±sin(π/8) using shift‑add and complement techniques, then computes a decision metric from the products.",2,46,0,0.0,27,ok
2005,6902578,13,summary,"Search for bone graft systems combining multiple cortical bone sections with interlocking textured interfaces and bone‑pin stabilization, aimed at improving fixation, minimizing shift or rotation, and promoting osteoinduction without using adhesives or demineralization.",2,34,0,0.0,25,ok
2005,6902578,13,keyword,"Composite cortical bone graft featuring interlocking projection‑depression interfaces and bone pin fixation, non‑demineralized allogenic or xenogenic cortical plates with saw‑tooth textured surfaces, no adhesive, used for vertical bone defect restoration.",1,33,0,0.0,27,ok
2005,6902578,13,function,"Interlocking cortical bone segments with mechanical pin fixation for stable, osteoinductive bone defect repair, featuring textured saw‑tooth surfaces and non‑demineralized platelets, eliminating need for adhesive prostheses. Search for surgical bone reconstruction materials.",3,34,0,0.0,27,ok
2005,6870347,1,summary,"Search for drive systems that use pre‑determined motor inductance and ground‑capacitance values to ensure the motor’s natural resonant frequency stays well separated from the inverter’s switching carrier, including test methods to measure low‑frequency electrostatic capacitance.",2,40,0,0.0,28,ok
2005,6870347,1,keyword,"permanent magnet synchronous motor with three‑phase output, inverter generating carrier frequency, resonant frequency defined by inductance and capacitance between motor phase terminal and earth, design ensuring no resonance overlap with inverter frequency, testing method measuring low‑frequency capacitance and high‑frequency resonance, computational determination of characteristic constant.",3,48,6,0.15384615384615385,39,failed_constraints
2005,6870347,1,function,"Designing a three‑phase synchronous motor drive featuring a ground‑coupled resonant circuit, how to predict and avoid overlap between the motor’s resonant frequency and the inverter’s carrier frequency to achieve precise control and low harmonic interaction?",3,39,0,0.0,26,ok
2005,6911135,20,summary,"Discover a novel electrolytic technique that extracts metals from mixtures using an ionic‑liquid electrolyte; the metal source forms the anode and is driven to deposit onto a cathode, improving recovery efficiency and environmental friendliness.",1,35,0,0.0,22,ok
2005,6911135,20,keyword,"Search for electrolytic metal recovery processes using ionic liquid electrolytes, where the anode material contains the target metal and a potential bias drives metal ion transfer and deposition as a compound on the cathode, possibly involving sulfonylimidate anions.",3,38,0,0.0,25,ok
2005,6911135,20,function,"Electrolytic cell metal separation employing ionic liquid electrolyte, metal‑bearing anode, potential applied to transfer metal onto cathode for deposition, used in remediation of contaminated ores and alloys.",2,28,0,0.0,21,ok
2005,6958464,9,summary,"Search for adaptive equalization in epi‑illumination imaging arrays where per‑pixel light sources and detectors share a substrate, and the system dynamically adjusts source powers and pre‑digitization gains to make pixel outputs uniform for constant input.",1,38,0,0.0,26,ok
2005,6958464,9,keyword,"Search for an epi‑illumination imaging system with coplanar LED array and photodiode array, integrated optical path via diffractive splitter or Wollaston prism, employing per‑pixel power control, voltage‑regulated amplifiers, and real‑time equalization adjusting source brightness and detector gains to normalise output signals.",2,45,0,0.0,35,ok
2005,6958464,9,function,"Search for imaging systems where a light source array and detector array are spatially matched to achieve per‑channel equalization by adjusting source drive levels, using an optical split element, and balancing amplifier gains, enabling uniform image response across the field.",3,41,1,0.034482758620689655,29,failed_constraints
2005,6850346,2,summary,"A holographic storage system records sequential digital pages on a continuously moving medium by intersecting a modulated data beam with two reference beams of differing spatial frequency, using the lower‑frequency pattern as a servo signal to locate each stored page during read‑out.",2,44,0,0.0,31,ok
2005,6850346,2,keyword,"holographic data storage device with continuously moving medium using two complex reference beams of differing shift selectivity, one serving as servo pattern for sequential interference pattern storage, reconstructing data via separated retrieved signal beams.",3,34,2,0.07142857142857142,28,failed_constraints
2005,6850346,2,function,holographic storage with dual reference beams of differing shift selectivity for servo‑pattern generation and page‑location detection during continuous linear medium movement.,3,23,0,0.0,17,ok
2005,6877857,2,summary,"Search results for devices that generate separate left‑and right‑eye images for multiple viewers at once, using a passive screen combined with light‑field projectors, Fresnel or lenslet arrays, enabling independent stereoscopic perception as people move around.",1,38,0,0.0,27,ok
2005,6877857,2,keyword,"What prior art exists for a passive display system that simultaneously provides distinct stereoscopic images to multiple observers by projecting separate eye‑specific images, using a diffractive screen layer, nodal lenslet stack, and a four‑dimensional lightfield‑to‑three‑dimensional lightfield conversion via a projector with condenser, relay lenses and spatial light modulator?",3,53,7,0.18421052631578946,38,failed_constraints
2005,6877857,2,function,"Search for apparatus displaying independent stereoscopic images for multiple observers simultaneously on one passive screen, enabling depth perception regardless of observer positions.",1,22,0,0.0,16,ok
2005,6929838,26,summary,"Search for apparatus and method that produce elongated paper sheets with uniformly spaced labels and perforations along the machine direction, ensuring minimal registration error over 500 inches, suitable for towel or placemat manufacturing.",3,33,0,0.0,23,ok
2005,6929838,26,keyword,"Search patents for long‑length paper towel or placemat manufacturing systems that imprint spaced indicia and perforation lines with less than ±0.125‑inch misalignment across ≥500‑inch sheets, using wound‑core or spiral‑core winding and chop‑off cut mechanisms.",3,41,2,0.06451612903225806,31,failed_constraints
2005,6929838,26,function,"Search for printing systems or manufacturing apparatus that produce elongated paper rolls with precisely spaced printed identifiers and synchronized perforation or cut lines along the machine direction, facilitating uniform tear zones for towels or placemats.",3,35,0,0.0,24,ok
2005,6915902,34,summary,"Designing a tool tote that incorporates a central rigid divider to split its interior into two compartments, uses a hard material deflector to protect the divider and prevent tool edges from damage, and nests pocket layers for orderly, secure tool transport.",1,41,0,0.0,26,ok
2005,6915902,34,keyword,"tool bag with a flat bottom, central rigid panel bisecting the interior, nested fabric pockets, a plastic hard tool deflector preventing panel damage, hinged handle attached to the central body, creating two bifurcated compartments with top access.",1,37,0,0.0,28,ok
2005,6915902,34,function,"Search for a portable tool carrying case featuring an integral hard panel that divides the interior into two compartments, with nested pockets, a tool‑deflecting insert, and a hinged central handle for transport.",1,33,0,0.0,20,ok
2005,6951945,14,summary,"Search for glucokinase activators derived from 2,3‑disubstituted propionamide frameworks featuring a phenyl side chain and a cyclic methylenes ring at the corresponding positions to stimulate insulin secretion in diabetes mellitus type II.",2,34,0,0.0,21,ok
2005,6951945,14,keyword,"Search for N‑heteroaromatic propionamide glucokinase activators with 3‑phenyl substitution, 2‑methyl cycloalkyl, thiazole/thiadiazole rings, sulfonyl, perfluoro‑alkyl groups, insulin‑secretion enhancers in diabetes treatment.",2,27,0,0.0,19,ok
2005,6951945,14,function,"Search for glucokinase activator molecules that raise insulin secretion by boosting hexokinase function, featuring N‑heteroaromatic propionamide cores with substituted phenyl and cycloalkyl side chains, intended for treating insulin resistance disorders.",2,31,0,0.0,22,ok
2005,6961359,9,summary,"Search for ridge-waveguide III‑V semiconductor lasers around 410 nm that use a dual-layer side coating of a transparent dielectric and an absorbing metal film to selectively suppress higher lateral modes, increase mode half‑width, and improve kink level without narrowing the ridge.",1,45,0,0.0,32,ok
2005,6961359,9,keyword,"Search for nitride III‑V ridge waveguide laser devices featuring dual‑layer absorptive coatings on ridge sides, targeting ~410 nm emission, low drive voltage, enhanced beam width, and superior output‑versus‑current behavior via SiO₂/Si absorber stacks.",3,38,0,0.0,32,ok
2005,6961359,9,function,"Search semiconductor ridge waveguide lasers with layered insulating‑absorbing films that preferentially attenuate higher‑order lateral modes, enabling a high kink level, large effective refractive index difference, and wide mode half‑width at a 410 nm wavelength while maintaining low drive voltage.",3,42,3,0.08823529411764706,34,failed_constraints
2005,6841862,8,summary,"Search for IC board solutions featuring a metal core with a chip‑sized cavity, overlaid by a multi‑layer conductive stack, where flip‑chip attaches to exposed pads, yielding more pins and reduced warpage without external reinforcement.",2,37,0,0.0,26,ok
2005,6841862,8,keyword,"Search for patents on semiconductor mounting substrates featuring a metal base with a cavity, a multilayer interconnect stack, and recessed metal pads for die attachment via reverse flip‑mount, achieving low‑profile, high‑pin count packages without using a stiffening frame.",3,41,0,0.0,30,ok
2005,6841862,8,function,"Search for semiconductor packages incorporating an aperture‑lined base and a layered interconnect stack with recessed contact pads, enabling flip‑chip attachment, top‑surface flush alignment, higher pin count, reduced bending, and no additional stiffener.",2,35,0,0.0,27,ok
2005,6964274,13,summary,"Flexible transcervical catheter with expandable opposing electrodes delivering radiofrequency heat for controlled fallopian tubal occlusion, featuring temperature monitoring and expansion from narrow to wide configuration.",1,25,0,0.0,18,ok
2005,6964274,13,keyword,"Transcervical tubal occlusion system comprising a lumen‑delivering catheter with radially expandable electrodes for RF cautery, integrated temperature monitoring, and controlled power delivery to the fallopian tube wall.",2,28,0,0.0,20,ok
2005,6964274,13,function,"Transcervically inserted catheter featuring expandable opposing electrodes that, when radially expanded, apply controlled radiofrequency heating to fallopian tube tissue while a distal temperature sensor prevents overheating during tubal occlusion.",2,29,0,0.0,23,ok
2005,6941452,6,summary,"Search patents on LED-based BIOS update status display methods that use CPU, firmware, and keyboard controller communications to show progress and avoid accidental system power-offs.",2,27,0,0.0,20,ok
2005,6941452,6,keyword,"Search for BIOS firmware update interface with LED status display, POST-triggered CPU module, firmware handler reading current code, keyboard controller buffer, comparison logic, update message output, LED array reset, and safety reset to prevent system freeze during update.",3,39,0,0.0,33,ok
2005,6941452,6,function,"Search for LED-based indication systems that monitor BIOS firmware update progress, generate comparison signals between current and latest firmware, display update status on multiple LEDs, and trigger automatic system reset when user aborts or inappropriate power off occurs.",3,39,0,0.0,30,ok
2005,6909906,6,summary,"detachable handheld input module that slides on a flat surface to generate positional data for cursor movement on a portable device’s display, featuring a coupling interface, integrated battery charger for powering the host unit, and a cable for electronic connectivity.",1,41,0,0.0,25,ok
2005,6909906,6,keyword,"Search for systems integrating a detachable input stylus with sliding motion tracking on planar surfaces, featuring a magnetic coupling to a handheld device, an integrated power module that charges the device's secondary battery via electrical contacts during attachment.",2,39,0,0.0,26,ok
2005,6909906,6,function,"Search for detachable flat‑surface input device for portable computing that generates coordinate signals to control an on‑screen cursor, includes a coupling mechanism, cable connection, integrated power source to charge the host, and may use its battery to recharge the host’s internal battery.",2,45,0,0.0,29,ok
2005,6887429,10,summary,"Search for automated diagnostic test systems employing sequential injection analyzers with multi‑port valves, pumps, reagent cartridges for lyophilized reagents, solvent reservoirs, and detector integration controlled by a central processor.",1,30,0,0.0,22,ok
2005,6887429,10,keyword,"Search for automated bioanalytical platforms using multi‑position selection valves, syringe pumps, micro‑bore PEEK tubing, flow cell detectors, and lyophilized reagent cartridges with porous frits, integrated into a computer‑controlled sequence for sample injection, reagent mixing, and chromophoric or fluorometric detection of clinical analytes.",3,45,1,0.029411764705882353,34,failed_constraints
2005,6887429,10,function,"Search for automated sequential injection analyzers that employ a multi-position valve and pump to route sample, solvent, and lyophilized reagent from reservoirs, with a micro‑bore tube manifold and detector, controlled by a central processor to automate diagnostic test sequences.",1,41,0,0.0,26,ok
2005,6854125,2,summary,"Describe a magnetic head that manages heating during rapid field alternation by configuring the coil cross‑section to an aspect ratio between 1 and 4, maintaining efficiency while enabling swift signal‑driven recording on light‑softened magnetic media.",2,38,0,0.0,26,ok
2005,6854125,2,keyword,"Search for high‑frequency magnetic head designs with a magnetic core and coil aspect ratios between 1:1 and 1:4, optimizing cross‑section dimensions to reduce heat while maintaining magnetic modulation efficiency for laser‑assisted storage.",3,37,0,0.0,24,ok
2005,6854125,2,function,"How to design a coil‑wound magnetic head with a cross‑section width‑to‑height ratio of 1–4 that limits heating while enabling high‑frequency, high‑efficiency magnetic switching for a laser‑assisted optical storage medium?",2,37,0,0.0,24,ok
2005,6898501,32,summary,"Automatic vibration monitoring system for heavy machinery that senses terrain‑induced cabin vibration, evaluates it against a set threshold, and automatically adjusts suspension gain or transmission settings to reduce vibration when the threshold is exceeded.",1,35,0,0.0,23,ok
2005,6898501,32,keyword,"search for systems detecting vehicle cab or chassis vibration above a threshold, using chassis‑mounted or cab‑mounted sensors, signal processors generating trigger signals, and actuators or transmission controls to modify suspension, damping, or gear shift for vibration mitigation in construction or agricultural machinery.",2,44,0,0.0,31,ok
2005,6898501,32,function,"Find inventions that detect component vibration in heavy machinery above a set threshold and automatically adjust suspension tuning, transmission gear selection, or other vehicle subsystems to lower vibration, while issuing driver alerts or warning signals.",2,35,0,0.0,26,ok
2005,6887210,13,summary,handheld device combining a one‑hand vacuum breast pump with a non‑porous nipple‑contact sleeve and an integrated solid‑phase filter reservoir for collecting diagnostic breast fluid.,1,28,0,0.0,20,ok
2005,6887210,13,keyword,"hand‑held breast pump with non‑porous suction cup, integrated vacuum source, solid‑phase absorbent for milk collection, one‑hand operable, diagnostic sample retrieval, nipple‑engagement port, fluid‑retaining chamber, automated seal integrity monitoring, biomarker extraction, mammary fluid protein purification",3,40,2,0.05555555555555555,36,failed_constraints
2005,6887210,13,function,"hand-held mammary fluid extraction system using suction seal, integrated vacuum pump and solid-phase collection medium for single-handed operation, enabling rapid diagnostic sample acquisition of cellular constituents, proteins, peptides and nucleic acids, particularly for early detection of breast cancer",2,41,0,0.0,33,ok
2005,6940399,32,summary,"Find prior art on tire pressure sensing systems that estimate ideal wheel rotation from wheel speed data, model slip versus rotational rate with a regression line, and use compensated values to flag pressure loss while accounting for vehicle turns and drive‑train variations.",1,43,0,0.0,32,ok
2005,6940399,32,keyword,"Search prior art for a system combining wheel‑speed sensors, rotational slip metrics, linear regression‑based compensation, ideal‑driving state estimation, and tire‑pressure‑drop detection using calibrated rotational‑slip relationships without referencing forbidden phrases, focusing on automotive tire health monitoring.",3,41,0,0.0,35,ok
2005,6940399,32,function,"System infers tire inflation loss by estimating an ideal rotational slip value from wheel speed measurements, employing a regression-based compensation to correct for tire slip and steering effects, and flagging deviations indicative of underinflation without direct pressure sensing.",2,39,0,0.0,28,ok
2005,6917476,9,summary,"An adjustable focal length lens system with three element assemblies— a reversed order of negative and positive elements— where the inner pair’s spacing reduces and the outer pair’s spacing increases during zoom, achieving balanced aberration control with a stationary third group and aspherical surfaces.",3,46,0,0.0,30,ok
2005,6917476,9,keyword,"Search for zoom camera lenses where the front element cluster is negative, the middle is positive with a net negative power, the rear is positive, inter‑group spacings vary during zoom, obeying focal‑length ratio limits, Abbe‑number bounds, and aspherical‑surface deviation thresholds.",3,44,0,0.0,31,ok
2005,6917476,9,function,"Search for a zoom lens design that reduces aberration by moving a negative front group closer to a positive intermediate group while moving that intermediate group away from a positive rear group, with the rear group fixed, enabling a compact, low-distortion optical system over a wide focal range.",1,49,0,0.0,33,ok
2005,6920556,4,summary,"Search for methods that provide SSL-based transport integrity by calculating a single group MAC over many packets, transmitting it together with the packets (without individual MACs) so that the receiver recomputes the group MAC to detect transmission errors.",1,39,0,0.0,26,ok
2005,6920556,4,keyword,"Search for prior art on TLS data streams using group MAC generation across multiple packets without per‑packet MAC, where a receiver recomputes a group MAC for integrity checking and error detection, potentially employing a packet counter or record sequence number and pre‑encrypted payloads.",2,45,0,0.0,33,ok
2005,6920556,4,function,"Search for techniques that generate a pooled authentication tag for batches of messages over secure socket connections, where individual packets may omit per-packet tags, and later recompute the tag to verify integrity and detect transmission errors.",2,37,0,0.0,25,ok
2005,6863500,27,summary,"Search for a centrifugal blast fan featuring rotor blades with integrated secondary turbo‑blades at their extremities or rear edges to boost airflow and lower noise, using dual axial or diagonal flow geometries.",3,33,0,0.0,22,ok
2005,6863500,27,keyword,"Centrifugal blast fan with cylindrical hub, rotating shaft, equally spaced rotary blades, integrated turbo blades attached to blade tips, counterclockwise rotation, optimized installation angle, and reduced acoustic noise.",2,28,0,0.0,23,ok
2005,6863500,27,function,"fan with secondary turbo blades on rotor blade tips or trailing edges to enhance airflow and reduce noise, using a cylindrical or inclined hub with counterclockwise rotation.",3,27,1,0.058823529411764705,17,failed_constraints
2005,6868872,34,summary,"Find prior art on machines that thread metal spiral coils into rows of holes in stacked sheets, using a rotatable guide roller with integrated magnetic attraction to maintain each coil’s path during insertion.",1,34,0,0.0,23,ok
2005,6868872,34,keyword,"Search for devices inserting magnetic spiral springs into rows of holes in overlapping paper stacks, featuring a continuous guide with elongated rotary rollers, magnetic coils or embedded magnets for trajectory control, and a rotating core with upstream coil wrap.",3,39,1,0.038461538461538464,26,failed_constraints
2005,6868872,34,function,"Systems for threading magnetic spiral coils through sequential perforations of stacked sheets employing magnetically guided rollers, rotating cores, and variable‑speed guides to align coil convolutions.",1,26,0,0.0,20,ok
2005,6927928,2,summary,"Search for a magnetic card reader that incorporates a pivotable support frame with orthogonally oriented grooves, enabling screw‑free attachment and release of the magnetic head while adjusting for card warp.",1,31,0,0.0,20,ok
2005,6927928,2,keyword,"pivotally hinged magnetic head support assembly with orthogonal grooved slots enabling removable mounting of a magnetic read/write head for card readers, featuring a rotatable movable member biased into a fixed position and front/back support shafts to accommodate uneven card surfaces.",1,42,0,0.0,31,ok
2005,6927928,2,function,"Search for inventions providing a pivotally mounted magnetic head support that uses intersecting vertical and horizontal grooves to clamp the head, enabling quick attach/detach without screws, and allowing the head to track warped or uneven card surfaces during data reading.",3,41,1,0.034482758620689655,29,failed_constraints
2005,6915701,13,summary,"Search for composite sensor sheets comprising a nonconductive elastomer matrix embedding electrically conducting filaments arranged in uniform angled columns (~15–90° from surface) used to detect shear or lateral loads, including fabrication methods using curved molds to align filaments.",1,39,0,0.0,30,ok
2005,6915701,13,keyword,"non‑conductive elastomeric composite sheet containing aligned conductive filaments oriented 15°‑90° to the base, forming a shear‑force sensor with external conductive contact layers, fabricated by curved‑mold extrusion, detecting lateral displacement through resistance variation",1,36,0,0.0,29,ok
2005,6915701,13,function,"Looking for flexible elastomeric laminates with aligned conductive elements in columnar patterns at 15°–90° angles, used in sensors where resistance changes with sidewise or shear loads, integrated between two conductive contacts for measuring directional forces.",2,36,0,0.0,25,ok
2005,6979467,16,summary,"Search for methods creating microcapsule drug carriers by heating an aqueous gel‑forming solution containing alginate or chitosan derivatives, dispersing it into an oil layer, then treating with a chitosan aqueous solution to form a cross‑linked shell, producing 0.1–5 mm spheres.",1,44,0,0.0,28,ok
2005,6979467,16,keyword,"Search for microcapsule fabrication using an aqueous gel former with alginate or anionic chitosan salt and an active drug, dispersed in an oil phase, followed by immersion in aqueous chitosan to form a membrane; size 0.1–5 mm; focus on emulsification, ionotropic gelation, and chitosan cross‑linking.",1,48,0,0.0,29,ok
2005,6979467,16,function,"Search for methods forming aqueous gels containing alginate or chitosan derivatives, heating to produce continuous phases, emulsifying into oil, then treating with chitosan solution to create microcapsules 0.1–5 mm carrying active agents.",3,34,0,0.0,23,ok
2005,6914096,17,summary,"Search for epoxy‑based curable coating formulations that include carbamate reactive additives synthesized by reacting branched alkyl epoxies with CO₂ to form carbonate intermediates, then with ammonia, providing enhanced crosslinking and adhesion upon curing.",1,34,0,0.0,25,ok
2005,6914096,17,keyword,"Search for epoxy-based alkyl carbonate intermediates bearing 5–30 carbon branched chains reacted with CO₂ and NH₃ to yield carbamate-functional additives incorporated into curable coatings, where the resin possesses hydroxyl or amine functionalities and curing agents engage both resin and carbamate groups.",2,44,0,0.0,31,ok
2005,6914096,17,function,"Search for curable coating systems incorporating a reactive additive produced by CO2‑mediated carbamate formation from branched epoxide precursors, where the additive covalently bonds with polymer active sites and curing agents during film curing.",2,34,0,0.0,24,ok
2005,6966055,6,summary,"Search for methods that disassemble compiled binaries to identify function calls where a register is stored and later cleared, and then optimize by removing the store when the call is followed by a register kill, but leaving it otherwise.",1,39,0,0.0,20,ok
2005,6966055,6,keyword,"Search for techniques that disassemble compiled and linked object code to find functions containing register store/restore sequences, detect calls followed by a register‑killing instruction, and conditionally strip the store when that specific call pattern occurs while preserving it for other invocations.",1,43,0,0.0,29,ok
2005,6966055,6,function,"method to optimize compiled code by removing redundant register store instructions in a disassembled function when followed by a register clear, while retaining the store for other calls",2,28,0,0.0,17,ok
2005,6934841,4,summary,"Search prior art for a user authentication network that issues read‑only smart cards, logs user identities, and centrally enforces web‑access permissions for individual users, where the card contains a unique identifier, no microprocessor, and a server‑based whitelist controls page display over SSL.",3,45,0,0.0,33,ok
2005,6934841,4,keyword,"search for systems where a carding terminal registers users, prints microprocessor‑free smart cards with read‑only memory storing unique IDs and photo, and an internet terminal reads the card, authenticates via server‑stored access database, permitting or denying web site display through a browser shim and SSL/TLS",3,49,2,0.05555555555555555,36,failed_constraints
2005,6934841,4,function,"Search for systems that issue non‑microprocessor smart cards holding unique user identifiers and photos, with a server storing lists of authorized websites and a client station that authenticates the card, requests permission per site, and displays web pages only when access is granted.",1,44,0,0.0,29,ok
2005,6876512,2,summary,"Search for a cassette docking system that automatically mounts and demounts magnetic tape cartridges using a cam‑driven pawl mechanism to retract and release the cartridge while rotating an attached substructure, enabling efficient loading onto a playback head assembly.",3,39,0,0.0,27,ok
2005,6876512,2,keyword,"Search for patent disclosures on tape cartridge docking apparatus featuring a pivoting subframe bay, pawl mechanism toggling advanced/withdrawn positions, cam‑actuated loading/unloading of the cartridge, and integrated read/write assembly with drive hub and threading system.",3,38,1,0.03571428571428571,28,failed_constraints
2005,6876512,2,function,"How does a cam‑driven pawl mechanism enable a pivoting subframe to dock, retract, and mount a tape cartridge in a tape handling module, using selective cam modes to engage and disengage the cartridge?",2,34,0,0.0,22,ok
2005,6887766,8,summary,Search for patents describing silicon chips that reduce interlayer capacitance by incorporating air‑filled gaps between metal layers and using stepwise masking to create insulating layers with via connections.,2,29,0,0.0,21,ok
2005,6887766,8,keyword,"Patent search for semiconductor interconnect stacks incorporating first and second interlayer dielectric films with low capacitance, featuring etched air‑gap pores between top and bottom metal layers, via holes created by sequential mask‑stack etching, and methods forming closed pore structures for dielectric reduction.",3,44,3,0.08571428571428572,35,failed_constraints
2005,6887766,8,function,"Method to form an interlayer insulation with embedded air gaps between metal interconnect levels—using sequential masking and etching to create closed pores, via holes, and fill metal, thereby reducing dielectric capacitance and inter‑level coupling.",1,36,0,0.0,27,ok
2005,6947489,4,summary,"Search for burst‑communication techniques that embed dual‑bit sync codewords within the preamble, where the first sync group uses polarity pairs and a matched‑filter delay line for time alignment, and the second group uses a unique word to indicate payload details, enabling simultaneous synchronization and payload hinting.",2,49,0,0.0,34,ok
2005,6947489,4,keyword,"Search for burst‑type communications systems employing a preamble synchronization sequence composed of an initial detection pattern and a unique code word, using differential encoding, polarity‑based threshold detection, delay‑line integrator matched filters, and polarity‑derived timing references.",3,39,5,0.16666666666666666,30,failed_constraints
2005,6947489,4,function,"Search for burst‑type communication methods that encode time‑alignment and dual groups of pre‑burst information using a short header, where one part creates a polarity‑based timing peak and a second matched‑filter word transmits additional data.",3,39,1,0.03571428571428571,28,failed_constraints
2005,6970076,32,summary,"An in‑tire sensor assembly generates condition data and transmits it on a radio frequency chosen from the tire’s low‑attenuation band, ensuring reliable signal delivery to a vehicle head unit through a wireless link.",2,36,0,0.0,22,ok
2005,6970076,32,keyword,"Search for prior art on in‑tire telemetry devices that mount a sensor and a radio transmitter inside pneumatic tires, selecting transmission frequencies within the tire’s identified passband to minimize attenuation, and relay tire condition data to a vehicle‑mounted receiver.",1,42,0,0.0,27,ok
2005,6970076,32,function,"tire‑mountable sensor system that transmits tire condition data using a transmitter tuned to frequencies which undergo minimal attenuation through the tire, enabling reliable wireless communication with a remote receiver.",2,30,0,0.0,21,ok
2005,6927335,1,summary,"Search for patents on modular cabinet or equipment cases employing an interlocking upper and lower shell where a series of nested cavities, protrusions, and trenches align in opposite orientation to secure assembly without fasteners.",1,34,0,0.0,21,ok
2005,6927335,1,keyword,"interlocking upper and lower case units featuring complementary cavities, protrusions, and trenches arranged from exterior to interior for mechanical assembly; search for case assembly with internal connection structure, dual‑protrusion locking and cavity‑matching fastening mechanisms.",1,36,0,0.0,26,ok
2005,6927335,1,function,"Search for interlocking case structures where an upper housing has a layered connection part with a cavity, protrusion, trench, and secondary protrusion, and a lower housing has a complementary series of cavities, protrusions, and trenches that align for snap‑fit assembly.",1,41,0,0.0,23,ok
2005,6872695,19,summary,"Method for in‑eye disinfection of contact lenses employing liquid‑filled microbeads smaller than the eye’s aperture to be washed out naturally by tear drainage; beads 13‑30 µm, majority under 50 µm, also usable externally with manual rubbing.",2,40,0,0.0,27,ok
2005,6872695,19,keyword,"Search for ophthalmic cleaning formulations containing micron‑sized aqueous beads for in‑eye contact lens decontamination, focusing on bead diameters of 13‑30 μm, with >90 wt % beads below 50 μm, punctum‑compatible flushability, and digital rubbing application.",2,38,0,0.0,27,ok
2005,6872695,19,function,"search for methods of in‑eye cleansing of artificial ophthalmic lenses by applying a water‑laden microparticle suspension (particle diameter <30 µm, >90 % <50 µm) that rinses with tear flow and is removed by manual rubbing.",2,36,0,0.0,21,ok
2005,6955813,16,summary,"Seeking prior art on local injection of a muscle‑relaxing neurotoxin to accelerate healing of muscle trauma such as contusion, laceration, ischemic damage, strain or rupture and relieve associated pain within a 4‑month window.",1,35,0,0.0,23,ok
2005,6955813,16,keyword,"Search for techniques that deliver botulinum neurotoxin A directly to damaged skeletal muscle to accelerate tissue repair and alleviate pain after injuries such as bruises, tears, ischemic damage, strains, or ruptures.",2,31,0,0.0,21,ok
2005,6955813,16,function,"methods for local injection of botulinum toxin to accelerate healing and relieve pain in injured skeletal muscle, aiming for recovery within a four‑month period after administration for injuries including bruises, cuts, blood loss, overextension or tear.",3,37,1,0.038461538461538464,26,failed_constraints
2005,6868941,3,summary,"detachable safety belt with split sections, integrated cable‑reel fastening, adjustable braking force responsive to body position or tension, optional environmental sensor alerts, wireless voice communication, and keypad‑protected cover for unauthorized lockout.",1,33,0,0.0,26,ok
2005,6868941,3,keyword,"search for personal protective belts with modular straps, detachable fastenings, motorized cable braking systems adjustable via a tension sensor, integrated alarm emitters responsive to temperature and smoke, wireless voice modules with hands‑free connectors, and lockable covers activated by numeric codes.",2,41,0,0.0,31,ok
2005,6868941,3,function,"detect prior art for detachable safety belt with adjustable cable braking based on body position and load, integrated alarm transmitter for environmental sensors, wireless voice communications, keypad activation, and coded cover preventing unauthorized opening.",1,34,0,0.0,26,ok
2005,6846654,10,summary,"Detecting analytes by employing a surface‑bound catalytic antibody that binds and converts a reactant to a product, transduces the change, and regenerates the sensor for continued environmental monitoring.",1,29,0,0.0,16,ok
2005,6846654,10,keyword,"Search for biosensing systems employing immobilized catalytic monoclonal antibodies that catalyze analyte conversion in situ, generate measurable products, regenerate binding sites, and transduce signals via integrated chemical transducers for real‑time detection of analyte consumption or production.",1,37,0,0.0,28,ok
2005,6846654,10,function,"Search for methods and systems using immobilized catalytic monoclonal antibodies as biosensors that bind target analytes, then catalyze reactions to generate detectable products and regenerate the antibody, enabling sensitive, reusable chemical or physical analyte detection.",1,35,0,0.0,25,ok
2005,6883250,8,summary,"Stationary wafer cooling apparatus that suspends a substrate using high‑velocity gas jets directed across its face, creating a pressure differential by Bernoulli effect to lift the wafer away from support surfaces while the gas transfers heat away.",2,38,0,0.0,27,ok
2005,6883250,8,keyword,"Stationary wafer cooling chamber employing Bernoulli gas jets from top surface to suspend a silicon wafer, using non‑contact airflow for lift and heat dissipation, with upper outlet array and insulated gas flow for thermal removal.",2,36,0,0.0,26,ok
2005,6883250,8,function,"Stationary wafer cooling chamber suspends a heated semiconductor substrate by forcing a heat‑conducting gas through multiple outlets, establishing a pressure differential that lifts the wafer off any surface while convectively extracting heat.",2,33,0,0.0,25,ok
2005,6901801,10,summary,"Search for a dual‑electrode capacitive acceleration sensor with a flexure plate, housing‑fixed plates, differential capacitance readouts, transimpedance amplifiers producing scaled inputs, and a post‑processing chain converting voltage differentials to calibrated acceleration output.",1,35,0,0.0,26,ok
2005,6901801,10,keyword,"Search for a capacitive accelerometer incorporating a flexure plate sandwiched between two parallel fixed plates in a sealed housing, each forming a variable capacitor; the induced changes are converted by individual transimpedance amplifiers, combined with differential gain, ADC, integrator, and linearizer for a derivative acceleration output.",2,46,0,0.0,31,ok
2005,6901801,10,function,"Search for capacitive acceleration derivative sensor systems that use a flexure plate between two fixed plates, differential capacitive sensing, transimpedance amplification, and signal integration to produce linearized acceleration outputs for dynamic control applications.",1,33,0,0.0,25,ok
2005,6953178,32,summary,"Searching for a vehicle seat slide mechanism that uses a lower rail anchored to the floor, a sliding upper rail with a lever‑mounted pawl engaging multiple lock openings, incorporates a spaced energy‑damping cavity preventing pawl insertion, and reinforces the upper rail by welded inner plates.",1,47,0,0.0,32,ok
2005,6953178,32,keyword,"Search for automotive sliding seat rail assemblies comprising a floor‑attached lower rail, a sliding upper rail, a pawl‑mounted lock lever engaging a lock bore, an interposed energy‑absorbing cavity, and a welded reinforcement bridge between upper rail plates.",1,40,0,0.0,30,ok
2005,6953178,32,function,"Search for vehicle seat positioning systems featuring a moveable upper rail supported by a fixed base rail, a lever‑controlled pawl engaging discrete lock openings, intervening energy‑absorbing cavities preventing pawl insertion, and reinforcement members connecting upper rail plates.",2,39,0,0.0,31,ok
2005,6957052,3,summary,"Search for a receiver that adapts the cancellation window to the varying lengths of interference bursts and temporarily suspends detection or removal when bursts occur too frequently, improving signal integrity in high‑rate interference environments.",1,35,0,0.0,22,ok
2005,6957052,3,keyword,"adaptive interference cancellation module in a communication receiver comprising a detection unit, a removal unit, and a variable time‑window controller sized to each interference pulse duration, plus a high‑frequency‑rate disabling desensitizer to throttle cancellation during dense interference bursts.",1,41,0,0.0,30,ok
2005,6957052,3,function,"A receiver adjusts a cancellation window to match each interference burst length, suppressing those bursts while temporarily suspending detection and cancellation when burst spacing falls below a threshold, ensuring accurate signal preservation in dynamic broadband environments.",2,36,0,0.0,27,ok
2005,6921073,33,summary,"Foldable multi‑card holder employing a magnetized panel and a metal‑coated edge to secure bingo cards in a row, preventing slippage.",3,22,1,0.07142857142857142,14,failed_constraints
2005,6921073,33,keyword,"Search patent literature for fold‑able bingo card holders featuring a magnetic strip integrated on one portion and a metal strip on a cooperating edge, designed to secure multiple cards in a row via magnetic attraction and fold‑over clasping mechanisms.",3,41,1,0.03571428571428571,28,failed_constraints
2005,6921073,33,function,"Searching for foldable card holders employing a magnet‑covered panel joined to a metal‑embedded side panel that secures multiple gaming cards, prevents slippage during play, allows easy transport, and can be collapsed to fit a set of four cards.",2,40,0,0.0,28,ok
2005,6927972,6,summary,"Search for a discreet computer mounting system featuring a base with slots, a pivoting hook that automatically clamps a laptop when placed, using a pressure plate and spring bias, plus a manual release mechanism.",1,34,0,0.0,21,ok
2005,6927972,6,keyword,"Concealed mounting system combining a base panel with locating blocks, a portable computer featuring corresponding locking sockets, and a pivoting hook assembly with a pressure plate and spring bias that engages the computer’s socket when the device is placed on the base, allowing easy release by rotating the plate.",2,50,0,0.0,30,ok
2005,6927972,6,function,"Search for an auto‑engaging hidden mounting system for laptops that uses a spring‑loaded swivel hook inside a recessed base; the hook grips the device’s attachment point when the laptop is placed, and release is achieved by actuating a return arm or plate.",2,45,0,0.0,26,ok
2005,6915538,13,summary,"An automated method for smoothly moving a patient bed platform by gradually accelerating the motor through sequenced voltage steps, providing controlled acceleration and deceleration.",1,24,0,0.0,16,ok
2005,6915538,13,keyword,"Investigate prior art on medical recliner systems featuring an electric motor controlled by a microcontroller that generates a voltage ramp or sequence of reference voltages to smoothly accelerate or decelerate the chair’s moving support surface, enabling imperceptible motion.",2,39,0,0.0,25,ok
2005,6915538,13,function,Search for systems that automatically generate voltage signals by stepping through discrete reference values to smoothly accelerate or decelerate an electric motor controlling a moving support surface in medical or patient support devices.,1,33,0,0.0,22,ok
2005,6926459,31,summary,"Search for a corner‑piece tubing clamp with sliding arms that contains a slice‑separated double‑finger joint and an orthogonal tapered threaded socket; a screw threaded into this socket expands the fingers, securing a tube end and allowing easy release during maintenance.",2,43,0,0.0,28,ok
2005,6926459,31,keyword,"Search for modular tube‑connector assemblies with a corner hub, split‑finger arms, orthogonal tapered socket‑threads, and screw‑activated radial expansion for releasable clamping of pipe ends, used in machine housing construction or maintenance access.",1,36,0,0.0,26,ok
2005,6926459,31,function,"machine housing safety structure using tube connectors with corner piece arms containing a split tip and an orthogonal tapered threaded socket, where a screw expands the split to clamp the tube for quick release during maintenance",3,36,0,0.0,24,ok
2005,6878388,16,summary,"Search for compositions and methods using vanadium‑based chelate complexes to block migration, adhesion, or invasion of non‑cancerous proliferating cells, including therapies for disorders such as hyperplasia, polycythemia, psoriasis, and restenosis.",1,32,0,0.0,22,ok
2005,6878388,16,keyword,"Search for vanadium‑based chemosynthetic complexes bearing halo, hydroxyl, SCF3, azide, cyanide, thiocyanate, selenocyanate or cyclopentadienyl alkyl substituents, with bidentate diketones, diimines, or hydroxamic‑acid ligands, that prevent adhesion, migration or invasion of hyperplastic, polycythematic or psoriatic proliferative cells.",3,39,1,0.034482758620689655,29,failed_constraints
2005,6878388,16,function,"Vanadium ligand complexes used to prevent non‑cancer cell adhesion, migration, invasion in disorders such as polycythemia, hyperplasia, and psoriasis; exploring ligand types including monodentate halides, phenolates, and bidentate complexes with bipyridine, acetylacetonate, and hydroxamic acids.",3,36,1,0.037037037037037035,27,failed_constraints
2005,6956993,9,summary,"Design of a multiport optical splitter‑spectrometer using star couplers and unequal‑length waveguides, where input and output positions are iteratively adjusted to confine wavelength spread and reduce the maximum detuning of each transmission channel.",2,35,0,0.0,23,ok
2005,6956993,9,keyword,"Search for improved arrayed waveguide gratings featuring star coupler configurations, unequal‑length waveguide arms, optimized wavelength‑dispersion mapping, minimized angular spread across spectral channels, and methods for iterative repositioning of star coupler nodes to enhance transmission efficiency.",2,37,0,0.0,30,ok
2005,6956993,9,function,Search for photonic circuit methods that optimize the spatial placement of source and receiver couplers within a multi‑channel waveguide splitter network to minimize wavelength‑dependent angular spread and maximize signal transmission across all frequency channels.,2,36,0,0.0,26,ok
2005,6902704,23,summary,"Query how to simultaneously deliver multiple chemicals into combinatorial reactors using independently controlled injectors with pumps, valves, and needles, allowing sequential or mixed dispensing while isolating or mixing intermediates via a coordinated actuator system.",2,34,0,0.0,25,ok
2005,6902704,23,keyword,"Search for injection pump assemblies with plunger‑sealed barrels delivering flushing solvent via a 3‑way valve into combinatorial reactor arrays, featuring pipette assemblies with dual reservoirs, selectable hollow needles, and synchronized actuator‑controlled downstream valves for reagent isolation and mixing.",2,41,0,0.0,30,ok
2005,6902704,23,function,"automated multi‑injector pumps with plunger‑driven reservoirs, separate fluid lines, and coordinated 3‑way valves for synchronized, precise dispensing of cleaning fluid and multiple chemicals into combinatorial reaction vessels",2,30,0,0.0,21,ok
2005,6863911,18,summary,"Searching for a creamy baking topping that blends a high‑fat discontinuous phase with a continuous aqueous layer dominated by liquid sugar and polyol, achieving low moisture, high fat‑to‑sugar ratio, and sub‑0.5 water activity.",2,38,0,0.0,24,ok
2005,6863911,18,keyword,bake‑stable creamy filler topping discontinuous fat ≥30% continuous aqueous liquid phase liquid sugar ≥15% liquid polyol ≥9% solids 40‑95% aqueous component moisture 2‑10% Aw<0.5,3,29,1,0.043478260869565216,23,failed_constraints
2005,6863911,18,function,"Look for bakery topping or filler ingredients with at least 30% discontinuous fat, at least 20% liquid sugar and polyol blend, water below 30%, moisture 2–10%, and overall water activity under 0.5 for bake‑stable creamy mixes.",3,39,0,0.0,26,ok
2005,6909783,12,summary,"Search for computer‑based, continuous‑stream encryption schemes that use a shared, pre‑generated square table of symbols, with each row containing all symbols, and employ a variable starting cell and index increment strategy to derive ciphertext by stepping through table entries during text input.",2,45,0,0.0,33,ok
2005,6909783,12,keyword,"Search for computer-based encryption systems employing sliding‑scale selection of symbols from a uniformly distributed, multi-row, multi-column matrix of identical alphabets for continuous, real-time one‑time pad key generation and variable‑length ciphertext output.",3,38,1,0.034482758620689655,29,failed_constraints
2005,6909783,12,function,"Search for computer methods that encrypt continuous plaintext by selecting symbols from a randomized square matrix, advancing row and column indices per character, transmitting ciphertext with current indices, and using a sliding mechanism to choose random symbols.",2,37,0,0.0,25,ok
2005,6911202,16,summary,"Search for techniques that correct facial contour defects by injecting a scaffold‑free suspension of cultured cartilage‑synthesizing cells into the defect area, or by using a bioactive implant coated with such cells, to restore aesthetic symmetry.",3,37,1,0.043478260869565216,23,failed_constraints
2005,6911202,16,keyword,"autologous cartilage‑producing cell‑filled biodegradable implant for noninvasive correction of facial contour defects utilizing cell‑laden, particle‑free suspension injected into dermal depressions.",3,24,1,0.05263157894736842,19,failed_constraints
2005,6911202,16,function,"search for techniques that inject an injectable liquid of isolated, cultured cartilage‑forming cells into irregular skin depressions to cosmetically restore facial contour, eliminating solid scaffolds or carrier particles, and achieving smooth, natural tissue volume.",2,35,0,0.0,25,ok
2005,6890702,9,summary,"Search for photosensitive formulations featuring a unique ethylenically polymerizable monomer generated via tandem reaction of multifunctional amines, aromatic diisocyanates, and hydroxylated vinyl compounds, paired with UV initiators and binders of controlled acid value for lithographic plates.",1,36,0,0.0,26,ok
2005,6890702,9,keyword,"Search for photopolymerizable light‑sensitive printing plate compositions comprising a monomer synthesized from a trialkylene diol‑amine, an aromatic diisocyanate, and a vinyl‑hydroxyl compound, along with a photoinitiator and a binder with acid value 10–150.",3,37,3,0.13043478260869565,23,failed_constraints
2005,6890702,9,function,"Search for photopolymerizable planographic plate formulations comprising a copolymerizable monomer derived from a multi‑hydroxyl tertiary amine, an aromatic diisocyanate, and an allyl/​vinyl alcohol component, combined with a photoinitiator and a binder with controlled acidity.",2,36,0,0.0,22,ok
2005,6956372,10,summary,"Search prior art on NMR borehole logging probes using a twisted helically configured permanent magnet and orthogonally oriented RF antenna, protected by a non‑magnetic collar with matching helical structure for abrasion resistance.",1,33,0,0.0,24,ok
2005,6956372,10,keyword,"search for borehole logging tools employing helical magnetic arrays, orthogonal RF antennas, and non‑magnetic protective collars with wing‑like protrusions, used as a drill‑bit‑mounted probe for geophysical assessment of drilling formations.",3,34,2,0.08,25,failed_constraints
2005,6956372,10,function,"Identify prior art of probe assemblies for drilling operations employing twisted permanent magnets generating helical static fields, orthogonal RF antennas inside protective helical collars, designed for high‑abrasion environments and continuous wellbore measurement with rotational mounting.",2,36,0,0.0,29,ok
2005,6898851,8,summary,"Method for reducing defects in buried multilayer semiconductor wiring, employing a brief high‑temperature anneal after creating a passivation‑layer‑through hole to evacuate low‑dielectric interface by‑products, followed by UV‑cured resin or cross‑linked SOG plug, trench etching, and conductor deposition.",1,44,0,0.0,33,ok
2005,6898851,8,keyword,"Search for semiconductor fabrication methods using a buried interlayer dielectric, etching stopper layer, and UV‑curable resin or SOG plug formation with short‑duration hot‑plate annealing to remove residual by‑products and reduce resist pattern defects in multilevel wiring.",1,40,0,0.0,29,ok
2005,6898851,8,function,"search for methods of fabricating buried interconnects in semiconductor devices that include hot‑plate annealing of vias to remove interfacial by‑products, subsequent filling with DUV‑cure or crosslinked spin‑on‑glass resin, and chemistries for selective dielectric removal to form contact plugs.",1,43,0,0.0,28,ok
2005,6966004,4,summary,"A method and gateway device for seamless single‑step authentication to a multi‑zone network that intercepts the initial NAS login packet, forwards it to the AAA server, processes the reply to auto‑log the user into the protected area without further credential input.",1,44,0,0.0,27,ok
2005,6966004,4,keyword,"Search patent literature for an intermediary authentication relay device inserted between a network access hub and a AAA server that intercepts login messages, extracts credentials, forwards them for authorization, and autonomously establishes the user session on a protected subnet without manual re‑authentication.",2,43,0,0.0,29,ok
2005,6966004,4,function,"Search for systems that automatically log a user into a protected network zone after initial authentication at a login gateway, by intercepting credential exchanges between a local access server and an authentication server and provisioning authentication tokens.",3,37,1,0.043478260869565216,23,failed_constraints
2005,6897418,29,summary,"Search for a hot‑runner temperature sensing system where a resistive sensor contains a distinct high‑resistance sub‑track within a lower‑resistance track, enabling precise control of an adjacent heating element integrated into a molded manifold or nozzle.",1,39,0,0.0,26,ok
2005,6897418,29,keyword,"Search for hot‑runner temperature sensors featuring a resistive element with a higher‑resistance sub‑segment, contact interfaces, meandering loops, U‑shaped bows, dual‑track conductors separated by ceramic insulating film, integrated on manifold or nozzle bodies with control circuitry.",2,40,0,0.0,29,ok
2005,6897418,29,function,"Search for temperature sensing devices integrated on injection molding manifold or nozzle heads featuring resistive elements with distinct high‑resistance segments, connected to heating control circuits, allowing precise temperature regulation of heated channels or cavities in melt‑flow systems.",3,39,0,0.0,29,ok
2005,6897318,16,summary,"High‑temperature coupling of hydrazones with halogenated benzoyl chlorides to produce diverse pyrazole derivatives and their salts, offering improved synthetic routes for bioactive heterocycles.",2,24,0,0.0,16,ok
2005,6897318,16,keyword,"Search for literature on substituted pyrazole synthesis via hydrazone condensation with halogenated benzoyl halides, heating above 50 °C, yielding pyrazole derivatives or tautomers, including their salts, with diverse alkyl, hydroxy, cyano, or halogen substituents on the heterocycle.",3,37,0,0.0,25,ok
2005,6897318,16,function,"Search for catalytic routes that combine hydrazones with halogenated benzoyl halides at temperatures above 50 °C to produce pyrazole frameworks bearing diverse substituents, enabling formation of tautomeric species and various salt derivatives.",2,32,0,0.0,22,ok
2005,6869398,13,summary,"Speculum comprising four blades operated by interlocked handles that adjust the viewing field, with textured blade surfaces to grip tissue and an optional stabilizing arm that can be mounted to a surgical table or immovable base.",1,36,0,0.0,22,ok
2005,6869398,13,keyword,"search for surgical speculum multi‑blade design with adjustable inter‑blade spacing, handles interconnected, textured blade surfaces with grooves or perforations for muscle grip, stabilizing arm attachment to fixed surface, including fiducial markers for imaging",2,35,0,0.0,26,ok
2005,6869398,13,function,"four-bladed surgical speculum with linked handles allowing adjustable inter-blade distance, textured surfaces for muscle grip, stabilizing arm attachment, inner surfaces facing each other, fiducial markers for imaging, all intended for improved visualization and manipulation.",1,36,0,0.0,29,ok
2005,6941743,23,summary,"How to prevent catalytic aftertreatment degradation in lean‑burn combustion systems by adding an organometallic scavenger—containing magnesium, manganese, barium, cerium, strontium, iron or calcium—that binds sulfur, phosphorus or lead exhaust species while avoiding costly precious metals?",3,38,5,0.1724137931034483,29,failed_constraints
2005,6941743,23,keyword,"lean burn engine emissions control device with organometallic scavenger (Mg, Mn, Ba, Ce, Sr, Fe, Ca) complexing sulfur and phosphorus exhaust byproducts, lambda>1.2, non‑platinum group metal composition.",3,30,1,0.041666666666666664,24,failed_constraints
2005,6941743,23,function,"Search for methods using an organometallic scavenger added to lean‑burn combustion that complexes sulfur, phosphorus or lead by‑products to lessen degradation of the downstream particulate or NOx reduction device, thereby extending catalyst lifespan and lowering emissions.",3,38,0,0.0,25,ok
2005,6882295,5,summary,"Search for a differential comparator design that uses a current source feeding a transistor pair to drive high‑speed output nodes, with resistor loading to supply references and an adjustable ratiometric bias setting the common‑mode level.",1,37,0,0.0,24,ok
2005,6882295,5,keyword,"Search patents for a high‑speed, differential comparator employing a current‑source driven common‑node, with a transistor pair linked to separate load resistors tied to a reference node of reverse polarity to a supply, and an adjustable bias resistor controlling the differential center level in a SAR ADC conversion.",2,50,0,0.0,32,ok
2005,6882295,5,function,"Search for a differential comparator comprising a current source feeding a common node, a transconductance pair that drives positive and negative outputs through resistive loads, and an external bias network that sets a common‑mode voltage when the inputs are equal, enabling high‑speed SAR conversion.",3,46,3,0.1,30,failed_constraints
2005,6838788,1,summary,"Search for a reciprocating compressor motor that employs a magnet offset from the central coil position, set eccentrically within an outer cylindrical core with a separated inner element, to counteract motor power loss and saturation during compression.",2,37,0,0.0,24,ok
2005,6838788,1,keyword,"Search for a reciprocating compressor motor comprising a fixed cylindrical outer core with wound coils, an inner core on its inner circumference separated by a flux gap, and an eccentric magnet positioned between them to induce linear piston motion while preventing motor saturation and power degradation.",2,46,0,0.0,30,ok
2005,6838788,1,function,"Search for a reciprocating compressor motor featuring a cylindrical outer-core winding, inner-core flux gap, and an eccentrically positioned magnet that counteracts compression pressure, maintaining motor output and avoiding saturation during piston reciprocation.",1,34,0,0.0,25,ok
2005,6935150,26,summary,"Search patents for molds used in superplastic forming of titanium, aluminium alloys that incorporate sintered glassy silica components and incorporate surface barriers such as coatings or inert gas interlayers to enhance component release.",2,33,0,0.0,23,ok
2005,6935150,26,keyword,"Search patents on molding devices for superplastic forming of titanium or aluminum alloys, using a sintered silica glass contact surface, with barrier coatings like boron nitride or inert gas injection, focusing on silicon‑oxide based mold inserts.",3,37,0,0.0,27,ok
2005,6935150,26,function,"Search for press devices employing ceramic inserts that contact workpieces during high‑temperature superplastic forming of titanium or aluminium alloys, using barrier coatings such as BN or inert gas to prevent adhesion, wear, and contamination of the mold surfaces.",2,39,0,0.0,27,ok
2005,6929116,34,summary,Patent search for a display system that lets users see eyeglasses inside cases when the cases rest on a rack: transparent front panels with tapered shapes fit into shelf openings to expose the contents without opening the case.,1,38,0,0.0,24,ok
2005,6929116,34,keyword,"eyeglasses case with transparent front panel and tapered closed ends, mounted in a rack with slotted shelf openings sized to the tapered profile, enabling visual display of eyewear when closed",1,30,0,0.0,19,ok
2005,6929116,34,function,"visual display system for eyeglass cases with transparent front panels and tapered joints that seat into shelf openings, keeping glasses enclosed yet visible when the rack is used.",1,28,0,0.0,18,ok
2005,6881133,26,summary,"Inventors seek prior art on a vertical‑axis grinding apparatus that simultaneously processes opposing surfaces of a disc brake, employing staged movements—idle feed, current‑based detection of contact, then full‑speed grinding—to control force and surface quality.",2,39,0,0.0,29,ok
2005,6881133,26,keyword,"Search prior art for a vertical double‑disc surface grinding system using paired upper and lower wheels driven by rotation and vertical motors, featuring an idle feed stroke, a detection stroke with reduced speed where motor current rise signals the grinding initiation point, and a final grinding stroke.",3,48,3,0.08823529411764706,34,failed_constraints
2005,6881133,26,function,"Search for vertical double-disc grinding methods that use staged idle feed, detection, and grinding strokes, where the grinding‑start point is determined by a rise in the grinding wheel motor current during the detection phase.",1,36,0,0.0,23,ok
2005,6974879,14,summary,"Search for methods of synthesizing hexafluoroleucine with protective groups for use in fluorous peptides that self-associate and bind lipid bilayers, including both L and D stereoisomers.",1,27,0,0.0,15,ok
2005,6974879,14,keyword,"search for fluorinated leucine derivatives, hexafluoroleucine, protected analogs, synthesis routes, fluorous peptide incorporation, self‑association properties, lipid bilayer affinity, stereoisomer configurations, N‑terminal and C‑terminal protecting groups, bioorganic applications.",3,30,3,0.125,24,failed_constraints
2005,6974879,14,function,"Search for methods to produce L‑ and D‑hexafluoroleucine precursors that incorporate N‑ and C‑terminal protection, enabling synthesis of fluorous peptides and proteins that exhibit unusual self‑assembly and lipid‑bilayer affinity.",3,33,1,0.05555555555555555,18,failed_constraints
2005,6917525,10,summary,"How to improve wafer probe test cards by using compliant multi‑spring probe holders that match dense pad pitches, enable rapid parallel testing, and allow detachable standard parts on a flexible carrier for cost‑effective assembly and mechanical protection?",3,39,0,0.0,29,ok
2005,6917525,10,keyword,"Search for compliant spring probe chip substrates bonded to a motherboard using intermediate conductive connectors and compliant carriers for high‑speed wafer testing, including elastomeric decoupling layers and screen‑printed adhesion methods.",3,32,0,0.0,24,ok
2005,6917525,10,function,"Search for methods enabling high‑density wafer‑level probing using compliant MEMS or thin‑film spring probes, integrated compliant carriers, and detachable modular components that reduce assembly cost while permitting rapid, parallel testing of integrated circuits with tight pad pitch alignment.",3,41,2,0.06060606060606061,33,failed_constraints
2005,6897822,3,summary,"Search for a helical conductive sheet antenna with a dielectric thread inserted at the seam, forming a resonant slot structure that remains stable in marine environments and can be mounted on a floating shell for submarine towing.",2,37,0,0.0,21,ok
2005,6897822,3,keyword,"Search for helically‑wrapped conductive‑sheet antenna featuring a longitudinal dielectric sliver that defines a helical slot, with polygonal edges joined into a helical seam, used in an annular body for submersible towing that remains roll‑stable in seawater.",2,39,0,0.0,25,ok
2005,6897822,3,function,"search for spiral resonator antenna with helical dielectric seam, conductive sheet rolled into annular structure, designed for submersibles, immune to rolling in seawater, method including fusing a small dielectric sliver to sheet before twisting and rolling.",2,36,0,0.0,25,ok
2005,6927376,10,summary,"An autofocus scheme for optical survey instruments that first uses the nearest‑axis pixel to estimate a proximate signal level, moves the focus in large steps until the level nears the global maximum, then applies cross‑correlation across multiple pixels to lock focus within the depth of field.",1,48,0,0.0,33,ok
2005,6927376,10,keyword,"Search for telescope autofocus methods using CCD/CMOS sensors, evaluating pixel signals near the optical axis, dynamic step sizing for short focus, correlation of pixel blocks with reference patterns, and adaptive range selection based on signal‑to‑maximum ratio.",2,39,0,0.0,29,ok
2005,6927376,10,function,"autofocus method in survey telescope adjusting lens focus using pixel‑based local amplitude evaluation relative to maximum signal, large step moves for short distances, refine with cross‑correlation of multiple pixels, constrained by depth‑of‑field considerations",1,37,0,0.0,28,ok
2005,6958235,16,summary,"baculovirus vector expressing a 19‑kDa C‑terminal fragment from a malaria parasite surface antigen, with synthetic GC content 40‑60%, fused to a GPI anchor and signal peptide for vaccine manufacture.",3,32,2,0.09523809523809523,21,failed_constraints
2005,6958235,16,keyword,"Search for baculovirus expression vectors encoding a 19 kDa C‑terminal fragment of Plasmodium falciparum merozoite surface protein 1 with a GC proportion of 40–60 %, fused to a GPI anchor from CD59/CD14 and a Plasmodium vivax MSP‑1 signal peptide, for malaria vaccine antigen production.",3,47,6,0.2,30,failed_constraints
2005,6958235,16,function,"Search for baculovirus vectors expressing a C‑terminal 19 kDa fragment of a malaria parasite surface protein, fused to a signal peptide and GPI‑anchoring sequence, to generate recombinant subunit antigens for vaccine development.",2,34,0,0.0,22,ok
2005,6972293,14,summary,"Unique heteroaryl derivatives act as selective GABA_A modulators or prodrugs, offering therapeutic potential for neuropsychiatric conditions, seizure control, sedative reversal, and cognitive enhancement without typical benzodiazepine liabilities.",2,27,0,0.0,21,ok
2005,6972293,14,keyword,"Highly selective GABAa receptor modulators featuring diverse alkyl/aryl substitutions, heterocyclic ring architectures, salt forms, and functional groups such as carbamates, sulfamates, triazoles, and piperidine linkages for neuropharmacology applications.",2,29,0,0.0,23,ok
2005,6972293,14,function,"Search for patents describing selective GABA‑A receptor agonists, antagonists or inverse agonists, including prodrugs, that are used for treating anxiety, depression, insomnia, seizure disorders, Down syndrome cognitive deficits, benzodiazepine toxicity, or memory and alertness enhancement.",3,36,3,0.11538461538461539,26,failed_constraints
2005,6975235,12,summary,"Search for prior art on a fireplace safety apparatus that monitors interior surface heat via a thermistor positioned externally, and activates a glowing ember display or audible alert when the surface temperature surpasses an alarm threshold after heating has halted.",2,40,0,0.0,26,ok
2005,6975235,12,keyword,"Search patents for fireplace safety devices that integrate a temperature‑sensing circuit with a surface‑mounted thermistor, a visual or audible alert system such as a glowing ember indicator, threshold‑triggered signaling, and user‑warning logic when heat output stops.",3,40,0,0.0,27,ok
2005,6975235,12,function,"fireplace temperature monitoring apparatus that measures surface heat via an external sensor, activates visual or audible alarm only after fire is extinguished when temperature exceeds safe threshold, then deactivates when the area cools below the limit.",2,36,0,0.0,26,ok
2005,6928190,2,summary,"Search for image recognition devices that detect specific patterns by extracting color-defined markers, computing inter-marker distances, and matching these distances to stored templates to confirm pattern presence.",1,29,0,0.0,21,ok
2005,6928190,2,keyword,"Search for systems or methods that extract marks of specific color density from input images, compute pairwise distances among those marks, and compare these measured distances against a stored template of distances to detect a pre‑defined image pattern.",1,39,0,0.0,27,ok
2005,6928190,2,function,"Detecting a predetermined image pattern within a digital image by extracting color‑dense marks, computing their pairwise distances, and comparing those distances to stored template values to determine the presence of the pattern.",1,33,0,0.0,21,ok
2005,6909815,10,summary,"Search for automated methods that correct multispectral images for atmospheric haze by extracting diverse pixel spectra, establishing a baseline spectrum, measuring spectral deviation, scaling the deviation, and applying these adjustments to restore true surface reflectance.",2,35,0,0.0,25,ok
2005,6909815,10,keyword,"Find prior art on automated correction of multi- or hyperspectral imagery for atmospheric scattering and absorption by selecting diverse spectral samples, establishing a baseline reflectance, calculating deviations, scaling deviations, and applying corrections to pixels; also extracting aerosol or gaseous extinction parameters from deviation statistics.",2,44,0,0.0,31,ok
2005,6909815,10,function,"Searching for methods that automatically correct multi‑ or hyperspectral images for atmospheric distortion by extracting spectrally diverse pixels, estimating a spectral baseline, measuring and normalizing spectral discrepancies, and applying the result to image pixels.",3,34,1,0.045454545454545456,22,failed_constraints
2005,6941439,6,summary,"Search for systems that translate host virtual addresses to disk block addresses and dynamically adjust I/O command attributes by consulting a mapping table indicating storage array capabilities, generating alternate commands when needed.",1,33,0,0.0,22,ok
2005,6941439,6,keyword,"Address translation server with mapping table for virtual-to-block address translation, attribute mapping for host‑issued LUN commands, LU attribute command receiving program, dynamic attribute adjustment program for external storage device interfacing, multi‑disk array systems, processor control, attribute‑aware command generation.",3,43,6,0.16666666666666666,36,failed_constraints
2005,6941439,6,function,"Searching for systems that translate host virtual addresses to block addresses while evaluating storage device attributes, conditionally adapting commands, and dynamically adjusting device settings via host-driven attribute directives in multi-disk array environments.",3,34,1,0.037037037037037035,27,failed_constraints
2005,6883693,34,summary,"portable backpack featuring integrated stereo set: internal pocket holds music source, external pockets house left/right speakers with built‑in amplifiers and batteries, wired together to deliver amplified sound for on‑the‑go listening.",1,34,0,0.0,25,ok
2005,6883693,34,keyword,"portable backpack housing an integrated stereo speaker kit with an internal pocket for a portable music source, left and right external pockets for battery‑powered speaker modules, one speaker containing a built‑in amplifier IC wired to the source and the other speaker, enabling amplified audio output.",1,47,0,0.0,32,ok
2005,6883693,34,function,"portable backpack with integrated stereo kit comprising an internal compartment for a music source, separate side pockets for left and right speakers containing an amplifier IC or battery, and wired interconnections enabling amplified stereo output while being carried.",1,38,0,0.0,27,ok
2005,6843182,13,summary,Search for surgical operating tables that use dual horizontal rails and a sliding carriage to allow the seat platform to translate smoothly along the pillar while maintaining stability and precision.,1,30,0,0.0,19,ok
2005,6843182,13,keyword,"Operating surgical table with steel vertical pillar, seat‑equipped horizontal platform, dual parallel horizontal rails—bottom fixed rail on pillar, top rail attached to seat and sliding—carriage sliding on bottom rail, top rail sliding on carriage, shoes on rails, translational movement mechanism.",1,43,0,0.0,34,ok
2005,6843182,13,function,"search for a surgical operating table with dual horizontal rail sliding system connecting a seat‑mounted platform to a vertical support, allowing adjustable horizontal translation via a carriage on a lower rail and a sliding seat rail.",1,37,0,0.0,24,ok
2005,6863497,27,summary,"Search for a gas‑turbine stator vane mount that uses a restraining element to deform the vane span or case so that their radii match in the attachment region, allowing a secure fit despite initial radius mismatch.",1,37,0,0.0,23,ok
2005,6863497,27,keyword,"Search for gas turbine stator blade segment mounting system using adjustable constraining clamps that deform blade sections to match casing radius, reducing clearance via radial mismatch compensation, employing high‑temperature alloys, composite spacers, or elastomeric gaskets to secure and deform blades at mounting.",2,43,0,0.0,34,ok
2005,6863497,27,function,"Design and implement a system that secures curved turbine blade panels to a turbine housing by applying deformable restraining elements that alter panel or housing radii, allowing a tighter fit while maintaining structural integrity during operation.",2,36,0,0.0,25,ok
2005,6901084,9,summary,"Search for thermally stable diode‑pumped Raman laser systems that use a resonator with adjustable mirror curvature and material placement to compensate for temperature‑driven lens changes in both the pumpable gain crystal and the Raman medium, maintaining consistent output power and beam quality.",1,44,0,0.0,30,ok
2005,6901084,9,keyword,"Search for a semiconductor diode‑excited crystalline laser system integrated with a Raman‑active crystal inside a resonator cavity, employing Q‑switching and output coupler while modeling thermal lensing in both the gain and Raman media for output power stability.",2,40,0,0.0,27,ok
2005,6901084,9,function,"Search prior art on solid‑state diode‑pumped Raman lasers that use cavity‑stabilizing thermal‑lens compensation, mode‑matched pump and Raman media, Q‑switch pulse generation, and output coupler designs to maintain stable Raman beam output.",1,37,0,0.0,29,ok
2005,6959142,2,summary,"Patent claims a method for rewritable media that automatically generates playlist chains, tallies all order units, and permits editing only while the aggregate count stays below a preset threshold—thereby limiting navigation data size.",2,34,0,0.0,26,ok
2005,6959142,2,keyword,"Method for managing presentation order information units on a re‑recordable medium, where playback lists are defined by user‑created program chains and navigation data size is constrained by a maximum unit count, allowing editing only when limits are not exceeded.",3,41,2,0.07407407407407407,27,failed_constraints
2005,6959142,2,function,"method for creating and limiting playlist sequence control data on rewritable media, ensuring write and edit operations only when accumulated control information blocks remain below a preset maximum, enabling efficient navigation storage.",2,32,0,0.0,24,ok
2005,6861335,9,summary,"Method detaching epitaxial III‑V nitride films from a bulk crystal: deposit low‑bandgap spacer, grow device layer atop, then irradiate backside with laser whose energy lies between spacer and crystal bandgaps, inducing spacer decomposition while preserving film integrity.",3,39,0,0.0,32,ok
2005,6861335,9,keyword,"Search for processes where a low‑bandgap ZnO or GaN spacer layer is deposited on a crystalline GaN wafer, overlain by a GaN or AlGaN epitaxial crystal, and the spacer is selectively decomposed by backside laser or mercury‑lamp irradiation to release the device layer without cracking.",3,47,0,0.0,28,ok
2005,6861335,9,function,"Search for techniques employing a narrow-bandgap spacer layer under an epitaxially grown III‑V semiconductor, where back-side illumination with photon energy between the spacer and substrate bandgaps induces selective separation, minimizing defects and retaining layer integrity.",2,38,0,0.0,27,ok
2005,6857564,6,summary,"Search for patent claims regarding an information system that encodes data and a user’s subscription tier into two‑dimensional barcodes printed on a medium, allowing a reader to verify the tier and restore the content only if the subscriber meets the required level.",1,44,0,0.0,25,ok
2005,6857564,6,keyword,"Search for systems that encode end‑user content with a subscription index into 2‑D barcodes, print the symbols on paper media, optically scan the printed codes, compare the access level, and restore multimedia content only if the index meets the subscriber tier.",2,43,0,0.0,26,ok
2005,6857564,6,function,"Search for systems that encode copyrighted content together with a subscriber tier identifier into two‑dimensional barcodes printed on a sheet, then scan those codes, compare the tier against a user’s access level, and disclose the content only if the levels match or exceed.",2,45,0,0.0,28,ok
2005,6914082,19,summary,"Search for multi-phase catalytic reactors that use very low Peclet numbers to keep gas flow well-mixed while converting syngas to hydrocarbons, achieving high single-pass conversion and catalyst productivity in a three-phase solid/liquid/gas system.",3,39,1,0.03333333333333333,30,failed_constraints
2005,6914082,19,keyword,"Search for a Fischer–Tropsch three‑phase reactor using solid catalyst particles, syngas feed, and gas/liquid products, operating under a well‑mixed gas flow with a Peclet number below 0.175, achieving 35 %–75 % conversion and a superficial gas velocity ≥20 cm/s.",3,44,6,0.1875,32,failed_constraints
2005,6914082,19,function,"Search for catalyst‑suspended gas‑liquid reactors that maintain a well‑mixed gas flow with Peclet number below 0.175, use syngas feed to produce liquid hydrocarbons, and regulate gas velocity under 20 cm/s to optimize single‑pass conversion of 35–75 %.",3,43,4,0.12903225806451613,31,failed_constraints
2005,6911962,2,summary,"Search for methods that drive in‑plane switching active matrix panels by alternating two common‑line voltage levels during each field, allowing data‑line drives to stay between those extremes and reducing driver voltage swing and power.",2,37,0,0.0,28,ok
2005,6911962,2,keyword,"Search for in‑plane switching OLED/IPS display driver schemes that invert common line voltage between high and low levels during each scan field, keeping pixel data line bias between the two extremes to lower driver swing and power use.",3,40,1,0.03225806451612903,31,failed_constraints
2005,6911962,2,function,"Search for methods that alternate the supply voltage between pixel scan lines and data lines, constraining the data line voltage within a narrowed swing to reduce driver power and switching element load, particularly for in‑plane switching displays.",2,38,0,0.0,26,ok
2005,6875615,10,summary,Search for optical sensor systems that detect organometallic species in organic media by using a support‑bound reversible indicator producing a distinct spectral signal measurable to quantify concentration online.,2,29,0,0.0,20,ok
2005,6875615,10,keyword,"Search for online optical sensing systems that utilize a chemically anchored indicator on a robust, insoluble matrix to detect organometallic analytes via a reversible reaction, with a spectrophotometric transducer measuring changes in light absorption, fluorescence or Raman signals across 150–15,000 nm.",3,43,2,0.06666666666666667,30,failed_constraints
2005,6875615,10,function,"Search for continuous online optical sensor platforms using insoluble supports and reversible indicator probes that produce 150–15000 nm absorption, reflection, or emission signals for quantifying organometallic species in organic media.",3,31,2,0.08695652173913043,23,failed_constraints
2005,6970537,2,summary,"A system that carries moving images and controller pulses through standard home telephone conduits by multiplexing across separate frequency slices, enabling simultaneous data and voice without interference and permitting multiple source selection without line‑of‑sight.",2,36,0,0.0,27,ok
2005,6970537,2,keyword,"Search prior art on systems transmitting video and remote infrared signals over existing telephone lines using multi‑band frequency multiplexing with RF conversion, dual‑band voice transmission, simultaneous source selection, and attenuation compensation.",2,33,0,0.0,27,ok
2005,6970537,2,function,"How to transmit video and infrared remote control signals simultaneously over existing telephone wiring without interfering with voice, using separate frequency allocations that allow selective reception and multi‑source routing in residential networks?",3,33,3,0.12,25,failed_constraints
2005,6946789,2,summary,"Search for methods of attaching connectors to transparent and back electrodes of electroluminescent displays by bending connector legs through electrode layers to embed and mechanically secure the electrode, avoiding soldering, and preserving flexibility.",1,33,0,0.0,21,ok
2005,6946789,2,keyword,"Search for electroluminescent display structures featuring transparent and back electrodes, lead conductors bonded by electroconductive adhesive, and bent‑terminus connector legs that mechanically secure electrode plates to the EL sheet.",2,30,0,0.0,21,ok
2005,6946789,2,function,"Search for electroluminescent display panels incorporating leads from transparent and back electrodes, with connector legs penetrating the sheet, bent and secured, providing simultaneous electrical connection and mechanical fixation of electrode plates.",1,31,0,0.0,21,ok
2005,6927392,10,summary,"Search for a thin‑film infrared bolometer array that uses a semiconductor channel with source, drain, and gate contacts, dual insulating layers on either side, a metallic top layer, an integrated absorptive element and thermal isolation, optionally with bias‑memory on the ROIC.",2,43,0,0.0,28,ok
2005,6927392,10,keyword,"Search for IR bolometer arrays using thin‑film semiconductor transistors with source, drain and gate contacts, dual insulator layers, top metal electrode, integrated absorption layer, thermal isolation, and on‑chip bias memory integrated in a readout integrated circuit.",3,38,3,0.10344827586206896,29,failed_constraints
2005,6927392,10,function,"Search for infrared bolometric detectors employing a transistor structure with source, drain, and gate electrodes, dual insulation layers, top metal cover, integrated absorption and thermal isolation, plus array configurations storing per‑pixel bias values.",3,34,1,0.037037037037037035,27,failed_constraints
2005,6895636,35,summary,"An adjustable door or window hinge that lets the leaf pivot relative to the frame and lock at chosen angles, using a molded interface that fits into a channel with undercuts creating a rocking joint for variable tilt.",1,38,0,0.0,21,ok
2005,6895636,35,keyword,"Search for hinge assemblies with leafs and integrated molding engaging frame recess, adjustable tilt angles, detent lock mechanisms, undercut rocker engagement, for door or window frame applications in cabinet hardware.",2,30,0,0.0,22,ok
2005,6895636,35,function,"Patent search for a hinged frame system where pivotable leaves mate with side surfaces featuring longitudinal recesses; a continuous engaging element on each leaf fits into the recess, allowing tilt at various angles and detent lockable positions for adjustable closing.",2,40,0,0.0,27,ok
2005,6910457,27,summary,"Method for controlled shutdown of a spark‑ignition engine by briefly opening the throttle to admit large amounts of fresh air, raising chamber pressure to purge residual gases and enable a rapid restart without a starter.",3,36,2,0.08695652173913043,23,failed_constraints
2005,6910457,27,keyword,"search for spark‑ignition internal combustion engines featuring controlled shutdown systems where the throttle valve is re‑opened during engine stop, guided by crankshaft speed or intake air pressure sensors, to purge combustion products and facilitate hot‑start without starter",3,40,2,0.06666666666666667,30,failed_constraints
2005,6910457,27,function,"Search for designs that enable controlled engine shut‑down by momentarily opening the intake throttle using engine speed or intake pressure sensing to force fresh air in, expelling combustion residues and allowing hot‑start without an external starter.",3,38,0,0.0,27,ok
2005,6888797,4,summary,"Search prior art on a network router that uses a computed value from the full packet header, modulo a fixed number, to choose among several output paths so traffic is split into balanced loads.",1,34,0,0.0,22,ok
2005,6888797,4,keyword,"Search for patents describing routing devices that use hash‑function derived values from complete packet headers to compute a routing key, which then controls a many‑to‑few mapping element within a controller to distribute traffic across multiple network links in proportion to desired load.",3,45,3,0.0967741935483871,31,failed_constraints
2005,6888797,4,function,"Methods enabling a router to compute hash values from packet header data to proportionally distribute traffic across several output links, employing a modulo‑based mapping and controller logic that adapts routing decisions to maintain balanced output link loads.",1,38,0,0.0,28,ok
2005,6859957,33,summary,"Looking for baby cribs featuring a frame of upright tubes with longitudinal slits, where attachment posts slide into tube holes and clamp a fabric wall that threads through the slits for quick, secure enclosure assembly.",1,35,0,0.0,22,ok
2005,6859957,33,keyword,"baby crib bed frame with upright tubes featuring longitudinal slits connecting internal receiving holes, a fabric wall clamped between tubes and positioning posts, posts inserted into tube holes; slitted tube wall allows fabric to protrude—search for similar tube-and-fabric crib designs",1,43,0,0.0,34,ok
2005,6859957,33,function,"Search for baby cribs featuring bed frames with upright tubes that have longitudinal slits allowing a fabric panel to extend through them, panels being secured by posts inserted into tube openings and clamped against the frame.",1,36,0,0.0,23,ok
2005,6926682,13,summary,"Search for devices employing a motor‑driven compression belt for automated cardiac CPR that sense activation, transmit patient ECG and emergency alerts, and allow command‑controlled defibrillation or drug delivery to EMS.",1,32,0,0.0,22,ok
2005,6926682,13,keyword,"Search for resuscitation systems employing a motorized spool‑driven compression belt that cyclically tightens and releases the thorax, integrates a sensing sensor to detect device activation, couples EKG telemetry and remotely controlled defibrillator and drug dispenser, and initiates EMS communication upon use.",2,42,0,0.0,30,ok
2005,6926682,13,function,"Search patents for a belt‑based resuscitation apparatus that motorizes a spool to cyclically tighten and loosen, provides uniform chest compression, detects activation, sends ECG and activity data to emergency responders, and remotely enables defibrillation or drug administration.",2,38,0,0.0,26,ok
2005,6861993,3,summary,"Search for RFID antenna designs using multiple loops where powered loops induce currents in parasitic loops via mutual coupling, enabling dynamic field shaping to keep the magnetic field above tag interrogation thresholds over large areas, with selective loop powering and layer configurations.",1,42,0,0.0,33,ok
2005,6861993,3,keyword,"multi-loop RFID antenna with powered and parasitic coils employing mutual coupling to shape the magnetic field, selective loop activation for maintaining tag interrogation threshold, and single‑ or multilayer coil stack configuration.",1,32,0,0.0,23,ok
2005,6861993,3,function,"RFID tag interrogation antenna with multiple coupled loops, where parasitic loops receive induced energy and are tuned to shape the magnetic field, enabling selective power control over loops to maintain field strength above the tag threshold throughout the interrogation zone on single or multi layers.",3,45,3,0.09375,32,failed_constraints
2005,6979300,13,summary,"Search for foot‑massaging systems that combine a vibrating unit with detachable magnetic heads that spin to produce pulsating magnetic fields, attached to a foot pad with adjustable‑height massage knobs and adapter cavities for multi‑head use.",3,38,1,0.04,25,failed_constraints
2005,6979300,13,keyword,"Search for vibrating massage device with interchangeable rotating magnetic component and a mounting receptacle system, transparent housing for visualizing rotational field, and a removable pressure pad featuring truncated pyramid shape and adjustable knob heights for arch and toe stimulation.",2,39,0,0.0,27,ok
2005,6979300,13,function,"vibrating massage device with detachable rotating magnetic head that produces a pulsing magnetic field through a shaft, transparent casing to observe rotation, coupled with a foot pad featuring multi-height massaging knobs and removable adapters.",2,35,0,0.0,25,ok
2005,6881627,6,summary,"Search for flash memory cells employing ultra‑thin vertical transistors integrated with pillar structures, featuring a dual‑side source/drain arrangement and a gated floating capacitor isolated by an oxide layer, achieving high density storage with vertical scaling.",3,38,2,0.07142857142857142,28,failed_constraints
2005,6881627,6,keyword,"Ultra‑thin vertical body transistor array with pillar‑based floating‑gate memory cells, where each cylinder has dual ultra‑thin source‑drain ends, isolated by a gate oxide from an upper floating gate and a lower control gate, interconnect through buried bit‑and data‑lines.",3,45,4,0.12121212121212122,33,failed_constraints
2005,6881627,6,function,"Search for high‑density vertical‑body flash memory cells using pillar‑structured ultra‑thin transistors, where a dual‑source/drain arrangement surrounds a floating storage node isolated by oxide, controlled via a separate gate, and interconnected by buried bit lines and surface data lines.",3,44,1,0.030303030303030304,33,failed_constraints
2005,6892985,29,summary,"Search results for a non‑pyrotechnic gas‑powered store ejection system that stores pressurized gas in a sealed vessel, uses a valve‑actuated accumulator, a controller‑driven release mechanism, and a pneumatically actuated jettison device for aircraft‑mounted payloads.",3,39,2,0.07407407407407407,27,failed_constraints
2005,6892985,29,keyword,"Search for patents on aircraft jettison systems powered by pressurized inert gas, featuring a sealed gas container, adjustable hermetic valve, accumulator dump line, pneumatic ejector, and electronic controller‑actuated valve system.",2,31,0,0.0,24,ok
2005,6892985,29,function,"non‑pyrotechnic pressurized gas powered jettison mechanism for airborne payloads, featuring a hermetic seal valve, accumulator, dump valve control, and pneumatically actuated release.",3,23,0,0.0,18,ok
2005,6853718,3,summary,"System for efficient in‑call handoff that prompts the user to request a mid‑call service, queries a control point to obtain a predefined destination number from a subscriber table, rings the target, and disconnects the initiator to complete the transfer.",3,41,1,0.043478260869565216,23,failed_constraints
2005,6853718,3,keyword,"Inventions describing automated handoff of a telephone conversation by detecting a user action, querying a network element for a designated redirect number stored in a user data registry, and re‑routing the call to a ringing endpoint within the PSTN, with options for conferencing or multi‑party joining.",2,48,0,0.0,29,ok
2005,6853718,3,function,"Search for methods enabling a party during a voice call to initiate a mid‑call transfer by entering a code, triggering a network element that looks up a stored transfer number tied to the subscriber, then places a call to that number and disconnects the original caller.",3,47,3,0.10714285714285714,28,failed_constraints
2005,6971237,31,summary,"Search for a servoactuator system that uses an electric motor coupled either to a mechanical screw transmission for fast low‑force motion or to a hydrostatic piston transmission for slow high‑force movement, with a transfer device that switches the drive path.",1,42,0,0.0,25,ok
2005,6971237,31,keyword,"Search for servoactuator mechanisms combining electric motor, screw‑nut mechanical transmission with axial force bearing and hydrostatic piston pair, featuring selectable coupling via transfer mechanism for high‑speed low‑load to low‑speed high‑load operation, including closed‑loop servo control.",3,41,2,0.058823529411764705,34,failed_constraints
2005,6971237,31,function,"Search for servo‑actuated linear drives that use a motor coupled to a screw‑nut gear and a fluid‑pressure unit, with a selectable transfer system enabling rapid, low‑load or slow, high‑load output motion under closed‑loop control.",2,40,0,0.0,28,ok
2005,6979311,13,summary,"Search for devices that incorporate a pressure‑sensitive occluder inside an infusion tubing, which remains closed in ambient conditions but opens when the tubing is compressed or a pressure gradient is applied.",2,32,0,0.0,17,ok
2005,6979311,13,keyword,"Search for prior art on infusion tubing assemblies with pressure‑responsive occluders that selectively permit flow only when a pressure differential or lateral compression of the tubing is applied, including dual‑occluder designs forming an inline pump and proximal/distal tubing configurations.",1,42,0,0.0,28,ok
2005,6979311,13,function,"Searching for fluid control devices that incorporate a movable occlusion element within a catheter or infusion tubing, where flow is blocked unless external compression or a pressure difference actuates the element, permitting controlled infusion or inline pumping.",2,37,0,0.0,24,ok
2005,6858289,22,summary,"Innovative solar‑blind optical filter that dissolves a selective UV‑blocking dye into a nanoporous silica glass substrate saturated with a UV‑transparent solvent to integrate dye uniformly, achieving an opaque‑to‑solar‑light but clear‑to‑UV system.",3,39,2,0.07692307692307693,26,failed_constraints
2005,6858289,22,keyword,"organic solar‑blind dye UV‑transparent nanoporous silica glass filter substrate filled with refractive‑index‑matching UV solvent, optically clear, chemically inert, non‑scattering; search optical filter prior art with nanoporosity and dye incorporation matching glass index in UV domain.",3,40,5,0.14705882352941177,34,failed_constraints
2005,6858289,22,function,"Search for optical filtering systems employing an organic solar‑blind chromophore embedded within a chemically inert, non‑scattering nanoporous silica substrate filled with a refractive‑index‑matched solvent to achieve UV pass‑through without scattering.",3,35,1,0.037037037037037035,27,failed_constraints
2005,6900476,8,summary,"Search for LED assembly designs that use a backside cavity structure on the semiconductor die to receive a thermal adhesive layer between the die and a dedicated heat sink, aiming to improve heat transfer from the active region and contacts.",1,40,0,0.0,24,ok
2005,6900476,8,keyword,"LED semiconductor component featuring an active region, current‑injecting contacts, and a backside heat‑sink carrier bonded via adhesive incorporating recesses for adhesive retention.",2,24,0,0.0,18,ok
2005,6900476,8,function,LED modules incorporating a thermally conductive carrier bonded via an adhesive that includes recessed sections to enhance heat transfer from the active die and contacts.,2,25,0,0.0,16,ok
2005,6904332,12,summary,"A system that automates control of multiple moving assemblies in a glassware manufacturing line by storing separate tables for line configuration, process sequences, and recipe conditions, and converting these data into tailored machine instructions via an analytic module.",1,38,0,0.0,25,ok
2005,6904332,12,keyword,"controller system for glass container manufacturing line equipped with virtual line imaging, line agent module, multi‑table database (structure, process, recipe), instruction analyzer generating optimized recipes for moving devices.",2,29,0,0.0,24,ok
2005,6904332,12,function,"Search for a controller system that processes structural data of a glassware manufacturing line, stores production process specifications, and generates line‑specific instructions to command moving devices for automated hollow glassware fabrication.",1,32,0,0.0,22,ok
2005,6885355,3,summary,"Dielectric substrate antenna spatial filter using concentric resonant rings with varying geometries that impose progressive attenuation, enabling beam tapering for improved aperture field control.",1,24,0,0.0,19,ok
2005,6885355,3,keyword,"Search for dielectric substrate spatial filtering surfaces employing concentric, geometrically different resonant rings on a curved base, each attenuating electromagnetic waves variably to impose a field‑tapering transform for antenna aperture arrays.",2,32,0,0.0,24,ok
2005,6885355,3,function,"Search for a dielectric‑substrate spatial filter with concentric ring‑shaped components that differentially attenuate incoming electromagnetic waves to shape the aperture field, enabling an antenna system with controlled magnitude tapering across a curved or planar aperture.",2,37,0,0.0,25,ok
2005,6855829,16,summary,"Neuromodulating KCNQ channel activators comprising fluorooxindole scaffolds and pyrimidine carboxamides that reduce migraine and cluster headaches, applicable alone or with other therapies for neuronal hyperpolarization.",3,25,0,0.0,17,ok
2005,6855829,16,keyword,"Search for prior art describing central nervous system KCNQ channel heteromultimers modulators such as fluorooxindole derivatives and 2,4‑disubstituted pyrimidine‑5‑carboxamides in their pharmaceutically acceptable salts as potassium channel openers that hyperpolarize neurons and reduce migraine or cluster headache.",3,41,4,0.14814814814814814,27,failed_constraints
2005,6855829,16,function,"Search for compounds that open or activate human KCNQ potassium channels, specifically fluorooxindole and 2,4‑disubstituted pyrimidine‑5‑carboxamide derivatives, to hyperpolarize neurons resisting migraine‑associated abnormal firing for preventive migraine or cluster headache therapy.",3,36,5,0.20833333333333334,24,failed_constraints
2005,6911114,28,summary,"High‑performance cellulosic tissue incorporating a low‑molecular‑weight cationic polymer that is unevenly distributed across the web for superior softness and absorbency, with a creping process employing a polymer‑based drying additive in an almost fully aqueous solution.",1,39,0,0.0,26,ok
2005,6911114,28,keyword,"Search for tissue absorbent webs containing cellulose fibers and a semi‑synthetic cationic polymer (Mw < 5 M) with substitution 0.4‑0.8, higher polymer on one side, creped pulp using a drum‑drying additive polymer (80‑99 % water).",3,39,4,0.16,25,failed_constraints
2005,6911114,28,function,"Search patent literature for cellulosic fiber absorbent sheets incorporating cationic polymers under 5 M MW and 0.4–0.8 substitution, aimed at boosting wet strength, one‑sided adhesion, and directional softness through non‑uniform polymer placement.",2,37,0,0.0,25,ok
2005,6875116,29,summary,"Search for a lightweight recreational ramp for wheeled vehicles featuring a molded concrete layer with embedded reinforcement ribs, produced by a two‑part mold, and incorporating a sloped section from ground to raised height.",3,34,1,0.047619047619047616,21,failed_constraints
2005,6875116,29,keyword,"Search for recreational vehicle ramps with a molded concrete incline formed by complementary mold components, featuring a self‑compacting concrete layer, a sloping surface from ground to elevated level, reinforced ribs at the base, lightweight support frame, and low‑bulk construction.",3,41,0,0.0,28,ok
2005,6875116,29,function,"Searching for lightweight recreational ramp designs for wheeled vehicles featuring a rigid support frame topped with a slanted surface of self‑finishing concrete, reinforced by ribbing at the base, to provide smooth, durable riding with minimal bulk compared to traditional ramps.",3,41,0,0.0,27,ok
2005,6849851,10,summary,"Search for systems that use infrared cameras to create continuous, time‑resolved thermal maps of a moving fiber web, synchronizing image capture with web motion, and analyze temperature irregularities periodic along the travel direction to detect web defects or equipment malfunctions.",2,41,0,0.0,29,ok
2005,6849851,10,keyword,"Infrared thermal imaging system for continuous monitoring of moving fiber webs on conveyor belts, generating time‑resolved 2‑D thermal charts, segmenting into matched partial frames, analyzing periodic temperature deviations to detect defects and process anomalies.",1,36,0,0.0,26,ok
2005,6849851,10,function,"Search for techniques that use infrared cameras synchronized with moving fiber webs to produce continuous thermal maps, segment these maps based on processing influence length, and identify periodic temperature deviations indicating equipment faults.",2,33,0,0.0,25,ok
2005,6938067,3,summary,"Web page preprocessing that detects telephone numbers and replaces them with hyperlinks that launch the device’s native dialing interface, via an intermediate server or user agent, enabling quick call initiation directly from the browser.",1,35,0,0.0,22,ok
2005,6938067,3,keyword,"Search for prior art on server‑side identification of numeric phone strings in HTML pages, conversion into clickable tel: hyperlinks that invoke mobile dialer applications upon user selection, and returning modified markup.",2,32,0,0.0,23,ok
2005,6938067,3,function,"Search for servers that parse web pages, detect phone numbers, transform them into actionable dialing links, replace text, and deliver modified pages so that mobile devices' dial-in apps open when the link is interacted with.",2,36,0,0.0,23,ok
2005,6965367,2,summary,"How to enhance display luminance and color consistency by timing an external light engine’s on/off cycle to match the rise and fall of pixel transmittance, using a control equation based on transmittance changes and a multi‑wavelength emitter with sub‑frame regulation.",1,44,0,0.0,27,ok
2005,6965367,2,keyword,"Display panel with dynamic transmittance control via central pixel ON/OFF timing, improving luminance and color uniformity, employing drive circuitry for sequential write/erase of subframe illumination in multi‑wavelength LEDs, evaluating |ΔT|Tw/(T0Δt) ≤ 0.92.",2,37,0,0.0,27,ok
2005,6965367,2,function,"Search for displays that regulate illumination on/off timing based on pixel transmittance changes, especially turning lights on during rising transmittance at a central pixel and off during falling, to enhance luminance and color uniformity.",1,35,0,0.0,23,ok
2005,6934933,6,summary,"Search for software that implements lightweight user‑space locks for objects, promotes them to system‑level locks when contention arises, and identifies threads via stack‑addressed slots separating primary and secondary thread stacks to manage nested locking in embedded networked systems.",2,41,0,0.0,29,ok
2005,6934933,6,keyword,"Search patents describing embedded computing systems featuring an operating system layer, application framework, and programming environment with a two-tier contention locking scheme that uses lightweight user-space object locks and heavyweight kernel-level locks, incorporating stack-based local lock slot structures, reserved stack separation, lock holder and wait‑queue components.",3,51,10,0.23809523809523808,42,failed_constraints
2005,6934933,6,function,"Search for embedded OSs using user‑space lightweight locks with system‑level heavyweight lock fallback, stack‑based per‑thread lock slots, separated stack areas, and lock state retention during reentrant thread access for device networking.",2,35,0,0.0,29,ok
2005,6855345,16,summary,"A method for making an ethanol extract from Indian Mulberry leaf, freeze‑drying it, and incorporating it into a nutraceutical dosage that can help manage blood sugar for individuals with insulin resistance.",2,32,0,0.0,18,ok
2005,6855345,16,keyword,"Morinda citrifolia leaf ethanol extraction freeze‑drying process, natural nutraceutical formulation for glucose regulation, includes carrier materials, dietary fiber, fruit juices, vitamins, mineral additives, and oral administration to diabetic patients, with freeze‑thaw pretreatment.",3,34,2,0.07142857142857142,28,failed_constraints
2005,6855345,16,function,"Search for natural diabetes therapies that freeze‑thaw Indian mulberry leaves, apply ethanol extraction under controlled temperature, filter and lyophilize the supernatant, and combine the purified extract with food carriers to normalize blood sugar.",2,34,0,0.0,24,ok
2005,6913666,29,summary,"Search for methods using a thermoplastic pin inserted into a closed bore in porous wood‑like parts, where ultrasonic vibration under axial pressure softens the pin’s end, enabling it to flow into the matrix and create solid anchor points.",1,40,0,0.0,25,ok
2005,6913666,29,keyword,"Method for anchoring a thermoplastic pin in a porous timber member by inserting a matching bore with a sealed inner end, applying axial pressure, and supplying ultrasonic energy to soften the pin, allowing molten material to penetrate pores and form a macro‑scale anchor.",3,44,0,0.0,28,ok
2005,6913666,29,function,"Investigate methods for inserting a thermoplastic pin into a preformed bore in porous wood, applying axial force combined with ultrasonic energy to plasticize the pin tip, allowing molten plastic to infiltrate surrounding fibers for secure bonding.",3,36,0,0.0,24,ok
2005,6934512,3,summary,"Search for satellite terminal power‑saving control that reduces microwave amplifier power during idle periods and restores full supply when a data link starts, without fully shutting down the amplifier between sessions.",1,32,0,0.0,24,ok
2005,6934512,3,keyword,"VSAT ground station with RF antenna, transmitter path including a power booster, receive front‑end amplifier, user interface module, and a controller that dims the receive amplifier’s power during inactivity, restoring full supply when a session starts.",2,38,0,0.0,27,ok
2005,6934512,3,function,"Searching for satellite communication terminals that use a remote controller to throttle power to microwave amplifiers during idle periods, then ramp to full power when data is received or transmitted, without full‑power cycles between sessions.",1,36,0,0.0,25,ok
2005,6936379,1,summary,Search for an implantable medical device containing a battery with SVO and CFx cathode layers that calculates remaining capacity from theoretical values and material efficiencies to signal when the device should be replaced.,3,33,1,0.05263157894736842,19,failed_constraints
2005,6936379,1,keyword,"Search patents on implantable medical devices featuring a lithium anode and a sandwich cathode of SVO facing the anode with CFₓ on the opposite current collector side; control circuitry calculates theoretical capacity, measures discharge efficiency, and applies a ratio-based formula to forecast end‑of‑life voltage for scheduled replacement.",3,50,3,0.08823529411764706,34,failed_constraints
2005,6936379,1,function,"Searching for techniques using dual‑cathode lithium batteries in body‑integrated electronic systems, where a controller evaluates remaining capacity between a predetermined voltage threshold and end‑of‑life, accounting for material efficiencies, to signal timely device replacement.",2,37,0,0.0,26,ok
2005,6935228,26,summary,"Search existing patents for presses that allow adjustable dwell times using a tension‑controlled, driven arm‑attached bias element to modulate the pressure between the platens.",2,26,0,0.0,18,ok
2005,6935228,26,keyword,"Search for platen press apparatus that adjusts dwell time via a biasing member and tensioner, applying variable cyclical impression force between opposed platens, including drive arm, glider, and bias apparatus for target material compression.",3,34,4,0.15384615384615385,26,failed_constraints
2005,6935228,26,function,search for equipment that variable dwell time in a platen press via tensioned biasing member driven to adjust impression force and dwell duration during compression cycle.,1,26,0,0.0,18,ok
2005,6899081,10,summary,"Search for automotive intake systems incorporating a debris‑removing filter and a duct that routes air to an engine, together with an upstream flow‑conditioning element featuring conical‑to‑cylindrical passages to reduce turbulence before air‑volume measurement.",2,38,0,0.0,25,ok
2005,6899081,10,keyword,"Search for automotive air induction assemblies that place a flow‑conditioning element between an air filter and a mass‑air‑flow sensor, with a conical intake and cylindrical core designed to reduce wall‑generated turbulence before air enters the sensor chamber.",3,41,2,0.07142857142857142,28,failed_constraints
2005,6899081,10,function,"Develop a system that channels clean ambient air from a filter through a duct, using a conical‑to‑cylindrical internal passage to streamline flow before delivering it to a sensor, thereby reducing turbulence‑induced measurement errors at the engine intake.",2,40,0,0.0,25,ok
2005,6953708,8,summary,"Method to embed a microelectronic substrate between two flexible spacer layers, aligning electrical terminals with a perforated connector plate while isolating contact sites, thus enabling robust packaging of integrated circuits inside a protective housing.",1,34,0,0.0,26,ok
2005,6953708,8,keyword,"semiconductor device fabrication involving a silicon chip with exposed terminals, a retaining housing featuring a backside plate and lateral enclosure, compliant elastomeric interlayers between chip and housing, and a shielding metal layer covering terminal zones",2,35,0,0.0,25,ok
2005,6953708,8,function,"Method for embedding a semiconductor chip into a housing with rear plate and side walls, using a compliant buffer on the rear, a second buffer covering the chip except the contact zone, then positioning a contact passage plate over the contacts and securing it.",3,44,4,0.15384615384615385,26,failed_constraints
2005,6961166,9,summary,"Search for an optical external modulator that uses a cascade of interferometers, each biased above quadrature with a dedicated biasing circuit, includes a reflector between stages to improve bandwidth and reduce drive voltage for high‑speed digital fiber transmission.",1,39,0,0.0,26,ok
2005,6961166,9,keyword,"Search for optical external modulators featuring cascaded Mach–Zehnder interferometers on an electro‑optic substrate with integrated electrode networks, bias circuits operating above quadrature, reflective waveguide sections, and low‑drive‑voltage digital data transmission over optical fiber.",3,37,1,0.03333333333333333,30,failed_constraints
2005,6961166,9,function,"Search for external photonic modulators that cascade multiple interferometers, employ electrodes driven by RF signals, utilize bias circuits to set each stage above quadrature for high‑speed digital fiber transmission, and incorporate a reflector to boost bandwidth, cut drive voltage and shrink footprint.",2,43,0,0.0,32,ok
2005,6892476,34,summary,"Search for a dryer with a rear-mounted movable spacer that keeps the unit at a safe clearance from a wall and covers the exhaust opening to prevent flexible hose attachment during shipping, thereby avoiding hose kinks.",1,37,0,0.0,22,ok
2005,6892476,34,keyword,"Search for a clothing dryer with a back‑facing exhaust nozzle, a hinge‑attached spacer that swings from a closed carriage next to the back panel to an extended position, a partial‑cover guard, a flexible heat‑transfer pipe, and a wall‑spacing mechanism preventing hose kink.",2,47,0,0.0,29,ok
2005,6892476,34,function,"Device for garment drying with a rear opening and a pivoting spacer that moves between a storage position near the back and an extended position to preserve a fixed spacing from a nearby wall, blocking the vent opening during storage and preventing kinked exhaust line.",2,45,0,0.0,27,ok
2005,6961763,4,summary,"A distributed automation framework that catalogs devices by attributes and instance names, tracks heartbeat‑based state in a volatile repository, triggers event notifications on state changes, and supports optional monitoring daemons for power‑line anomaly detection and device recovery.",2,39,0,0.0,27,ok
2005,6961763,4,keyword,"Search for automation platforms featuring an addressable device registry, transient state cache, publish‑subscribe event bus, and a daemon that detects power line anomalies via pattern and model‑driven techniques.",2,30,0,0.0,22,ok
2005,6961763,4,function,"Search for systems that use attribute‑based device registries and name‑based instance mapping, combined with a heartbeat‑driven state repository, and a subscription mechanism for state changes, enabling automated fault detection and recovery in distributed automation networks.",2,38,0,0.0,26,ok
2005,6953413,31,summary,"Searching prior art for a segmented torque‑transmission device that eliminates axial sliding between drive and driven elements by rotating the assembly so only non‑contact segments shift axial position, avoiding sliding on contacting surfaces during length adjustment.",1,38,0,0.0,29,ok
2005,6953413,31,keyword,"Search for segmented torque‑transmitting elements that allow axial repositioning of driving and driven members without sliding, using rotatably constrained contact segments between concentric or conical shafts, applicable to variable‑ratio or continuously variable transmissions.",1,35,0,0.0,26,ok
2005,6953413,31,function,"search for segmented torque‑transmitting couplings that rotate to eliminate axial sliding while moving one shaft relative to another, enabling smooth axial repositioning without contact‑loss on torque‑bearing surfaces, as in continuously variable transmission or disc‑based drive systems.",1,40,0,0.0,30,ok
2005,6939171,1,summary,"Search for a cable termination device featuring a molded housing that holds a flexible latch composed of a base and a narrower projection, with a front notch extending toward the rear that guides and secures the connector as it is inserted from the rear.",2,44,0,0.0,22,ok
2005,6939171,1,keyword,"Search for connectors featuring a front‑rear cavity for terminal fitting insertion, a resilient cantilever lock with a base seated in a front notch and a projecting tip that deflects into the cavity, where the tip width is reduced relative to the base, molded by forward‑opened and backward‑opened dies.",3,51,1,0.034482758620689655,29,failed_constraints
2005,6939171,1,function,"Search for prior art detailing a cylindrical connector housing with a forward‑cantilevered elastic locking member in a notch, comprising a wide base and a thinner forward projection that deflects into a reception cavity when a mating element is inserted, and related molding methods.",2,44,0,0.0,26,ok
2005,6972701,5,summary,"Search for ADC calibration methods that use a shared range DAC to set a common gain, adjusting individual comparator offsets via per‑unit DACs for improved measurement accuracy.",1,28,0,0.0,20,ok
2005,6972701,5,keyword,"An A/D converter architecture employing a set of comparators each with a dedicated calibration DAC, a common range DAC providing shared gain control, calibration registers, and control circuitry to compute an offset error window and adjust each DAC for precise offset voltage compensation.",1,44,0,0.0,29,ok
2005,6972701,5,function,Search for methods using a shared D/A converter to supply a common gain control voltage to multiple comparator‑based calibration circuits for reducing offset error range in digital‑to‑analog conversion systems.,3,33,3,0.14285714285714285,21,failed_constraints
2005,6927757,6,summary,"Search for handheld systems that capture video of an environment with a camera, process the stream locally, and adjust a virtual workspace view based on tracking of camera movement to provide a dynamic partial view.",2,35,0,0.0,20,ok
2005,6927757,6,keyword,"Search for systems that use a handheld computing device to capture a field‑of‑view limited video stream from a camera, perform motion estimation, and dynamically adjust a partial virtual workspace view.",3,32,1,0.05,20,failed_constraints
2005,6927757,6,function,"Search for camera‑based virtual workspace systems that capture a live video of the surroundings, process it on a handheld or mobile device, and dynamically adjust a partial virtual view based on movement evaluation or pose tracking of the operator, possibly with server‑client distribution.",2,45,0,0.0,27,ok
2005,6961508,17,summary,"Optical fiber featuring a rapid‑cure primary coating with sub‑0.6‑dB/km loss at 1550 nm, high modulus retention after hydrolysis, and a Tg below –35 °C, achieved by a low‑dose cure to reach 95 % of the attainable modulus.",3,42,1,0.037037037037037035,27,failed_constraints
2005,6961508,17,keyword,"Optical fiber with inner low‑modulus coating cured rapidly to achieve ≥95 % of maximum modulus using <0.65 J/cm² dose, retaining ≥0.5 modulus ratio after aging, outer coating providing micro‑bending resistance and <0.65 dB/km loss at 1550 nm.",2,43,0,0.0,31,ok
2005,6961508,17,function,"Coated optical fibers that reduce signal attenuation, preserve modulus after hydrolytic aging, and employ high‑speed curing resins achieving 95% of maximum modulus with energy doses below 0.65 J/cm².",3,31,2,0.08695652173913043,23,failed_constraints
2005,6964081,33,summary,"Search for operator‑driven carpet scrubbing units featuring forward‑mounted pressurized liquid applicator and cross‑rotating cylindrical brushes, coupled with hinged vacuum shoe assemblies that maintain surface contact for enhanced solution removal.",1,32,0,0.0,25,ok
2005,6964081,33,keyword,"Search for an operator‑driven carpet scrubbing machine featuring forward‑mounted spray nozzles, counter‑rotating cylindrical brushes, hinged vacuum shoe assemblies that enable close carpet conformity, a rigid frame, and powered drive maintaining a consistent cleaning solution path.",2,38,0,0.0,30,ok
2005,6964081,33,function,"portable carpet cleaning appliance with forward‑mounted pressurized spray system ahead of twin rotary brushes, coupled with hinged vacuum pads that articulate to maintain carpet contact while sweeping a continuous path.",2,31,0,0.0,23,ok
2005,6884530,1,summary,Periodic lowering of a direct‑fuel cell’s power below its usual minimum—by switching it to open circuit or a low‑output state at set intervals—to boost performance of CO‑tolerant Pt‑Ru anode catalysts in polymer‑electrolyte fuel cells.,1,42,0,0.0,27,ok
2005,6884530,1,keyword,"Search for methods of enhancing direct methanol fuel cell performance with a Pt‑Ru CO‑tolerant anode and solid‑polymer electrolyte by intermittently lowering cell output below its minimum operating level, including time‑triggered throttle or shutdown cycles to mitigate CO poisoning and sustain power delivery.",3,46,3,0.08823529411764706,34,failed_constraints
2005,6884530,1,function,"How can periodically lowering output below the nominal minimum in a CO‑tolerant direct feed fuel cell, by interrupting operation or reducing power, extend catalyst life or improve efficiency during normal cycling?",3,32,2,0.08333333333333333,24,failed_constraints
2005,6972204,8,summary,"Laser-activated selective adhesion lowering on a substrate layer allows precise transfer of individual devices from a base to a receiving substrate, enabling spacing adjustment and avoiding contact‑less reassembly.",1,30,0,0.0,20,ok
2005,6972204,8,keyword,"Search for back‑side laser irradiated selective adhesive release of micro‑LED device arrays from a primary substrate using a mask, temporary resin fixation, dicing into individual units, and transfer onto a secondary adhesive‑coated carrier with adjusted inter‑device spacing.",2,41,0,0.0,30,ok
2005,6972204,8,function,"Lookup inventions applying laser‑backside irradiation through masks to locally reduce adhesive strength of a first layer, permitting selective lifting of device arrays onto a second substrate, then embedding the devices in resin, dicing them, and repositioning them onto a display panel.",3,42,1,0.034482758620689655,29,failed_constraints
2005,6867508,9,summary,"Develop a system for precisely aligning and joining two laser dies on a common substrate, employing voltage‑controlled collet electrodes, simultaneous light output, distance measurement between emission spots, and fine adjustment for tight pitches.",2,34,0,0.0,25,ok
2005,6867508,9,keyword,"Search for two‑die bonding system using voltage‑biased collet electrodes, intermediate alignment stages, and synchronous laser diode emission for submount precision placement at ultra‑narrow pitch, employing tilted pin fixtures and light‑based fine adjustment.",2,36,0,0.0,29,ok
2005,6867508,9,function,"Search for a die‑bonding system that employs simultaneous optical emission from two laser diodes to measure inter‑emitter spacing, then corrects pitch and alignment on a shared submount using voltage‑actuated collet electrodes and precision transfer points for high‑accuracy narrow‑pitch assembly.",1,44,0,0.0,32,ok
2005,6844118,9,summary,"Method to produce a photolithography mask that places patterned features and tiny linking patterns within the same transparent layer, supporting binary and phase‑shift variants for better resist exposure control.",1,30,0,0.0,21,ok
2005,6844118,9,keyword,"Search for reticle substrates incorporating printable features linked by sub-resolution connectors, using MoSi or Cr–N–O alloys, achieving 6‑30 % or 0 % transmissivity, with 90°, 180°, or 270° phase modulation, and designs including serifs and serifs‑connected sub-resolution structures.",3,42,1,0.03571428571428571,28,failed_constraints
2005,6844118,9,function,"search for techniques to fabricate a transparent substrate with multiple printable mask features linked by a sub‑resolution bridging element in a single material layer for use in photolithographic exposure, including binary and partially transparent phase‑modulating mask types.",2,39,0,0.0,26,ok
2005,6938222,6,summary,"pen‑based gesture recognition that transforms strokes into Chebyshev polynomial features, classifies them with Bayesian networks, defers ink rendering until a non‑matching stroke threshold, and triggers corresponding commands on a stylus device.",1,33,0,0.0,23,ok
2005,6938222,6,keyword,"handwritten gesture recognition using pen strokes, normalized via affine transforms, feature extraction with Chebyshev polynomials, Bayesian network classification, selective ink rendering, and command activation on mobile computing devices.",2,28,0,0.0,23,ok
2005,6938222,6,function,"Detecting handwritten pen gestures by normalizing strokes, converting them to Chebyshev polynomial features, and classifying with pretrained Bayesian networks to execute device commands while deferring ink rendering for non‑matching strokes.",1,31,0,0.0,22,ok
2005,6851148,34,summary,"Search patents relating to a dry cleaning apparatus that uses pressurized liquid CO₂ or solvent supplied from a reservoir to agitate garments in a sealed chamber, with a rotating basket, return circulation, and integrated distillation for solvent recovery and heating.",2,40,0,0.0,24,ok
2005,6851148,34,keyword,"Patent search: device uses pressurized solvent tanks, nozzle‑directed liquid flow into a sealed chamber with rotary basket agitation, gas‑pressurized headspace to drive solvent transfer, and integrated still with shroud heating and filtration.",1,34,0,0.0,25,ok
2005,6851148,34,function,"Searching for systems that use pressurized solvent from a storage vessel to agitate and clean items in a chamber, employing gas transfer to drive solvent flow and incorporating agitation baskets or nozzles for dry solvent cleaning.",2,36,0,0.0,22,ok
2005,6848392,29,summary,"Searching for a pet food bowl integrated with a cylindrical support that contains two evenly spaced helical conductive wires, one positive and one negative, forming an electric circuit that kills insects touching both wires, powered by a standard source.",1,39,0,0.0,27,ok
2005,6848392,29,keyword,"search patent documents describing a cylindrical support bearing uniformly spaced helical conductive coils, one positively charged and one negatively charged, creating a voltage differential that permits an insect body touching both coils to close an electric circuit, employed in food receptacle assemblies.",2,42,0,0.0,32,ok
2005,6848392,29,function,"Insect‑killing device employing two evenly spaced conductive helices on a support, one carrying positive and the other negative charge, so that an insect bridging both coils completes a circuit and is electrically exterminated by a voltage source.",2,38,0,0.0,25,ok
2005,6969639,22,summary,"A process that fabricates integrated devices on a single substrate and then attaches a pre‑drilled cover using low‑temperature adhesives before cutting individual components, allowing heat‑sensitive MEMS to survive heating cycles while protecting against moisture and particulates.",3,39,0,0.0,29,ok
2005,6969639,22,keyword,"wafer level hermetic enclosure using low‑temperature adhesive bond with 100–300 °C fusion point, integrating pre‑etched through‑holes in a lid substrate for high‑temperature sensitive MEMS, followed by post‑bond dicing into individual chips.",3,37,2,0.07142857142857142,28,failed_constraints
2005,6969639,22,function,"Search for methods that attach a lid wafer with pre‑formed through holes to a device wafer using low‑fusion adhesives, then seal and dice into individual chips, enabling fast processing, moisture protection, and easier handling of temperature‑sensitive MEMS components.",2,41,0,0.0,29,ok
2005,6905959,8,summary,"Low‑temperature sputter deposition of tantalum nitride barrier films and copper seed coatings in high‑aspect‑ratio vias using a chilled hollow‑cathode magnetron yields smooth, uniform films that enable void‑free interconnect filling.",3,34,6,0.2222222222222222,27,failed_constraints
2005,6905959,8,keyword,"Search for low‑temperature sputter‑deposited barrier and seed layers using hollow cathode magnetron for high aspect ratio via filling, targeting tantalum or tantalum nitride barriers and copper seed films, with wafer temperatures near -70 °C to 0 °C and deposition pressures 1–20 mTorr.",3,45,5,0.16129032258064516,31,failed_constraints
2005,6905959,8,function,"Search for methods that deposit ultra‑smooth, grain‑controlled barrier and seed films on semiconductor vias at cryogenic substrate temperatures, enabling void‑free infusion of copper interconnects while keeping post‑deposition temperature below 100 °C, employing low‑pressure plasma sputtering.",2,40,0,0.0,31,ok
2005,6860121,28,summary,Looking for knitting machine accessories featuring a shank with slits that form inward‑bent legs creating indentations to lower friction and hold lubricant for rapid production.,2,26,0,0.0,17,ok
2005,6860121,28,keyword,"Search for knitting machine needles with concave shanks, slotted leg structures forming indentations for reduced friction and oil retention, variable thickness guide channel passage, fabrication by recessing and pressing flanks.",2,30,0,0.0,22,ok
2005,6860121,28,function,"Search for knitting machine tools with slit‑formed indentations in the shank that reduce friction and retain lubricants, enabling smoother high‑speed operation, including manufacturing methods forming recesses and bending legs toward each other.",1,34,0,0.0,25,ok
2005,6861046,16,summary,"Search for aerosol delivery systems using volatile polysiloxanes to disperse therapeutic or cosmetic substances onto skin, with two‑compartment or pump‑mounted devices and compositions high in hexamethyldisiloxane and thixotropic agents.",1,31,0,0.0,21,ok
2005,6861046,16,keyword,"silicone‑based aerosol device for topical therapy and cosmetics with dual‑compartment construction, flow‑valve access, pump‑mounted propulsion, vehicle mainly hexamethyldisiloxane, therapeutic content up to 15 %, thixotropic additive 1–10 %, optional densifiers.",2,33,0,0.0,26,ok
2005,6861046,16,function,"search for handheld aerosol skin‑spray device dispensing volatile silicone solvent with therapeutic compound, controlled by pump or two‑compartment system, using hexamethyldisiloxane as carrier and thixotropic matrix for skin treatment.",1,31,0,0.0,22,ok
2005,6933044,29,summary,Search prior art for resin‑molded items with a non‑chromium metallic finish achieved by coating a heat‑resistant transparent sheet with a luster ink containing micron‑scale aluminum particles and then molding a synthetic resin onto the coated side.,1,40,0,0.0,28,ok
2005,6933044,29,keyword,"Search for resin molded articles featuring a polymer transparency substrate coated with a thin metallic sheen via printed nano‑aluminum foil containing luster ink, subsequently fused with a thermoplastic layer.",2,30,0,0.0,22,ok
2005,6933044,29,function,"Search for methods to produce a metal‑lustered resin molded part where a transparent thermoplastic base is coated with an aluminum‑foil‑based luster ink containing ≤0.5‑µm foil particles, then a continuous resin layer is molded over the lustered side, avoiding chromium plating.",1,45,0,0.0,29,ok
2005,6862518,27,summary,"Develop a system that measures engine coolant temperature against a model-based target, raising a main fault when the deviation is excessive, and a secondary fault signals possible coolant deficiency if the initial temperature is below freezing and the main fault clears after an energy‑balance‑dependent timeout.",3,48,1,0.03225806451612903,31,failed_constraints
2005,6862518,27,keyword,"Search for patents describing electronic control systems for internal combustion engines that monitor cooling‑fluid circuits, compare actual engine temperature to model‑based desired temperature, generate warning signals when deviations exceed limits, detect antifreeze deficiency from pre‑cold start temperatures, using energy‑balance thresholds.",3,44,2,0.05555555555555555,36,failed_constraints
2005,6862518,27,function,"Search for engine cooling circuit monitoring techniques using ECU temperature comparison to model‑based setpoints, flagging deviation errors and triggering antifreeze deficiency warnings when cold starts, with time‑decay based on starting temperature and energy balance thresholds.",1,37,0,0.0,28,ok
2005,6927669,12,summary,"Search for security systems that provide remote or emergency‑activated unlocking of vehicle or building doors with automatic re‑locking triggered by door opening/closing detection, optionally enabling functions such as engine start, alarm, or emergency call.",1,37,0,0.0,26,ok
2005,6927669,12,keyword,"Vehicle and building automatic security system combining wireless remote receiver, emergency message capture unit, door position sensor, closing/opening detector, and self‑locking electronic lock actuator that re‑locks doors upon closure after remote or emergency unlock.",3,37,0,0.0,31,ok
2005,6927669,12,function,"Search for vehicles or buildings equipped with a wireless receiver that unlocks door mechanisms upon receipt of a wireless command or emergency trigger, then automatically locks the doors after an opened door is closed, using a closing detector and self‑locking mechanism.",3,42,1,0.037037037037037035,27,failed_constraints
2005,6932209,13,summary,"Search for a transfer system featuring two independently driven endless belts capable of forward and reverse motion, each with its own roller frame and pivoting arms, allowing selective mechanical coupling via main and auxiliary rollers.",1,35,0,0.0,25,ok
2005,6932209,13,keyword,"Dual‑roller frame with independently operable forward/reverse endless belts, each employing paired main rollers and pivot‑mounted auxiliary rollers for selective engagement, designed for industrial belt transfer systems.",1,29,0,0.0,23,ok
2005,6932209,13,function,"search for transfer devices featuring two independent endless belts driven in forward and reverse, each belt engaging separate main and auxiliary rollers on a frame, capable of selective engagement to adjust transfer direction or speed.",1,35,0,0.0,24,ok
2005,6859360,2,summary,"Seek prior tech of rear‑mounted display extension mechanisms featuring a housing with an insertion slot, a two‑region positioning system (apex and valley) that locks an extension module offering connection points for external signals.",1,35,0,0.0,24,ok
2005,6859360,2,keyword,"Search for patents describing a rear‑mounted display extension apparatus comprising a housing, an insertion slot linking to a connection section, an apex‑valley positioning device, and an extension box with an input terminal.",1,34,0,0.0,21,ok
2005,6859360,2,function,posterior-mounted display add‑on comprising a recessable housing with an insertion slot and a dual‑zone positioning device that secures an extension module providing external signal input terminals to the display system.,1,33,0,0.0,21,ok
2005,6980928,27,summary,"Search for methods or systems that compute operational efficiency and cost of a power plant by collecting real‑time operational data, comparing it against various turbine stage settings (open/closed) and predetermined design parameters, then calculating efficiency metrics.",1,38,0,0.0,27,ok
2005,6980928,27,keyword,"Search for patent disclosures describing a system or software that acquires real‑time operational parameters, design constants, and turbine stage configurations for a thermal power plant and computes overall efficiency and cost estimates.",2,33,0,0.0,22,ok
2005,6980928,27,function,"Method and system for estimating operational efficiency and cost of an energy conversion machine by acquiring real‑time operating parameters, alternate stage control settings (e.g., open/closed stages), design constants, and computing efficiency based on these data.",2,38,0,0.0,26,ok
2005,6901969,30,summary,"Search for duct reinforcement using a tubular element fitted with circumferentially grooved end sleeves, which are crimped onto the tube, allowing threaded inserts for bolt attachment to opposing duct surfaces, to prevent pipe motion and improve stability.",2,37,0,0.0,25,ok
2005,6901969,30,keyword,"Search for patents on duct reinforcement employing a tubular conduit fitted with grooved end plugs, a crimp‑locking action, internal or external threaded openings, and bolt connections to aligned holes in opposing duct surfaces.",1,34,0,0.0,23,ok
2005,6901969,30,function,"Search for duct reinforcement devices that employ a conduit fitted with end plugs bearing circumferential grooved surfaces for crimping, optionally equipped with threaded openings to accept bolts, thus securing the conduit between aligned holes in opposing duct surfaces.",1,38,0,0.0,27,ok
2005,6891829,4,summary,"Search for packet routing circuits that use a lookup engine to query a CAM for packet metadata, then construct a summation structure from retrieved context and hand off to a processor to decide packet handling.",1,35,0,0.0,21,ok
2005,6891829,4,keyword,"Search for packet‑processing circuits that use a look‑up engine to send a selector to a CAM, capture the corresponding output, retrieve a context table, assemble an aggregation block, and have a processor execute it to control packet flow.",3,40,1,0.043478260869565216,23,failed_constraints
2005,6891829,4,function,"Describe prior technologies combining a lookup engine that interfaces with a CAM, retrieves a context vector, assembles a summation block, and forwards it to a processor for controlling packet handling, emphasizing the functional workflow and effect on packet processing throughput.",1,40,0,0.0,24,ok
2005,6970534,3,summary,"Search for apparatus or techniques that allow simultaneous testing of multiple telephone lines using a single test set with separate test circuits and connectors, such as clips or jack adapters, to evaluate each line in parallel.",2,36,0,0.0,23,ok
2005,6970534,3,keyword,"Two‑line telecommunications testing apparatus comprising dual tester units, conductor pairs, clip attachments, modular jack interface, simultaneous line assessment designed to electrically couple both lines via separate conductors, utilize interchangeable clip and plug adapters, and operate independent diagnostic circuits to evaluate signal integrity and fault detection across dual‑ringed lines.",3,50,1,0.023255813953488372,43,failed_constraints
2005,6970534,3,function,Methods and devices for simultaneously testing multiple telephone lines using a single test set that employs modular plugs or individual clips to connect to each line and routes separate tester circuits to evaluate each line in parallel.,1,37,0,0.0,25,ok
2005,6934767,4,summary,"Server‑side expansion of client‑typed abbreviations using delimiter‑identified tokens, time‑variant mapping tables, to automatically replace tokens in email, chat, or calendar requests before rendering output.",1,28,0,0.0,22,ok
2005,6934767,4,keyword,"Search for server‑side algorithms that replace abbreviated tokens surrounded by word delimiters in client input streams with time‑sensitive expansion strings, using stored abbreviation‑to‑expanded mapping tables for email, chat, and calendar services.",1,35,0,0.0,25,ok
2005,6934767,4,function,"Search for systems that automatically expand abbreviated text received from client devices into full strings during server‑side actions such as email, chat, or calendar operations, using stored abbreviation‑to‑expanded mappings that may vary with the current time.",1,39,0,0.0,27,ok
2005,6952669,6,summary,"Variable‑rate encoder/decoder that processes speech by extracting epoch‑derived parameters, converting reflection to predictor coefficients, inverse‑filtering bias‑removed samples to form residues, and adaptively merging epochs while correcting length errors to preserve perceived quality.",3,37,0,0.0,29,ok
2005,6952669,6,keyword,"Search for speech codecs employing epoch‑based analysis, reflection‑to‑predictor coefficient conversion, bias‑removed epoch samples, inverse filtering for residue signal generation, prioritized epoch parameters, epoch extension from voiced to unvoiced segments, bandwidth‑adaptive encoding and decoding.",3,38,5,0.16666666666666666,30,failed_constraints
2005,6952669,6,function,"Search for a speech encoder/decoder that compresses audio at adjustable frame rates using reflected coefficient‑based epoch analysis, converts reflection to predictor values for inverse filtering, merges epochs, corrects length errors, extends voiced patterns into silence, all while reducing bandwidth and maintaining perceptual quality.",2,45,0,0.0,35,ok
2005,6959612,10,summary,"Find prior art for a non-contact torque sensor using a stationary permanent magnet to induce a rotating magnetized zone on a splined wheel, with a nearby sensor detecting the resulting magnetic field to infer torque variation due to rider effort.",1,41,0,0.0,27,ok
2005,6959612,10,keyword,"Rotational torque detection using a magnetic transducer zone in a gear or sprocket, with a permanent magnet source generating arcuate magnetisation, and a sensor tracking the rotating surface to output torque‑dependent signal.",2,33,0,0.0,21,ok
2005,6959612,10,function,"search for a non‑contact magnetic torque sensor that uses a permanent magnet to create an arcuate magnetized zone on a rotating gear wheel, with a nearby magnetic field sensor tracking the external field component varying with rotating torque for real‑time cyclic torque measurement.",3,45,3,0.1,30,failed_constraints
2005,6920278,2,summary,"Automatic data overwrite in a recording medium: a system detects capacity exhaustion, relocates the earliest records to a dedicated storage area, then writes new data while preserving specified information from deletion.",1,31,0,0.0,22,ok
2005,6920278,2,keyword,"Search for magnetic tape recording systems that auto‑detect insufficient capacity, identify the earliest time‑dated data blocks, overwrite them with new content while protecting user‑marked segments, and refresh timestamps upon tape fill.",2,34,0,0.0,26,ok
2005,6920278,2,function,"An apparatus or method that detects when a recording medium’s capacity is insufficient, automatically records new data by overwriting the oldest stored information, but preserves user‑designated data segments from deletion and updates their timestamps upon replacement.",1,38,0,0.0,23,ok
2005,6859983,28,summary,"Search for non‑woven camouflage textiles made by hydroentanglement incorporating a 3‑D pattern mask, then applying a color layer through dyeing, printing, or transfer that has a different aesthetic effect, creating enhanced pattern disruption and realistic shadowing.",1,38,0,0.0,25,ok
2005,6859983,28,keyword,"Investigate hydroentangled 3‑D patterned nonwoven textiles incorporating image‑transfer dies for woodland and grassland motifs, with digitally printed or overprinted color layers that enhance shadow masking and visual disruption.",3,30,1,0.05,20,failed_constraints
2005,6859983,28,function,"Search for hydroentangled nonwoven textile produced by a three‑dimensional pattern transfer, then colored or dyed with a secondary layer that enhances camouflage by disrupting the base pattern, yielding realistic shadowing and light transmission effects.",3,35,1,0.043478260869565216,23,failed_constraints
2005,6953127,25,summary,"rapid deploy portable container for dangerous chemicals, featuring pivoting rod framework with intermediate joints, hubs enabling 90‑degree expansion, collapsible to compact package, canopy creates walls, designed to quickly form containment chamber.",2,32,0,0.0,26,ok
2005,6953127,25,keyword,"collapsible frame system with pivoting rods and hubs forming an expandable containment chamber for toxic waste, featuring scissors‑type rod connections, multi‑axis hub pivoting, canopy attachment, and rapid deployment capability.",3,31,0,0.0,24,ok
2005,6953127,25,function,"Search for a portable, quickly deployable frame that collapses into a compact shape and expands via pivoting rods and hubs to form walls and a canopy for holding hazardous spills.",2,30,0,0.0,17,ok
2005,6881461,2,summary,"Search for CD label assemblies featuring a removable circular label segment bonded to a carrier sheet, an index aperture aligned with an applicator tool, a central hole, and a die‑cut arc spanning 1°–180° around the hole for easy separation.",1,41,0,0.0,26,ok
2005,6881461,2,keyword,"Removable circular CD label assembly featuring a face‑sheet label portion with a carrier, index hole for applicator attachment, central hole, and a partial‑arc die cut spanning 1°‑180° through the face and back sheets.",1,36,0,0.0,25,ok
2005,6881461,2,function,"Searching for systems that enable removable circular CD labels on a carrier sheet with a partial die‑cut around a central hole, using index holes to align with an applicator for precise placement and selective removal of the label portion.",1,40,0,0.0,24,ok
2005,6963489,6,summary,"A computer chassis with a large‑diameter fan that pulls air through a baffle, operating at low frequency for quiet cooling, while a dedicated support arm minimizes electromagnetic interference from the processor, ensuring efficient airflow and minimal noise.",1,38,0,0.0,25,ok
2005,6963489,6,keyword,"Search for patents on computing device housings with large-diameter, low-frequency cooling fans, integrated baffles featuring apertures for airflow, and dedicated support structures that mitigate electromagnetic interference from processors.",1,30,0,0.0,21,ok
2005,6963489,6,function,"computing device housing with processor, fan larger than housing smallest dimension, low‑frequency acoustic output, baffle with apertures directing cooling airflow, support structure reducing electromagnetic interference from the processor.",1,29,0,0.0,23,ok
2005,6842147,1,summary,"Search for techniques using a primary plasma antenna driven by radio‑frequency power together with a passive coupled element to reshape the electromagnetic field inside a processing chamber, thereby enhancing plasma uniformity or tuning the field configuration.",3,37,0,0.0,25,ok
2005,6842147,1,keyword,"Search for radiofrequency coil integrated with a passive resonator inductively coupled in a plasma process chamber, using a DC magnetic field to shape the field distribution and improve plasma processing uniformity.",3,31,2,0.1,20,failed_constraints
2005,6842147,1,function,"Search for plasma etching systems that employ a primary RF source and a secondary, inductively driven element to reshape the radio‑frequency field inside the chamber wall, improving uniformity, possibly with an added DC magnetic bias.",3,36,1,0.041666666666666664,24,failed_constraints
2005,6965510,1,summary,"Rapid, short‑time sintering of pressed tantalum or other valve metal powders near 1550‑1650 °C to form high‑quality capacitor anodes, improving performance while cutting manufacturing time.",3,28,1,0.045454545454545456,22,failed_constraints
2005,6965510,1,keyword,"Search for rapid high‑temperature sintering processes of tantalum or niobium alloy powders to fabricate dense electrode blocks for electrolytic capacitor anodes, targeting 1550‑1650 °C exposure for up to eight minutes and yielding superior electrical contact with separator and electrolyte.",2,41,0,0.0,28,ok
2005,6965510,1,function,"Method to rapidly heat pressed metal powder pellets to ~1550‑1650 °C for up to eight minutes, forming a dense anodized anode used in high‑performance electrolytic capacitors, enhancing energy density and reducing production time.",2,35,0,0.0,25,ok
2005,6837329,32,summary,"Search prior art for a vehicle power‑distribution system that senses engine braking via speed and throttle position, then temporarily equalizes front and rear torque by adjusting a coupling for improved braking stability.",2,33,0,0.0,23,ok
2005,6837329,32,keyword,"Search for a torque‑distribution apparatus in a quad‑driveline vehicle that employs a vehicle speed sensor and a throttle position sensor to detect engine braking, then temporarily switches the coupling from normal mode to a more balanced mode to boost front‑rear traction.",2,44,0,0.0,28,ok
2005,6837329,32,function,"Investigate how a four‑wheel drive system senses engine braking by monitoring vehicle speed and throttle valve position, then instantly modifies the torque split between front and rear axles to a more balanced ratio, enhancing braking stability.",3,37,2,0.07142857142857142,28,failed_constraints
2005,6941828,10,summary,"Process continually monitors component release during high‑temperature metal treatment, employing a thin, long probe that elongates as it absorbs the substance; the probe's length change is measured to determine the absorbed amount.",3,34,0,0.0,22,ok
2005,6941828,10,keyword,Search for in‑situ continuous monitoring of gaseous component release during thermal treatment of metallic workpieces using a long‑axis probe that measures dimensional change from surface absorption for real‑time transfer quantification.,2,33,0,0.0,23,ok
2005,6941828,10,function,Continuous real‑time monitoring of gas‑released component uptake during thermal‑chemical processing of metal parts using a slender elongated sensor that records axial dimensional changes to quantify transferred material.,3,30,0,0.0,23,ok
2005,6850711,3,summary,"Search for techniques that dynamically allocate unused upstream frequency slots in a PON by having the OLT detect idle bands, issue permission to a specific ONU, and the ONU confirms usage to enable efficient bandwidth sharing.",1,36,0,0.0,23,ok
2005,6850711,3,keyword,"Search prior art for fiber distribution systems with an optical line termination featuring band‑setting control, upstream/downstream control cell modules and use‑right data exchange, where ONUs determine and acknowledge usage of unused upstream bands.",3,36,4,0.14814814814814814,27,failed_constraints
2005,6850711,3,function,"Query for prior art on dynamic allocation of unused upstream frequency bands in fiber‑optic access networks, where a central terminal detects unused spectrum, sends targeted instructions downstream, the endpoint determines its eligibility, replies upstream, and the central terminal confirms allocation.",2,41,0,0.0,29,ok
2005,6963302,1,summary,"Search for methods to time‑control power supply switching in radar transmitters so that the switch only turns on/off during the receiver’s sampling windows, thereby reducing interference with reflected signal processing.",1,33,0,0.0,22,ok
2005,6963302,1,keyword,"Search for radar transmitter power supply where the MOSFET switch is gated only at receiver sampling instants within each PRF cycle to suppress interference with reflected signal detection, using integration interval timing and pulse repetition frequency alignment.",3,37,1,0.037037037037037035,27,failed_constraints
2005,6963302,1,function,Methods and circuits for synchronizing the on‑off operation of a switching regulator’s element with predetermined radar sampling intervals to minimize interference during radar receiver processing.,1,27,0,0.0,16,ok
2005,6852162,21,summary,"Laser-driven wafer crystallization tool employing a vacuum-supported chuck on a translational stage, with dynamic coupling/decoupling, to deliver controlled energy and uniformly anneal silicon films while suppressing substrate edge stress and dislocation formation.",2,35,0,0.0,26,ok
2005,6852162,21,keyword,"Search for apparatus that uses a laser emitter and optical patterning to perform sequential lateral solidification on silicon substrates, employing a vacuum chuck with a movable up/down member, a movable stage, and a process chamber for wafer crystallization.",3,39,2,0.08333333333333333,24,failed_constraints
2005,6852162,21,function,"laser annealing system with vacuum chuck and translational stage enabling uniform crystallization of silicon wafers by controlled laser beam patterning and substrate clamping, reducing lattice dislocations and preventing lateral slide during irradiation.",3,32,0,0.0,24,ok
2005,6896205,23,summary,Search patents for aerosol spray adhesive systems featuring an elevated solids ratio with manageable viscosity and an application nozzle having a rectangular restrictor channel and flared exit walls that enhance uniform coverage.,2,32,0,0.0,22,ok
2005,6896205,23,keyword,"Search for contact adhesives with substantially increased solid fraction and low viscosity, especially those adapted for aerosol spray application, featuring a nozzle with an elongate body, axial bore, rectangular flow-restrictor channel, rectangular exit port with flared walls for uniform dispensing.",3,41,1,0.03333333333333333,30,failed_constraints
2005,6896205,23,function,"Search for nozzle designs that deliver highly concentrated contact adhesives from aerosol cans while controlling viscosity, featuring a rectangular flow channel and flared exit port to promote uniform coverage.",1,29,0,0.0,21,ok
2005,6924545,8,summary,"Search for crosslinked borazine‑silicon polymers that lower interlayer dielectric constant, produced via platinum‑catalyzed coupling of triethynyl‑trimethylborazine with di(hydrosilyl)silicon or cyclic silanes, followed by heat‑induced crosslinking at 200–500 °C.",1,35,0,0.0,25,ok
2005,6924545,8,keyword,"Borazine‑silicon polymer interlayer dielectrics formed via platinum‑catalyzed coupling of triethynyl‑trimethylborazine with hydrosilyl‑containing silicon or cyclic silicon monomers, crosslinked 200‑500 °C, achieving ε≈1‑4 in semiconductor device films.",1,33,0,0.0,23,ok
2005,6924545,8,function,search for semiconductor interlayer dielectrics based on platinum‑catalyzed crosslinking of triethynyl‑trimethylborazine with dihydrosilyl silicon monomers or cyclic dimers to yield low‑k films (k≈1–4) and low‑index coatings.,1,32,0,0.0,19,ok
2005,6948434,25,summary,"Search for a cardboard pallet system that mounts load‑bearing beam members composed of foldable inner/outer plates creating two interlocked rectangular prisms, reinforced by strategically positioned struts and inclined flaps to absorb transverse vibrations without strut crushing.",2,38,0,0.0,29,ok
2005,6948434,25,keyword,"Corrugated deck plate bonded to foldable beam members comprising inner and outer plates forming stacked square prisms, with foldable struts inside each prism and M‑shaped load‑bearing edges, vibration‑resistant pallet design and manual folding manufacture.",3,37,1,0.034482758620689655,29,failed_constraints
2005,6948434,25,function,Search for methods of creating a corrugated cardboard pallet with modular beam members featuring foldable inner‑outer plate assemblies and M‑shaped cross‑sectional struts that resist transverse vibration and load crushing during transport.,3,34,1,0.041666666666666664,24,failed_constraints
2005,6892312,6,summary,"Search prior art for a storage controller that uses on‑board temperature sensing to throttle I/O request queues, reducing processor speed or inserting delays when exceeding a heat threshold to limit power consumption.",1,34,0,0.0,21,ok
2005,6892312,6,keyword,"temperature‑threshold based I/O throughput throttling in flash storage controllers, utilizing an embedded temperature sensor, timer‑interrupt monitoring, and request‑batch limiting for thermal and power management.",1,28,0,0.0,19,ok
2005,6892312,6,function,"Search for systems that limit I/O requests or delay processing in a storage controller when a heat sensor indicates temperatures above a threshold to reduce power and heat output, including throttling bus data rates.",1,35,0,0.0,21,ok
2005,6859604,9,summary,"Search for a fiber‑optic tuning apparatus that uses nested housings and interchangeable plug disks with adapters and a central sleeve for holding ferrules, allowing adjustment and loss measurement by rotating disks while the connectors remain seated.",3,37,0,0.0,24,ok
2005,6859604,9,keyword,"Fiber‑optic tuning device featuring an outer housing aperture, dual plug‑tuning discs each with an adapter for ferrule insertion, an inner housing providing a spline interface, and a split sleeve engaging both adapters to tune a mated connector pair through stepwise rotations and insertion‑loss evaluation.",3,47,2,0.058823529411764705,34,failed_constraints
2005,6859604,9,function,"fiber optic connector tuning apparatus employing an outer housing with aperture, nested inner housing, two rotary plug disks with spline sockets and ferrule receptacles, a split sleeve, and a process of rotating the disks ±45° while measuring insertion loss to optimize connector pair performance.",3,44,2,0.0625,32,failed_constraints
2005,6937330,10,summary,"Search for disposable thin‑layer cell design using a central adhesive sheet with cut‑out chambers, flanked by low‑fluorescence cyclo‑olefin sheets and inlet‑vent holes, enabling rapid fluorescence assays with minimal background.",3,34,3,0.11538461538461539,26,failed_constraints
2005,6937330,10,keyword,"Search patents for a single‑use optical measurement cartridge comprising a multilayer thin laminate with a central adhesive film defining a fixed optical path, lateral inlet/vent access, and outer low‑autofluorescence cyclo‑olefin copolymer sheets for fluorescence analysis of liquid samples.",3,42,1,0.03225806451612903,31,failed_constraints
2005,6937330,10,function,"disposable thin-layer cuvette cartridge for fluorescence spectroscopy using low‑fluorescence cycloolefin copolymer sheets, including inlet and vent access, enabling rapid sample loading and measurement without background interference.",3,28,0,0.0,23,ok
2005,6859915,6,summary,Computer‑based check of signal‑trace impedance against a design target by selecting a localized element window and automatically flagging mismatches within an IC layout workflow.,1,26,0,0.0,18,ok
2005,6859915,6,keyword,"Search for methods and tools that automatically verify a signal trace's characteristic impedance in PCB or IC layout databases by selecting neighboring circuit elements within a defined window, calculating the impedance, and flagging deviations from target values.",1,38,0,0.0,24,ok
2005,6859915,6,function,"search for methods or systems that identify signal traces in a circuit layout, apply a localized window, compute impedance within that window, and flag traces whose impedance deviates from a user-specified target.",1,33,0,0.0,21,ok
2005,6849731,14,summary,"Process for extracting and purifying a nitrogen‑containing lactam from a solvent mixture using water washing, solvent evaporation, distillation, solvent extraction with water, and optional hydrogenation, with recycle loops to maximize recovery.",2,32,0,0.0,21,ok
2005,6849731,14,keyword,"Search for caprolactam recovery from solvent by aqueous washing, solvent evaporation, optional hydrogenation, water distillation, followed by top product purification and residue extraction with solvent plus water, recycle flow.",1,29,0,0.0,21,ok
2005,6849731,14,function,"Process for recovering and purifying caprolactam from an organic solvent solution through successive washing, solvent evaporation, optional hydrogenation, water stripping, distillation, aqueous‑organic extraction, and recycle.",3,26,1,0.05263157894736842,19,failed_constraints
2005,6914246,10,summary,"Develop a technique that uses a molecular radical's emission spectrum to pinpoint flame temperatures across space by contrasting a temperature‑varying wavelength band with a stable normalization band, generating an algorithm to convert spectral intensity ratios into a temperature map.",2,41,0,0.0,26,ok
2005,6914246,10,keyword,"Search patents describing a flame temperature mapping method that identifies a temperature‑constant intensity band of a radical spectrum and a temperature‑variable band reflecting rotational‑vibrational transitions, computes their intensity ratio, and applies an algorithm to flame emission data to yield spatial temperature profiles.",1,45,0,0.0,31,ok
2005,6914246,10,function,What techniques allow determination of a spatial temperature distribution in a flame from radical emission spectra by isolating constant and temperature‑sensitive intensity bands and applying a ratio‑calibrated algorithm?,3,30,0,0.0,18,ok
2005,6837151,33,summary,"Search for a compact, fold‑able kitchen appliance that switches between rotisserie and kebab modes, uses an external motor connected by a flexible shaft to an adjustable base, and allows the skewering apparatus to change height and orientation during oven cooking.",1,41,0,0.0,26,ok
2005,6837151,33,keyword,"Search for a compact, foldable cooking apparatus that converts between rotisserie and kebab modes, featuring a base with pivoting portions, a remotely located electric motor linked via a flexible drive mechanism and a sprocket‑worm gear system for skewer rotation.",3,40,1,0.037037037037037035,27,failed_constraints
2005,6837151,33,function,"Search prior art for a base‑driven cooking apparatus that switches between rotisserie and kebab modes, employing a remote motor with flexible shaft and pivoting brackets, folds for space savings, utilizes an oven’s existing heat source to rotate or grill foods, cost‑effective.",3,44,0,0.0,30,ok
2005,6849062,13,summary,"Search for balloon-catheter shafts featuring a central guidewire lumen with crown-shaped nodes that contact the guidewire to minimize sliding friction, made from a lower-friction material, and include parallel inflation channels for the catheter balloon.",2,37,0,0.0,24,ok
2005,6849062,13,keyword,"Search for balloon catheter shafts with multiple crown‑shaped nodes extending from the inner wall, each node having a low‑friction crown material using a second material and a parallel inflation lumen connected to the distal balloon, forming a guidewire track that limits sliding friction.",2,45,0,0.0,31,ok
2005,6849062,13,function,"balloon catheter with a non‑circular guidewire lumen created by multiple curved nodes that offer single contact points, minimize sliding friction, use low‑friction crown material, and incorporate an aligned inflation conduit for efficient balloon inflation.",3,36,3,0.1111111111111111,27,failed_constraints
2005,6878026,33,summary,"Search for a floating tabletop system featuring a rigid upper buoyant plate with submerged seats attached through hollow, water‑filled stabilization members allowing users to sit with forearms on the surface, keeping heads out of water while self‑balancing.",1,39,0,0.0,28,ok
2005,6878026,33,keyword,"Search patents describing a floating tabletop system for swimming pools featuring a rigid buoyant tabletop, lower seat modules attached via hollow, perforated connectors that fill with water to stabilize, self-leveling surfaces and thicknesses preventing submersion when occupants sit.",3,39,0,0.0,29,ok
2005,6878026,33,function,"Search for a floating tabletop comprising a rigid, flat buoyant surface with detachable seat panels connected by hollow, perforated brackets that fill with water when submerged to stabilize, allowing users to sit with forearms on the tabletop while keeping the tabletop above water.",1,43,0,0.0,27,ok
2005,6871473,25,summary,"Find prior art for a continuous processing system that mounts adjustable catch elements onto a flexible polymer sheet before feeding it into a bag shaping unit, where the sheet is folded, sealed and filled without stopping the machine.",2,38,0,0.0,24,ok
2005,6871473,25,keyword,"continuous fastener slider attachment on moving plastic film web with notch‑guided insertion, interlocking complementary profiles, C‑fold formation, fed into bag‑forming cylinder followed by bag filling and sealing station",2,31,0,0.0,23,ok
2005,6871473,25,function,"Method for attaching a continuous fastener with multiple sliding components to a moving plastic film strip, then guiding the coated strip into a bag forming apparatus that folds, loads, seals, and produces reusable closed‑end bags with a built‑in sliding seal.",2,42,0,0.0,27,ok
2005,6858034,13,summary,"Search for novel stent delivery devices using a compressible stent, proximal pusher and distal catheter tip with pocket or flared docking sections that engage a limited stent end, allowing smooth sheath withdrawal and deployment in tubular organs.",1,37,0,0.0,26,ok
2005,6858034,13,keyword,"Identify prior art for coronary intravascular delivery apparatus featuring a central core, a distal pusher with a flared docking pocket, and a proximal catheter tip with an annular or fingered docking element for gripping a compressed stent.",2,37,0,0.0,23,ok
2005,6858034,13,function,"Search for stent delivery apparatuses that include a sliding core with a pusher and catheter tip, each possessing a docking pocket or radially biased rim that grips a small portion of a compressed stent for controlled deployment inside a vessel.",3,40,1,0.041666666666666664,24,failed_constraints
2005,6885540,1,summary,search for methods of integrating anisotropic BSCCO electrode layers on silicon substrates to epitaxially grow c-axis oriented SrBi4Ti4O15 dielectrics for advanced ferroelectric or superconducting memory technologies.,1,27,0,0.0,18,ok
2005,6885540,1,keyword,"Locate patents describing a multi‑layer structure on a silicon wafer with a SiO₂ barrier, an anisotropic Bi₂Sr₂CaCu₂O₈ (BSCCO) electrode oriented along the (001) direction, and a c‑axis SrBi₄Ti₄O₁₅ dielectric epitaxially deposited atop the BSCCO layer.",2,37,0,0.0,27,ok
2005,6885540,1,function,Search for multilayered semiconductor units incorporating anisotropic BSCCO electrodes that enable c‑axis epitaxial growth of bismuth‑containing dielectrics like SrBi4Ti4O15 on silicon substrates for high‑performance electronic or memory applications.,1,31,0,0.0,22,ok
2005,6881490,17,summary,"Search for multifunctional polymer matrices with covalently linked inorganic nanofillers that organize into structured polymer blends through side‑group chemistry, enabling high‑performance electro‑optical and optical device applications.",2,29,0,0.0,22,ok
2005,6881490,17,keyword,"Search for patents describing nanocomposites comprising covalently bonded inorganic nanoparticles dispersed in a polymer matrix with side‑chain attachment, featuring phase‑separated or self‑assembling copolymers that form ordered microdomains for high‑performance vision or communication components.",2,37,0,0.0,27,ok
2005,6881490,17,function,Search for technologies that combine metal or ceramic nanoparticles covalently attached to self‑assembling copolymer matrices to create hybrid materials for electronics and photonics applications.,2,25,0,0.0,16,ok
2005,6851043,6,summary,"High‑speed out‑of‑order processor that detects branch instructions during decoding, creates reservation entries holding branch or associated data, allows later instructions to be speculatively issued independently of program order, and upon branch resolution releases stored entries while correcting mis‑speculated paths.",2,43,0,0.0,34,ok
2005,6851043,6,keyword,"Search for processor designs featuring a branch handling core that uses an instruction decoder to identify branch conditions, enqueues entries in a reservation buffer holding branch and state data, speculatively executes follow‑up instructions, releases buffer entries on completion, and clears validity flags via a control unit.",2,47,0,0.0,34,ok
2005,6851043,6,function,"Search for branch instruction control techniques using a reservation station that stores branch and related data, enabling independent branch resolution and speculative execution of subsequent instructions, with mechanisms for result invalidation on mispredictions.",1,33,0,0.0,22,ok
2005,6908724,9,summary,"Search for fluorine‑rich polymers with acid‑reactive moieties that remain highly transparent at 157 nm vacuum UV, intended for chemically amplifying resist formulations incorporating a photoacid‑generating component and a suitable solvent.",3,33,0,0.0,23,ok
2005,6908724,9,keyword,"search fluorinated polymer photoresist with acid‑labile functional group, containing fluorine‑rich alicyclic and ethylene monomers, chemically amplifying, high VUV transparency at 157 nm, polymer weight 1 000–1 000 000 Da, solvent‑based formulation",3,35,2,0.07142857142857142,28,failed_constraints
2005,6908724,9,function,"Search for fluorine‑containing, acid‑labile polymers that are highly transparent to 157 nm VUV radiation and serve as the active matrix in chemically amplified photoresists for high‑resolution semiconductor lithography.",1,31,0,0.0,20,ok
2005,6972038,13,summary,"Searching for spinal disc replacement devices that use two opposing saddle‑shaped articulating surfaces with mismatched curvature radii to create separate centers of rotation above and below the joint, enabling natural flexion‑extension and lateral bending while preserving disc function.",1,40,0,0.0,30,ok
2005,6972038,13,keyword,"Identify designs featuring opposing vertebral contact members whose articulating surfaces form non‑congruent saddle shapes with constant radii A, B, C, and D, enabling a flexion‑extension center above the saddles and a lateral‑bending center below, typical of modern disc replacement prostheses.",2,43,0,0.0,30,ok
2005,6972038,13,function,spinal disc replacement device featuring two complementary saddle articular surfaces that contact vertebral endplates and provide distinct flexion‑extension and lateral bending centers of rotation above and below the disc space.,1,31,0,0.0,23,ok
2005,6916436,34,summary,"Method for turning portions of a flat image into localized 3D areas on the same material, using precompression, mold alignment, and registration to control distortion while preserving the surrounding 2‑D context.",1,32,0,0.0,19,ok
2005,6916436,34,keyword,"Search for techniques converting a part of a 2‑D image into a quasi‑3‑D relief by pre‑compressing selected regions, aligning with an optical or digital registration system, printing onto a substrate, and embossing with a 3‑D mold for controlled visual distortion.",1,45,0,0.0,22,ok
2005,6916436,34,function,"How to convert selected zones of a flat image into quasi‑3D form by compressing, aligning a mold with a digital or optical registration system, printing on a suitable substrate, and controlling visual distortion for varied lighting conditions.",1,38,0,0.0,23,ok
2005,6914801,6,summary,"Search for methods enabling an electronically programmable non‑volatile memory element with multiple resistance levels, where a voltage pulse below structural change threshold restores original resistance, and reading employs dual threshold and sub‑threshold voltage stimuli.",2,36,0,0.0,27,ok
2005,6914801,6,keyword,"Search for phase‑change memory devices wherein a sub‑melting electrical pulse, magnitude at or above threshold voltage, alters resistance without modifying crystalline‑amorphous volume ratio, including methods to revert to original state via low‑power voltage transitions.",3,38,1,0.03333333333333333,30,failed_constraints
2005,6914801,6,function,"How can an electrical pulse that exceeds the device's threshold voltage yet leaves the crystalline‑amorphous volume ratio unchanged be used to reset a programmable resistive element to its prior resistance, enable OFF‑to‑ON switching, or perform a two‑step read?",2,43,0,0.0,27,ok
2005,6940059,2,summary,"Search for imaging sensor architectures using vertical row selection where a shutter row transfers photo charges after reset and a selecting row transfers charges before reset to generate a dark‑sensitive knee response, thereby extending dynamic range with a single output.",1,41,0,0.0,30,ok
2005,6940059,2,keyword,"Search for CMOS image sensor architecture with vertical row selector that defines shutter and selecting rows, transferring photoelectric charge to floating diffusion after reset for shutter row and before reset for selecting row, enabling dark‑sensitive knee point and wide dynamic range with single output.",1,45,0,0.0,33,ok
2005,6940059,2,function,"solid–state image sensor with separate shutter and readout pixel rows, where shutter row transfers accumulated charge after reset, readout row transfers before reset, creating a knee‑point response for enhanced dynamic range using a single output per column.",3,39,0,0.0,31,ok
2005,6852444,1,summary,Search for battery separators featuring a fibrous glass layer atop an acid‑resistant support plate with >1 mm through‑holes creating straight ionic channels perpendicular to the plate surface.,1,29,0,0.0,20,ok
2005,6852444,1,keyword,"Search for glass fiber battery separators with acid‑resistant support films featuring 1 mm+ macropores penetrating entire thickness, enabling straight perpendicular ionic pathways, supporting high conductivity in Li‑ion systems.",2,30,0,0.0,24,ok
2005,6852444,1,function,"Search for an acid‑resistant battery separator that uses a glass‑fiber fibrous network together with a perforated support layer featuring through‑thickness openings larger than one millimetre to enable direct, perpendicular ionic transport.",1,34,0,0.0,25,ok
2005,6953604,23,summary,"Search for high‑efficiency microbial filtration media that use a micro‑pore cellulose fiber matrix surface‑coated with cationic metal complexes for charge‑based capture, optionally protected by an upstream adsorbent to preserve charge and boost viral and bacterial rejection.",3,40,1,0.03571428571428571,28,failed_constraints
2005,6953604,23,keyword,"Search for filtration media using a microporous cellulose‑based substrate coated with positively charged metal salts to achieve >4 log viral and >6 log bacterial removal, with an upstream prefilter stage removing non‑ionic organics to preserve surface charge.",2,39,0,0.0,27,ok
2005,6953604,23,function,"Search for filters incorporating a pre‑adsorber that removes organic impurities before the fluid contacts a high‑surface‑area cellulose fiber medium coated with a positively charged metal assembly, achieving greater than 4‑log viral removal and greater than 6‑log bacterial removal.",2,43,0,0.0,30,ok
2005,6850572,2,summary,"Search for a 3‑dimensional orientation compression system that uses quaternion‑based predictive coding, keytime markers, variable‑length representation, and error‑correcting techniques to reduce lossy prediction artifacts.",2,28,0,0.0,20,ok
2005,6850572,2,keyword,"Search for patents describing quaternion‑based predictive compression of 3D rotational keyframes using differential quantization, variable‑length coding, and inverse quaternion multiplication with the prior state to mitigate lossy‑code errors and reverse rotations in orientation interpolators.",2,37,0,0.0,27,ok
2005,6850572,2,function,"Search for predictive quaternion‑based DPCM encoding of 3‑D rotational keyframes, variable‑length quantized differential values, enabling efficient 3‑D orientation interpolation and error‑corrected reverse‑rotation effects in motion‑capture or animation data.",1,35,0,0.0,24,ok
2005,6893423,13,summary,Searching for syringe designs featuring a retractable needle guard secured by relief features and released automatically by the pushrod at completion of injection to improve safety and prevent accidental needle exposure.,1,31,0,0.0,19,ok
2005,6893423,13,keyword,"Search for injection syringe designs featuring a retractable needle guard operated by an internal pusher that releases a retaining element within the syringe body, with complementary protrusions and cavities securing the guard in a retracted state during injection.",2,38,0,0.0,24,ok
2005,6893423,13,function,"Injection syringe with a safety guard that slides between a hidden retracted state and a protective position, kept by complementary protrusions and a releasable holding element; the element disengages when the plunger is fully depressed, enabling post‑injection safety.",2,39,0,0.0,24,ok
2005,6903842,6,summary,"Search prior art for a system that partitions a document into blocks, uses an OS graphics interface to obtain object coordinates, tracks them in an address array, creates raster segments for each block, and combines them to produce a complete page rendering.",2,42,0,0.0,25,ok
2005,6903842,6,keyword,"full‑page image rendering from segmented document blocks using OS graphics subsystem, address mapping of object coordinates, raster data generation per block, merging raster segments into complete printing output, block‑based coordinate updating, document object rendering with API coordinate streams.",3,40,1,0.029411764705882353,34,failed_constraints
2005,6903842,6,function,"How to use a system’s graphical interface to partition a document into multiple blocks, track each block’s element positions with an address structure, update positions from the interface, raster‑render each block, and merge them into a complete page printing image.",1,43,0,0.0,26,ok
2005,6862515,27,summary,Search for patents describing a method that monitors a fuel injector’s requested dwell duration against a defined upper limit and triggers an intervention to maintain the intended air‑fuel mixture in an internal combustion engine.,3,36,1,0.045454545454545456,22,failed_constraints
2005,6862515,27,keyword,"Search for patent literature on fuel injection systems using injection valves, focusing on methods that compare desired injection time against a maximum permissible duration and provide a control algorithm or software module that adjusts injection strategy to achieve target air‑fuel ratios when timing limits are exceeded.",2,47,0,0.0,33,ok
2005,6862515,27,function,"Identify prior art describing engine control systems that compare requested fuel injection times to a device‑specific maximum, then adjust fuel mixture composition to compensate, enabling cost‑effective injection valve design.",1,31,0,0.0,25,ok
2005,6867156,28,summary,Production of lofted nonwoven webs with longitudinal fiber loops created by a differential speed roller nip that generates cross‑machine channels for absorption or filtration.,1,25,0,0.0,16,ok
2005,6867156,28,keyword,"Search for nonwoven textile webs with continuous fibers forming z‑axis folded loops creating open channels, lofted structures, wave patterns on both surfaces, produced by nip rollers where trailing surface moves slower, without pleating, for absorbent or filtration application.",2,39,0,0.0,29,ok
2005,6867156,28,function,"Search for textile manufacturing processes that produce lofted nonwoven webs by drawing continuously aligned fibers between two moving belts at different speeds to create Z‑direction loops and open channels without pleating, enabling adjustable real‑time production of absorbent or filtration materials.",1,42,0,0.0,31,ok
2005,6951036,13,summary,"Search for bed side rail assemblies utilizing a pivoting arm and an articulated link to automatically reposition a carriage along an upright guide, thereby adjusting side rail clearance and alignment without manual reassembly.",1,33,0,0.0,23,ok
2005,6951036,13,keyword,"bed side rail system with pivotally mounted arm featuring distal connection, elongated vertical guide rail, movably mounted carriage, articulated link between arm and carriage to adjust rail spacing during arm rotation.",2,31,0,0.0,26,ok
2005,6951036,13,function,"Search for bed side rail assemblies where a pivoting arm drives a carriage along a guide rail through a link mechanism, altering the distance between the side rail and support frame for adjustable clearance.",1,34,0,0.0,22,ok
2005,6868670,24,summary,"Search for a vertical exhaust water diversion device that uses an upper sealed cap over a first axial tube to redirect condensing moisture radially into an annular chamber while allowing hot exhaust to pass into an upper downstream tube, preventing water ingress into upstream converters.",3,45,0,0.0,31,ok
2005,6868670,24,keyword,"search for prior art on exhaust water trap assemblies with vertical housing, axial lower inlet and upper outlet, annular space defined by radial gaps around internal exhaust tubes, dome-cap style water diverting surfaces, drain ports, and upper flange plenum.",3,40,3,0.09375,32,failed_constraints
2005,6868670,24,function,"Search for an exhaust water diverting system that uses spaced vertical tubes inside a housing with a top sealing member to keep moisture away from the upstream exhaust components, redirecting water radially into an internal collection chamber with drainage openings.",3,40,0,0.0,26,ok
2005,6949620,16,summary,Search for polymeric micelle architectures that combine a charged porphyrin‑derived dendritic core bearing aryl‑ether branches and optional metal centers with a hydrophilic polyamino‑based polymer to achieve enhanced aqueous solubility and targeted delivery.,2,35,0,0.0,25,ok
2005,6949620,16,keyword,"Search for water‑soluble polymeric micelles embedding a cationic or anionic porphyrin core dendritic assembly bearing metal or hydrogen at the core, aryl ether side chains with terminal charged groups linked via flexible spacers, incorporated into a polyamino acid backbone.",2,40,0,0.0,29,ok
2005,6949620,16,function,"Search for polymeric micellar assemblies incorporating a charged porphyrin‑rich dendritic core with various aryl ether side arms linked to anionic or cationic termini, combined with a soluble amino‑acid polymer, enabling controlled self‑assembly and functional payload delivery in aqueous media.",2,42,0,0.0,31,ok
2005,6960378,23,summary,Developing a freeze‑drying method that turns a dispersion of hydroxyl‑functionalized nanoparticles into microtube structures by exploiting the particles’ self‑bonding and solvent‑mediated assembly during sublimation.,2,28,0,0.0,18,ok
2005,6960378,23,keyword,"Search for methods to create nanoparticle microtubes via liquid dispersion and freeze‑drying, using self‑bonding surface hydroxy groups and hydrogen‑bonding solvents, and variations in nanoparticle loading for tubular assembly.",2,31,0,0.0,22,ok
2005,6960378,23,function,"How can one produce self‑assembling nano‑particle microtubes by dispersing hydroxyl‑functionalized particles in a hydrogen‑bonding fluid at low milligram‑per‑milliliter concentrations, then removing solvent via freeze‑drying to create continuous nano‑tubular constructs?",2,37,0,0.0,30,ok
2005,6948311,27,summary,"Search patents for methods of regulating catalytic converter regeneration in internal‑combustion engines by detecting system conditions, triggering a regeneration phase, and adjusting exhaust temperature through staged fuel injection to optimize catalyst cleaning.",1,33,0,0.0,24,ok
2005,6948311,27,keyword,"Exhaust aftertreatment system controller for internal combustion engines utilizing a state‑variable based regeneration algorithm, controlling catalyst temperature via timed uncombusted fuel injection with increasing then constant fuel fractions to achieve optimal ozone reduction and catalyst durability.",1,37,0,0.0,30,ok
2005,6948311,27,function,"search patents on methods for controlling exhaust aftertreatment systems temperature by using variable unburned fuel injection, with state‑based regeneration phases that increase fuel amount then stabilize, triggered by exhaust system conditions and engine operating state.",3,36,2,0.07407407407407407,27,failed_constraints
2005,6931424,6,summary,"Search for an apparatus that uses a binary tree of decision stages, each stage applying a binary operator to paired data‑plus‑partial‑address inputs, multiplexing the chosen result, and storing intermediate decisions to ultimately retrieve the computed value and its full address with minimal storage.",1,46,0,0.0,30,ok
2005,6931424,6,keyword,"Search for a memory‑efficient array processor that uses a log‑N staged decision tree with selection devices, local address extraction, and cascaded storage elements for partial addresses, to identify the output value of a pairwise comparison operation over N‑wide bit elements.",2,43,0,0.0,28,ok
2005,6931424,6,function,"A hierarchical decision system that progressively selects candidate values via local comparison logic, retaining partial index bits at each stage, enabling efficient retrieval of a computed target value and its location with reduced address storage.",2,35,0,0.0,25,ok
2005,6938071,4,summary,"Searching for a network system that uses a shared storage fabric to persistently record incoming packets before forwarding them, providing delivery guarantees even if the destination is offline, and enabling recovery of conversations after errors, where a routing agent manages packet queuing and retransmission.",2,44,0,0.0,28,ok
2005,6938071,4,keyword,"Search for a high‑availability storage fabric with an interconnect that commits network packets to durable nonvolatile media, sends early acknowledgments to the source, supports session reconstruction, and routes traffic between server nodes via the shared fabric.",2,37,0,0.0,25,ok
2005,6938071,4,function,"search for systems that accept inbound packets, archive them on durable nonvolatile media within a network fabric, then forward to destination with early acknowledgments, optionally retain packets for conversation reconstruction after loss, and support routing between internal servers and external nodes via the same fabric.",2,45,0,0.0,32,ok
2005,6944258,10,summary,"Method for accurate X‑ray CT beam‑hardening correction by acquiring offset phantoms of varying diameters, generating per‑channel sinograms, applying initial correction, then fitting high‑order functions to obtain a non‑linear correction function—reducing calibration time.",1,38,0,0.0,30,ok
2005,6944258,10,keyword,"Beam hardening correction CT, channel‑by‑channel post‑processing using offset phantoms of varied diameters to acquire sinograms with variable transmission lengths, followed by two‑stage polynomial fitting for non‑linear correction functions and reduced calibration time.",1,37,0,0.0,28,ok
2005,6944258,10,function,"Search for X‑ray CT calibration methods that use phantom offsets and multiple views to compute channel‑wise correction factors, applying non‑linear fitting to refine beam‑hardening corrections with reduced calibration data.",2,33,0,0.0,24,ok
2005,6857708,32,summary,"Wheel cover device that uses a single lateral press to engage a flexible detent pin inside a link path, enabling secure attachment and easy release without special tools.",1,28,0,0.0,20,ok
2005,6857708,32,keyword,"Search for prior art covering a releasable wheel cover mounting system using a laterally actuated detent mechanism: a flexible guide link and a pin that engages a notch upon first press and disengages with a second identical press, with spring‑assisted fit on a vehicle wheel rim.",3,47,0,0.0,31,ok
2005,6857708,32,function,"Search for wheel cover attachment system that uses a lateral press to lock onto a wheel housing via a flexible member guided along a path, and releases with a similar press, enabling quick installation and removal without tools.",2,38,0,0.0,25,ok
2005,6969154,28,summary,"Search for inkjet heads where electrically conductive protective layers cover the tops of both data element rows and circuit rows on a common substrate, with a shared conductor linking the two layers and an external electrode pad for inspection, aiming to improve adhesion and reduce head size.",1,47,0,0.0,30,ok
2005,6969154,28,keyword,"inkjet head with conductive protective overlay over recording element and drive circuit rows, connecting via conducting section to electrode pad, arranged to reduce substrate size and improve port adhesion.",1,29,0,0.0,22,ok
2005,6969154,28,function,"Search for ink‑jet heads where conductive protective coverings shield the top of the nozzle and driver rows, link these coverings via a conductive bridge to a shared electrode pad, and reduce substrate dimensions through optimized inspection pad placement, enhancing bonding and electrical integration.",3,44,0,0.0,31,ok
2005,6895354,6,summary,"Describe a technique for automatically building thermal resistance graphs of complex component assemblies by hierarchical spatial partitioning (quadtree/octree), placing representative nodes at partition centers, refining overlaps with Voronoi tessellation, and assigning thermal conductances based on component dimensions.",1,38,0,0.0,28,ok
2005,6895354,6,keyword,"Search for methods utilizing quadtree or octree subdivision and Voronoi tessellation to place nodes in multi‑component couplings, assigning thermal resistances based on component geometry for thermal network analysis of dense component assemblies.",1,33,0,0.0,23,ok
2005,6895354,6,function,"Search for methods employing quadtree or octree area subdivision and Voronoi partitioning to generate node positions for coupling systems, then connecting these nodes with resistive elements based on component size and material properties for temperature simulation of multi‑component assemblies.",2,40,0,0.0,28,ok
2005,6961526,9,summary,"Search for systems that detect toner density or color after a duplex reversal in a printing process and use that data to reconfigure the imaging unit, where the sensor is positioned mid‑feed between reversal and final transfer, enabling real‑time adjustment of output quality.",1,45,0,0.0,28,ok
2005,6961526,9,keyword,"Toner‑transfer printer that reverses the transfer sheet, detects density or chromaticity mid‑feed, and controls the electrophotographic unit to adjust each color density in a duplex feed path, using a fuser roller and sensor in the switch‑back mechanism.",2,40,0,0.0,26,ok
2005,6961526,9,function,"Search for image forming devices that fuse toner onto a carrier, reverse duplex feed, monitor density or color tint at an intermediate detection point, and adjust toner or color balance in response.",1,32,0,0.0,21,ok
2005,6901134,2,summary,"Search for sensor or light‑emitting array in which each element has multiple control inputs that generate composite signals; on‑board switching logic compares these composite signals with predefined patterns to selectively enable elements, allowing several elements to share identical enabling conditions.",2,42,0,0.0,30,ok
2005,6901134,2,keyword,"X‑ray sensor array with integrated switching logic that evaluates multi‑input control patterns against defined activation patterns, enabling selective output coupling via a common bus, with identical activation modes across elements, suitable for X‑ray imaging and optical display systems.",1,41,0,0.0,31,ok
2005,6901134,2,function,"Search for sensor array systems where individual elements with light or X‑ray sensors are activated by matching control‑input patterns to stored activation templates, with multiple elements sharing identical templates and connected to a common control bus, enabling selective readout or display.",2,43,0,0.0,28,ok
2005,6968898,19,summary,"A method clears drilling passages by pumping a weighted metal‑salt blend into the bore, dislodging debris, then flushing with a dissolving fluid that removes the salt, leaving the well clean.",1,31,0,0.0,19,ok
2005,6968898,19,keyword,"Search for drilling fluid formulations incorporating weighted metal salts – such as oxides, hydroxides, sulfates, phosphates, tungstates, fluorides, pyrophosphates or orthosilicates – containing metals from Groups 13–15 or lanthanides, used to scour borehole particles and then dissolved by a second flush fluid.",3,41,0,0.0,30,ok
2005,6968898,19,function,"methods for clearing drilling fluid solids from boreholes using a weight‑added metal‑salt slurry that scours particles and is later dissolved by a secondary flushing fluid, enabling efficient cleanup of drilled formations.",1,33,0,0.0,22,ok
2005,6920905,25,summary,"An automated system that uses a driven loop conveyor with rotating clamp assemblies to grasp bottle necks, moving containers through sequential filling, conditioning, and packaging units, directing them from inlet to outlet.",2,32,0,0.0,21,ok
2005,6920905,25,keyword,"Search for embodiments of filling and packaging systems for bottles featuring a motor‑driven endless conveyor with an upwardly extending return lane, intake station presenting neck‑oriented vials, and articulated gripping arms forming complementary cutout channels to secure necks during transit to fill and package stations.",3,46,2,0.06060606060606061,33,failed_constraints
2005,6920905,25,function,"Automated system for positioning bottles on an endless conveyor, grasping necks with rotating clamping arms, transporting them between an intake, multiple filling/packaging stations, and an outlet for continuous bottle packaging operations.",3,32,2,0.09523809523809523,21,failed_constraints
2005,6854142,33,summary,"Search for a baby diaper changing station that uses a pivoting frame with hand‑activated liftable rails to hold the infant's legs in a raised position, eliminating the need for the caregiver to lift the child's hips manually while changing the diaper.",1,44,0,0.0,25,ok
2005,6854142,33,keyword,"infant clothing‑change station with padded top, dual vertical support rods, adjustable stirrup mounts, crossbar attachment, foot‑operated lever for vertical leg positioning, ergonomic design for caregiver convenience.",2,28,0,0.0,23,ok
2005,6854142,33,function,"diaper change station featuring foot‑operated lever that raises pivotable stirrup supports, enabling infant leg and back elevation for swift dressing while parent’s hands remain free.",2,27,0,0.0,21,ok
2005,6925487,4,summary,"Searching for prior art on methods enabling private‑IP clients to establish real‑time UDP conversations with public‑IP servers via routers that discover and map hidden client addresses, facilitating voice‑over‑IP communications.",3,34,0,0.0,26,ok
2005,6925487,4,keyword,"Search for UDP-based NAT traversal techniques enabling a private client with internal IP to exchange low-latency audio packets with a public VoIP server through a router that maps client IP, including server-client address negotiation and acknowledgements for IP mapping.",2,42,0,0.0,30,ok
2005,6925487,4,function,"Bidirectional UDP data exchange between a NAT‑located client and a publicly reachable server, where the client reports its private and external addresses, the server acknowledges the mapping, and the NAT router records the address mapping to enable real‑time voice communication.",2,42,0,0.0,27,ok
2005,6910710,32,summary,"Search for a restaurant service cart that uses a foot‑pedal lift to carry stacked chairs, and features a U‑shaped pivoting section that can be raised vertically and turned horizontal to transport dishes, utensils, and waste, with a removable handle arm.",3,42,1,0.04,25,failed_constraints
2005,6910710,32,keyword,"convertible restaurant service cart with pedal‑controlled seat‑elevator, U‑shaped pivoting section, releasable arm handle, rear upstanding tubes, front casters, rear wheels, cross‑member chassis, hydraulic damper, tray support.",1,30,0,0.0,26,ok
2005,6910710,32,function,"Search for restaurant carts that combine a vertical elevator lift for stacked chairs with a pivotably hinged U‑shaped tray that swings to a horizontal load position, using a detachable arm on a rear handle for stable handling of dining items.",1,41,0,0.0,24,ok
2005,6939756,8,summary,"Search for methods that lower defect states at the SiO₂/SiC interface on n‑type 4H‑SiC, using nitrogen incorporation to improve semiconductor device performance.",1,25,0,0.0,16,ok
2005,6939756,8,keyword,"Search for methods forming thermal SiO₂ layers on n‑doped hexagonal SiC substrates, followed by nitrogen incorporation at the SiO₂/SiC junction to suppress defect states and enhance device performance for power electronics.",2,33,0,0.0,22,ok
2005,6939756,8,function,"Method of fabricating a silicon carbide based semiconductor, forming a silicon dioxide layer on the substrate to establish an interface, then doping the interface with nitrogen to lower trap density and enhance device performance.",3,34,0,0.0,21,ok
2005,6953573,16,summary,"Search for methods employing ex‑vivo transfected or infected immune cells that display HER‑2/neu‑derived peptides encoded by nucleotides 2026‑3765, aiming to trigger a HER‑2/neu‑specific immune reaction via viral or plasmid‑based delivery for cancer treatment.",3,42,0,0.0,28,ok
2005,6953573,16,keyword,"Investigating HER‑2/neu immunogenic peptides expressed from nucleic acid or viral vectors in ex‑vivo antigen‑presenting cells, using nucleotides 2026‑3765, moderate‑stringency 5×SSC/SDS/EDTA hybridization at 50‑65 °C, followed by 2×, 0.5×, 0.2×SSC washes.",3,43,2,0.07407407407407407,27,failed_constraints
2005,6953573,16,function,"Search for methods using ex vivo transfection or viral infection of immune cells with DNA encoding HER‑2/neu peptide fragments to stimulate targeted immune responses against HER‑2/neu‑positive cancers, including details of specific nucleotide ranges or hybridization conditions.",2,41,0,0.0,28,ok
2005,6873710,2,summary,"Dynamic display adaptation system that monitors audience motion and audio cues via camera/microphone to tailor advertisement length and content in real time, while logging exposure and reactions for analytic reporting.",1,31,0,0.0,22,ok
2005,6873710,2,keyword,"audio‑video based audience dynamics monitoring system that tailors kiosk display content, adjusts duration, and logs demographic exposure for advertiser reporting.",1,21,0,0.0,16,ok
2005,6873710,2,function,"Search for systems that analyze live audio or video of an audience to gauge its rate of change and automatically adjust how long content is shown on large displays or kiosks, measuring audience response and reporting segment exposure.",1,38,0,0.0,23,ok
2005,6966033,4,summary,"A graphical interface for network resource management that lets users simultaneously apply multiple functions to selected resources, displaying results side‑by‑side in shared panels so they can compare different metrics, improving efficiency of batch operations and diagnostics.",1,38,0,0.0,27,ok
2005,6966033,4,keyword,"Search for inventions that provide a user‑facing display for selecting management functions and applying them to chosen networked storage resources, generating per‑resource data sets, and simultaneously rendering results on shared view panels, enabling side‑by‑side comparison of function outputs.",2,42,0,0.0,29,ok
2005,6966033,4,function,"Search for a graphical resource‑management interface that permits users to simultaneously select multiple network resource items and apply a collection of management functions, then concurrently display the resulting data in side‑by‑side panels for direct comparison.",2,38,0,0.0,25,ok
2005,6890274,33,summary,"Investigate a shuttlecock with an inner‑outer skirt structure where the outer segment contains stems, ribs and angled flaps projecting from ribs; these flaps enhance air resistance and induce rapid spinning during flight.",2,33,0,0.0,23,ok
2005,6890274,33,keyword,"search for a shuttlecock design featuring a flared skirt made of synthetic material with integral stems and ribbed structure, projecting angled flaps from rib edges to increase aerodynamic drag and induce rapid spin, including outer flute formations for airflow interaction.",1,40,0,0.0,28,ok
2005,6890274,33,function,"Search for badminton shuttlecock skirt designs that use angled flaps attached to ribs and stems to heighten aerodynamic drag, promote rapid spinning, and enhance flight stability and turnover.",1,28,0,0.0,19,ok
2005,6837685,26,summary,Method for restoring a turbine blade rim that shapes two curved pockets—one at a slot corner and another at the slot base—to lower stress and improve blade fit.,2,30,0,0.0,18,ok
2005,6837685,26,keyword,"Method for sealing and stress‑relieving a turbine rotor rim bearing a blade dovetail slot, comprising shaping a corner pocket with a specific radius and creating a recessed bottom‑wall pocket spaced in the slot to lower mechanical loading.",2,39,0,0.0,25,ok
2005,6837685,26,function,Searching for turbine rotor rim repair techniques that create curvature-matched pockets at rotor blade dovetail slots’ corners and bottoms to lower rim stress and enhance blade attachment.,1,28,0,0.0,20,ok
2005,6964842,9,summary,"Search for aqueous photothermographic film comprising a water‑compatible gelatin layer, pre‑formed silver halide grains, a non‑photo reactive silver ion source, a reducing agent, and anti‑fog heterocyclic salts used with radiographic phosphor screens.",2,36,0,0.0,28,ok
2005,6964842,9,keyword,"Search for aqueous photothermographic films using gelatin binders, tabular silver bromide/iodobromide grains, organic silver sources like silver benzotriazole, ascorbic acid reducing agents, and heteroatomic antifog compounds such as benzothiazole‑like sulfides, coupled with phosphor intensifying screens for X‑ray imaging.",3,41,1,0.030303030303030304,33,failed_constraints
2005,6964842,9,function,"Search for aqueous-based black‑and‑white photographic systems that employ benzothiazolium or analogous organometallic compounds as fog suppressants, incorporate non‑photosensitive silver precursors with reductants, and are optimised for thermal development post X‑ray exposure and phosphor screen integration.",3,40,0,0.0,27,ok
2005,6887838,14,summary,"identify detergent‑compatible bleaching formulations that use cationic or zwitterionic aromatic‑based boosters—aryl‑iminium or oxaziridinium species with diverse substitution patterns—to improve low‑temperature bleach activity and resist decomposition, particularly for enzyme‑laden laundry processes.",1,37,0,0.0,28,ok
2005,6887838,14,keyword,"Search for patents describing bleaching agents that incorporate aryliminium or oxaziridinium cations, zwitterionic or polyionic derivatives (net charges +3 to −3) that enhance low‑temperature bleaching and are compatible with surfactants, enzymes, and peroxygen sources in laundry detergents.",1,38,0,0.0,23,ok
2005,6887838,14,function,"search for laundry detergents with cationic bleaching boosters that enhance low-temperature bleaching and stability, combining quaternary imines or zwitterionic oxaziridinium species with surfactants or enzymes.",1,26,0,0.0,17,ok
2005,6866133,31,summary,"Search for friction clutch assemblies with a rotatable plate housed in a rotating casing, a force‑storing element driving the plate, and a wear‑takeup component adjustable by centrifugal action to compensate clutch wear.",2,34,0,0.0,21,ok
2005,6866133,31,keyword,"Search for friction clutch pressure plate that includes a rotatable torque‑transfer member inside a housing, a radial force‑generating element, a rotator‑guided wear‑absorption plate, and a centrifugally‑activated adjuster to counter wear.",3,35,0,0.0,24,ok
2005,6866133,31,function,"Search for prior art on friction clutch pressure plate assemblies that include a housing with a rotatable pressure plate, a force-transmission mechanism, and an adjustable component actuated by centrifugal force to reposition a sliding wear-compensation element that mitigates clutch wear.",2,42,0,0.0,27,ok
2005,6926295,32,summary,"Automated motor-vehicle running board featuring a sliding step actuated by an onboard pneumatic cylinder; the system includes a pressurized fluid reservoir, sensor-controlled compressor, and pressure regulation to enable rapid extension/retraction without external power.",1,36,0,0.0,27,ok
2005,6926295,32,keyword,"Search for a vehicle step platform featuring a fluid‑pressurized tank, built‑in compressor, pressure sensor, and pneumatic cylinder, with a mounting bridge to the chassis enabling controlled sliding retraction and extension, plus automatic fill maintaining pressure.",2,37,0,0.0,25,ok
2005,6926295,32,function,"Search for systems that allow a step or platform attached to a vehicle to extend and retract by means of a slide assembly actuated by pneumatic cylinder, with an onboard pressurized fluid tank automatically maintained by a compressor and pressure sensor.",3,41,0,0.0,22,ok
2005,6867484,2,summary,"Semiconductor module featuring an internal package sealed with side walls and integrated lead terminals that mate with a chassis-mounted external terminal, using an interstitial air chamber for thermal isolation and a molded resin skirt for substrate support.",1,38,0,0.0,25,ok
2005,6867484,2,keyword,"Search for a semiconductor module with a die sealed in a molded resin envelope, lead pins integrated within the envelope, and those pins interface with an external lead frame; the envelope features a vented space isolating it from the case shell and includes a skirt-shaped resin flange.",2,48,0,0.0,29,ok
2005,6867484,2,function,"search for semiconductor devices where a package containing a die and lead pins is enclosed by a frame case with external terminals, incorporating an internal air cavity around the package, a molded skirt for substrate retention, and side‑by‑side package configurations, enabling compact integration and improved thermal isolation.",1,49,0,0.0,31,ok
2005,6887289,20,summary,"Particle‑laden abrasive slurry for polishing silica substrates, comprising sub‑micron particles mainly of cerium oxide with lanthanum or neodymium dopants at a low molar ratio, produced by mixing cerium, lanthanum/neodymium salts with base to form hydroxides, then oxidizing at 10–95 °C.",2,44,0,0.0,31,ok
2005,6887289,20,keyword,"silica abrasive polishing slurry containing sub‑micron CeO₂ particles doped with La or Nd, prepared by co‑precipitation of Ce(III) with La(III)/Nd(III) hydroxides in an alkaline medium, then oxidized at 10–95 °C.",3,37,0,0.0,26,ok
2005,6887289,20,function,"Patent search for a submicron crystalline cerium oxide polishing slurry that includes lanthanum or neodymium additives, produced by mixing aqueous trivalent rare‑earth salts with alkaline, then oxygen bubbling at 10‑95 °C, applicable to CMP of silica, quartz masks, ILD, shallow trench isolation, or hard‑disk glass.",3,48,3,0.08571428571428572,35,failed_constraints
2005,6947248,2,summary,"Search for removable cartridge systems that self‑write calibration data, read it back to determine the positional offset between read and write elements, compute compensation, and then write the final information with corrected head positioning.",1,35,0,0.0,24,ok
2005,6947248,2,keyword,"Removable cartridge head with distinct read and write sections, polynomial‑based coordinate conversion for write-to-read alignment, auto‑compensation read back for spacing adjustment, and dynamic data writing conditioned on calibration data in a cartridge‑enabled storage system.",2,39,0,0.0,28,ok
2005,6947248,2,function,"Search for devices that, upon inserting a removable cartridge, position a head with separate read and write elements, write test data, read it back to compute a compensation factor based on element spacing, and then write data applying that factor to correct positional errors.",1,44,0,0.0,29,ok
2005,6845542,33,summary,"Search for a heated propellant container with a venturi‑based suction valve that generates vacuum when propellant is released, improving fluid extraction performance and efficiency.",1,25,0,0.0,15,ok
2005,6845542,33,keyword,"Search patents on suction apparatus comprising a sealed container with a wall‑defined chamber holding propellant, a thermally activated release valve, a heating element, and a venturi tube linked to a vacuum inlet that creates suction when propellant is released.",2,40,0,0.0,25,ok
2005,6845542,33,function,"How can a heated propellant in a sealed container with a venturi valve be used to produce a controllable vacuum for suction applications, enabling rapid actuation and precise flow control?",1,30,0,0.0,18,ok
2005,6898308,2,summary,"Search for image color quantization techniques employing lattice-based chrominance indexing and luminance selection to encode pixels, using spiral/Fibonacci arrangements in perceptually uniform color spaces for efficient averaging and storage.",3,31,1,0.043478260869565216,23,failed_constraints
2005,6898308,2,keyword,"search patents for image processing methods that encode pixel colors using discrete luminance and chrominance indices, quantize mean color values via 3‑D color spaces such as CIELAB or CIELUV, and select chrominance values from ordered lattices like Fibonacci or spiral arrays for pairwise pixel averaging.",3,46,1,0.030303030303030304,33,failed_constraints
2005,6898308,2,function,"Search for methods that encode image pixels as color symbols using separate indices for lightness and hue/saturation, then compute mean color values in a uniform space, quantize them onto a lattice, and store these averages for image processing.",2,39,0,0.0,26,ok
2005,6916457,23,summary,"Co‑precipitated copper‑aluminum oxide powders obtained from copper and aluminum salts with a carbonate precipitant, washed and calcined at 700–900 °C, provide a non‑chromium catalyst with low copper leaching that matches copper‑chrome activity in hydrogenolysis and related processes.",2,42,0,0.0,28,ok
2005,6916457,23,keyword,"Search for copper‑aluminum oxide catalysts prepared by co‑precipitation with sodium carbonate, calcined 700‑900 °C, possessing spinel‑like structure, minimal copper leaching (<10 %) and used to replace Cu/Cr catalysts in hydrogenolysis and other reactions.",3,37,2,0.07407407407407407,27,failed_constraints
2005,6916457,23,function,"Search for methods to produce copper‑aluminum oxide catalysts, co‑precipitated from copper nitrate and sodium aluminate, with low copper leaching (<10%), calcined to 400‑900 °C, usable as chrome‑free substitutes for Cu/Cr catalysts in hydrogenolysis or olefin transformations.",1,41,0,0.0,28,ok
2005,6933671,2,summary,"Search for display panels using a substrate‑based electrode array with switching transistors, peripheral power rails, and a top electrode that creates a capacitor with the rails outside the active zone to improve power stability and reduce interference.",1,38,0,0.0,24,ok
2005,6933671,2,keyword,"OLED panel with substrate‑mounted matrix of electrodes and switching devices, peripheral light‑emitting supply tracks, functional encapsulation layers above the electrodes, overlying secondary electrodes that form capacitive links to the supply tracks, separated by interlayer dielectric.",1,37,0,0.0,27,ok
2005,6933671,2,function,"Search for display systems utilizing a matrix of switching electrodes with surrounding power lines that form capacitive coupling with a top electrode over functional layers, enabling efficient light emission and reduced cross-talk in electronic devices, forming capacitors outside the electrode region to reduce voltage spikes.",3,46,1,0.030303030303030304,33,failed_constraints
2005,6850207,3,summary,"Search for a compact antenna coupling device that secures a rod antenna to a printed circuit by using adjustable arms to grasp the antenna, a suction‑enabled pickup platform for assembly, and solderable mounting tabs for board attachment.",3,38,0,0.0,23,ok
2005,6850207,3,keyword,"search for integrated folded metal plate antenna mounting device for circuit board with base having opposite edge pairs, clamping arms extending from base edges, suction-enabled pickup plate between arms, solder terminals along second edge for board attachment",3,38,3,0.0967741935483871,31,failed_constraints
2005,6850207,3,function,"What prior art exists for a circuit board‑mountable antenna coupler featuring a base with orthogonal edges, clamping arms that hold a rod, a suction‑applied attachment point opposite the base, and solder‑attach tabs extending from the base edges?",2,40,0,0.0,26,ok
2005,6977415,8,summary,"Search for device with substrate containing ≤6 nm recess, source and drain formed above it as sandwich structure, each with extension and junction zones, gate insulator over recess, gate electrode above, recess deeper than peak of impurity spread, extensions extending under gate but shorter than two‑thirds of recess depth.",3,50,3,0.08108108108108109,37,failed_constraints
2005,6977415,8,keyword,"Search for a semiconductor device with a shallow (<6 nm) substrate recess between source and drain regions, each containing extension and contact junction sections, overlying a gate oxide and electrode, where extension lengths below two‑thirds of recess depth extend under the gate and are opposite each other.",3,48,2,0.0625,32,failed_constraints
2005,6977415,8,function,"Search for semiconductor transistors that use sub‑6 nm recesses between source and drain, where extension regions under the gate reduce short‑channel effects and increase drive current, while the recess depth exceeds the peak impurity concentration of the extensions.",1,40,0,0.0,27,ok
2005,6898831,5,summary,"High‑density/low‑density metal stack layering on a piezoelectric wafer defines acoustically resonant transducer electrodes; the device is fabricated by depositing alternating heavy (≥15 g/cm³) and light (≤10 g/cm³) metallic films, then sawing wafers into individual resonators, enhancing frequency stability and reducing losses.",2,46,0,0.0,34,ok
2005,6898831,5,keyword,"Search for multilayer IDT structures on piezoelectric wafers comprising high‑density gold layers (≥10 nm, density ≥15 g/cm³) stacked on low‑density nickel or copper films (≥10 nm, resistivity ≤1×10⁻⁷ Ω·m) with Ti interlayers, followed by dicing into resonant units.",2,44,0,0.0,30,ok
2005,6898831,5,function,"search for acoustic wave transducer manufacturing methods using multi‑layer interdigital electrodes with high‑density metal films (≈15 g/cm³) and low‑density conductive films (≈10 g/cm³, resistivity ≤ 10×10⁻⁸ Ω⋅m), including wafer dicing into individual devices.",2,40,0,0.0,29,ok
2005,6941383,4,summary,"Search for solutions that coordinate simultaneous playback of scheduled events on multiple networked client devices by delivering event data and a start trigger from a central server, using an embedded web application and client‑side script to synchronize the launch time.",1,41,0,0.0,26,ok
2005,6941383,4,keyword,"Search for distributed synchronized playback systems using networked client devices, where an embedded web application retrieves event data from a server, transmits a display script, and delivers an activation‑triggered playback controller ensuring simultaneous start across multiple clients.",1,38,0,0.0,28,ok
2005,6941383,4,function,"networked system enables simultaneous playback of recorded events across multiple client devices using a central server to distribute event metadata and synchronization triggers, with client‑side application coordinating timing upon activation.",1,31,0,0.0,24,ok
2005,6872534,14,summary,"Search for methods that pattern polymer arrays on a substrate by selectively silanizing the surface, depositing polymer films on the uncoated regions, optionally removing the unsilanized material, and enabling spectroscopic analysis of the resulting thin polymer layers.",2,37,0,0.0,23,ok
2005,6872534,14,keyword,"Search for patents describing an array of polymeric films on a substrate with selective organosilane patterning and bordered silanized regions, involving deposition of multiple distinct polymers, hole features and reflective metal layers such as Au or Cu, using organofunctional silanes RnSiX4−n.",3,42,0,0.0,28,ok
2005,6872534,14,function,"Search for methods that pattern substrates with organosilane borders, deposit unsilanizable regions, optionally remove masking, and apply multiple polymer films for thin‑film characterization by transmission spectroscopy.",1,27,0,0.0,19,ok
2005,6911405,8,summary,"Search for methods forming a nitrogen‑rich plasma of N₂O with hydrocarbons to treat copper wiring surfaces, creating a nitrogen‑based diffusion barrier followed by silicon‑containing insulation, targeting reduced Cu migration and higher device speed.",1,36,0,0.0,25,ok
2005,6911405,8,keyword,"process gas plasma of N2O or N2 with hydrocarbon, exposing a copper conductor surface to reform a copper diffusion barrier, followed by deposition of a silicon‑containing dielectric on the barrier, method for fabricating high‑speed semiconductor devices.",3,38,1,0.041666666666666664,24,failed_constraints
2005,6911405,8,function,"Search for methods that convert a nitrogen‑oxide and hydrocarbon gas into plasma to expose copper wiring surfaces, reforming them into copper diffusion‑blocking layers followed by deposition of a silicon‑based insulator, thereby enabling high‑performance semiconductor devices with reduced copper drift.",3,43,0,0.0,29,ok
2005,6877185,32,summary,"Caster system featuring a wheel attached to a horn‐shaped support, a stem passing through an aperture, a leaf spring between stem and support for load cushioning, and concentric bearing assemblies providing rotation while preventing structural damage.",1,37,0,0.0,26,ok
2005,6877185,32,keyword,"Search for caster assembly featuring a wheel mounted on a head‑and‑shaft support, with a tubular support stem passing through a centrally located aperture in a horn‑shaped wheel support, a metal leaf spring anchored in the aperture, and concentric bearing races encircling the stem.",3,46,1,0.034482758620689655,29,failed_constraints
2005,6877185,32,function,"Movable caster assembly for supporting a load, featuring a wheel on a support element with an aperture through which a stem passes, and a leaf‑spring cushion between the stem’s end and the shaft to absorb shock while allowing rotation.",1,41,0,0.0,23,ok
2005,6918291,10,summary,"Search for portable gauge assemblies featuring a removable protective cover that seals the sensing port against damage while simultaneously providing an aperture for mechanical coupling to auxiliary supports or tethering systems, especially for air‑pressure measurement.",1,36,0,0.0,25,ok
2005,6918291,10,keyword,"Handheld pressure measuring instrument featuring a sensor section exposed through a port, protected by a removable cap with an aperture for coupling to a secondary device, and capable of tethering to a remote support structure.",2,35,0,0.0,20,ok
2005,6918291,10,function,"Search for portable devices that measure a physical parameter through an exposed sensor port safeguarded by a detachable cover featuring an aperture for attachment to a secondary apparatus, applicable to handheld pressure gauges and tethered support systems.",1,37,0,0.0,23,ok
2005,6975539,6,summary,"Search for a persistent digital memory array that employs multi-stage sense amplifiers with progressive self‑calibration, twisted bitline organization, and multilevel cell readouts via binary‑search current sensing, avoiding conventional multi‑level sensing and providing sub‑voltage detection.",2,39,0,0.0,31,ok
2005,6975539,6,keyword,"Search for nonvolatile memory arrays using multi‑stage auto‑zero sensing, twisted bitlines, and segment‑level references, with current‑sensing readout employing sub‑volt sense amplifiers, inverted voltage/current modes, dynamic or replica‑based sensing, and multilevel cell binary‑search decoding.",2,41,0,0.0,34,ok
2005,6975539,6,function,"Find prior art describing multilevel NVM read circuits using multi‑stage autozero sensing, twisted bitlines, segmented reference bias, binary search with sub‑voltage detection, and dynamic redundancy for low‑voltage multibit data retrieval.",3,33,0,0.0,28,ok
2005,6859076,5,summary,"Search patent for a circuit that uses synchronized clock inputs to produce adjustable amplitude triangular voltage waves, converts them to currents via voltage‑to‑current stages, and then filters the current to output differential pseudo‑sine waves, with feedback control based on reference currents.",1,44,0,0.0,30,ok
2005,6859076,5,keyword,"Differential triangular‑to‑pseudo‑sinusoidal generator driven by dual 90° phase‑shifted clocks, with amplitude‑control current path, on‑chip rectifier‑filter network, current‑to‑voltage bias stage, and summed‑current comparator for feedback regulation.",3,35,2,0.07692307692307693,26,failed_constraints
2005,6859076,5,function,"Search for circuitry that converts clock-derived triangular waveforms into differential pseudo-sinusoidal outputs, using amplitude‑controlled current sources, reference voltage feedback, and rectification/smoothing stages to ensure output frequency matches input clock frequency.",1,34,0,0.0,27,ok
2005,6906719,6,summary,"Look for prior art on image search techniques that encode two or more pictures sequentially, use the compression ratio of the combined file versus the originals as a similarity metric, and evaluate the informational gain between images.",1,37,0,0.0,23,ok
2005,6906719,6,keyword,"search for image retrieval techniques that compute similarity through compression ratio of concatenated image frames, leveraging video encoding to estimate differential entropy, using encoder-based distance metrics for content‑based visual search and differential information measurement.",3,36,0,0.0,28,ok
2005,6906719,6,function,"How can a method encode images as sequential frames, compute the compression ratio between the encoded video and the original uncompressed frames, and use that ratio to infer relative information content for image similarity assessment?",2,35,0,0.0,23,ok
2005,6925827,32,summary,"Bus interior climate control module with integrated evaporator and condenser sections inside a compartment, using a longitudinal divider, independent fans, and an adjustable mixing flap to regulate return airflow to the evaporator while aligning supply and return ducts for efficient operation.",1,41,0,0.0,28,ok
2005,6925827,32,keyword,"bus HVAC module sized for internal compartment, featuring longitudinal divider separating evaporator and condenser coils, integrated fan units, adjustable mixing flap for varying recirculated versus fresh air ratio, coupling to dedicated supply and exhaust ducts, and back‑to‑back mounting across bus centerline.",3,43,0,0.0,34,ok
2005,6925827,32,function,"Search for bus air-conditioning modules with integrated evaporator and condenser compartments, a central divider, adjustable mixing flap for return air modulation, dual fan setup, and mounting design aligning supply and return ducts within vehicle compartments.",2,36,0,0.0,27,ok
2005,6933145,16,summary,"Large‑capacity entomopoxvirus vector incorporating >10‑kb DNA under a vertebrate‑cell‑responsive promoter, enabling stable delivery and expression of therapeutic genes in vertebrate cells through a viral vector with terminal repeat‑flanked insert.",1,34,0,0.0,26,ok
2005,6933145,16,keyword,"Search for recombinant insect‑derived poxvirus vectors engineered with vertebrate‑active promoters such as CMV or herpes TK, enabling delivery of >10 kb heterologous DNA into cultured mammalian cells and stable transgene expression.",2,33,0,0.0,24,ok
2005,6933145,16,function,"Search for viral vectors that incorporate large (>10 kb) heterologous genes under vertebrate promoter control for efficient gene delivery and sustained expression in mammalian cells, especially using insect-derived poxvirus backbones.",3,31,0,0.0,24,ok
2005,6922477,2,summary,"Search for loudspeaker patents featuring a frame-mounted relay that clamps a flexible wire and incorporates a wall section to keep the wire off the diaphragm, which simplifies assembly, reduces part count, and improves reliability.",1,35,0,0.0,22,ok
2005,6922477,2,keyword,"Search for loudspeaker with resin frame mounting terminal and voice‑coil, featuring relay unit comprising clamping section with sloped faces and protrusion, and wall section bearing a slanted surface that keeps flexible wire away from diaphragm while simplifying assembly and cutting parts.",3,42,2,0.06666666666666667,30,failed_constraints
2005,6922477,2,function,"Search for loudspeaker systems that include an integrated relay structure on the frame, securing a flexible electrical lead between the voice coil and terminal while keeping it away from the diaphragm, enabling easier assembly and reducing component count.",2,38,0,0.0,24,ok
2005,6970931,7,summary,"Search for systems that visualize users in virtual 2‑D environments with time‑based motion cues, allowing users to set interaction limits and activity‑level driven avatar placement, updating proxy features over time.",1,33,0,0.0,23,ok
2005,6970931,7,keyword,"Search for patents on abstract graphical environments that map user activity into two‑dimensional spatial representations with time‑based motion cues, employing geometric boundary shapes and dynamic user proxies with updatable parameters for social virtual interaction.",3,36,0,0.0,26,ok
2005,6970931,7,function,"Search for systems that map user activity onto a two‑dimensional virtual space using time‑based parameters, generating dynamic visual tokens that shift position according to activity levels, while periodically updating user representations through collected behavioral data in online interactive environments.",2,41,0,0.0,33,ok
2005,6880806,31,summary,Search for a valve‑actuator coupling where a valve’s rotary shaft is secured by complementary concave‑convex interlocking elements that rotate through a limited angle to lock the actuator in place and can be released by rotating to a disengage position.,1,42,0,0.0,23,ok
2005,6880806,31,keyword,"Search for valve gear with a detachable rotary actuator, locking element featuring concave/convex slots, matching engaging element with concave/convex profiles, rotatable up to a preset angle, preventing inadvertent release while controlling fluid flow via valve rotation.",2,38,0,0.0,30,ok
2005,6880806,31,function,"Search for valve assemblies where an actuator attaches and detaches to a valve via interlocking concave/convex features, enabling fluid flow control by valve rotational position while allowing secure engagement and easy disengagement.",1,33,0,0.0,23,ok
2005,6921953,6,summary,Search for MRAM structures where a conductive path is recessed inside a trench with multiple insulating layers and ferromagnetic cladding to reduce write current and protect the spin‑valve element.,2,30,0,0.0,18,ok
2005,6921953,6,keyword,"Search for trench‑based MRAM architecture featuring stacked insulating layers, conductive conduits, ferromagnetic barrier, and a magnetic tunnel junction that achieves lower write‑current by isolating the write electrode from the MTJ.",3,32,1,0.045454545454545456,22,failed_constraints
2005,6921953,6,function,Search for prior art describing trench‑based spin‑transfer torque memory cells with ferromagnetic cladding layers and nested insulating layers that lower write current and isolate the write conductor from voltage stress.,3,32,1,0.043478260869565216,23,failed_constraints
2005,6925311,3,summary,"Search for techniques that isolate desired cell references during uplink/downlink search by discarding received packets whose timing or other attributes fall within the expected range of an active cell’s synchronization signals, using a null generator or timing‑window criteria.",1,41,0,0.0,29,ok
2005,6925311,3,keyword,"Search for patents disclosing methods to isolate target base station signals from active network cell interference during cell searching by evaluating received signal timing against stored earliest and latest expected active cell reception windows, using null signal generation and correlator‑based filter to reject signals within a defined time interval.",3,50,0,0.0,40,ok
2005,6925311,3,function,"Cell search signal discrimination using reception time windows and null generation to suppress active‑cell interference, filtering with primary sync codes, selective coupling via switches, and memory‑based timing intervals.",2,30,0,0.0,24,ok
2005,6957156,10,summary,"Search for embodiments that adjust a magnetic sensor’s vertical inclination via stepwise trial angles to minimize angular error when the device is slightly tilted, using reference azimuth comparisons to refine heading accuracy.",2,33,0,0.0,22,ok
2005,6957156,10,keyword,"Locate the most accurate inclination for a two‑axis magnetometer navigation system by iteratively adjusting sensor tilt over a prescribed search band, computing associated headings, comparing them to a preset reference heading, and selecting the adjustment that best aligns the reconstructed heading with the reference.",2,45,0,0.0,29,ok
2005,6957156,10,function,"Find methods that iteratively adjust the sensor tilt to match a reference horizontal bearing, calculate successive bearing estimates, compare them to the reference, and select the tilt producing the closest bearing for accurate orientation.",2,34,0,0.0,21,ok
2005,6963754,4,summary,"Search for dynamic uplink power control in multi‑base mobile networks where terminals select the strongest base, transmit ID‑coded signals, and base stations adapt terminal power using two thresholds to keep data rates high.",1,35,0,0.0,27,ok
2005,6963754,4,keyword,"Investigate earlier inventions where multiple base stations measure uplink received power, compare against two thresholds, and issue a transmit‑power reduction or increase command bearing a base‑station identifier, enabling terminals to adjust power for optimal link quality.",2,38,0,0.0,29,ok
2005,6963754,4,function,"Search for wireless systems with multiple base stations that control terminal power via uplink measurement, requiring terminals to transmit a base‑station ID code and enabling adaptive up/down power adjustments based on defined thresholds.",1,35,0,0.0,26,ok
2005,6931739,10,summary,"Laser beacon with a gravitationally supported rotating mass aligning multiple laser emitters in horizontal, axial, and vertical orientations, adjustable via a multi‑legged stand, addressing precise leveling and orientation for surveying or navigation.",1,33,0,0.0,23,ok
2005,6931739,10,keyword,"multidirectional laser pointer comprising gravity‑suspended weight in bracket, horizontal emitter, coaxial bottom laser, and upward‑oriented laser modules around top, mounted on adjustable rotary base with seat and legs.",2,30,0,0.0,23,ok
2005,6931739,10,function,"Search for a device that uses a gravity‑suspended weight to align multiple laser emitters—horizontal, vertical, and a center coaxial laser—allowing altitude adjustment via a removable rotary table, adjustable pivot bolts, and a securing bracket for precise beam positioning.",1,41,0,0.0,28,ok
2005,6847672,9,summary,"Search for a laser diode system that maintains subsonic gas flow through a symmetric two‑port throat and delivers microwaves into the gas channel via slot waveguides, enabling pressure‑controlled, high‑stability beam production for lithography exposure tools.",2,38,0,0.0,28,ok
2005,6847672,9,keyword,"Laser oscillation system with dual‑direction laser gas tube, symmetric inlet‑outlet ports around a subsonic throat, dual microwave slot waveguide for gas excitation, gas speed and pressure control via dual supply and coolant, illumination channeled through two optical subsystems onto a reticle and wafer.",2,45,0,0.0,36,ok
2005,6847672,9,function,Looking for prior art on laser-driven exposure systems that use bidirectional gas flows through a symmetric throat to keep subsonic speeds at the inlet/outlet while microwaves are coupled via slot waveguide units to produce illumination for reticle-based pattern exposure.,2,42,0,0.0,30,ok
2005,6842143,3,summary,"Search for a dual‑frequency radiator employing a substrate‑mounted layout of two oppositely aligned, corrugated meander lines that terminate open, combined by a wide impedance‑matching strip feeding a single line, which individually tunes each band.",1,37,0,0.0,26,ok
2005,6842143,3,keyword,"Search for patents on a dielectric-filled substrate with dual-frequency radiators using meandered linear conductors, each open-ended, arranged oppositely, and a wide matching strip connecting both radiators to the feed line for impedance tuning.",2,36,0,0.0,25,ok
2005,6842143,3,function,"Search for multi-band antenna designs on a dielectric substrate with orthogonal, open-ended meander-line elements, each tuned to distinct frequency bands, and a separate wide‑strip conductor for impedance matching between the elements and the feedline.",1,38,0,0.0,25,ok
2005,6908665,21,summary,Search for flexible packaging material that uses a radiation‑cured bonding layer incorporating an acid‑functional methacrylate half‑ester with an organic metal alkoxide additive to achieve strong interlayer adhesion suitable for food or pharmaceutical use.,3,36,1,0.04,25,failed_constraints
2005,6908665,21,keyword,"Search for laminated flexible packaging systems for pharmaceutical, food or beverage use, comprising multiple layers joined by a radiation‑cured adhesive that includes ≥50 % carboxyl‑functional (meth)acrylates derived from hydroxy‑(meth)acrylate and an organic anhydride, plus 0.1–20 % of an organic titanate or zirconate component.",3,48,4,0.125,32,failed_constraints
2005,6908665,21,function,"Search for flexible packaging films bonded by UV‑curable adhesives containing at least half carboxylic acid functional methacrylates and 0.1‑20% organometallic titanate or zirconate copolymers, enabling strong, food‑safe bonding for pharmaceutical or food containers.",3,37,1,0.038461538461538464,26,failed_constraints
2005,6915677,9,summary,"Search prior art on a membrane‑shaping apparatus that uses interconnected shaping and bending rails linked by rollers, with adjustable compression and moment bars, to generate a precisely curved optical membrane for telescope lenses.",2,34,0,0.0,22,ok
2005,6915677,9,keyword,"Search for devices that use a shaping guide, a bending guide, and rollers to flex a parabolic membrane, featuring a compression bar and a moment‑exerting bar to adjust tension and curvature during assembly.",2,34,0,0.0,20,ok
2005,6915677,9,function,"search for devices enabling construction of single‑curvature parabolic membranes using adjustable rails and rollers that apply compression and bending moments to shape the membrane, with movable connection bars for precise curvature control",3,33,1,0.045454545454545456,22,failed_constraints
2005,6849629,14,summary,"Search for small‑molecule agents based on 2‑pyridazinone frameworks that block the glucose‑aldehyde pathway to mitigate diabetic nerve, eye, kidney, heart, and vascular damage, especially when combined with other metabolic modulators.",2,33,0,0.0,22,ok
2005,6849629,14,keyword,"Search for pyridazinone sulfones exhibiting suppressed aldose reductase activity combined with sorbitol dehydrogenase inhibition, for treating diabetic neuropathy, retinopathy, nephropathy, cardiomyopathy, micro‑ and macroangiopathy, plus cardioprotection, with formulations including prodrugs, salts, or co‑administration with adenosine agonists, NHE‑1 blockers, SSRIs, GABA agonists, antihypertensives, statins, PDE5 inhibitors, and glucose‑lowering agents.",3,51,3,0.075,40,failed_constraints
2005,6849629,14,function,"Search for novel pyridazinone derivatives that decrease sugar‑alcohol buildup, reduce metabolic stress, and alleviate diabetic neuropathy, retinopathy, nephropathy or cardiomyopathy, especially when combined with neuroprotective or antihypertensive agents.",2,29,0,0.0,20,ok
2005,6934013,10,summary,"Search for devices that use a miniature symbol formed by three intersecting lines as a strain gauge, where deformations of the symbol are detected by a sensor, processed by software, and directly translated into strain or fatigue measurements of the attached structure.",1,42,0,0.0,22,ok
2005,6934013,10,keyword,"Search for prior art on compressed symbology strain gauges using symbolic strain rosette targets that emit a detectable signal, coupled with sensor pre‑processing, data analysis software, and direct strain calculation on structures, including optical and piezoelectric detection for fatigue measurement.",3,41,3,0.1,30,failed_constraints
2005,6934013,10,function,"methods and systems for directly measuring deformation on a structure using a compressed geometric strain indicator defined by three intersection points, coupled to a sensor that pre‑processes emitted signals and software that interprets the geometry to compute strain",2,39,0,0.0,24,ok
2005,6970821,6,summary,"A system that dynamically selects and displays a telemarketing script, matching recognized customer speech and keyword context to a library of anticipated responses, and adapting subsequent scripted dialogue or pacing based on the degree of match.",1,36,0,0.0,21,ok
2005,6970821,6,keyword,"Method and system for real‑time conversational script guidance in telemarketing, using speech recognition to extract customer keywords, context parsing to assess information content, matching against a database of expected responses, selecting and concatenating auxiliary script segments, and adjusting pacing based on perceived receptiveness.",2,44,0,0.0,32,ok
2005,6970821,6,function,"Search for systems that dynamically select and display call scripts for telemarketers by recognizing customer response keywords, evaluating contextual information, matching to expected response templates, and adjusting script pacing based on caller receptiveness.",2,33,0,0.0,23,ok
2005,6924751,12,summary,"A method to efficiently transmit traffic alerts by adding structured supplementary data—including place descriptions and presentation content—after a standardized header and message, organized into classes with identifiers and packetized payloads carrying type and length information.",1,37,0,0.0,25,ok
2005,6924751,12,keyword,"Search for prior‑art on digitally encoded TMC traffic messages that include a leading header, a series of class‑identified information blocks each comprising packets with type IDs, length fields and payload, where one class holds presentation data.",1,38,0,0.0,27,ok
2005,6924751,12,function,"Digital traffic data broadcast employing a standard coding structure, header followed by multiple class‑tagged information blocks, including a place description block and a presentation block; each block contains type, length, and content fields.",1,34,0,0.0,26,ok
2005,6874000,10,summary,"High‑throughput food contamination assessment system that models consumer exposure across the supply chain, automates risk scoring using distribution data, and triggers timely trace‑recall decisions and early warnings by integrating statistical evolution, expert analytics, and real‑time event detection.",1,40,0,0.0,32,ok
2005,6874000,10,keyword,"search for systems modeling food supply chain contamination, statistical risk distribution, consumer risk evaluation based on contamination levels at each distribution stage, real‑time trace recall analytics, automated data‑driven event detection, multi‑stage distribution database, response‑time parameterization, interactive user interface for contamination modeling",2,45,0,0.0,39,ok
2005,6874000,10,function,"Search for systems that model food contamination spread in supply chains, using distribution data and response times, to provide real‑time risk assessments and early warning, enabling rapid recall effectiveness evaluation and event detection from fragmented data.",1,37,0,0.0,27,ok
2005,6939122,23,summary,"A conveyor fill shoe incorporating a porous, noncylindrical body positioned within the particle stream, permitting gas through micro‑pores and fluidizing the material around its shape.",1,26,0,0.0,18,ok
2005,6939122,23,keyword,"Search patents on conveyor feed shoe devices featuring a non‑cylindrical porous fluidizer body that allows gas to escape through micro‑pore walls, enabling particulate material to flow partially around the body within a fluidization channel.",1,36,0,0.0,27,ok
2005,6939122,23,function,Search for a conveyor fill shoe incorporating a non‑cylindrical porous fluidizer where the fluidized gas exits through a highly permeable wall and particulate material circulates around the body to improve mixing and distribution.,2,34,0,0.0,22,ok
2005,6905316,27,summary,"Search for turbocharger shaft design with two floating bearings that are mechanically linked to rotate together, ensuring equal speed relative to housing and preventing bearing seizure when external forces act on the drive end.",1,34,0,0.0,22,ok
2005,6905316,27,keyword,Search for turbocharger drive arrangements featuring a longitudinal shaft supported by two floating bearings—one adjacent to an exhaust‑gas‑driven turbine and one near a drive coupling to the engine output shaft—where the bearings are mechanically linked to equalize torque and mitigate seizure.,3,45,0,0.0,29,ok
2005,6905316,27,function,"Search for turbocharging systems that use two mechanically coupled floating bearings on a drive shaft, ensuring both bearings rotate at identical speed to transfer exhaust gas torque to an engine load and prevent bearing seizure.",1,35,0,0.0,24,ok
2005,6905047,26,summary,"Vertical rivet feed system with side-acting funnel and pivoting scissor‑clamp for positioning blind rivets into a charging head using pressure or vacuum to transfer, featuring lateral movement to align beneath a retractable riveting module for automated loading",3,39,0,0.0,27,ok
2005,6905047,26,keyword,"Device for vertically feeding rivets into a riveting module using a movable funnel, scissor‑like pivoting pincers that secure a mandrel, with optional vacuum or air pressure actuation into a nosepiece.",2,31,0,0.0,19,ok
2005,6905047,26,function,"Method for charging a vertically movable riveting module that employs a laterally shiftable funnel to feed blind rivets with upward mandrel, uses scissor‑like pivots to clamp or release the mandrel, and applies vacuum or pressurized air to position the rivet in a nosepiece.",2,44,0,0.0,27,ok
2005,6886442,26,summary,"Search for devices that use two-position plates to sequentially punch a backing sheet in CMP processes, where a first plate shields the film and a second plate with multiple punches passes through it in a coordinated motion.",2,38,0,0.0,22,ok
2005,6886442,26,keyword,"Search for prior art on a punching apparatus for chemical mechanical polishing (CMP) backing films featuring a movable base, an abutment first plate that transitions between positions to guide a second plate with multiple punches, where punches traverse the first plate to perforate the film.",1,45,0,0.0,29,ok
2005,6886442,26,function,"patents for apparatuses that hold flexible backing film, employ a sliding support plate that contacts the film, and a second plate with multiple punches moving to align with the support plate to perforate the film for CMP machine use.",1,39,0,0.0,23,ok
2005,6914704,2,summary,"Search for systems that adjust a laser beam's width via eccentric lens arrangements during angled incidence to maintain low wavefront distortion, applicable to holographic storage and readout.",2,28,0,0.0,19,ok
2005,6914704,2,keyword,Search holographic recording devices with obliquity‑corrected reference beams achieved via off‑center lens groups that adjust beam width with incidence angle and maintain low wavefront distortion on storage media.,3,30,3,0.13043478260869565,23,failed_constraints
2005,6914704,2,function,search for methods and setups that adjust beam width across varying incidence angles using laterally displaced lens units to produce low wavefront error holographic reference beams for high‑fidelity recording and playback.,2,32,0,0.0,24,ok
2005,6935154,26,summary,"Develop an automated system that uses a repositionable reference plate to precisely align variable‑length metal parts within a joggle die, then retracts the plate for die operation and restores it for rapid next‑part positioning.",2,36,0,0.0,24,ok
2005,6935154,26,keyword,"Search for metal forming apparatus that utilizes a movable back‑grade plate in a modular die for creating joggle features, with horizontal‑vertical adjustment, pre‑selected datum locking, and automatic back‑gauge retraction for repeatable workpiece positioning.",3,37,0,0.0,26,ok
2005,6935154,26,function,"What solutions allow a movable back gauge to precisely position variable‑length metallic workpieces in a joggle die system by independently adjusting horizontal and vertical alignment, locking for formation, then retracting for rapid cycle‑to‑cycle handling?",3,37,1,0.04,25,failed_constraints
2005,6904267,3,summary,"Search prior art for a multicarrier RF amplifier employing per‑carrier digital delay, orthogonal modulation, carrier‑offset processing, phase‑matched combining, power‑aware predistortion, and digital phase control to mitigate nonlinearity in the power amplifier.",2,35,0,0.0,27,ok
2005,6904267,3,keyword,"Search for patent disclosures describing a multi‑carrier RF amplifier that employs per‑carrier digital delay blocks, orthogonal modulation units, frequency‑upconversion stages, carrier‑offset processing, phase‑matched combining, power‑detector control, and predistortion‑based distortion compensation driven by detected power levels.",1,42,0,0.0,35,ok
2005,6904267,3,function,"RF multi‑carrier system using per‑carrier digital delay, orthogonal modulation, up‑conversion, carrier‑offset adjustment, phase alignment, power detection, amplification, and predistortion to cancel nonlinear distortion and minimize size and cost.",1,32,0,0.0,26,ok
2005,6855816,15,summary,"Develops a rapid, low‑endotoxin extraction of genetic material from complex samples using a potassium acetate buffer, isopropanol‑SDS solution, and silica matrix, yielding high‑quality oligonucleotides for efficient cell transfection and gene‑therapy applications.",2,35,0,0.0,26,ok
2005,6855816,15,keyword,"Search patents describing a nucleic acid purification technique using potassium acetate, SDS in isopropanol, and silica-based binders for endotoxin‑free DNA isolation, combined with kits containing lysis buffers and silica supports for transfection applications.",3,35,0,0.0,26,ok
2005,6855816,15,function,"Methods or kits for extracting DNA or oligonucleotides from biological material that use a potassium acetate buffer, an SDS‑containing alcohol solution, and a silica or silica gel matrix to bind nucleic acids, producing endotoxin‑reduced preparations for transfection or gene therapy.",3,42,1,0.037037037037037035,27,failed_constraints
2005,6973256,2,summary,"Search for patent disclosures using audio keyword spotting coupled with energy‑threshold analysis to pinpoint highlight segments in recorded video, specifying start and end boundaries around the keyword‑triggered moments, with user‑controlled adjustments.",1,34,0,0.0,25,ok
2005,6973256,2,keyword,"audio keyword localization combined with amplitude thresholding for highlight extraction in digital video playback devices, adjustable start/stop boundaries, multi‑segment energy monitoring, user‑modifiable highlight markers.",1,27,0,0.0,22,ok
2005,6973256,2,function,"search for methods or devices that detect video highlights by locating keywords in audio tracks and measuring audio energy levels above a threshold, then marking highlight start/stop points that a user can adjust in playback systems.",3,37,1,0.04,25,failed_constraints
2005,6854657,6,summary,"A dual‑battery smart card that supplies embedded circuitry with a primary non‑rechargeable cell for long initial storage and a rechargeable secondary cell for ongoing operation, featuring diode isolation to prevent cross‑discharge and host‑driven recharging.",3,38,2,0.07692307692307693,26,failed_constraints
2005,6854657,6,keyword,"Search for smart card architecture with a first long‑duration cell, a second rechargeable cell, diode isolation between cells, integrated power management circuitry, and volatile memory support for extended pre‑deployment storage.",2,32,0,0.0,24,ok
2005,6854657,6,function,"smart card with integrated dual battery system: a sealed primary power source for initial storage, a charged secondary rechargeable cell replenished from host power, isolation diodes preventing inter‑battery discharge, and circuitry selectively powering volatile and non‑volatile memory.",3,39,1,0.03333333333333333,30,failed_constraints
2005,6957838,25,summary,"Search for devices that stiffen structural trusses during crane‑lift operations, using removable stiffener bodies with bracketed attachments to bottom chords that increase axial rigidity and reduce flexing while the load is moved by spreader bars.",1,36,0,0.0,25,ok
2005,6957838,25,keyword,"Stiffening assembly for structural trusses featuring a removable stiffener body with bracketed attachments, a spreader bar, lifting lines, and a hanging mechanism that anchors to the truss bottom chord to suppress bending during crane movement.",3,35,0,0.0,23,ok
2005,6957838,25,function,"Searching for inventions enabling rigid, removable stiffening structures that attach to a truss bottom chord during crane‑lift transport, using spreader bars and lift cables to provide additional bending resistance and reduce flex‑induced damage.",1,35,0,0.0,26,ok
2005,6904299,3,summary,"Search for mobile phone feature that records which cell towers a specific contact number can be reached through, lists only contacts compatible with the current tower, and routes calls to the chosen tower automatically or via user selection.",2,38,0,0.0,25,ok
2005,6904299,3,keyword,"Investigate mobile communication device that logs contacts with indicators of reachable cellular towers, filters and presents only those contacts operable via a selected tower on the display, and initiates calls through the chosen tower.",2,34,0,0.0,23,ok
2005,6904299,3,function,"Mobile handset storing contact entries paired with allowable network access points, filtering displayed contacts based on current or configured access point, enabling automatic or manual selection of the link point for initiating communication, with user interface showing compatible contacts only.",2,40,0,0.0,30,ok
2005,6873998,6,summary,"Search for methods that use remote sensing imagery—such as satellite photos—to verify user or automated reports of geographic data inaccuracies, determine necessary corrections, and update a master geographic database accordingly.",1,32,0,0.0,22,ok
2005,6873998,6,keyword,"methods and workflows for correcting inaccuracies in a master geographic information system by retrieving error reports, locating feature coordinates, validating via satellite imagery, analyzing pixels to derive corrections, and programmatically updating the master dataset.",1,34,0,0.0,24,ok
2005,6873998,6,function,"Method for correcting geographic database errors via error reports, acquiring satellite imagery at indicated locations, analyzing images to determine precise corrections, and updating the master dataset accordingly.",1,27,0,0.0,20,ok
2005,6933347,17,summary,"Designing low‑pressure fluid tubes from a propylene blend that achieves a high flexural modulus (≈1,400–2,000 MPa) by combining a highly isotactic homopolymer with a short‑chain copolymer whose intrinsic viscosity ratio ranges 1.55–3, yielding controlled flow properties.",3,43,4,0.13793103448275862,29,failed_constraints
2005,6933347,17,keyword,"Search patents for tubes composed of a propylene homopolymer (~80–97 wt%) with isotacticity ≥0.96 blended with a statistical propylene copolymer containing moderate to high ethylene or C4–C8 alpha‑olefin, flexural modulus 1400–2000 MPa, melt flow 0.1–1 g/10 min, and intrinsic‑viscosity ratio B/A 1.55–3.",3,54,1,0.029411764705882353,34,failed_constraints
2005,6933347,17,function,"Search for polypropylene-based tubing compositions with high flexural modulus (≈1500‑2000 MPa), low melt flow index (<1 g/10 min), high isotacticity homopolymer content (≥80 wt %) blended with ethylene‑rich statistical copolymer (≥45 wt %) to enable low‑pressure fluid transport.",3,41,3,0.09090909090909091,33,failed_constraints
2005,6885173,1,summary,"In a two‑way voltage‑step switching system, how can an algorithm detect forward output current, maintain appropriate “turn‑off” and “turn‑on” gate signals on boost and buck devices, and identify a short fault when output does not rise?",2,40,0,0.0,28,ok
2005,6885173,1,keyword,"Search for diagnostic techniques for a bidirectional buck‑boost switching power converter employing separate buck and boost MOSFETs, each with a diode, where output current sensing and gating signal control detect short‑circuit states of the switching element or diode during forward current flow.",2,44,0,0.0,31,ok
2005,6885173,1,function,"methods for diagnosing an internal short fault in a bidirectional DC‑DC switch‑mode power supply by monitoring output current direction, applying selective turn‑off/turn‑on gating to boost and buck stages, and detecting lack of current increase to infer a shorted switch or diode",2,46,0,0.0,31,ok
2005,6945506,35,summary,"Search for a two‑part tubular connector that interlocks across a foam core, with a tie that secures the joint, used to mechanically bond two structural panels via the insulation layer.",2,31,0,0.0,19,ok
2005,6945506,35,keyword,"Connector assembly for double‑layer concrete panels with a central insulated core, featuring a spool‑shaped interlocking body made of two axial pieces, a fastening tie whose ends protrude beyond the insulation layer, and engagement surfaces that lock upon compression.",2,40,0,0.0,29,ok
2005,6945506,35,function,"Search for through‑insulation fastening system for composite walls with a middle insulating sheet, using two axially aligned connector elements that interlock, driven together, followed by a tie secured through the joined connectors, enabling structural bonding across the insulation layer.",2,40,0,0.0,29,ok
2005,6941222,10,summary,"Search for vehicle routing aids that infer a user’s intended destination when none is entered, by combining real‑time GPS and sensor data with prior trip history, time of day, and heading changes to display possible future waypoints.",1,39,0,0.0,25,ok
2005,6941222,10,keyword,"Vehicle navigation system predicting next destination using real‑time GPS and inertial sensor data combined with stored historical route segments and timestamp, with a server component updating prediction upon route deviation, and an interface providing candidate destination options on display.",1,40,0,0.0,30,ok
2005,6941222,10,function,"How can a vehicle navigation system automatically deduce a likely future destination based on the car’s present heading, recently recorded GPS traces, and prior trip routes, then display those predicted endpoints while allowing changes in direction or road network to refine the prediction?",2,44,0,0.0,32,ok
2005,6846482,15,summary,"Search for insect control methods using recombinant baculoviruses that express complementary RNA strands to silence essential pest genes, causing impaired feeding or death, without relying on conventional chemical pesticides.",2,29,0,0.0,22,ok
2005,6846482,15,keyword,"recombinant baculovirus vector expressing RNA duplexes under IE‑1/HR5, targeting pest essential or neurotransmission genes, delivered via occlusion bodies, enabling dsRNA‑mediated gene silencing in insect cells without productive infection, applicable to Heliothis or Lymantria pest control",2,38,0,0.0,31,ok
2005,6846482,15,function,"baculovirus engineered to express sense and antisense RNA under IE‑1 promoter for RNA interference in insect pests, inhibiting essential or neurotransmission genes, causing feeding arrest or death, including recombinant transfer plasmids and formulated pest control agents.",3,37,3,0.1111111111111111,27,failed_constraints
2005,6918030,6,summary,"Search for techniques where a compiler reorders memory load instructions to execute them speculatively ahead of time, uses a status flag to detect invalid accesses, and retries the load later without invoking exception or interrupt recovery.",1,36,0,0.0,23,ok
2005,6918030,6,keyword,"Search for compiler reordering techniques that advance a predicted memory read, use a fault‑tolerant status bit to hide page faults, then automatically redo the read before the original spot, avoiding trap handlers and cutting interrupt delay.",2,37,0,0.0,27,ok
2005,6918030,6,function,"Speculative relocation of memory load instructions ahead of their original program order, with a subsequent check instruction that verifies load success via status bit; if load fails, re‑executing the load speculatively before the original order without invoking exception recovery.",1,40,0,0.0,29,ok
2005,6887869,16,summary,"Query for newly synthesized mikanolide-type compounds bearing diverse alkyl, aryl, and ester substituents at R1–R3 positions, designed as anticancer and antiviral agents with a distinct synthesis route.",1,29,0,0.0,20,ok
2005,6887869,16,keyword,"Search for novel mikanolide derivatives with R1‑R3 substituents (hydroxy, alkyl, siloxy, carbamate), 5‑7 membered heterocycles, and antiviral or anticancer activity, including synthetic methods for lactone‑based structures with diverse protecting groups.",3,33,1,0.043478260869565216,23,failed_constraints
2005,6887869,16,function,"Identify prior art on lactone‑based molecules that inhibit cancer cell growth and viral replication, covering synthetic methods, structural modification strategies, and therapeutic assessment of mikanolide analogues.",2,27,0,0.0,20,ok
2005,6874203,28,summary,"Sawtooth wire lining for a carding machine doffer cylinder featuring a tooth‑back angle that steepens from base to tip, bends at two‑thirds height, a forward‑inclined breast <45°, improving fibre transfer to the stuffer cylinder and reducing drag.",1,40,0,0.0,27,ok
2005,6874203,28,keyword,"sawtooth wire, cylinder lining, fibre‑processing machine, dynamic back‑angle gradient from tooth base to tip, steep tooth back at tip, 2/3 bend location, carding device, doffer to stuffer transition, improved fibre take‑over, improved delivery to subsequent cylinder.",3,40,5,0.16129032258064516,31,failed_constraints
2005,6874203,28,function,"Wire with variable tooth back angle for cylinder lining that improves fiber transfer from doffer to stuffer by steep back near tip, breast angle below 45°, bend at two‑thirds height.",1,31,0,0.0,22,ok
2005,6860041,35,summary,"Dual conveyor system mounted on a vehicle chassis, each rotating helix comprised of three blades; two are co-axial while the mid blade is rotated 180°, funneling snow into a collector blower.",2,32,0,0.0,22,ok
2005,6860041,35,keyword,"Snow removal device comprising horizontally opposed rotating shafts, each supporting triple helical blades (outer, intermediate, inner) arranged on dual helical trajectories 180° offset; blades converge toward central blower housing to funnel snow into air supply system.",3,36,0,0.0,31,ok
2005,6860041,35,function,"Search for snow removal apparatus employing dual auger assemblies with outer/inward blades aligned along a shared spiral trajectory and alternating secondary blades 180° offset, driven toward a central blower chamber for efficient snow conveyance.",2,35,0,0.0,27,ok
2005,6956726,1,summary,"Search for a power protective apparatus that simultaneously guards against voltage spikes, leakage currents, and excessive load by sensing hot‑line and neutral currents, computing integrated energy over short and long periods, and shutting the supply upon threshold exceedance.",2,39,0,0.0,28,ok
2005,6956726,1,keyword,"AC power source switching device with surge suppression, leakage current detection via differential hot/neutral currents, and current‑overload protection using integrator energy thresholds; includes analog‑to‑digital conversion, short‑time and long‑time energy monitoring, integrated switching control for safe shutdown.",3,42,3,0.08571428571428572,35,failed_constraints
2005,6956726,1,function,"Search for an AC power protection system that automatically disconnects power by monitoring hot and neutral currents, detecting leakage via current difference, and computing short‑ and extended‑period energy integrals to trigger shut‑off during surges, leakage, or over‑current events.",2,41,0,0.0,30,ok
2005,6881998,8,summary,"Semiconductor device featuring an active region surrounded by isolation, a boundary‑thickened capacitance dielectric contacting the isolation, a spaced upper electrode, a lead conductor linking the electrode to an isolation pad, and through‑hole contacts whose pad‑area‑to‑lead‑width ratio is bounded to reduce parasitic capacitance.",1,48,0,0.0,33,ok
2005,6881998,8,keyword,"Search for semiconductor devices with a substrate comprising an active region surrounded by isolation, a thicker oxide boundary formed on impurity‑enhanced doped area, a top electrode separated from isolation, metal interconnects spanning oxide and isolation, and an interlayer dielectric with vias to pads, where pad‑area to interconnect‑width ratios are constrained.",3,53,0,0.0,34,failed_constraints
2005,6881998,8,function,"Searching for semiconductor structures that form insulated capacitance layers on conductive areas with peripheral boundaries contacting isolation zones, place vertical leads connecting surface pads through plated contact holes, and maintain area‑to‑width ratios to limit parasitic capacitance while using thicker oxidized films for enhanced impurity‑mediated diffusion.",3,48,0,0.0,38,ok
2005,6954847,6,summary,"A system translates a stream of CISC instructions into shorter RISC instructions by extracting variable‑length instruction bytes, aligning them, and arranging the resulting RISC chunks into intermediate and final buffers for efficient host processing.",3,35,3,0.13636363636363635,22,failed_constraints
2005,6954847,6,keyword,"Search for patents describing a translator circuit that converts CISC instruction streams into multiple RISC instructions using extract shifters and align latches, storing RISC instruction groups in dual buckets before issuing to a host CPU with a final buffer size limit.",3,41,1,0.034482758620689655,29,failed_constraints
2005,6954847,6,function,"Efficiently parsing variable-length CISC instruction streams, extracting sub-byte instruction sets, aligning them for accurate detection, and buffering segmented RISC-equivalent instructions in intermediate storage buckets to enable controlled, limited‑size issuance to a RISC core.",1,37,0,0.0,28,ok
2005,6966887,13,summary,"A temporary occlusive graft comprising a tube with a central peg and a pre‑weakened path that lets the tube be pulled apart into strands when tension is applied, allowing removal through the vessel before final connection.",1,37,0,0.0,22,ok
2005,6966887,13,keyword,"Search for a temporary fluid‑impervious vascular conduit system that uses a central protrusion inserted through a vessel opening, completes a partial anastomosis, and employs a removal tube that applies tensile force to a weakened continuous sheath for strandwise disassembly and extraction.",2,42,0,0.0,27,ok
2005,6966887,13,function,"Search for methods and devices that create a temporary, stretchable barrier inside a blood vessel, featuring a tube with a central spike that can be detached by pulling tension, allowing removal in a single strand without fully completing the vascular anastomosis.",3,41,1,0.04,25,failed_constraints
2005,6980639,3,summary,"Search for prior art on a method that enables a switching node to encode and transmit INAP messages to a control point by allocating dialogue identifiers, constructing TC primitives, and managing dialogue state transitions while automatically cleaning up relationship objects after call completion.",2,43,0,0.0,30,ok
2005,6980639,3,keyword,"Search for methods enabling INAP message construction, invoke and dialogue ID allocation, TC primitive generation, encoding, and TCAP‑based transmission between SSP and SCP, including dialogue state transitions, primitive execution, component sequencing, and relationship cleanup.",3,35,0,0.0,28,ok
2005,6980639,3,function,"In an intelligent network, a system generates and assigns dialogue and invoke identifiers, crafts transaction primitives, encodes and transmits INAP components over TCAP, then decodes inbound messages, resolves transaction contexts by ID, executes queued primitives and components, updates dialogue state, and cleans up after call completion.",2,46,0,0.0,35,ok
2005,6856881,31,summary,"Search for a method wherein a transmission system adjusts shift timing by weighting stored external tuning values against dynamic internal hydraulic parameters, dynamically modifying those tuning values to enhance responsiveness without exhaustive parameter interaction analysis.",2,35,0,0.0,28,ok
2005,6856881,31,keyword,"Automotive hydraulic transmission control system with memory storing adaptation values, processor weighting internal control variables based on stored adaptation levels, generating modified adaptation sets for robust actuator command, excluding or including terms by multivariate analysis for rapid on‑line adjustment.",2,40,0,0.0,31,ok
2005,6856881,31,function,"Search for methods of adaptive automatic transmission control that store external adjustment variables, evaluate their values to generate weightings applied to internal parameter calculations, and compute a modified external parameter set to produce shift logic outputs.",3,36,0,0.0,25,ok
2005,6916656,16,summary,"search for methods applying time‑varying, non‑linear amplitude electric fields that align and compress cells before fusion or electroporation pulses, using stepped, continuous or sigmoidal waveforms to enhance membrane contact.",1,31,0,0.0,23,ok
2005,6916656,16,keyword,"Search for prior art on treating cells with a time‑varying, nonlinear pre‑fusion electric field that aligns and compresses cells before applying a fusion or electroporation pulse, using stepped, continuous, or sigmoidal amplitude changes.",3,35,3,0.125,24,failed_constraints
2005,6916656,16,function,"Search for patents describing a technique where biological cells are subjected to a time‑varying electric field whose amplitude changes non‑linearly, aligning and compressing the cells to enhance inter‑cellular contact before employing a subsequent cell‑merging or electroporation pulse.",3,41,2,0.07142857142857142,28,failed_constraints
2005,6851414,27,summary,"Search for diesel engine systems that use a cooling step before a chemical filter in the recirculated exhaust line and near the intake to neutralize acids, plus an oil filter that neutralizes remaining acids, to prolong lubricant life.",2,38,0,0.0,24,ok
2005,6851414,27,keyword,"Search for diesel engine configurations that employ EGR stream filtration, a heat exchanger cooling to elevate relative humidity above 20 %, chemical acid‑neutralizing filters upstream of the intake manifold, and complementary oil filters within the lubrication system to prolong engine oil life.",1,42,0,0.0,31,ok
2005,6851414,27,function,"Looking for devices that place acid‑depleting filters in a diesel engine’s recirculated exhaust stream and use an upstream cooler to lower temperature, raise humidity, and combine with an oil filter that neutralizes acids for extended lubrication.",2,38,0,0.0,23,ok
2005,6905146,31,summary,"Method to fabricate a chemically resistant pipe flange by partially removing the interior wear film of a pipe's end and inserting a matching internally coated tubular fitting that flushes against the residual coating, thereby forming a durable, corrosion‑resistant joint to another fitting.",1,44,0,0.0,29,ok
2005,6905146,31,keyword,"Search for pipe fittings having an internally coated section that is abrasion-resistant, where the pipe interior is stripped to form an annular recess for a coating‑lined fitting component that inserts flush into the recess, creating a continuous wear‑resistant interface.",2,42,0,0.0,25,ok
2005,6905146,31,function,"Pipe with a chemically‑resistant inner coating, an engineered recess to accept and anchor a similarly coated tubular fitting, ensuring a flush interior interface for seamless, corrosion‑tolerant joints in chemical transport systems.",1,33,0,0.0,22,ok
2005,6975273,2,summary,"Search for portable communication device where an externally projecting antenna housing contains a front‑facing imaging module, integrating the antenna and camera to reduce bulk and weight while enabling rotational alignment for optimal photo capture.",2,35,0,0.0,24,ok
2005,6975273,2,keyword,"Search patents describing portable mobile phones with a protruding antenna module connected by a feed line and containing a lens unit electrically linked to the main chassis, enabling external subject imaging while the antenna‑lens assembly rotates about its longitudinal axis for size and weight savings.",3,46,1,0.03125,32,failed_constraints
2005,6975273,2,function,"Searching for portable communication devices with a protruding, rotatable antenna housing that incorporates an imaging module, enabling external photography without extra bulk, thus reducing size and weight while maintaining signal transmission.",2,31,0,0.0,23,ok
2005,6966579,32,summary,"Search for a vehicle safety system that uses a roof-mounted inflatable seat cushion tethered by a multi-zone line, which detaches from the vehicle and the cushion after inflation to allow the cushion to project further when impact force exceeds a set threshold.",1,44,0,0.0,26,ok
2005,6966579,32,keyword,"Search for roof-mounted, inflatable-seat‑airbag assemblies featuring elongatable tethers with frangible and secure attachment zones, a detachable filling duct bonded to an air‑gun guide, and a force‑triggered release enabling full tether extension away from the vehicle.",3,40,0,0.0,28,ok
2005,6966579,32,function,"Search for systems that deploy an inflatable cushion tethered to a vehicle via a frangible attachment that separates upon inflation, allowing the cushion to extend beyond a vehicle‑mounted anchor by releasing an extensible tether.",2,35,0,0.0,21,ok
2005,6841221,21,summary,"Search for processes creating durable textured coatings by embedding heat‑activated microcapsules in a resin matrix, where heating triggers capsule expansion to produce a surface texture while preserving wear resistance.",1,30,0,0.0,21,ok
2005,6841221,21,keyword,temperature‑triggered expansion of polymer‑shell micro‑balloons containing blowing agent within a PVC plastisol coating—gelation temperature matched to capsule expansion—to produce a 0.1–4 wt% textured surface on a substrate while maintaining wear‑resistance,1,38,0,0.0,26,ok
2005,6841221,21,function,"Search for methods that incorporate heat‑activated microcapsules or polymer‑sealed blowing agents into a coating applied to a substrate, causing expansion during curing to produce a textured, wear‑resistant surface.",1,31,0,0.0,20,ok
2005,6956206,23,summary,"System and method for atmospheric electron ionization mass spectrometry using a radioactive nickel‑63 emitter, where electrons travel through a tubular drift region to collide with analyte molecules before detection, enabling efficient negative ion formation and selective mass analysis.",3,39,1,0.034482758620689655,29,failed_constraints
2005,6956206,23,keyword,"Negative atmospheric pressure ionization mass spectrometer with a nickel‑63 electron source, a drift tube of 5–15 mm diameter and 25–100 mm length, where electrons react with analyte before passage into a selected‑ion mass analyzer.",3,38,12,0.46153846153846156,26,failed_constraints
2005,6956206,23,function,Search for negative ion atmospheric pressure ionization mass spectrometry systems employing a radionuclide ion source that delivers electrons into a drift tube for sample-electron interaction before mass spectrometric detection.,3,30,5,0.22727272727272727,22,failed_constraints
2005,6940770,6,summary,Search for techniques assigning row/column pre-charge sequences with timing circuits ensuring heavily loaded selection lines are charged before activating the other lines for memory array cell selection.,3,29,0,0.0,22,ok
2005,6940770,6,keyword,"Search for techniques using adaptive delay circuitry to pre‑charge isolated row and column selection lines in a DRAM array, wherein heavily loaded lines are automatically timed, and cell output is sensed by threshold‑based sense amplifiers.",3,37,0,0.0,26,ok
2005,6940770,6,function,"Search for memory array access techniques that use address splitting into row/column, precharge of select lines, and dynamic delay to ensure fully charged heavy-loaded lines before sense amplification.",1,30,0,0.0,22,ok
2005,6911470,14,summary,"A method for treating mammalian retroviral infections using orally or parenterally administered polyoxometalate salts, where the anionic cluster contains tungsten, silicon, or phosphorus combined with alkali, ammonium or protonated amino‑acid cations, exhibiting antiviral efficacy against retroviruses.",1,37,0,0.0,27,ok
2005,6911470,14,keyword,"Search for polyoxometalate antiviral agents using alkali or organic cations (K, Na, NH4+, arginine, lysine, histidine) complexed with heteropoly acids like SiW12O40, BW12O40, PW9O34, or transition‑metal substituted clusters for retroviral treatment.",1,32,0,0.0,24,ok
2005,6911470,14,function,"Search for antiviral agents comprising polyoxometalate complexes carrying alkali metal or amino‑acid cations, specifically formulations that target retroviral infections through polyoxometalate clusters containing potassium, sodium, ammonium, histidinium, argininium, lysinium and transition‑metal elements.",1,34,0,0.0,28,ok
2005,6869379,31,summary,"A gearbox with dual parallel drives—a stepped unit and a summing unit featuring a clutch with interconnectable friction plates—controls gear ratios, enabling low‑range shifts and a top‑gear transition while minimizing power backflow through shiftable friction coupling.",3,40,0,0.0,29,ok
2005,6869379,31,keyword,"automatic variable‑speed transmission featuring dual parallel gear paths, one multi‑step ratio system and a summing unit with a dual‑friction clutch for start‑up and central synchronization, employing shift linkages to adjust torque coupling across low‑to‑high gear ranges.",3,42,3,0.09375,32,failed_constraints
2005,6869379,31,function,"Variable speed gearbox employing dual parallel subsystems, one with multiple gear ratios, the other a summed ratio with a friction clutch enabling low to high gear transitions and precise torque modulation with minimal power loss during shifting and starting.",2,39,0,0.0,28,ok
2005,6860288,10,summary,"system that automatically shuts off water, gas, and electricity in a building when sensors detect abnormal flow and occupancy, using a processor to control valve switches based on combined sensor inputs.",1,31,0,0.0,20,ok
2005,6860288,10,keyword,"Search for automated utility shut‑off systems that integrate flow sensors and occupancy detectors, bias toward an open position, actuate on abnormal events, using programmable processors to control water, gas, and electric main utility lines.",3,35,3,0.11538461538461539,26,failed_constraints
2005,6860288,10,function,"Search for automated building utility control systems that use flow‐sensing on water, gas, and electrical mains combined with occupancy detectors, where a processor signals bias‑open shut‑off valves or switches to close when simultaneous sensor indications reveal an abnormal event, preventing utility passage.",1,45,0,0.0,32,ok
2005,6922009,1,summary,"Search for an electric lamp design where a plastic coupling element with cam‑gear arms engages lamp vessel indentations and threads onto a screwed shell cap, allowing electrical contacts to align directly with lamp conductors without heat‑bonding—reducing assembly time and energy.",2,43,0,0.0,31,ok
2005,6922009,1,keyword,"Search for electric lamp designs featuring a blown‑glass bulb having a fused stem and a transverse‑indented base, a screw‑threaded metal shell with multiple contacts, and a polymer coupling member bearing cams that engage the indents for assembly without heating.",2,42,0,0.0,28,ok
2005,6922009,1,function,"Search electric lamps where a synthetic resin coupling with cams fits into glass vessel indentations and screws into cap shell, allowing direct electrical conductor contact without thermal fitting.",2,28,0,0.0,20,ok
2005,6947250,2,summary,"High‑speed disk servo locking achieved by an upper processing unit that predicts head‑to‑disk positional data from management files, enabling rapid servo lock execution without waiting for the lower controller’s lock routine.",3,35,0,0.0,25,ok
2005,6947250,2,keyword,"look for hard disk drives having a dual‑layer architecture in which a supervisory processor uses head‑position tables to calculate predicted servo‑tracking values, storing them in a fast buffer to allow head positioning before the main controller initiates alignment.",2,41,0,0.0,28,ok
2005,6947250,2,function,"Search for disk storage systems where a supervisory processor predicts servo positioning data from disk control tables, stores those values for rapid head alignment, and enables high‑speed lock operations without needing to wait for the drive controller.",2,38,0,0.0,27,ok
2005,6911794,1,summary,Search for adaptive cruise control for electric vehicles that dynamically selects current waveform profiles and adjusts the phase lead relative to back‑EMF to maintain target speed across varying driving conditions.,3,31,1,0.045454545454545456,22,failed_constraints
2005,6911794,1,keyword,"Multiple-phase electric machine control method with adaptive phase advance angle adjustment between control current and back‑EMF, selecting waveform profiles based on actual and desired vehicle speed signals and operating condition inputs, generating control signals for motor phases to maintain target speed.",3,43,9,0.2647058823529412,34,failed_constraints
2005,6911794,1,function,"Find prior art for electric‑vehicle cruise‑control that adapts motor current waveforms and a phase‑shift adjustment to keep a target speed under changing conditions, selecting appropriate current profiles and modifying them when the phase‑shifted current fails to deliver needed torque.",3,43,0,0.0,30,ok
2005,6867720,10,summary,"Looking for imaging systems that employ high‑rate delta‑sigma oversampling, dynamically delay‑registered samples for beam steering, and delta‑sigma re‑modulation and summation to produce reduced distortion and accurate range‑dependent intensity.",1,34,0,0.0,25,ok
2005,6867720,10,keyword,"High‑sample‑rate delta‑sigma modulated ultrasound data retrieved from memory, dynamically delayed in a transmit/receive register to steer an array beam, detecting reflected echoes, re‑modulating, then summing depth‑dependent samples for range‑dependent intensity estimation.",3,38,1,0.03333333333333333,30,failed_constraints
2005,6867720,10,function,"Search for patents on ultrasound imaging that use oversampled delta‑sigma modulation, dynamically delay sample streams for beam steering and receive focusing, and sum demodulated values to generate range‑dependent signal intensity while preserving modulator‑demodulator synchrony.",3,37,1,0.03571428571428571,28,failed_constraints
2005,6868126,4,summary,"Search for prior art on Gaussian pulse modulation of serialized binary data where each pulse is weighted by a complex exponential term j^k, summed across bit indices, with pulse width scaled by a spread factor and timing by symbol period.",1,41,0,0.0,25,ok
2005,6868126,4,keyword,"Search digital modulation schemes employing time‑shifted Gaussian pulse shaping with complex basis j^k, where each bit’s data function F(k) is multiplied by a Gaussian kernel h(t−kT) and summed to form the transmission signal.",1,39,0,0.0,22,ok
2005,6868126,4,function,"Search for methods and devices that modulate serialized digital bits by multiplying each bit with a time‑shifted Gaussian envelope and a complex exponential factor, then summing the results to form a continuous transmission signal.",1,35,0,0.0,22,ok
2005,6839400,13,summary,"Compute tomography reconstruction method using a rotating focal spot with conical fan beam, matrix detector, tangent‑direction filtering, and voxel‑normed 3‑D backprojection to assemble slice layers.",1,28,0,0.0,20,ok
2005,6839400,13,keyword,"Computed tomography image reconstruction with moving focal point along circular trajectory, fan‑ray detector array, tangent‑direction filtering of conical emission data, voxel‑based normalization, 3D backprojection to generate slice thickness, absorption coefficient mapping.",3,34,0,0.0,29,ok
2005,6839400,13,function,"3‑D computed tomography using a conical fan beam from a moving focal spot along a circular focal path, where detector matrix data is filtered along the tangent direction and voxel‑level normalization is applied before 3‑D backprojection to generate layer‑by‑layer absorption slices.",1,46,0,0.0,29,ok
2005,6837980,21,summary,"Search for aqueous plating baths that simultaneously deposit zinc and chromium onto metal substrates using hydroxide ions and non‑sodium/non‑potassium cations, such as rubidium, to balance charge and generate flakey Zn/Cr coatings.",2,35,0,0.0,26,ok
2005,6837980,21,keyword,"Search for aqueous electroplating baths that co‑deposit zinc and chromium on metallic substrates, featuring hydroxyl ions, rubidium or other non‑sodium or non‑potassium alkali or alkaline‑earth ions to balance OH⁻ and producing flake‑like coatings.",2,38,0,0.0,27,ok
2005,6837980,21,function,"Searching for zinc‑chromium codeposition on copper or copper alloys using an aqueous bath containing hydroxide ions and alkali metal ions (excluding Na and K), such as rubidium, applied by electroplating current to yield a flake‑like coating.",3,38,2,0.08,25,failed_constraints
2005,6850887,6,summary,"Searching for speech‑recognition techniques that reject background noise by measuring audio energy, normalizing the level, computing a word match score, and combining both metrics to decide if a spoken word should be accepted.",1,34,0,0.0,22,ok
2005,6850887,6,keyword,"Method and apparatus for noise‑robust speech recognition using audio energy assessment, energy normalization, word‑hypothesis scoring, and an acceptance decision based on combined energy level and similarity metrics.",1,29,0,0.0,21,ok
2005,6850887,6,function,search for devices or algorithms that assess audio power levels and phoneme match scores to filter background noise and accept spoken words only when confidence exceeds a threshold for robust recognition.,3,31,0,0.0,20,ok
2005,6913846,1,summary,Search for a fuel cell system that incorporates a shift reaction catalyst placed along the reactant path inside the cell to convert toxic carbon monoxide into benign gases while operating at elevated temperatures.,3,33,2,0.09090909090909091,22,failed_constraints
2005,6913846,1,keyword,"Search for an electrochemical fuel device featuring a flow distributor plate, an internal CO–H₂O conversion catalyst distinct from the main electrode, mounted on the gas transport layer, operating around 200–400 °C to remove CO.",3,36,0,0.0,23,ok
2005,6913846,1,function,"fuel cell with integrated shift catalyst on reactant circulation path, operating at fuel cell temperature, enabling conversion of CO and H2O into CO2 and H2, preventing CO poisoning of the fuel electrode and improving fuel cell performance",3,37,1,0.04,25,failed_constraints
2005,6912404,4,summary,"Search for a technique that monitors received signal noise‑to‑power ratios and overall power, models ratio changes over a time window, and compares the result to a set threshold to decide a transmission power adjustment command.",2,37,0,0.0,23,ok
2005,6912404,4,keyword,"Search for methods measuring the noise‑to‑power ratio in signals received from wireless terminals, estimating this ratio over successive time intervals, and comparing the estimate against a preset threshold to enable power‑control adjustments in cellular RF systems.",2,39,0,0.0,26,ok
2005,6912404,4,function,"Search for methods of radio power control using noise‑to‑power ratio estimation, comparing measured and historical signal levels, and generating a control bit by thresholding the estimated ratio over a time window.",1,33,0,0.0,22,ok
2005,6899246,25,summary,"Search for consumer product containers that use a stretchable body with peripheral grooves and a rigid top cap featuring protrusions or tabs that lock in place, requiring an axial twist to release and dettach the cap for secure shipping and controlled access.",2,42,0,0.0,25,ok
2005,6899246,25,keyword,"search for deformable vertical container body with peripheral grooves and a rigid end cap featuring protruding beads or tabs that lock into grooves, allowing axial twist to disengage and remove the cap, used for consumer product packaging and display.",1,39,0,0.0,25,ok
2005,6899246,25,function,"Search for consumer product containment containers with deformable vertical bodies that include peripheral grooves and rigid end caps with projections or tabs that engage the grooves, allowing access only after axial twisting to disengage the locking mechanism and enable vertical removal.",2,41,0,0.0,28,ok
2005,6980694,2,summary,"How to multiplex multiple encoded video streams onto one decoder using buffer‑based switching and motion‑vector guided selection, enabling concurrent decoding of several channels from a single transport stream.",1,30,0,0.0,23,ok
2005,6980694,2,keyword,"Search for systems incorporating a demultiplexer separating multiple video transport stream channels, buffering via VBV units, selecting decoded frames through motion‑vector driven switches, and feeding encoded video into a shared decoder operated on a time‑division basis, with post‑decoding storage in channel‑specific picture memories controlled by a display controller.",3,52,1,0.02564102564102564,39,failed_constraints
2005,6980694,2,function,"Searching for multi‑stream demultiplexing devices that buffer separate picture streams per channel, use motion‑vector‑driven selection of frames, decode only selected streams, store decoded frames, and output synchronized multi‑view displays from a single decoder.",2,37,0,0.0,29,ok
2005,6922811,6,summary,"Search for a simplified Chinese character input system using a nine‑key keypad arranged in a 3x3 lattice, mapping initial stroke patterns to numbers and requiring only a single or double tap to locate radicals, enabling rapid character entry on computers or phones.",2,43,0,0.0,29,ok
2005,6922811,6,keyword,"Search for prior art on a Chinese character input system using a 3×3 keypad where keys 1–9 map to nine basic stroke shapes, with a JiuGong radical lattice, enabling monolithic characters by two key presses and bifurcated characters by three, on mobile or desktop platforms.",1,47,0,0.0,28,ok
2005,6922811,6,function,"Searching for keyboard input methods that use a 3×3 grid of digits 1–9 to represent initial stroke shapes of Chinese characters, where a second or third digit selects a radical, allowing monolithic characters in two key presses and composable characters in three, achieving high input speed.",2,48,0,0.0,29,ok
2005,6898693,6,summary,"Search prior art for processor loop acceleration that preloads initial instruction chunks into a dedicated buffer during the first iteration, then during later iterations issues buffered instructions while concurrently fetching remaining loop instructions from memory, avoiding extra cache cycles and minimizing power.",1,42,0,0.0,33,ok
2005,6898693,6,keyword,"Investigate processor designs featuring loop acceleration circuitry that loads a leading set of loop instructions into a buffer on the first iteration, then overlaps fetching of subsequent instructions from SRAM using an address register while the buffered set is issued, bypassing the typical fetch stage.",2,45,0,0.0,30,ok
2005,6898693,6,function,"Searching for processors that load a portion of a loop into dedicated loop buffers during the initial iteration, then issue cached loop instructions on subsequent passes while fetching the remaining instructions from main memory in parallel, to reduce stalls and energy.",2,41,0,0.0,26,ok
2005,6889277,6,summary,"Search for systems that adapt network interface interrupt thresholds in real‑time by analyzing recent packet counts and timing trends, automatically tuning maximum packets or latency delays to optimize host interrupt rates without reinitializing the NIC.",2,36,0,0.0,26,ok
2005,6889277,6,keyword,"search for dynamic interrupt coalescing control in a NIC, adjusting packet threshold and latency based on real‑time packet count trend, fallback counter, and trend value to optimize interrupt generation without reinitialization.",1,32,0,0.0,23,ok
2005,6889277,6,function,"Search for methods that dynamically modify packet coalescing limits and maximum wait times on a communication link, using traffic trend analysis and fallback resets, to optimize interrupt generation without interface reinitialization.",2,31,0,0.0,22,ok
2005,6874671,26,summary,"Search for a soldering iron that uses a catalyst-driven complete combustion of fuel gas to heat a tip, with an outer exhaust conduit, an electroconductive handle linked to the tip, and ionized combustion products that neutralize static charges on operator or parts without a dedicated charge dissipation device.",1,49,0,0.0,30,ok
2005,6874671,26,keyword,"Search for a soldering iron featuring a combustion catalyst that achieves complete fuel‑air combustion, an ionized exhaust gas channel encircling the heated tip, a gas conduit guiding exhaust to the tip’s top, and an electroconductive grip electrically linked to the tip for operator charge neutralization.",1,47,0,0.0,30,ok
2005,6874671,26,function,"Search for soldering instruments that eliminate static charges on operators or substrates by using ionized combustion gases from an integrated catalytic burner, with conductive grip-to-tip connection and exhaust conduits surrounding the tip.",1,34,0,0.0,21,ok
2005,6903218,14,summary,"sulfonamide‑functionalized chroman molecules targeting β3‑adrenergic receptors for treating metabolic disorders such as obesity or type 2 diabetes that act as agonists or antagonists to modulate lipolysis, glucose uptake, and energy expenditure.",1,33,0,0.0,21,ok
2005,6903218,14,keyword,"Search for β3‑adrenergic receptor modulators featuring sulfonyl‑substituted chroman cores with diverse R groups, including alkyl, aryl, heteroaryl, and N‑substituted sulfonyl moieties, and assess therapeutic leads for obesity, lipid metabolism, and insulin sensitivity.",2,35,0,0.0,24,ok
2005,6903218,14,function,"Find patents describing sulfonyl or amide‑functionalized chroman derivatives that act as β3‑adrenergic receptor agonists or antagonists for treating metabolic, cardiovascular, or obesity‑related conditions, focusing on chemical skeleton modifications and pharmacologic profiling.",2,34,0,0.0,23,ok
2005,6876206,10,summary,"Automatic test system for measuring resistors in telecommunications devices, employing a base‑mounted plug mechanism that selectively engages front and rear ports via actuated cylinders, controlled by a processor that selects test sequences, applies current, measures voltage difference, compares to standard ranges, and outputs results.",1,45,0,0.0,33,ok
2005,6876206,10,keyword,"Search for automated resistor testing systems for telecommunication interfaces featuring bed mounting, front and rear port cylinders, an ohmmeter measuring voltage difference, a processor‑driven test sequence selector, relay integration, and dual‑sensor start triggers.",3,35,1,0.037037037037037035,27,failed_constraints
2005,6876206,10,function,"Search for prior art on automated resistor‑testing apparatuses that grip telecom jacks, employ actuated test plugs or cylinders, a controller selecting preset test sequences, measure voltage differential with an ohmmeter, compare to predetermined ranges, and display pass/fail, initiated when two sensors trigger.",1,44,0,0.0,32,ok
2005,6952484,6,summary,"Search for systems that encode images to highlight color‑specific elements, locate a colored‑pattern mark, convert its positions into radial or angular spatial signatures using annular masks, and compute a confidence score by comparing to a known signature set.",1,40,0,0.0,26,ok
2005,6952484,6,keyword,"Search for image watermark detection techniques using color‑coded element arrays, annular pixel masks, radial angular feature extraction, encoded image resolution processing, and spatial feature correlation for confidence‑level evaluation.",1,30,0,0.0,25,ok
2005,6952484,6,function,"image processing to locate color‑specific marker elements, encode image at fixed resolution, mask pixels, extract radial angular spatial signatures, compare against database signatures to compute confidence for marker detection.",1,30,0,0.0,24,ok
2005,6897323,14,summary,"Search for processes that synthesize highly enantiomerically pure lactam–propanoic acid compounds via multi‑step routes, including asymmetric hydrogenation, in‑situ halogenation, phosphinate activation and aldehyde coupling, aiming at pharmaceutical derivatives and cost‑effective production.",3,35,2,0.07407407407407407,27,failed_constraints
2005,6897323,14,keyword,"Search for lactam‑substituted propionic acid analogues prepared via in‑situ halogenation of lactam‑enamides followed by phosphite phosphonation and base‑catalysed aldehyde condensation, focusing on asymmetric hydrogenation intermediates and diverse alkyl/aromatic substitution patterns.",3,35,0,0.0,26,ok
2005,6897323,14,function,"Search for in situ multistep processes forming chiral lactam intermediates through halogenation, phosphonation, and base-catalyzed aldehyde condensation, enabling efficient production of pharmaceutical lactam derivatives.",1,25,0,0.0,19,ok
2005,6975999,7,summary,"Search for software methods that let users draw a polygon on a digital map, automatically identify enclosed sales territories, highlight the current representative assignments, and allow reassignment updates stored in a database.",1,32,0,0.0,21,ok
2005,6975999,7,keyword,"Interactive GIS platform that captures user‑drawn closed boundaries on a map, identifies contained geographic units, highlights them, displays associated sales representatives, and updates stored assignment data in a microprocessor‑controlled system via an input device.",1,36,0,0.0,26,ok
2005,6975999,7,function,"Computer‑implemented method for managing sales‑representative territories that uses a map interface where a user traces a closed shape to automatically identify, highlight, and reassign underlying geographic units to new representatives in a database.",1,35,0,0.0,22,ok
2005,6909359,13,summary,Wireless drug reminder system delivering personalized medication alerts to individual receivers using targeted RF signals from a centralized server that securely filters notifications by patient identifier.,2,26,0,0.0,19,ok
2005,6909359,13,keyword,"Search for prior art of patient‑specific medication reminder systems featuring a central connectivity server that emits electromagnetic radiation alerts over a wide‑area network to portable, patient‑assigned receivers equipped with selective filtering and on‑device visual displays for prescription instructions.",3,42,3,0.1,30,failed_constraints
2005,6909359,13,function,"Describe a system that gathers prescription schedules from pharmacy data, assigns unique identifiers to patients, and wirelessly delivers personalized medication reminders via portable receivers that filter signals to display only the patient’s own alerts at scheduled times.",2,38,0,0.0,26,ok
2005,6901843,32,summary,"Search for a brake booster using a sealed partition and dual‑spring reaction system that modulates driver input to generate precise hydraulic output, integrating a vacuum chamber, movable gear, and series springs for controlled brake application.",1,36,0,0.0,25,ok
2005,6901843,32,keyword,"vacuum‑activated brake bias system with a sealed mobile partition between front vacuum and rear high‑pressure chambers, a brake rod, a gear‑mounted dual‑spring reaction assembly that amplifies output force during deceleration.",2,34,0,0.0,26,ok
2005,6901843,32,function,"Search designs for vacuum-assisted brake boosters that transmit input forces through a movable partition with sequential spring reaction devices, increasing output force to achieve precise brake application while regulating input load via spring compression.",2,35,0,0.0,28,ok
2005,6899410,28,summary,"Inkjet printer that uses a gas‑flow droplet deflector to separate varying sized droplets while the same gas plenum delivers cleaning fluid to the printhead, integrating deflection and cleaning functions and supporting multi‑volume droplet ejection.",1,36,0,0.0,26,ok
2005,6899410,28,keyword,"Inkjet printing system with integrated droplet deflector and cleaning station, nozzle ejects multiple droplet volumes, pneumatic deflector uses a pressurized gas source via plenum to separate volumes and cycle cleaning fluid/gas over printhead for maintenance.",3,36,2,0.07142857142857142,28,failed_constraints
2005,6899410,28,function,Search for ink jet printers that use a gas flow deflector integrated with a plenum to separate differently sized droplets while simultaneously delivering a cleaning fluid stream to maintain the printhead without excessive downtime.,2,34,0,0.0,23,ok
2005,6862793,26,summary,"Search for a riveting device that uses a pressure pad and a die actuated by a shared hydraulic supply, with differing piston areas to vary holding and forging forces.",2,29,0,0.0,16,ok
2005,6862793,26,keyword,"Search for hydraulically actuated riveting assembly featuring a smaller-area downstream piston and a larger-area die piston driven by common hydraulic source, using a pressurised bearing member, rivet insertion mechanism, sheet‑to‑sheet joining, and load‑proportional clamping.",3,39,0,0.0,29,ok
2005,6862793,26,function,"Search for hydraulic riveting machines where a single fluid supply actuates a smaller clamping piston and a larger forging piston, enabling proportional but unequal holding and riveting forces for joining sheet metals.",1,32,0,0.0,21,ok
2005,6900594,32,summary,"Automatic vehicle lighting system that adapts on/off thresholds by averaging ambient brightness sensed from multiple directions, incorporating driving speed and directional illumination, to reliably trigger night‑time lighting and deactivate daylight illumination while minimizing false activations.",1,37,0,0.0,28,ok
2005,6900594,32,keyword,"Search for prior art on automotive exterior lighting control using dual‑ or triple‑cone ambient light sensors, adaptive on/off thresholds based on measured H_amb, driving‑speed‑averaged weighting, time‑interval gating, and coaxial sensor axes for illumination switching.",1,39,0,0.0,30,ok
2005,6900594,32,function,"Search for vehicle lighting control systems that automatically toggle headlights based on measured ambient brightness averaged over time, adjusting activation thresholds by vehicle speed, and employing multiple sensors with differing cone angles to determine when to turn lights on or off.",2,41,0,0.0,28,ok
2005,6979578,10,summary,"look for methods using broadband optical reflectance spectra to infer substrate fabrication parameters, employing region‑based weighted sums—coherent thin‑film calculations for low wavelengths and effective homogeneous layer approximations for higher wavelengths—to trigger process completion.",2,37,0,0.0,29,ok
2005,6979578,10,keyword,"Search for broadband optical metrology of patterned wafers, where the reflected spectrum is fitted by a weighted superposition of coherent layer responses below a transition wavelength and homogenized multilayer responses above, to infer process parameters and trigger an end‑of‑process signal.",2,42,0,0.0,26,ok
2005,6979578,10,function,"Search for an optical process control method that uses broadband reflectance spectroscopy on patterned substrates, models spectra as weighted sums of regional reflectances, applies coherent interference calculations for short wavelengths, and employs a homogenized multilayer approximation for longer wavelengths to derive process parameters by fitting.",2,45,0,0.0,31,ok
2005,6971650,32,summary,Search for vehicle monocoque structures composed of carbon‑fiber reinforced plastic incorporating integrated aluminum conductors with internal voids for mass saving in both body design and manufacturing processes.,2,28,0,0.0,20,ok
2005,6971650,32,keyword,"Search for vehicle monocoque structures using carbon‑fiber reinforced plastic composites integrating laminated aluminum conductors with through‑holes for weight reduction, focusing on methods of embedding conductors during composite layup and design of lightweight automotive shell panels with embedded electrics.",1,40,0,0.0,30,ok
2005,6971650,32,function,"Search for integrated vehicle monocoque structures made from carbon‑fiber reinforced plastic that embed aluminium conductors laminated into the composite, enabling lightweight, internally routed wiring systems and overall chassis mass reduction.",3,31,1,0.043478260869565216,23,failed_constraints
2005,6925799,31,summary,"Search for hydraulic actuator speed regulation systems that use a multi-stage inclination adjustment device controlled by a valve with high, intermediate, and low speed zones to achieve variable speed output.",2,31,0,0.0,21,ok
2005,6925799,31,keyword,"Search for hydraulic actuator speed‑control systems featuring a multi‑step adjustment valve with discrete zones—high, intermediate, low—controlling operation oil to a multi‑step inclination piston, driven by signal pressure and set‑pressure thresholds, including a directional valve and source supply.",3,43,2,0.0625,32,failed_constraints
2005,6925799,31,function,"Search for hydraulic velocity regulation devices employing a multi‑stage pressure valve to sequentially adjust a movable piston angle, enabling high, medium, or low speeds in hydraulic actuators via controlled oil flow paths.",2,33,0,0.0,25,ok
2005,6937471,3,summary,"Two‑phase refrigerant flow system for high‑power microelectronic circuits, guiding liquid along channels to contact a thermally conductive interface or the device itself, inducing phase change to remove heat, utilizing separate orifices for multiple components such as MMIC transmitters or receivers.",1,42,0,0.0,31,ok
2005,6937471,3,keyword,"Search for RF front‑end designs that use a phase‑change coolant guided through a heat‑sinking structure with multiple orifices to directly absorb heat from a high‑power transceiver IC, enabling liquid‑to‑vapor transition without aerosol spraying, for an antenna array.",2,43,0,0.0,30,ok
2005,6937471,3,function,"Search for devices or systems that use a two‑phase coolant guided in a conduit to directly absorb, phase‑change heat from heat‑generating integrated circuits, particularly microwave ICs in phased array transmit/receive modules, with a flow‑orifice arrangement for separate coolant streams.",3,44,1,0.03333333333333333,30,failed_constraints
2005,6842679,32,summary,"Inquire about vehicle roll sensing systems that calculate roll angle from angular velocity, trigger airbags when a threshold threshold is exceeded, and adjust that threshold based on seat belt buckle status and window position.",1,34,0,0.0,23,ok
2005,6842679,32,keyword,"Vehicle roll detection apparatus comprising a roll‑rate sensor, relative angle computation module and threshold logic conditioned by seat‑belt buckle status and window position to trigger airbag and pretensioner during rollover events.",3,33,0,0.0,25,ok
2005,6842679,32,function,"Looking for automotive roll‑detector systems that compute roll angle from angular velocity, trigger airbag and pretensioner activation when thresholds are met, and adjust those thresholds based on seat‑belt wearing and window open/closed status.",1,36,0,0.0,25,ok
2005,6846030,32,summary,"Search for a vehicle side door design featuring a horizontally pivoting hinge joint, a torsion bar spanning the door that provides lift assistance, and an integrated elastomeric sleeve damper positioned along the torsion bar to absorb vibrational forces and suppress cabin noise.",3,42,0,0.0,29,ok
2005,6846030,32,keyword,Search for prior art on vehicle door hinges integrating a torsion bar lift assist with a cylindrical elastomeric vibration isolation sleeve that contacts the door shell under road‑induced vibration and includes a bearing insert locked pivot post system.,3,39,3,0.10714285714285714,28,failed_constraints
2005,6846030,32,function,"vehicle door pivoting around a horizontal axis with a double‑post hinge and a torsional bar that receives dynamic vibration damping, preventing bar–door shell impact noise during motion induced by surface irregularities.",2,33,0,0.0,24,ok
2005,6899288,23,summary,"Modular multi‑nozzle liquid dispensing system using interlocked plates that form separate supply, actuator, and heating fluid channels, ensuring uniform pressure across nozzles and facilitating straightforward cleaning with electroplated surfaces.",2,30,0,0.0,24,ok
2005,6899288,23,keyword,"Search for a multilayer header block with spaced nozzles, each housed in plate apertures; plates form interfacing grooves that create supply liquid and actuation air channels, plus heating fluid flow between gasketed adjacent plates; the assembly is electroplated/electropolished for easy clean‑disassembly.",3,43,0,0.0,32,ok
2005,6899288,23,function,"Search for modular spray‑bar assemblies comprising interlocking plates that channel liquid, actuating gas, and heating fluid in individual grooves, allowing independently controlled side‑by‑side nozzles and removable construction for surface rinsing or chemical spraying systems.",1,37,0,0.0,27,ok
2005,6838824,1,summary,"Search for high‑resolution AC surface discharge color displays where primary phosphor layers form continuous longitudinal stripes inside barrier‑fenced cavities, electrodes overlap these stripes, and phosphor coating extends to side walls and driving electrodes for enhanced brightness and wide‑area image elements.",2,43,0,0.0,34,ok
2005,6838824,1,keyword,"surface discharge display panel comprising an insulating substrate with parallel address electrodes, elongated barrier ribs forming cavities, each cavity filled with continuous primary color phosphor stripes; phosphor coated on substrate, barrier walls, and address electrodes, with image pixels defined by intersecting electrodes.",3,42,3,0.09090909090909091,33,failed_constraints
2005,6838824,1,function,"Search patents for high‑resolution, full‑color AC surface‑discharge plasma panels with parallel address electrodes and barrier‑rib cavities, featuring continuous colour‑phosphor coatings on cavity walls and electrodes to enable bright, large‑area imagery.",1,36,0,0.0,28,ok
2005,6839805,6,summary,"Search for a storage controller system having two distinct host interface groups, separate selector units for each group, a memory unit accessed by two sets of pathways with differing bandwidths, and a cache that receives fewer access paths than the shared memory.",2,42,0,0.0,29,ok
2005,6839805,6,keyword,"Search for a storage controller featuring dual host channel interfaces, magnetic disk attachment modules, a cache memory section, a shared memory pool, selector units with differing bandwidth access paths, and fewer cache access routes than shared memory access.",2,38,0,0.0,30,ok
2005,6839805,6,function,"Design a controller that routes data through separate interface groups to external devices, employing selective units to channel traffic to a cache and a shared memory, where fewer paths and narrower bandwidth to the cache optimize throughput and reduce contention.",3,40,0,0.0,25,ok
2005,6915499,6,summary,"Propagating a curve metric from a multidimensional state to a line by projecting vectors from inflection points, computing costs at intersection and endpoint locations, and producing a line‑based metric that reflects those costs.",2,34,0,0.0,20,ok
2005,6915499,6,keyword,"propagation of a piecewise‑linear cost function by projecting vectors from its inflection points onto a line within a multi‑state graph, computing intersection and endpoint costs, and generating a second PLF representing path‑expansion costs",1,36,0,0.0,24,ok
2005,6915499,6,function,"search for methods that extend a segmented linear cost function from one region to a line by projecting directional vectors from inflection points and calculating intersection and endpoint costs, then creating a new linear cost function reflecting expanded path costs.",2,40,0,0.0,26,ok
2005,6909230,21,summary,"Search for techniques that produce cross‑linked polymer films containing small‑molecule dopants, using rapid solvent removal, cryogenic condensation onto cooled surfaces, and subsequent network formation for application in multi‑layer optoelectronic devices.",2,33,0,0.0,26,ok
2005,6909230,21,keyword,"flash evaporation cryocondensation molecularly doped polymer precursor crosslinked composite polymer for organic optoelectronic devices with hole‑transport, photoactive, and n‑type charge transport layers and electrodes.",3,26,3,0.15789473684210525,19,failed_constraints
2005,6909230,21,function,Search for methods producing crosslinked polymer layers doped with small molecules via flash evaporation and cryogenic condensation for use as hole transport or active layers in organic light‑emitting or photovoltaic devices.,1,32,0,0.0,22,ok
2005,6947779,13,summary,"Device for precise spatial mapping of chemical concentrations in tissues using optical illumination, detection of scattered/reflected light, computational determination of local concentration or change, and interactive display of quantified values per selected point.",1,34,0,0.0,24,ok
2005,6947779,13,keyword,"device employing light source, photodetector array, signal conditioning, spectral analysis software, mapping algorithm for iso‑concentration lines, interactive GUI for point selection, real‑time concentration display, and audible numeric readout.",3,30,0,0.0,25,ok
2005,6947779,13,function,"optical device for mapping concentration variation of a substance within a subject by illuminating region, detecting returned light, computing local values, displaying iso‑concentration contours, and allowing point selection to retrieve numerical measurement.",2,33,0,0.0,24,ok
2005,6928973,27,summary,"Design for an internal combustion engine incorporating a combustion heater that reduces coolant cooling of exhaust gases by forcing air through an intentional hole in the exhaust passage with a fan and adjustable valve, improving overall thermal efficiency.",3,38,1,0.041666666666666664,24,failed_constraints
2005,6928973,27,keyword,"Search patents on internal combustion engine with heat exchanger unit that reduces heat transfer by introducing a through‑hole in the combustion gas duct, a forced‑air fan, and a control valve to mix cooling fluid and exhaust.",3,38,1,0.041666666666666664,24,failed_constraints
2005,6928973,27,function,"Search for engine heater systems that raise exhaust gas temperature by decreasing heat transfer to coolant through a perforated gas pass, using fan‑driven air flow and adjustable air‑flow control.",3,31,0,0.0,23,ok
2005,6884882,16,summary,"Search for water‑soluble, thermally stable nucleoside‑derived polymers that form low‑concentration hydrogels for controlled drug release, featuring benzyl‑substituted uridine moieties.",1,23,0,0.0,18,ok
2005,6884882,16,keyword,"Thermally stable 2′‑deoxyuridine derivative bearing benzyl or alkyl‐substituted aromatic side‑chain, displaying low‑concentration aqueous gelation, bioavailability, and suitability as a controlled‑release polymeric drug carrier.",2,28,0,0.0,21,ok
2005,6884882,16,function,"search for nucleoside-modified oligomers that self‑assemble into stable, low‑concentration aqueous gels for controlled pharmaceutical release, focusing on bioavailability and thermal resilience of DNA‑derived delivery platforms that maintain integrity during storage and administration.",3,36,0,0.0,25,ok
2005,6847480,9,summary,"Search for prior handheld microscopes featuring a single optimized lens, integrated slide positioning, focusing mechanisms, and a partially or fully encased slide holder that protects the user’s eye while improving image resolution.",1,33,0,0.0,23,ok
2005,6847480,9,keyword,"Search for handheld optical microscopes featuring a single high‑resolution lens, a movable slide mount that aligns the specimen orthogonally to the lens axis, a depth‑adjustment focusing cam or lens, and a hinged enclosure providing safe eye shielding and slide retention.",2,42,0,0.0,28,ok
2005,6847480,9,function,"Search for handheld optical microscope featuring a single optimized aperture lens, precise slide distance control, lateral slide positioning, focus adjustment, and an enclosed viewing chamber to enhance safety and image resolution.",2,31,0,0.0,23,ok
2005,6876379,2,summary,"Search for methods integrating a rotatable camera housing on a portable videophone, where turning the housing triggers camera power and automatically inverts displayed images beyond a set angle, enabling lens protection and correct orientation without manual adjustment.",1,37,0,0.0,26,ok
2005,6876379,2,keyword,"portable mobile videophone with rotatable camera housing protected by a first body portion that monitors rotation to trigger camera activation and automatic image inversion, incorporating display, processing unit, and lens protection within cellular telephony context.",1,35,0,0.0,26,ok
2005,6876379,2,function,"Portable phone‑like device with a rotatable camera assembly that automatically powers on the camera when the assembly is lifted from a protected stance, and inverts the captured image once the rotation exceeds a set angle.",1,36,0,0.0,20,ok
2005,6958247,8,summary,"Search for processes that generate increased surface roughness on non‑patterned dielectric areas to improve uniform removal of excess conductive layers from vias and trenches during a subsequent polishing step, using non‑conformal electrodeposition and endpoint detection.",2,37,0,0.0,26,ok
2005,6958247,8,keyword,"Search for semiconductor metallization processes that deposit metal on dielectric substrates using bottom‑to‑top electrodeposition, create elevated surface roughness (>50 nm) on non‑patterned areas, and control chemical‑mechanical polishing endpoint detection for optimized removal of excess metal layers.",3,40,2,0.06666666666666667,30,failed_constraints
2005,6958247,8,function,"Method to deposit metal over dielectric substrates with vias and trenches that introduces controlled texturing on unfilled areas to improve chemical‑mechanical polishing uniformity and endpoint detection, while iteratively tuning process steps based on polishing time and signal‑to‑noise.",3,40,3,0.10714285714285714,28,failed_constraints
2005,6958618,26,summary,search for movable transfer system using a mobile base and detachable upper actuation arm that aligns and fixes test devices between a transport cart and an examination fixture.,1,28,0,0.0,18,ok
2005,6958618,26,keyword,"Search literature for a system comprising a floor‑mounted carriage and a detachable carrier with a linear arm, alignment fixtures, and a clamp interface for precise probe head placement, featuring anti‑tilt suspension and dual‑stage arm motion.",2,38,0,0.0,25,ok
2005,6958618,26,function,"Search for robotic apparatus that positions a semiconductor probe card transfer system using a wheel-based platform and an extendable arm, incorporating alignment and fixation mechanisms to secure the card to a probe station while preventing tilting of the upper assembly.",2,41,0,0.0,26,ok
2005,6856882,10,summary,Search for onboard system comparing expected engine‑generated propulsion to actual acceleration‑derived propulsion to detect aquaplaning risk during wet driving conditions.,1,22,0,0.0,17,ok
2005,6856882,10,keyword,"Query for prior‑art regarding a vehicle aquaplaning detection system that computes an anticipated propulsion index from engine and drivetrain operating conditions and a real‑time propulsion index derived from longitudinal acceleration, inferring aquaplaning risk from their deviation.",3,38,0,0.0,25,ok
2005,6856882,10,function,"Searching for vehicle safety systems that infer the risk of aquaplaning by comparing an engine‐driven expected propulsion estimate with the actual longitudinal‑acceleration‑derived propulsion, and flagging the deviation as a danger indicator.",1,34,0,0.0,20,ok
2005,6875492,2,summary,"Search for thin, dual‑layer carbon protective coatings on magnetic recording heads that vary hydrogen content to improve lubricant adhesion, reduce wear, and protect against corrosion, specifically with overall coating thickness below 40 Å and second layer under 20 Å.",1,40,0,0.0,29,ok
2005,6875492,2,keyword,"thin multilayer carbon protective coating on magnetic storage substrate, first hydrogenated layer 20–35 at.% H, second layer <10 at.% H, overall thickness <40 Å, over magnetic film, followed by lubricant for reduced head wear and enhanced data density.",2,39,0,0.0,28,ok
2005,6875492,2,function,"seek patents with two-layer carbon protective coating on magnetic storage surface, first layer high hydrogen (~20‑35%) thin (<40 Å), second low hydrogen (<10%) ultra‑thin (1‑20 Å), enabling lubricant adhesion, corrosion protection, reduced head wear, higher areal density.",2,41,0,0.0,34,ok
2005,6932136,8,summary,"Describe a system that, after wafer singulation, uses a movable flexible platform on a slanted base to peel adhesive tape from dice and drop them into a feed tray while preserving their forward alignment.",1,34,0,0.0,20,ok
2005,6932136,8,keyword,"Search for silicon die separation apparatus featuring a support base with a support surface and a sloped ramp, movable flexible platform, and adjacent feed tray, enabling batch peel of adhesive tape from singulated dice while preserving forward orientation and directing dice into a collection zone.",3,45,1,0.03225806451612903,31,failed_constraints
2005,6932136,8,function,Search for systems that use a movable platform on a tilted base to peel adhesive from singulated semiconductor dice and automatically feed them onto a tray while preserving their forward alignment for bulk handling.,3,34,0,0.0,20,ok
2005,6878932,1,summary,"Search for an ion source made from electropolished stainless steel coated with a thin gold layer that minimizes analyte adsorption, enhances ion stability, and prolongs device service life in mass spectrometry.",3,31,0,0.0,21,ok
2005,6878932,1,keyword,"Search patents on ionization sources for mass spectrometers featuring electropolished stainless steel with a thin (≈30–50 µm) gold electroplated coating, micro‑machined for smoothness, reducing analyte adsorption, ion–surface reactions, and extending source longevity and cleanability.",3,37,1,0.037037037037037035,27,failed_constraints
2005,6878932,1,function,"Search for techniques describing ionization source surfaces that employ electropolishing followed by ultra‑thin gold electroplating to decrease analyte adsorption, ion‑surface reactions, and analyte degradation in mass spectrometry, improving surface passivation and instrument longevity.",3,35,1,0.038461538461538464,26,failed_constraints
2005,6919641,8,summary,"Search for semiconductor arrays in which individual laser chips are seated in shallow substrate pits that protrude above the surface, using facet‑emitting designs aligned by pit geometry, self‑aligned via liquid deposition, and including side projections or electrodes for electrical contact.",1,42,0,0.0,29,ok
2005,6919641,8,keyword,"Semiconductor package featuring a substrate with multiple shallow recesses into which facet‑emitting laser chips possessing side‑facet protrusions are inserted, chip height surpassing recess depth, self‑aligned liquid dispensing by rotation, and recess electrodes extending beyond surface for electrical contact.",1,41,0,0.0,31,ok
2005,6919641,8,function,"Search for semiconductor chips mounted in shallow substrate recesses that expose the facet, align emission axes, and feature chip protrusions and electrode extensions beyond the surface, enabling self‑aligned laser arrays with varied chip shapes.",1,35,0,0.0,25,ok
2005,6921112,24,summary,"Search for exhaust piping connector that suppresses engine vibration transfer by embedding a removable spring damper between inlet and outlet tubes, flanked by bellows and flexible covers to accommodate motion, improving exhaust system noise isolation.",1,35,0,0.0,25,ok
2005,6921112,24,keyword,"exhaust vibration isolation connector with inlet and outlet tubes, damper fixture and seat, removable vibration damper, bellows, flex cover, shield sleeve, helical compression spring in an arcuate channel, radial tube steps, and attachment sleeves.",3,34,2,0.07692307692307693,26,failed_constraints
2005,6921112,24,function,"Search for patents describing an exhaust‑vibration isolation connector that places a removable damper between engine and treatment pipe, using bellows mounts on inlet/outlet tubes, a cover protecting the bellows, and constraints on tube dimensions for vibration attenuation.",2,39,0,0.0,26,ok
2005,6897678,10,summary,"Search for inventions enabling observation of internal logic signals of a field‑programmable gate array, providing switching circuits that can redirect combinational and register outputs to a scan chain for continuous monitoring and allow data preload into arbitrary logic units during testing.",2,42,0,0.0,29,ok
2005,6897678,10,keyword,"Search for field‑programmable gate array methods enabling real‑time observation of internal logic node outputs, including both clock‑synchronized and combinational signals, with configurable switching networks that capture register contents through a serial scan path and preload test data into logic blocks.",2,43,0,0.0,33,ok
2005,6897678,10,function,Searching for methods that allow reconfiguring programmable logic gates so their internal and registered signal outputs can be redirected into a serial scan chain for diagnostic observation and data preloading.,3,30,0,0.0,19,ok
2005,6871557,23,summary,Search for pipette devices featuring a spring‑loaded ejector that is activated by storing energy as a tip is mounted and releasing that energy to aid in easy tip removal.,1,30,0,0.0,16,ok
2005,6871557,23,keyword,"Search for liquid handling pipettes featuring a tip‑mounting shaft, powered ejector assembly, and spring or pneumatic energy storage that releases torque when a disposable tip is seated, facilitating automated detachment during aspiration/dispense cycles.",3,35,1,0.04,25,failed_constraints
2005,6871557,23,function,"search for energy‑harvesting ejector mechanisms that store and release mechanical energy during the attachment of a disposable probe to a liquid handling device, enabling assisted removal of the probe from the actuator.",3,33,0,0.0,19,ok
2005,6891099,34,summary,"Search for a guitar cradle stand with a contoured upright frame that mimics the guitar’s shape, a rear‑inclined front face, outward‑protruding body supports, and a multi‑leg base featuring a pivoting rear leg for easy storage and stable placement.",1,42,0,0.0,27,ok
2005,6891099,34,keyword,"Patent prior‑art search for a guitar cradle featuring an inclined rearward‑facing upright backrest shaped to match the guitar body, outward foot‑projecting supports for the fingerboard, multi‑point base legs, and a pivotable rear leg for collapse.",1,39,0,0.0,27,ok
2005,6891099,34,function,"Search for a guitar support system featuring an inclined rear‑facing chassis that matches the instrument’s contour, with hinged leg assemblies for stability, a cradle mechanism that lifts and tilts the guitar body upward and rearward, and a pivotable tail leg for compact storage.",2,45,0,0.0,27,ok
2005,6951478,1,summary,"An adapter that translates a three‑phase supply into a usable 200‑240 V supply for equipment, using a country‑independent exterior, country‑dependent interior wiring and jumpers to combine phases while accommodating different plug standards.",2,36,0,0.0,24,ok
2005,6951478,1,keyword,"Search for adapters converting 3‑phase electrical supply into single‑phase outputs, featuring a country‑independent pin layout, jumper‑controlled interconnections, and dual‑gland connectors for U.S. NEMA and EU IEC sockets, outputting 200‑240 V RMS.",3,38,2,0.07692307692307693,26,failed_constraints
2005,6951478,1,function,"Adaptor that maps three‑phase mains to single‑phase 200‑240‑V outputs by wiring country‑dependent jumpers, presenting a country‑independent pin set for device connectivity while enabling single‑phase power extraction from a three‑phase supply.",1,38,0,0.0,28,ok
2005,6872088,1,summary,"Search for hinge‑hinged portable electronics that use an intermediate mounting plate to align and secure a mating connector and socket, incorporating a sealing element that encases the joint to prevent dust ingress while maintaining electrical continuity.",2,37,0,0.0,24,ok
2005,6872088,1,keyword,"Find patents for a hinge‑connected portable terminal with dual housings, internal wiring, a contact adapter on one end strip, a mating socket on the other strip, and a sealing lip that encloses the connector interface during docking.",2,38,0,0.0,24,ok
2005,6872088,1,function,"search patents for flexible hinge‑mechanism assemblies that interconnect two circuit boards via a wiring bridge, with a connector on one side, an opposing socket on the other, and a sealing member encapsulating the interface.",3,35,0,0.0,21,ok
2005,6905972,8,summary,Search for technique enabling defect‑free multilayer semiconductor growth via sequential chambers with hydrogen purification during transfer under ultra‑high vacuum and integrated processing.,1,24,0,0.0,19,ok
2005,6905972,8,keyword,"Search for semiconductor fabrication methods using sequential epitaxial growth in two low‑vacuum chambers connected by a transfer module that furnishes hydrogen to the wafer, forming crystalline layers of opposite doping within openings of an insulating film.",1,37,0,0.0,25,ok
2005,6905972,8,function,"Search for process and apparatus enabling deposition of defect‑minimized, heterojunction semiconductor layers in separate growth chambers with controlled hydrogen exposure during transfer, maintaining ultra‑high vacuum (<1×10⁻⁵ Pa) across chambers for high‑quality crystalline films.",1,38,0,0.0,28,ok
2005,6902710,24,summary,"Method to fabricate catalytic converters by covering the core with an expanding material, encasing it in a metal sleeve, tightening it with tension straps, and vibrating the sleeve at a specific frequency to fix the expandable material in place.",2,39,0,0.0,20,ok
2005,6902710,24,keyword,"Find patents describing catalytic converter fabrication where a catalytic core is enveloped by an intumescent film, then wrapped in a pre‑wound metal enclosure, tightened with tension bands, and vibrated at 20‑80 Hz to set the intumescent matrix.",3,39,2,0.08,25,failed_constraints
2005,6902710,24,function,"Methods for forming an exhaust catalyst assembly by enveloping a catalytic element in an intumescent matrix, encasing it with a preformed metal sleeve, tightening the sleeve with tension fittings, and striking the sleeve at a moderate vibration frequency to densify the matrix?",2,42,0,0.0,23,ok
2005,6860030,28,summary,"Search for a press assembly that uses an actuator and pressure sensor to detect web pressure, calculate inter‑roller gap, and dynamically adjust the press plate to maintain optimal nip for paper strip processing.",3,34,0,0.0,22,ok
2005,6860030,28,keyword,"Search for prior art on a press control system featuring an adjustable pressure body, movable frame, actuator, and sensor that measures the gap between a support roll and a moving paper sheet using a belt or felt interface, with air‑chamber pressurization and electronic controller.",2,45,0,0.0,29,ok
2005,6860030,28,function,Searching for prior art on an air‑pressure‑powered paper web press that uses a pressure sensor on a sealing arm to derive web gap size and an actuator to adjust the press body relative to the support roll.,1,39,0,0.0,23,ok
2005,6897322,14,summary,"Method for synthesizing pyrazole compounds bearing an alkyl side chain and phenyl substituent with a difluoro‑methoxy group via sequential β‑ketoester condensation, hydrazine cyclization, chlorodifluoromethane activation, and nucleophilic alkylation.",2,30,0,0.0,21,ok
2005,6897322,14,keyword,Search for prior art on synthesizing 1-alkyl-3-aryl-5-difluoro‑methoxy‑1H‑pyrazoles via hydrazine‑mediated cyclization of β‑ketoesters followed by chlorodifluoromethane oxidation and alkylation with a leaving‑group electrophile.,3,33,4,0.2,20,failed_constraints
2005,6897322,14,function,"search for methods to synthesize difluoromethoxy-substituted pyrazoles via sequential beta‑ketoester hydrazination followed by chlorodifluoromethane activation and alkylation, enabling diverse substituted alkyl and aryl pyrazoles for medicinal chemistry.",1,29,0,0.0,21,ok
2005,6953428,13,summary,"Search for a medical support sling fabricated from a shape‑optimized material containing alternating tanged and non‑tanged surfaces, where smoothing features reduce tissue abrasion while still affording secure patient positioning.",1,31,0,0.0,23,ok
2005,6953428,13,keyword,"medical sling comprising longitudinal ends and two sides with tanged projections and smooth sections, molded from body‑compatible material, manufactured by trimming sharp edges, applied for internal support while minimizing tissue abrasion during rehabilitation.",2,34,0,0.0,26,ok
2005,6953428,13,function,"Medical support device comprising a longitudinally hinged material with tapered and rounded surfaces, inserted into a patient's body to secure a damaged area while minimizing tissue abrasion and allowing selective engagement of tanged portions for stability; includes manufacturing steps to smooth edges.",3,43,0,0.0,29,ok
2005,6960603,14,summary,Searching for halogenated phenyl molecules with bicyclic or cycloalkyl cores linked to amine or hydroxyl groups that block protein prenylation as a colon cancer treatment candidate.,2,26,0,0.0,16,ok
2005,6960603,14,keyword,"Search for prenylation inhibitor molecules featuring a halogenated phenyl core attached to a bicyclic norbornane, cyclohexyl, or cyclopropyl scaffold, bearing terminal amino, hydroxyl, or 2‑amino‑3‑phenylpropanamide substituents for colon cancer treatment.",2,33,0,0.0,22,ok
2005,6960603,14,function,"Searching for pharmacologically active compounds featuring a halogenated aromatic ring, a rigid bicyclic or small ring scaffold, and an amine, alcohol, or amide side chain, aimed at preventing protein prenylation to treat colorectal malignancies.",2,34,0,0.0,23,ok
2005,6912298,6,summary,"Search for image‑analysis methods that iteratively compute pixel‑wise probabilities, updating each pixel’s score using the preceding pixel’s probability and local attributes to efficiently prune candidate pixels during object detection in digital images.",1,36,0,0.0,26,ok
2005,6912298,6,keyword,"Dynamic probability pixel‑sequence scanning for object detection in image data, computing per‑pixel feature probabilities from color attributes, updating adjacent pixel likelihoods using weighted recursive equations, and reducing candidate pixels through iterative probability propagation.",2,35,0,0.0,29,ok
2005,6912298,6,function,"Search for image processing methods that employ sequential pixel scanning with adaptive probability values updated from preceding pixel properties to detect object features, reducing candidate pixels by dynamic probability weighting and calculating object likelihoods for each pixel.",1,37,0,0.0,27,ok
2005,6840895,25,summary,Its novelty lies in an electrically controlled safety interlock that permits the coupling device of a robotic tool exchange platform to adopt a decoupled position only when the attached tool is positioned in a tool stand or when the master and tool units are already disengaged.,3,46,2,0.08,25,failed_constraints
2005,6840895,25,keyword,"Search for a robotic manipulator arm integrated with a primary drive carriage, a modular tool mount, an electromechanical coupler assembly, and a two‑stage safety interlock that permits disengagement only when the tool is in its storage stand or the carriage is released, ensuring secure decoupling operations.",2,47,0,0.0,28,ok
2005,6840895,25,function,"Search for robotic tool-changing devices that use a coupler controlled by electrical contacts to allow decoupling only when the tool is in a holder and the master unit is disconnected, with safety interlocks ensuring coupling cannot be released without safe positioning.",3,42,0,0.0,25,ok
2005,6882773,9,summary,"Searching for a sealed laser delivery system that uses a wall enclosure with a detachable connector receiving 100‑1000 W laser energy through an optical cable, creating an airtight barrier for process operations inside a closed chamber.",2,37,0,0.0,24,ok
2005,6882773,9,keyword,"Search for patent disclosures of a closed process chamber with a sealing wall, a releasable fiber‑optic laser connector, high‑power 100–1000 W laser feed, optical feedthrough, sealing flange, and environmental isolation.",3,33,0,0.0,23,ok
2005,6882773,9,function,"How can a releasable laser connector mount to a sealed chamber wall, receiving 100‑1000 W laser power via a line, to provide a hermetic interface while delivering energy for a laser‑driven process inside the chamber?",2,37,0,0.0,25,ok
2005,6920465,2,summary,"Radiographic imaging device that blocks image acquisition until all specified patient data fields are entered, then switches to a screen highlighting missing fields for completion.",1,25,0,0.0,18,ok
2005,6920465,2,keyword,"Search for medical radiography devices that prevent image capture until required patient information (e.g., name, DOB, ID) is recorded in memory, using separate UI modes to flag missing fields and enforce data entry before image input.",2,37,0,0.0,27,ok
2005,6920465,2,function,"Radiographic imaging device preventing image capture until all required patient information fields are entered, highlighting absent data on a separate entry screen to ensure completeness before recording the patient’s radiograph.",1,31,0,0.0,23,ok
2005,6966879,13,summary,"Device for noninvasive real‑time arterial pressure determination that employs a tunable oscillatory actuator, a spaced sensor to capture transmitted arterial response, adaptive frequency and waveform selection guided by phase analysis, combined with a calibration cuff for absolute pressure anchoring, and a processor converting signals into ongoing pressure display.",2,49,0,0.0,34,ok
2005,6966879,13,keyword,"Continuous non‑invasive arterial pressure monitor utilizing an oscillatory excitation generator, spaced transducer and receiver on a flexible substrate, with frequency‑adaptive waveform control, phase‑based pressure calculation, and cuff‑derived absolute calibration.",1,33,0,0.0,25,ok
2005,6966879,13,function,"Continuous noninvasive blood‑pressure monitor employs an adjustable‑waveform oscillatory exciter and a spaced sensor; phase‑difference analysis with calibrated systolic/diastolic limits selects optimal excitation frequency, yielding instant pressure calculations and real‑time display.",1,35,0,0.0,28,ok
2005,6960412,9,summary,"Search for reflective mask blanks featuring an etch‑resistant titanium‑based spacer layer between a reflective stack and an absorber coating, designed to shield the absorber during processing and to balance film stress for improved lithographic performance.",1,37,0,0.0,25,ok
2005,6960412,9,keyword,"Search for mask blanks with a substrate, a multilayer reflective coating for external light, an absorptive film deposited above, and an interlayer made from a tantalum‑rich alloy that resists etching conditions and balances film stress.",2,36,0,0.0,22,ok
2005,6960412,9,function,"search for exposure mask blanks featuring a substrate with a reflective multilayer coating that guides light to the main surface, a light‑absorbing overlay protected by a tantalum‑rich barrier layer that resists etchants and balances film strain for lithography applications.",2,41,0,0.0,26,ok
2005,6951246,35,summary,"search for self-retaining drilling plug devices that employ radially extending stiff slips or projections biased outward to engage casing walls and prevent reverse movement while still allowing downward travel, combined with elastomeric wiping elements.",2,35,0,0.0,27,ok
2005,6951246,35,keyword,search patents for a self‑holding cementation roll plug with outward‑biased elastomeric wiping arms and rigid steel‑tipped gripping projections that prevent upward movement in casing and allow downstream tool passage.,2,32,0,0.0,23,ok
2005,6951246,35,function,"Self‑anchoring device inserted into a production casing that wipes the inner surface; it features elastomeric radially extending wipers and stiff slips biased upwardly to prevent upward migration, ensuring the device remains in place and does not interfere with other downhole equipment.",3,42,0,0.0,29,ok
2005,6954050,1,summary,"Search for methods controlling permanent‑magnet synchronous motors that estimate and compensate axial motion due to limited response speed of the frequency calculation module, improving precise torque regulation during acceleration and deceleration by adding an estimated correction signal to the control loop.",2,42,0,0.0,29,ok
2005,6954050,1,keyword,"Search prior art on permanent‑magnet synchronous motors with variable‑frequency AC drive and d‑q vector control, focusing on methods to reduce axial deviation by estimating and correcting the motor’s lagged phase response, enabling precise torque regulation with near‑zero shaft displacement under varying load.",2,47,0,0.0,33,ok
2005,6954050,1,function,Methods for compensating axial deflection in a permanent‑magnet synchronous motor by estimating displacement due to limited response bandwidth of the frequency control logic and feeding the combined error back to the converter for stable zero‑torque bias.,3,38,0,0.0,24,ok
2005,6977414,8,summary,"Search for integrated semiconductor devices incorporating isolated electric field mitigation zones between doped base islands, topped with patterned gate dielectrics and electrodes, aiming to limit lateral leakage while providing efficient source contact for high‑performance transistors.",2,36,0,0.0,29,ok
2005,6977414,8,keyword,"Semiconductor top‑surface device with n‑type source regions on p‑type base islands, an inter‑island p‑type field‑reduction trench, a gate dielectric and polysilicon gates bridging source to field region, including isolation, depth variations, or metal Schottky contacts.",1,41,0,0.0,29,ok
2005,6977414,8,function,"Search for semiconductor devices with first‑type layers containing second‑type base pads, source implants on each base, and inter‑pad field‑reduction regions beneath a gate dielectric and pair of gate fins positioned between source and field‑reduction area; the field‑reduction region is electrically separated from both gate and source contacts.",3,53,0,0.0,38,failed_constraints
2005,6841743,1,summary,"Search for a compact, disk‑shaped input device where a circular resistive track is coupled to two concentric conductive rings, enabling a continuous variable signal during arc‑motion contact and a discrete signal under increased pressure, integrating both contacts into a single component.",1,43,0,0.0,30,ok
2005,6841743,1,keyword,"multi‑directional disc‑shaped touch‑switch featuring concentric ring resistive layer and dual conductive rings that generate continuous arc‑profile analog output plus pulsed digital output, integrated into mobile phone or PDA input, reducing component count with press‑sensitive sliding operation.",1,41,0,0.0,34,ok
2005,6841743,1,function,"Search for analog joystick switch that outputs a continuously varying voltage while a disc-like actuator slides along an arcuate path, plus a second concentric contact providing a threshold-triggered signal when pressed, integrated within a single compact unit for handheld communication devices.",3,43,0,0.0,31,ok
2005,6871699,27,summary,"How to design a single coolant conduit that integrates an alternator and an exhaust recirculation valve for a V‑engine, reducing mounting brackets, hoses, and potential leak points while providing a built‑in thermostat?",3,34,0,0.0,20,ok
2005,6871699,27,keyword,"Search prior art for V‑bank engine cross‑bank coolant conduit that co‑mounts an internal alternator and a recirculating exhaust component, including thermostat housing, temperature sensor, and optional intake manifold integration to cut part count and leak paths.",2,39,0,0.0,28,ok
2005,6871699,27,function,"search for assemblies that merge a heat‑conduction conduit with an alternator and a liquid‑heated exhaust bypass control, reducing mounting hardware, coolant lines, clamps, and mass while providing temperature sensing and thermostat integration for V‑bank engine coolant routing.",2,40,0,0.0,27,ok
2005,6931110,3,summary,"Search for a server‑based system that manages telephone call cards by allowing users to set multiple security and usage restrictions—such as permitted numbers, area codes, voice authentication, call limits, and time limits—and then authorizes each call request based on those configured options.",1,45,0,0.0,33,ok
2005,6931110,3,keyword,"server‑managed telephone card platform storing user‑defined call limits, remaining time, geographic and number restrictions, and voice‑recognition credentials, applying these parameters during each call attempt.",2,27,0,0.0,23,ok
2005,6931110,3,function,"search for computer systems or methods that securely manage prepaid calling card usage by storing user-selected constraints such as allowed numbers, geographic limits, voice authentication, call count or duration limits, and that validate incoming call requests against those settings before routing.",1,42,0,0.0,32,ok
2005,6905212,9,summary,"Search for display systems that form a light beam with an elongated cross‑section and then sequentially slide optical elements across the beam's long axis to modulate color, using downstream anamorphic optics to reshape the beam for uniform projection.",1,40,0,0.0,26,ok
2005,6905212,9,keyword,"Search for display illumination systems employing light sources with elongated transverse beam shapes, sequentially moving anamorphic or color filter assemblies intersecting the beam, integrated spatial light modulators, and downstream beam‑shaping optics to reduce beam aspect ratio.",3,37,1,0.034482758620689655,29,failed_constraints
2005,6905212,9,function,"Look for display systems that generate elongated light beams, then shift a series of optical modulators along a path intersecting the beam, enabling color‑variant illumination and reducing beam elongation downstream.",2,31,0,0.0,22,ok
2005,6948260,34,summary,"air‑pumping footwear featuring separate front and rear chambers with integrated lateral air ducts, sidewall vents for external connection, a waterproof breathable film, and a cushioning layer, enabling efficient airflow and comfort.",1,32,0,0.0,23,ok
2005,6948260,34,keyword,"3D air‑pumping shoe comprising a bottom sole with heel and forefoot recess chambers, side‑wall ventilation outlets, integrated air unit bodies featuring multiple lateral air ducts, a waterproof air‑permeable film, and a cushioned foam layer.",3,37,5,0.1724137931034483,29,failed_constraints
2005,6948260,34,function,"air‐pumping footwear featuring dual rear‑front air chambers with side‑wall vents, unitized lateral duct networks that draw external air into the shoe, topped by a waterproof yet breathable membrane and cushioning layer for moisture control and comfort.",1,39,0,0.0,28,ok
2005,6969112,33,summary,"Search for collapsible chair assemblies with pivoting, telescopic legs adjustable for uneven terrain, incorporating leg lock mechanisms and foot assemblies for sand stability, and a back constructed from posts joined by a flexible strip.",1,34,0,0.0,22,ok
2005,6969112,33,keyword,"collapsible chair assembly with pivotally mounted telescoping legs, planar base supporting a user, posts forming a back frame with a flexible web, individual leg locking mechanisms, perimeter wall, raised storage recess, and friction‑engaging foot pads for uneven surfaces.",3,39,1,0.03333333333333333,30,failed_constraints
2005,6969112,33,function,"Portable foldable seating apparatus employing pivoting, telescopic legs that individually lock adjustable lengths for leveling on uneven terrain, friction‑engaging foot supports, and a detachable back formed by posts and flexible fabric, enabling rapid deployment on varied surfaces.",1,38,0,0.0,28,ok
2005,6907958,31,summary,"How can an axle assembly with coaxial shafts and housings be cooled by a coil circuit that separates lubricating fluid from a cooling fluid, using a crossover conduit to provide series flow to a reservoir?",3,35,2,0.1,20,failed_constraints
2005,6907958,31,keyword,"axle assembly with internal coil cooling system separating lubricating oil from coolant, pump‑driven coolant loop, reservoir, and crossover manifold connecting dual axle housings in a work vehicle frame.",3,29,0,0.0,22,ok
2005,6907958,31,function,"Search for axle cooling systems for heavy machinery that use separate cooling fluid coils inside each axle housing, circulating coolant in series via crossover conduits, to extract heat from axle lubrication and prevent overheating during high-load operation.",1,38,0,0.0,29,ok
2005,6855322,16,summary,"A method for creating and isolating a correctly folded 42‑kDa C‑terminal merozoite surface protein‑1 fragment from a malaria parasite, enabling its use as a diagnostic marker, antibody production, and immunization agent.",3,34,1,0.05,20,failed_constraints
2005,6855322,16,keyword,"Search for recombinant expression vectors encoding the 42‑kDa C‑terminal fragment of Plasmodium falciparum 3D7 antigen, expressed in bacterial hosts with preserved native folding and disulfide linkages, followed by chromatographic purification for use as diagnostic reagents, antibody induction, or vaccine development.",3,42,1,0.034482758620689655,29,failed_constraints
2005,6855322,16,function,"Search for prior art describing recombinant expression and purification of a Plasmodium falciparum merozoite surface protein 1 fragment that preserves native folding, enabling use in diagnostic assays or immunogenic preparations.",3,30,1,0.05,20,failed_constraints
2005,6883203,35,summary,"Investigate a customizable door latch mount with an extendable arm and removable edge‑clamping segments, featuring thin transition zones for easy break‑off, adaptable for corner or inward‑swing doors.",2,30,0,0.0,21,ok
2005,6883203,35,keyword,"jamb mounting bracket for hinged door closure assembly featuring an arm structure with top/bottom sections, a peripheral basal element with removable sections, perpendicular securing segments around jamb corners, two pin receptacles, adaptable as corner or in‑swing mount, made of cold‑rolled steel, with detachable elements",2,47,0,0.0,35,ok
2005,6883203,35,function,"Search for a jamb bracket that attaches to a door jamb and can be customized by removing segments through thin reduction sections, allowing it to serve as either an in‑swinging or corner mounting structure for a door‑operating system.",2,40,0,0.0,22,ok
2005,6875374,20,summary,"Search for ceramic‑based composites that incorporate nanoscale carbon tubes achieving ≥95 % densification through electric current–assisted sintering, yielding high electrical conductivity and fracture toughness suitable for high‑temperature, high‑stress electrical conductor applications.",3,34,2,0.07142857142857142,28,failed_constraints
2005,6875374,20,keyword,"Search for high‑density ceramic composites incorporating metal oxides and SWCNTs produced by electric‑field‑assisted sintering that achieve >95 % theoretical density and high electrical conductivity, useful for high‑temperature, high‑stress conductor applications.",3,34,3,0.11538461538461539,26,failed_constraints
2005,6875374,20,function,"Searching for composite conductors that combine excellent electrical conductance with high mechanical toughness, fabricated by sintering sub‑500 nm ceramic grains and carbon nanotube reinforcements under high pressure and temperature while passing a pulsed electric current, suitable for components exposed to extreme heat and stress.",2,45,0,0.0,33,ok
2005,6961868,6,summary,"Search prior art on distributed storage systems that partition data into equal‑sized chunks, store M+k pieces on M+k servers out of L, with k minimal pieces required for reconstruction, and dynamically adjust M to meet fault tolerance while maximizing storage efficiency and parallel transfer.",1,47,0,0.0,28,ok
2005,6961868,6,keyword,"Search for distributed storage systems using dynamic M+K partitioning of data files into n equal‑sized, functionally equivalent pieces, where k minimal pieces reconstruct the original, with adjustable fault tolerance M on L servers, minimizing redundancy while enabling parallel retrieval.",1,41,0,0.0,26,ok
2005,6961868,6,function,"Search for methods of partitioning a file into an adjustable number of equally sized pieces, distributing them over a dynamic number of servers so that a specified minimum subset can reconstruct the original while minimizing redundancy, enabling parallel transfer and fault‑tolerant recovery.",1,43,0,0.0,28,ok
2005,6920115,4,summary,"Search for a radio communication system transmitting bursts in distinct time slots, where each burst contains leading and trailing training symbols for receiver parameter estimation, uses power ramp-up/ramp-down shaping, and allows reverse-order demodulation of data symbols between the training sequences.",2,44,0,0.0,33,ok
2005,6920115,4,keyword,"Search for patents describing a transmitter that emits radio bursts in allocated time slots, each burst using front and rear training symbol sequences for demodulation parameter estimation, power rising in an initial segment, constant in the middle, then falling, with receiver processing forward and reverse symbol order.",2,47,0,0.0,33,ok
2005,6920115,4,function,"Search for TDMA radio systems using bidirectional training sequences for parameter estimation, where bursts begin with training, carry data, end with training, and include power ramp-up and ramp-down to improve receiver demodulation accuracy.",1,35,0,0.0,25,ok
2005,6840566,32,summary,"Search for patented vehicle door interior arm or support assemblies that attach between the window and channel, using a cushioned lip and a downward support panel, with optional adjustable angle adjustment.",1,31,0,0.0,20,ok
2005,6840566,32,keyword,"vehicle door arm support with lip engaging interior window channel, support panel pressing interior, cushioned shell, integral frame, adjustable stand‑off block for angle.",3,24,4,0.2,20,failed_constraints
2005,6840566,32,function,"Vehicle door interior arm support with a rigid platform lip inserted between window glass and channel, a vertical panel exerting pressure on the interior panel, a cushioned shell covering the lip and panel, and an optional adjustable spacer to set the platform inclination.",2,43,0,0.0,28,ok
2005,6910689,25,summary,"Method to correct sheet skew in printing by detecting misalignment, performing a coarse shift with stepper motor full steps, then using controlled speed adjustments over a set number of steps to fine‑tune registration.",1,34,0,0.0,24,ok
2005,6910689,25,keyword,Search for patents describing stepper‑motor based feedroll systems that use sensor‑driven velocity adjustment for fine positional correction of printed sheets in an imaging device.,2,26,0,0.0,18,ok
2005,6910689,25,function,"How to use velocity modulation of dual feed‑motor stepper drives, with sensor feedback, to perform coarse alignment and subsequent fine adjustment of paper registration, achieving sub‑step accuracy in skew correction during continuous sheet transport?",1,36,0,0.0,27,ok
2005,6849557,8,summary,"Process that uses an undoped silicon‑oxide barrier and a doped silicon‑oxide layer that etches at least ten‑fold faster under fluorocarbon plasma, enabling high‑precision, self‑aligned contact openings to substrate without damaging the underlying gate stacks.",3,39,1,0.034482758620689655,29,failed_constraints
2005,6849557,8,keyword,"Search for patents on selective plasma etching of doped silicon oxide over undoped silicon oxide to create contact openings, using fluorocarbon gases at millitorr pressures, with high removal rates for doped oxide versus pure oxide or silicon, including gate stack alignment and spacer formation.",3,44,1,0.030303030303030304,33,failed_constraints
2005,6849557,8,function,"Search for methods enabling selective plasma removal of doped silicon dioxide through undoped SiO₂ layers to create self‑aligned contacts between adjacent transistor gate stacks, employing fluorocarbon gases under low‑pressure RIE conditions with high etch selectivity.",3,37,4,0.12903225806451613,31,failed_constraints
2005,6973113,9,summary,"A semiconductor laser system employing optical pumping, featuring a two‑section substrate with a pump source on one section, and a vertical‑emission cavity whose Bragg mirrors are positioned on the two sections, optionally connected by a slot.",1,38,0,0.0,24,ok
2005,6973113,9,keyword,"Search for vertical‑emission laser structures on a dual‑region substrate with an on‑chip pump source illuminating the emitter; the cavity incorporates a rear mirror bonded to one region and a top mirror positioned in a trench connecting to the opposite region, possibly etched through the substrate.",2,48,0,0.0,29,ok
2005,6973113,9,function,"Find prior art on optically pumped vertical emission laser systems using a substrate partitioned into two primary regions, where a pump source on one region excites a resonator with mirrors on both sides, optionally featuring a trench or perforation connecting the regions.",2,42,0,0.0,28,ok
2005,6891344,35,summary,"Search for automatic vehicle door opening system using a minimal-profile rack‑gear sliding mechanism driven by a motor, with a thin, C‑shaped guide rail and rack that slides along a fixed stay.",1,34,0,0.0,22,ok
2005,6891344,35,keyword,"thin vehicle automatic door actuator with C‑shaped guide rail, axial sliding rack gear, electric motor‑driven pinion, link mechanism, slim sidewalls, convex cross‑section, axial gear alignment, slide member attached to guide surface.",1,34,0,0.0,29,ok
2005,6891344,35,function,"Thin vehicle gate system using a flat axial guide rail, a slender rack‑gear slide assembly that fits in a C‑shaped cross section, a linkage to the door, and an electric‑motor driven pinion that oscillates the carriage from fully closed to fully open.",1,45,0,0.0,28,ok
2005,6954823,6,summary,How to develop a system that aggregates multiple search responses and uses a voting mechanism to determine if a key matches any stored entries or should be marked as free?,2,30,0,0.0,17,ok
2005,6954823,6,keyword,"Search engine architecture comprising an input interface, query processor, and consensus module that evaluates multiple response records, compares key values against stored data entries, assigns precedence ranks, and returns an aggregated match assessment indicating either a single match or absence of valid data.",2,43,0,0.0,33,ok
2005,6954823,6,function,"Search engine architecture employing a voting component that consolidates multiple search status signals, generating a precedence‑based output to determine key matches or mismatches and manage entries missing valid data across distributed storage.",1,33,0,0.0,25,ok
2005,6907916,30,summary,"A work‑machine cooling system with a fan inlet opening that holds a detachable radiator and an independently mounted oil cooler, optionally paired with an after cooling unit; components arranged side‑by‑side in a common plane for easy service.",2,40,0,0.0,25,ok
2005,6907916,30,keyword,"Detachable fan‑mounted cooling system for machinery featuring a frame with a ventilation opening, parallel radiator, oil cooler, and optional after cooler, each rear‑facing panel aligned in a common plane with side‑to‑side contact, enabling individual unit removal without disconnecting others.",3,43,1,0.03125,32,failed_constraints
2005,6907916,30,function,"Search prior art on a work‑machine cooling system where multiple cooling units are independently removably mounted within a frame positioned in the airflow, with a detachable fan shroud, enabling separate removal of each unit for cleaning or repair without affecting the others.",2,43,0,0.0,28,ok
2005,6935607,35,summary,"Search for forming panels featuring ribbed channels creating threaded slots for attachment of anchors, enabling flexible hardware placement and panel replacement during concrete pour and post‑curing.",1,27,0,0.0,20,ok
2005,6935607,35,keyword,"Search for construction forming panel with longitudinal threaded ribbed channels, alternating rib orientation, anchor bolt passage, re‑attachable cap forms, integrated frame and face panel, allowing threaded hardware attachment along the channel and concrete placement through opposed walls.",1,38,0,0.0,31,ok
2005,6935607,35,function,"How do concrete forming panels with elongated ribbed slots enable threaded attachment of bolts, rings and tie rods at variable positions, allowing modular cap‑form removal and reattachment for anchored structural detailing?",1,32,0,0.0,24,ok
2005,6855741,17,summary,"Search for a water‑blown polyurethane foam additive combining a non‑halogen plasticizer (e.g., butyl benzyl phthalate) with a crosslinking agent like resorcinol to enhance softness, openness, and tensile strength while maintaining foam density between 90 and 100%.",3,39,3,0.1111111111111111,27,failed_constraints
2005,6855741,17,keyword,"Search for flexible polyurethane foam formulations using alkyl benzyl phthalate plasticizers like 2,2,4‑trimethyl‑1,3‑pentanediol‑mono‑isobutyrate benzyl phthalate, combined with resorcinol crosslinkers and saccharide chain‑extenders, targeting softness, openness, tensile strength, and an isocyanate index 90–100%.",3,42,4,0.13333333333333333,30,failed_constraints
2005,6855741,17,function,"Flexible polyurethane foam compositions comprising plasticizers such as butyl benzyl phthalate, diisopentyl phthalate, or butyloctyl phthalate together with chain‑extending crosslinkers like resorcinol, aiming to enhance softness, openness, and tensile strength while maintaining a 90‑100 % isocyanate index.",3,38,5,0.16666666666666666,30,failed_constraints
2005,6936277,16,summary,"Identify prior art on producing tablet excipients by suspending microcrystalline cellulose in water with 0.1–0.5% surfactant, drying to yield agglomerated cellulose bound to surfactant, optionally including silicon dioxide, improving drug uptake and formulation stability.",2,37,0,0.0,24,ok
2005,6936277,16,keyword,"Searching for agglomerated microcrystalline cellulose excipients produced from a wet‑cake slurry containing 0.1–0.5 % surfactant and 0.1–20 % silicon dioxide, utilizing hydrophobic boundary agents such as anionic surfactants to enhance therapeutic absorptivity.",2,36,0,0.0,22,ok
2005,6936277,16,function,"Search for prior art on aqueous slurry processing of microcrystalline cellulose with a hydrophobic surfactant (0.1‑0.5% w/w) and optional silica admixture, dried into agglomerated excipient particles that create hydrophobic boundaries to boost drug absorptivity in dosage forms.",3,41,0,0.0,23,ok
2005,6864944,9,summary,"Integrated electro‑optic system: a liquid‑crystal cell with a semiconductor backplane adhesively bonded to a heat‑sinked hybrid substrate that hosts conductive interconnects and bonding pads, then mounted on a printed circuit board for secure wiring and precise optical alignment.",3,41,3,0.10714285714285714,28,failed_constraints
2005,6864944,9,keyword,"Search patents for electro‑optic modulators featuring a semiconductor backplane bonded to an alumina or silica hybrid substrate, adhesive mounting, wire‑bonded conductive tracks, a heat‑sinked printed circuit board, and integrated optical components for precise alignment.",3,37,1,0.037037037037037035,27,failed_constraints
2005,6864944,9,function,"Search for composite optoelectronic assemblies where a liquid crystal, driven by a semiconductor backplane, is adhesively bonded to a high‑thermal‑conductivity hybrid base, with electrical connections via wire bonding and additional optical units, enabling precise beam steering and thermal management.",2,41,0,0.0,28,ok
2005,6908964,17,summary,"A process for creating a robust thermoplastic blend by sequential melt mixing high‑molecular‑weight aromatic ester polymers, styrenic resins, hydrogenated and non‑hydrogenated styrenic‑diene block copolymers, then adding a polyolefin and extra hydrogenated copolymer; the technique yields balanced impact, stiffness, thermal stability and consistent properties.",2,47,0,0.0,36,ok
2005,6908964,17,keyword,"Melt‑blending poly(arylene ether) with a poly(alkenyl aromatic) resin, a hydrogenated styrene‑ethylene‑butylene‑styrene block copolymer, an unhydrogenated styrene‑butadiene‑styrene block copolymer, polypropylene, and a small amount of ethylene‑α‑olefin elastomeric copolymer under high‑speed extrusion to produce a thermoplastic exhibiting superior toughness, rigidity and thermal stability.",3,52,15,0.39473684210526316,38,failed_constraints
2005,6908964,17,function,"search for melt‑blending methods that combine a poly(arylene ether) with a poly(alkenyl aromatic) resin and alkenyl‑aromatic‑diene block copolymers, then add a polyolefin and secondary copolymer to yield thermoplastics with balanced impact, stiffness, heat resistance and reduced property variability, using high‑speed extruder rotation and multi‑mixing elements.",3,52,6,0.15789473684210525,38,failed_constraints
2005,6975022,8,summary,"Search for a ball‑grid‑array substrate that uses stacked conductive projections for pad, trace and electrode on one flat member, with non‑conductive areas selectively etched through to reduce thickness and enhance thermal relief.",3,35,0,0.0,24,ok
2005,6975022,8,keyword,"BGA board featuring a flat substrate, bonding pad layout, integrated wiring and electrode layers, where the substrate area outside the conductive layers is etched to create a cavity, built on a resin core with a resin sealing zone, employing photoresist masks for semiconductor package manufacturing.",2,45,0,0.0,30,ok
2005,6975022,8,function,"Search for integrated BGA substrate that forms bonding pads, traces and electrode projections on its face, where selective partial through‑etching is applied to create contact openings for mounting semiconductor devices, facilitating electrical integration and packaging.",1,36,0,0.0,24,ok
2005,6938153,6,summary,"How to accelerate BIOS boot time by deploying a portion of memory normally reserved for other peripherals as a temporary stack, allowing concurrent execution of system firmware and additional tasks through address range mapping beyond conventional RAM.",2,37,0,0.0,26,ok
2005,6938153,6,keyword,"Search for computer boot‑time acceleration techniques that employ off‑main‑memory RAM as a BIOS stack with address‑space mapping beyond main RAM, concurrent CPU and subsystem access via address decoder and mux, and stack‑pointer programming enabling multi‑threaded BIOS execution.",1,43,0,0.0,33,ok
2005,6938153,6,function,"Search for computer systems that allocate separate RAM banks, mapped beyond CPU-accessible memory ranges, as temporary stacks during BIOS execution, enabling multi-threaded firmware routines while the same RAM serves concurrent device functions.",3,34,3,0.10714285714285714,28,failed_constraints
2005,6866677,13,summary,"Search for intraluminal guidewire with collapsible, braided filter that expands and retracts using a sliding rod actuator, providing embolic protection during coronary interventions while remaining radiopaque for fluoroscopic visualization.",2,29,0,0.0,21,ok
2005,6866677,13,keyword,"Search for steerable vascular guidewire with a collapsible braided filter tube attached via a sliding actuator rod, radiopaque markers, and a link mechanism enabling expansion and retraction under fluoroscopic imaging during embolic protection procedures.",2,34,0,0.0,25,ok
2005,6866677,13,function,"A steerable guidewire with a coaxially mounted, self‑expanding braided filter that can collapse or deploy by sliding a distal rod actuator, connected through a sliding link at a proximal opening, used to trap emboli during angioplasty or stent placement and visualized fluoroscopically.",1,43,0,0.0,28,ok
2005,6885587,6,summary,"In a compact erasable flash memory cell, two coupled PMOS transistors replace the conventional control gate, enabling bias‑free carrier injection into a floating gate that programs cell state, thus shrinking layout size and improving CMOS integration.",2,37,0,0.0,28,ok
2005,6885587,6,keyword,"search for nonvolatile memory devices using serially connected PMOS transistors with floating gates, omitting the control gate or buried control capacitance, incorporating cross-structured select gates and ion‑implanted doped regions for reduced footprint.",3,34,4,0.15384615384615385,26,failed_constraints
2005,6885587,6,function,"Search for nonvolatile memory devices that eliminate the control gate, allowing direct carrier injection into the floating gate for programming without an applied bias, thereby reducing cell size and simplifying CMOS integration.",3,32,1,0.045454545454545456,22,failed_constraints
2005,6838678,19,summary,Search for continuous UV curing systems that expose lubricants on recording discs using a moving holder through a tube with multiple lamps to achieve uniform coating.,1,26,0,0.0,17,ok
2005,6838678,19,keyword,"inline ultraviolet lamp array conveyor saddle tunnel for uniform UV curing of lubricant‑coated recording discs, continuous processing, lamp positioning, light intensity uniformity, lubricant deposition in UV tunnel, disc holder, recording medium, UV exposure apparatus, UV tunnel illumination system, photo‑crosslinking of lubricants",1,43,0,0.0,37,ok
2005,6838678,19,function,"Search for systems that transport discs or disk‑like media through a UV‑irradiation tunnel while simultaneously applying a lubricant, ensuring uniform exposure and coating via multiple lamps and a holding means on a moving frame.",2,36,0,0.0,24,ok
2005,6842115,12,summary,"Invention for a consumer kiosk that automatically scans, charges, and conveys rented media featuring indestructible EAS tags, removing them from the exit detection belt to prevent loss, while also offering a return slot with a tag scanner for returned items.",2,40,0,0.0,26,ok
2005,6842115,12,keyword,"Search for self‑checkout kiosk systems for rental video media using permanent electronic article surveillance tags, incorporating a barcode scanner for item and account IDs, a payment terminal, and a conveyor or robotic arm that transports tagged items outside an EAS interrogation zone.",3,43,3,0.1,30,failed_constraints
2005,6842115,12,function,"Kiosk allows customers to locate their account, scan rental items, pay, and trigger a conveyor that moves the tagged articles past the exit without entering an electronic‑security interrogation zone.",2,30,0,0.0,20,ok
2005,6968677,27,summary,"High‑level query: a method and system to diagnose malfunction of an exhaust‑emission reducing device by fixing three of engine speed, fuel quantity, ignition timing, or intake airflow at preset values, then determining the remaining parameter and comparing it for failure detection while limiting harmful gases.",3,47,4,0.125,32,failed_constraints
2005,6968677,27,keyword,"Search for patents describing an exhaust flow regulation unit equipped with a diagnostic module that fixes three of the following: engine rotation rate, fuel flow rate, ignition advance, air intake volume; calculates the last variable and compares values to detect control device failure in vehicle emissions management system.",3,48,0,0.0,35,ok
2005,6968677,27,function,"Search for systems that infer an exhaust flow regulator fault by locking three of engine speed, fuel delivery, ignition timing, or air intake control at preset levels, computing the fourth variable, and using comparative analysis of its readings to detect regulator malfunction.",3,42,1,0.03571428571428571,28,failed_constraints
2005,6918403,31,summary,"Search for a pneumatic rim tire valve that uses a movable slider to split a rigid body into two sealed chambers, each with its own air outlet, where a flow path can selectively connect to either outlet via a valve insert.",1,41,0,0.0,26,ok
2005,6918403,31,keyword,"Search for pneumatic tire rim valve systems featuring a rigid metallic valve body with a sliding plunger, dual air outlet coupling via a selectable flow channel, and dual sealing elements dividing the clearance space.",2,34,0,0.0,25,ok
2005,6918403,31,function,"Search prior art for a tire valve having a movable slider that partitions an internal chamber into two sealed zones with distinct air outlets, where the slider’s internal conduit selectively connects to either outlet and is fed by a valve insert.",1,42,0,0.0,25,ok
2005,6950319,1,summary,"A flyback power stage that minimizes primary‑side losses by shaping input current, interleaving the energy‑inductor’s current with a diode, and rearranging rectifiers to eliminate a diode drop, achieving lower conduction loss and ripple.",3,36,0,0.0,23,ok
2005,6950319,1,keyword,"Search for a single‑stage flyback power supply that uses an input‑current shaping technique, incorporates a full‑bridge rectifier and a shunt diode linking its high‑voltage output to a bulk capacitor, reducing primary conduction losses and eliminating one rectifier drop.",3,42,2,0.06896551724137931,29,failed_constraints
2005,6950319,1,function,"Flyback switching regulator with input current shaping via a bypass diode between rectifier and storage capacitor, using a split primary transformer and dual rectifiers to interleave energy‑storage inductor currents and eliminate a diode drop, achieving low input ripple and reduced primary‑side losses.",3,44,3,0.09090909090909091,33,failed_constraints
2005,6940489,6,summary,"Search for an ergonomic mouse featuring interchangeable eye‑themed buttons that rotate within a spherical housing, using a liquid‑filled damping chamber, an internal weighted ball, and conductive switch slots to create an eye‑swaying effect when pressed.",1,38,0,0.0,26,ok
2005,6940489,6,keyword,"arch‑shaped computer mouse housing featuring a dual‑button assembly with rotating eye‑styled spherical elements, counter‑weight for swaying motion, internal liquid damping, integrated switch contact slots, ergonomic handheld design, decorative eye graphics, dynamic movement effect.",1,37,0,0.0,32,ok
2005,6940489,6,function,"mouse input device with a movable eye-shaped button that oscillates for entertaining visual feedback, using a fluid-filled rotating ball with an eye graphic to enable dynamic eye motion and sensory stimulation during mouse operation",1,36,0,0.0,25,ok
2005,6955507,26,summary,"Searching for a rotary tube mill attachment that simultaneously removes a thin outer film from boiler tube ends and shapes a beveled edge, featuring an annular body with integrated film‑cutting blades and a bevel blade mounted in a recessed orifice for clean welding surfaces.",3,45,1,0.034482758620689655,29,failed_constraints
2005,6955507,26,keyword,"tube film removal milling head for tube ends featuring annular recess and blade with bore, bevel cutting blade inside orifice, micro‑diameter film strip removal, 25% outer diameter reduction, countersink head, debris escape, facilitating welding preparation.",3,36,5,0.16129032258064516,31,failed_constraints
2005,6955507,26,function,"Search for rotary milling heads that trim an outer layer from boiler tube ends while simultaneously forming a beveled edge, featuring interchangeable blades, a built‑in orifice for debris extraction, and precise spacing/angle controls that produce clean surfaces suitable for welding or bonding.",3,44,0,0.0,30,ok
2005,6924849,2,summary,"Search for a projection system combining multiple low‑gap arc lamps with a rotating mirror assembly that merges light into a compact, uniformly directed bundle, then homogenizes it before directing it onto a large‑diagonal LCD for high‑contrast, long‑life imagery.",2,42,0,0.0,29,ok
2005,6924849,2,keyword,"Search for compact projector systems using multi‑arc lamp light source, pinwheel mirror collimation, fly‑eye lens array homogenizer, LCD panel with amorphous silicon, and Fresnel lens achieving >1000:1 contrast in 4× magnification, 170 cm projection, 50 k‑hour lifetime.",3,41,2,0.0625,32,failed_constraints
2005,6924849,2,function,"Search for projection systems employing a compact light source that produces collimated bundles, an optical homogenizer, and a narrow incident angle onto an LCD to deliver high‑contrast large images with extended operational lifetime.",2,34,0,0.0,23,ok
2005,6891127,26,summary,"How can a welding apparatus with an atmospheric reservoir, adjustable surface‑tension balancing, magnetic spatter removal, and integrated cooling elements increase continuous welding time by reducing shutdowns?",3,27,0,0.0,20,ok
2005,6891127,26,keyword,"Automated welding fluid bath system with atmospheric reservoir, magnetically‑actuated spatter removal, surface‑tension balancing feed container, bleed overflow, removable basket, brush contact, and inert‑gas cooling chamber for torch temperature reduction.",2,32,0,0.0,27,ok
2005,6891127,26,function,"search for fluid bath systems that automatically feed, balance surface tension, incorporate magnetic or cooling elements to remove spatter, maintain torch temperature, and reduce maintenance intervals in continuous welding processes.",2,30,0,0.0,22,ok
2005,6945315,30,summary,"A heat‑dumping assembly that bonds to a heat source, featuring base‑finned surfaces and a fluid chamber with an internal divider; a pump circulates coolant through narrowing channels onto divider surfaces, boosting heat extraction.",2,35,0,0.0,24,ok
2005,6945315,30,keyword,"search for heat‑sink assemblies integrating a two‑sided base with side fins, an internal chamber and divider, a peripheral pump drawing cooling fluid from the base surface, directing it through outlet‑directed flow bars with narrowed channels.",1,38,0,0.0,26,ok
2005,6945315,30,function,"A heat dissipating system comprising a finned base and chamber with a divider, where a pump circulates cooling fluid through radially spaced flow dividers, creating narrow passages at the inlet to efficiently transfer heat from a heat source.",1,38,0,0.0,24,ok
2005,6914756,2,summary,"Develops a compact recording head featuring an integrated read and write interface via a multi-gap architecture, employing magnetoresistive sensors to suppress interference and enable concurrent data acquisition during media tracking, improving storage density.",2,34,0,0.0,26,ok
2005,6914756,2,keyword,"Explore head designs using a substrate, multilayered magnetic stack with pole materials and a magnetoresistive sensor array forming a single high‑resolution read/write track, minimizing cross‑coupling between reading and writing paths.",2,33,0,0.0,25,ok
2005,6914756,2,function,"search for tape head designs that perform simultaneous read/write with a single bump, minimize crossfeed, utilize multiple pole magnets and a magnetoresistive sensor to allow reading during writing while separating gaps for each channel.",2,35,0,0.0,25,ok
2005,6946996,3,summary,"Search for wireless connectivity modules employing a PCB ground trace longer than a quarter of the operation wavelength, with a perpendicular radiating arm mounted near the end of that trace on the same plane to improve radiation efficiency and compact form factor.",2,42,0,0.0,26,ok
2005,6946996,3,keyword,"Search for a printed circuit board that includes a longitudinal ground trace of at least one‑quarter wavelength, an orthogonal slot‑type or printed antenna element situated in the same plane adjacent to the ground trace, and a connector terminal positioned on the side opposite the antenna’s main body, all integrated with on‑board active electronics for wireless communication.",3,60,1,0.02702702702702703,37,failed_constraints
2005,6946996,3,function,"Search for prior art on flat antenna designs featuring a quarter‑wavelength or longer ground strip along a principal axis, with a perpendicular radiating element positioned in the same plane and spaced from the ground end, enabling compact low‑profile wireless modules.",2,42,0,0.0,28,ok
2005,6947520,10,summary,"Search for methods and devices that align a sample surface with a low‑incidence, convergent X‑ray beam, repositioning the beam’s focal spot relative to the surface through multiple stages, recording the angular distribution of reflected radiation, and analyzing it to find the optimal alignment.",1,46,0,0.0,27,ok
2005,6947520,10,keyword,"Search for prior art on methods and apparatus using a converging X‑ray beam incident at grazing angles onto a sample surface, employing a focal region, adjustable motion stages, and angular reflected‑radiation profiles to determine surface alignment by edge position detection.",1,42,0,0.0,29,ok
2005,6947520,10,function,"search for methods of aligning a test surface using grazing‑incidence X‑ray or laser beam, adjusting sample or focal point, measuring reflected angular profile variations across stages, and selecting alignment from comparative analysis.",1,34,0,0.0,24,ok
2005,6875310,28,summary,"Search for an air‑press system in paper machines featuring rolls with detachable end pieces that generate increased nip pressure through material or shape design, thereby improving dewatering efficiency.",1,29,0,0.0,21,ok
2005,6875310,28,keyword,"High‑pressure air‑press for a paper machine employing roll pairs with replaceable longitudinal ends featuring annular grooves; ends made of selective materials or geometric design to increase nip pressure between ends versus middle, used for fiber‑web dewatering.",1,39,0,0.0,30,ok
2005,6875310,28,function,"Search for air press apparatus for dewatering fiber pulp using rolls with replaceable terminal sections that generate greater pressure at the nip, enabling efficient liquid removal while preserving pulp integrity.",3,30,0,0.0,22,ok
2005,6965571,4,summary,"search for a system that delays fault notification in consecutive communication packets by storing error codes and waiting for a prior packet’s confirmation before reporting, ensuring accurate error attribution.",2,30,0,0.0,19,ok
2005,6965571,4,keyword,"Stateful message flow controller that records a message identifier, flags a pending error, and postpones error notification until the next acknowledgment; upon positive acknowledgment it logs the error, while a negative acknowledgment clears the flag and signals a remote fault, all within a requestor state machine framework.",2,47,0,0.0,33,ok
2005,6965571,4,function,"methods for accurate error notification in sequential message streams, involving holding error status and sequence number until a prior packet receives acknowledgment, then reporting or suppressing the error based on acknowledgment type, enabling precise flow control in network communications.",2,39,0,0.0,29,ok
2005,6848533,32,summary,"Search for a tandem axle drive system that integrates a reduction gear with an internal differential and braking housed in a single unit, using universal shafts to link independently mounted wheel assemblies to the vehicle frame for modular mounting.",1,39,0,0.0,24,ok
2005,6848533,32,keyword,"Search for integrated tandem axle drive system using a prime mover linked to a gear reduction unit, with a shared housing containing differential and individual service brakes, universal shaft connections, and separate twin‑axle subcomponents.",2,35,0,0.0,25,ok
2005,6848533,32,function,"search for a tandem axle vehicle drivetrain that combines a gear reducer, integrated differential and brakes within a single housing, using universal shafts to connect each wheel to separate wheel housings mounted on the chassis",1,35,0,0.0,23,ok
2005,6931582,6,summary,"Search for memory cards that autonomously perform error‑correction on stored non‑volatile data at intervals or on power‑on, independently from host read/write operations, using a controller that adds ECC on writes and corrects on reads.",1,38,0,0.0,23,ok
2005,6931582,6,keyword,"Search for non‑volatile memory cards that employ an integrated memory controller performing periodic background error detection and correction via ECC scrubbing, independent of host read/write operations, while providing a host interface compliant with standard protocols such as SD or eMMC.",3,42,2,0.06451612903225806,31,failed_constraints
2005,6931582,6,function,"Search for memory card technology where a controller autonomously generates redundancy codes during write operations, applies periodic self‑check and correction routines on stored data regardless of external access, and provides protocol‑based interfacing to host devices.",2,37,0,0.0,27,ok
2005,6840951,13,summary,"Transparent sleeve allowing hand entry into abdominal cavity, sealing the incision and preserving pneumoperitoneum, with a distal cuff that closes around the surgeon’s forearm or instrument.",2,27,0,0.0,16,ok
2005,6840951,13,keyword,"Transparent surgical access sleeve with proximal tissue‑sealable lip and distal hand‑sealed flap, maintaining pneumoperitoneum, enabling surgeon hand passage, equipped with interchangeable sealant cuff, reusable silicone construction, pneumostasis, incision‑attachment ring, and closure member around forearm.",2,37,0,0.0,31,ok
2005,6840951,13,function,"Surgical access device that creates a fluid‑tight, flexible tunnel through a body incision, allowing a surgeon’s hand or instruments to enter while preserving a pneumoperitoneum, with a sealing collar around the forearm or instrument and a secure tissue attachment.",1,41,0,0.0,25,ok
2005,6901079,4,summary,Search for methods enabling an aggregation node to enforce distinct quality‐of‐service levels on individual point‑to‑point flows by routing each flow’s packets through pre‑configured virtual circuits set to provide varied QoS.,1,36,0,0.0,25,ok
2005,6901079,4,keyword,"Search for a gateway device that classifies data packets by endpoint pair, assigns them to pre‑provisioned virtual links each offering distinct QoS, encapsulates the traffic with a VCI tag, and forwards them over a second aggregation node with minimal packet header inspection.",2,43,0,0.0,28,ok
2005,6901079,4,function,"Search for network devices that allocate distinct QoS paths to independent point‑to‑point connections by mapping incoming packets to preconfigured service classes without inspecting payload, enabling fast forwarding and varied bandwidth or latency guarantees.",2,35,0,0.0,25,ok
2005,6944885,34,summary,"search for fluid‑tight seals using elastic annular grommets bonded to impermeable layers, forming snug barriers for penetrating hoses or breathing apparatus tubes in protective suits.",1,26,0,0.0,19,ok
2005,6944885,34,keyword,Search for hermetic fluid‑impermeable polymer sheet with an annular elastomeric grommet that seals penetrated tubes or a breathing apparatus inside protective clothing for hazardous environments.,1,26,0,0.0,17,ok
2005,6944885,34,function,"Fluid‑impervious barrier sheet with adhered annular elastomeric gasket that forms a tight fluid‑seal around a penetrated tubular element, enabling use in protective garments with integrated breathing apparatus.",1,29,0,0.0,21,ok
2005,6970254,29,summary,"Locate prior art on using a rotating laser to cast a line onto a Z‑shaped insert and composite part, wherein a sensor detects breaks in the reflected line to compute the insert’s boundary for automated pin placement.",1,39,0,0.0,23,ok
2005,6970254,29,keyword,Search for laser line projection systems that detect discontinuities to locate Z‑form edges for automated pin placement into carbon‑fiber composite structures using frequency‑sensitive optical sensors.,1,28,0,0.0,20,ok
2005,6970254,29,function,"Laser line edge detection system that scans a tilted laser beam across a molded part, identifies line discontinuities at part boundaries with a frequency‑sensitive detector, and translates those breaks into precise coordinates for automatic pin alignment.",2,37,0,0.0,26,ok
2005,6977712,9,summary,"Search for display devices that capture external illumination via rear or side reflectors to illuminate a transmissive panel, using diffusers and light sensors to regulate backlight and extend battery life.",2,30,0,0.0,20,ok
2005,6977712,9,keyword,"Search for patents on using ambient light guidance and photo sensor‑controlled backlight reduction in transmissive displays with rear diffusers, reflective sidewalls, transreflective panel designs, and dynamic lighting control for energy efficiency.",1,32,0,0.0,23,ok
2005,6977712,9,function,"Search for display systems that use rear‑directed ambient illumination to supplement or replace a backlight, employing surface reflectors, diffusers, and light sensors to automatically modulate backlight power for energy savings and image visibility.",2,34,0,0.0,23,ok
2005,6860233,29,summary,"Search for cat litter formulations that use plant-based dry matter sized ≤1000 µm, incorporate a clumping agent, and exhibit a particle size distribution deviating >10% from a normal 100 µm–800 µm Gaussian.",3,34,2,0.09090909090909091,22,failed_constraints
2005,6860233,29,keyword,"Pet bedding comprising dried botanical material and clumping additive, with 80 % of the mass particles sized 0–1000 µm, and a cumulative size distribution that exceeds a Gaussian (mean 100 µm, SD 800 µm) by over 10 %.",2,37,0,0.0,22,ok
2005,6860233,29,function,"Search for cat litter that uses plant‑derived granules sized 0–1 mm, where 80 % by mass fall in that range, with a cumulative particle‑size curve exceeding a 100 µm mean, 800 µm standard‑deviation Gaussian distribution by >10 %, and incorporates a moisture‑activated agglomerating agent.",1,47,0,0.0,29,ok
2005,6963936,6,summary,"Describe a powered hub that supplies power and network connectivity to multiple interchangeable peripherals, enabling remote network access and sharing among users without requiring a local computer, and permitting modular expansion of device types within a compact enclosure.",2,38,0,0.0,27,ok
2005,6963936,6,keyword,"powered peripheral node appliance providing data and power interfaces for multiple interchangeable peripherals such as printers, scanners, drives, integrated with Ethernet or Wi‑Fi, housed with modular case, enabling network access without local computer.",3,34,2,0.07692307692307693,26,failed_constraints
2005,6963936,6,function,"Search for network‑attached hubs that supply power and data links for multiple interchangeable peripherals, enabling those devices to function over a network without a local computer, with modular expansion and protocol translation capabilities.",3,34,0,0.0,23,ok
2005,6881010,24,summary,"Search for onsite trench‑based remediation system featuring a lined holding basin, internal sump with filtration, and access piping to deliver treatment liquids or gases for soil dewatering, vapor stripping, biostimulation or solvent washing.",2,34,0,0.0,24,ok
2005,6881010,24,keyword,"Onsite remediation trench featuring an impervious liner, a sump reservoir with attached sump system, a geotextile filter sheet, and an access pipe for fluid exchange, supporting vapor extraction, bioremediation, surfactant washing, and solvent extraction of contaminated soils.",3,37,7,0.2692307692307692,26,failed_constraints
2005,6881010,24,function,"Search for designs that place a lined excavation with an integrated drainage box and filter, wherein a pipe injects treatment fluid or gas to mobilize or remove pollutants from the contained soil and sediment.",2,34,0,0.0,19,ok
2005,6888415,5,summary,"System for tuning sinusoidal frequency via dual adjustable delay paths, where each path includes a variable delay and optional amplification, with a control terminal selecting the signal flow proportion between the paths to synthesize a precise clock signal for data re‑timing.",2,42,0,0.0,29,ok
2005,6888415,5,keyword,"Search for techniques to tune a sinusoidal signal’s frequency via programmable phase delay using dual selectable delay paths that include an amplifying delay element and a control switch, with ring oscillator stages and amplitude‑maintenance amplifiers.",2,37,0,0.0,25,ok
2005,6888415,5,function,"search for systems that employ two selectable delay paths, one with an amplifier to adjust delay, to dynamically control the phase and timing of an input signal for use in re‑timing and synchronization.",2,34,0,0.0,19,ok
2005,6925567,2,summary,"Search for remote control of devices via email that includes encrypted sender credentials, decryption, authentication, command extraction, duplicate time‑slot detection, confirmation back‑channel, and execution steps.",1,27,0,0.0,21,ok
2005,6925567,2,keyword,"Search for systems that use email to remotely schedule and control a video recorder, employing a modem to pull mail into a controller RAM, decrypting public‑key protected certification data, verifying user authenticity, and executing stored command instructions after a confirmation handshake while detecting schedule conflicts.",2,46,0,0.0,33,ok
2005,6925567,2,function,"encrypted email authentication and control command to remotely schedule and reserve a separate video recorder, involving key‑based decryption, certificate verification, duplicate booking detection, command storage, and two‑step email confirmation.",1,31,0,0.0,24,ok
2005,6928418,7,summary,"Search for methods that use statistical testing of current asset allocation against a target efficient frontier generated by resampling, to decide if rebalancing is warranted and to define asset weight ranges.",3,31,0,0.0,19,ok
2005,6928418,7,keyword,"Search for methods employing meta‑resampled efficient frontiers and statistical congruence testing of current versus target asset allocations, using simulated expected returns, standard deviations, covariance matrices, and confidence‑level based rebalancing of multi‑asset portfolios.",3,35,2,0.07142857142857142,28,failed_constraints
2005,6928418,7,function,"Identify methods for evaluating when to rebalance a multi‑asset portfolio by simulating robust candidate portfolios, selecting a target based on risk‑return criteria, measuring statistical similarity, testing for significant deviation, and initiating rebalancing.",2,34,0,0.0,23,ok
2005,6851602,25,summary,"Rigid pre‑formed U‑shaped base and cover units interlock, using straight‑cut corners and orthogonal fold lines, forming an end closure from multiple panels that fold into a flat bottom, enabling simple, self‑supporting packaging and integrated embossing/cutting.",3,40,3,0.10344827586206896,29,failed_constraints
2005,6851602,25,keyword,"Search for preformed rigid U‑shaped packaging frames and covers made of corrugated material, with integrated fold lines and precision‑cut angle corners that allow separate base and cover parts to interlock and form sealed end closures in carton containers.",2,40,0,0.0,27,ok
2005,6851602,25,function,"Find prior art for rigid U‑shaped packaging containers with flat bottoms and interlocking side walls that remain upright without extra support, featuring end panels that fold along perpendicular creases to form squared corners, and devices for cutting and embossing these units.",3,42,0,0.0,30,ok
2005,6877413,26,summary,"Moveable hole punch with upper and lower stages, a guide track, a paper slot, and a movable drill actuated by sliding a member that presses the drill to perforate paper.",1,30,0,0.0,17,ok
2005,6877413,26,keyword,"Search for slideable paper perforator with dual casing, sliding carriage along an elongated guide, integrated drill assembly moving within a slot, and a paper slot enabling adjustable spacing between perforations.",2,30,0,0.0,22,ok
2005,6877413,26,function,"Search for a sliding‑hole punch that includes an upper block with a slide rail and carriage, a lower block forming a slot, and a drill situated between them; moving the carriage down engages the drill to perforate paper at selectable distances and shapes.",1,44,0,0.0,25,ok
2005,6954999,35,summary,"How can a trenching machine’s blade be automatically positioned to follow a digital trench plan, using GPS, pitch and orientation sensors, and an actuator controller that continually compares and corrects the blade’s real-time location against the desired profile?",1,41,0,0.0,26,ok
2005,6954999,35,keyword,"Search patents for trenching machines featuring a guidance control system that adjusts a dynamic cutting edge via an actuator, using pitch and orientation sensors combined with satellite positioning data to match a digital trench profile, with real‑time error compensation.",3,40,2,0.07142857142857142,28,failed_constraints
2005,6954999,35,function,"Search for systems that use GPS, pitch, and spatial orientation sensors to actively adjust a movable excavation tool's blade so that the excavated trench matches a pre‑programmed profile within a narrow tolerance.",2,34,0,0.0,22,ok
2005,6884693,8,summary,"Search for methods creating silicon‑on‑insulator substrates that use an isolated active area, a pad dielectric, ion‑implanted P‑well and N‑well before bonding a second wafer with a bonding dielectric, followed by thermal fusion and backside polishing to expose the isolation layer.",1,45,0,0.0,28,ok
2005,6884693,8,keyword,"Silicon‑on‑insulator wafer manufacturing method comprising front‑face isolation oxide, N/P well ion implantation, pad dielectric application, front‑face bonding oxide, thermal bonding anneal, and back‑side polishing to expose the isolation region.",1,35,0,0.0,27,ok
2005,6884693,8,function,"Search for methods to fabricate silicon‑on‑insulator wafers by depositing isolation and bonding layers on paired silicon substrates, implanting wells, bonding fronts, and polishing backside to isolate active regions—enabling high‑performance integrated circuits with precise well engineering.",1,39,0,0.0,28,ok
2005,6938464,10,summary,"viscometer utilizes a rotating sample container driven by a pulley‑belt system to shear fluid, translating the resulting torque on a bob suspended by a frictionless bearing into viscosity readings via an optical displacement sensor.",1,35,0,0.0,22,ok
2005,6938464,10,keyword,"rotor‑driven viscometer employing pulley‑powered timing belt, sample cup, bob on smooth‑bearing shaft, optical proximity sensor monitoring arm displacement, leaf‑spring sleeve suspension with axially separated sleeves, for torque‑based viscosity measurement in low‑friction fluid rheometry.",1,39,0,0.0,33,ok
2005,6938464,10,function,"Search for devices that determine fluid viscosity by rotating a sample cup driven by a pulley and belt, transmitting torque to a bob supported by frictionless bearings, using a distance‑measuring sensor linked to a shaft arm, with a bob suspended by non‑contact sleeves and leaf springs.",2,48,0,0.0,29,ok
2005,6966954,20,summary,"Search for roller bearing materials or manufacture methods where a martensitic steel bearing element is nitrided to produce a hard surface layer (64‑72 HRC) with grain‑contained iron nitride precipitates but minimal intergranular nitrides, controlled by reducing retained austenite and limiting nitrogen content to below 2.35 % while achieving shallow case depth.",3,53,3,0.07894736842105263,38,failed_constraints
2005,6966954,20,keyword,"Search for patents on bearing housings that employ M50 or M50NiL martensitic steels with surface case‐hardening to 0.002–0.014 in, achieving 64–72 HRC by controlled nitriding at 800–1000 °F, forming intragranular Fe3N/Fe4N while suppressing intergranular white nitride and retained austenite, with up to 2.35 wt% nitrogen and minimal decarburization.",3,56,1,0.02702702702702703,37,failed_constraints
2005,6966954,20,function,"Search for techniques producing high‑hardness (64‑72 HRC) case‑hardened bearing steel surfaces via controlled partial‑pressure nitriding at 800‑1000 °F, minimizing retained austenite, suppressing intergranular white phase, keeping surface carbon to prevent decarburizing.",3,36,2,0.06666666666666667,30,failed_constraints
2005,6914848,6,summary,"Search for memory architecture using stacked pMOSFETs to reduce leakage in row driver circuits by gating them with enable signals derived from read/write or address decoding, achieving low standby power without performance loss.",2,34,0,0.0,24,ok
2005,6914848,6,keyword,"memory register file with word line drivers each using a single pMOSFET, stacked pMOSFETs whose drain ties driver sources together, driven by an enable from address decoder or read/write control to reduce subthreshold leakage.",3,35,2,0.07692307692307693,26,failed_constraints
2005,6914848,6,function,"Identify prior art on memory devices using shared source‑connected p‑channel MOS stacks activated by enable signals to selectively power subsets of line drivers, reducing idle leakage while preserving read/write speed.",2,33,0,0.0,26,ok
2005,6860960,29,summary,"Discovering a method that directs focused annular electromagnetic beams to locally melt and fuse polymeric coatings onto hollow medical catheters, creating two distinct sealing sites via reflected beam steering while protecting surrounding material.",2,33,0,0.0,27,ok
2005,6860960,29,keyword,"Query the literature on using a controllable annular electromagnetic beam directed with a parabolic reflector to thermally fuse an overlapping polymeric sleeve to a polymer catheter, focusing at a specific wavelength that is absorbed by either component, thereafter cooling to form a sealed seam along the tube.",2,47,0,0.0,28,ok
2005,6860960,29,function,"Process of fusing polymeric catheter tubes to polymeric materials by directing an annular electromagnetic beam to a defined bonding zone to melt and solidify components, enabling controlled bonding without damage to surrounding regions.",1,33,0,0.0,22,ok
2005,6895298,12,summary,"Search for methods, software, and machine tools that measure a cutting tool’s actual curvature after machining from its specified curvature, link the tool to a component geometry, and automatically generate a CNC program using the measured curvature and tool dimensions for part fabrication.",2,44,0,0.0,27,ok
2005,6895298,12,keyword,"Search for an automated milling system with an end effector, chuck, cutter employing distinct manufacturer and tool‑adjusted curvature, integrated memory storing cutter dimensions and part models, and a controller that generates executable numeric‑control code for CNC machining parts.",2,40,0,0.0,28,ok
2005,6895298,12,function,"Search for automated milling systems that measure an inserted cutter’s actual radius, match it to a database of cutter geometries, choose a compatible part model, and auto‑generate a CNC program incorporating the measured dimensions for precise part production.",2,40,0,0.0,25,ok
2005,6858564,28,summary,Search for thermochromic security coating on the reverse side of thermal paper that combines color‑shifting pigments with high‑resolution printed images for counterfeit deterrence.,1,25,0,0.0,16,ok
2005,6858564,28,keyword,"Find patents regarding thermal paper or thermosensitive recording media comprising a base substrate with an optional intermediate coating, a heat‑responsive coating on one side, and a reverse‑side backcoating that contains a thermochromic optical variable agent and graphic images.",1,40,0,0.0,27,ok
2005,6858564,28,function,"Search for temperature‑responsive thermal paper with a backlayer containing a color‑shifting security compound and a flexographic or gravure printed image, enabling secure high‑quality reversible indicia and anti‑counterfeiting features.",2,32,0,0.0,22,ok
2005,6960743,8,summary,"Ceramic heater substrate for wafer processing featuring integrated resistance heating, multiple convex contact pads with fine upper planes and rougher surrounding surface, a periphery sidewall for wafer edge support, and through‑hollow designs for airflow, enabling rapid, uniform temperature increase without wafer damage.",1,43,0,0.0,34,ok
2005,6960743,8,keyword,"Ceramic heating substrate for semiconductor wafer processing, incorporating integrated resistive heater, array of convex contact pads with planar surfaces, non‑convex base region roughness 1–100 µm, smooth pad tops, edge‑side projected walls for wafer alignment, and through holes with groove for fluid discharge.",1,45,0,0.0,34,ok
2005,6960743,8,function,"thermal chuck with resistive heating integrated into a ceramic disk, featuring multiple convex contact points with a semiconductor wafer, the contact surfaces having finer roughness than the surrounding bulk, enabling rapid homogeneous temperature rise and minimal distortion during wafer processing.",2,40,0,0.0,30,ok
2005,6855355,18,summary,"Searching for inventions that color French‑fries by immersing potato pieces in a batter containing food‑grade dye compounds (e.g., xanthine, monoazo, indigoid) bonded to alumina hydrate, then frying and freezing, optionally sweetened.",3,34,2,0.08695652173913043,23,failed_constraints
2005,6855355,18,keyword,"Search patent literature on potato pieces treated with food‑grade chromophores such as xanthine, pyrazolone, monoazo, triphenylmethane, or indigoid dyes, possibly complexed with aluminum, applied via flour‑based batter before frying, optionally sweetened with sucralose and frozen.",3,37,0,0.0,28,ok
2005,6855355,18,function,"Search for patents describing the preparation of shaped potato products that are coated with colorant mixtures of azo, pyrazolone, or indigoid dyes supported on alumina, followed by frying, sweetening with sucralose, and freezing.",2,33,0,0.0,19,ok
2005,6852178,20,summary,"A technique to induce vibrational motion in conductive liquids by exposing them to a persistent magnetic field and an external wave, creating a transverse wave when the wave frequency and field strength satisfy a conductivity‑density‑magnetic relationship, useful for metal solidification.",2,42,0,0.0,25,ok
2005,6852178,20,keyword,"Search for techniques employing a steady magnetic field and acoustic excitation to create transverse waves in a conductive liquid, meeting 2πf < (σ/ρ)B², for induced vibration and solidification of molten metal.",2,32,0,0.0,17,ok
2005,6852178,20,function,"Searching for techniques that use a magnetic field together with an external excitation to generate transverse waves in conductive liquids, thereby inducing controlled vibratory motion to solidify molten metal or manipulate fluid dynamics under conditions where frequency is limited by conductivity, density, and field strength.",2,45,0,0.0,30,ok
2005,6977366,2,summary,Search for systems that use environmental sensors to detect autofocus emissions or RF from hidden cameras at live theatres and automatically emit defocusing or high‑frequency optical infrared interference to spoil captured images.,1,33,0,0.0,22,ok
2005,6977366,2,keyword,"Find prior art for a theater‑security system that uses proximity sensors to detect auto‑focus or RF signatures from clandestine cameras, and automatically dispatches an invisible‑light interference signal to the camera’s CCD, rendering captured images white‑out.",2,40,0,0.0,27,ok
2005,6977366,2,function,"Design a sensor‑network system that detects autofocus or IR/RF emissions from unauthorized cameras during live events and automatically emits an invisible light‑based disruptive signal that blurs the camera’s CCD, preventing high‑quality recordings.",1,37,0,0.0,26,ok
2005,6967696,9,summary,"Search prior art for a reflective display panel that integrates pixel thin‑film transistors with peripheral driver circuitry, forming metal lines and pixel electrodes concurrently to simplify fabrication and reduce process steps.",3,32,2,0.08695652173913043,23,failed_constraints
2005,6967696,9,keyword,tft active matrix display reflective lcd pixel driver circuit silicon islands source drain channel interlayer dielectric conductive reflective film patterned pixel electrodes and interconnect lines together.,3,26,0,0.0,23,ok
2005,6967696,9,function,"Search for prior art enabling an active‑matrix reflective display where a pixel‑switch and an associated driver circuit are fabricated on separate silicon islands, the pixel and driver contacts and reflective lines are patterned from a single conducting reflective layer, simplifying processing and improving drive‑line reliability.",3,48,1,0.03225806451612903,31,failed_constraints
2005,6957179,6,summary,"Searching for methods that link an on‑chip emulator to a USB port, translate component‑addressed RPCs sent over USB to a host computer, which then creates socket calls on a network link to another computer, and redirects the response back over USB to the targeted IC component.",1,48,0,0.0,30,ok
2005,6957179,6,keyword,"Search for methods enabling an embedded microcontroller with an on‑chip emulator to transmit control signals over a USB link to a host computer, which initiates network socket connections and returns processed data to the microcontroller via the same bus.",2,40,0,0.0,24,ok
2005,6957179,6,function,"Search for method enabling an on‑chip emulator to issue a procedure request from a component over a bus to a host computer, which then creates network sockets, passes back response data to the component via the bus, enabling dynamic remote command execution on integrated chips.",2,46,0,0.0,29,ok
2005,6866770,1,summary,"A pre‑assembled planar anode array buried between ground level and a subsurface metallic conduit, connected to exposed facilities, that mitigates induced electrical potentials and prevents conductor oxidation by forming a sacrificial galvanic cell, protecting personnel and above‑ground equipment.",3,40,2,0.06896551724137931,29,failed_constraints
2005,6866770,1,keyword,"Search for prefabricated cathodic protection mats comprising planar anode networks buried beneath ground‑level surfaces adjacent to underground pipes, designed to mitigate induced potentials and corrosion for above‑grade test rigs, valves, metering units, and pig insertion/termination stations.",2,39,0,0.0,31,ok
2005,6866770,1,function,"cathodic protection mat system buried beneath ground surface, comprising planar anode network between underground pipe and ground, that shields above‑ground stations—test stands, valves, pig launchers—from induced electrical potentials while preventing pipe oxidation and connecting to exposed equipment.",3,40,1,0.030303030303030304,33,failed_constraints
2005,6874666,33,summary,"Removable size marker for garment hanger webs with channeling edges and inward‑facing ridges that latch onto web ridges, plus projections, abutments or troughs to prevent sliding and a wide planar surface for printing.",1,34,0,0.0,23,ok
2005,6874666,33,keyword,"Removably attachable garment size display element featuring a face, two side panels forming a channel, inwardly directed ridges for engaging web ridges, spaced frontal projections or side abutments to lock position, and a trough for web insertion with an extended planar wall for optimized printing.",2,45,0,0.0,32,ok
2005,6874666,33,function,"removably attached gauge for fabric support with face and side walls forming a channel, inward‑facing ridges engaging web ridges, projections or trough to lock the gauge in position, and an extended planar area for labeling.",2,36,0,0.0,23,ok
2005,6897457,1,summary,"Search for ion implanters that use split steering electrodes with separate voltage control and monitor beam deflection by split current collection plates, enabling precise beam angle adjustment into downstream mass analyzer.",1,31,0,0.0,23,ok
2005,6897457,1,keyword,"Search for ion implanters featuring a tetrode extraction assembly with an isolated steering electrode pair forming an aperture, DC/AC voltage generators for transverse deflection, a baffle plate split into electrically isolated halves for beam‑current monitoring, and a downstream mass analyzer.",2,42,0,0.0,29,ok
2005,6897457,1,function,"Generate transverse electrostatic field across separated electrodes to controllably alter ion beam trajectory, monitor left/right beam‑current imbalance on split conductive surfaces for feedback, and iteratively calibrate electrode voltages to align beam with mass analyzer input.",2,37,0,0.0,29,ok
2005,6978043,2,summary,"A software framework that receives input image data, reads a color profile containing device gamut limits and mapping instructions, converts the data through a device‑independent color space, applies an externally supplied gamut conversion routine, and outputs image data in the target device’s gamut.",3,45,2,0.0625,32,failed_constraints
2005,6978043,2,keyword,"search for computer color management software accepting input image data, converting to device‑dependent output using externally pluggable gamut mapping algorithms defined by color profiles containing gamut boundary, mapping parameters, and a color appearance model.",3,35,3,0.10714285714285714,28,failed_constraints
2005,6978043,2,function,"Search for color management systems that convert input color images using profile-based gamut mapping, support externally callable gamut algorithms, and apply viewing‑condition‑independent transformations with color appearance models to output device‑specific color representations.",3,36,3,0.10344827586206896,29,failed_constraints
2005,6912238,9,summary,"Find prior art where a high‑energy particle beam is injected into a vacuum chamber and driven by a transverse, longitudinally varying force field to raise the particles to an upper energy level, producing coherent light upon radiative transition.",2,39,0,0.0,25,ok
2005,6912238,9,keyword,"Laser using a high‑energy particle beam in an evacuated chamber, a perpendicular static comb‑field that varies along the beam path, pumping particles into metastable states to produce stimulated emission.",1,31,0,0.0,21,ok
2005,6912238,9,function,"evacuated tube with a perpendicular constant electric field that oscillates along the particle beam to elevate high‑energy atoms or ions into metastable states, generating stimulated laser light.",2,28,0,0.0,19,ok
2005,6928850,8,summary,"Search for a forming apparatus that bends a thin ductile element with a defined long axis, inducing a precise angled shape while simultaneously engraving line and surface reliefs to relieve stress and prevent bowing in integrated‑circuit lead frame components.",2,40,0,0.0,27,ok
2005,6928850,8,keyword,Search for lead frame tie strap offsetting systems using steel ribbed forming dies and horizontal punch protrusions creating stress‑relief indentations on strap surfaces to mitigate bowing in IC packaging.,3,30,0,0.0,23,ok
2005,6928850,8,function,"Search for methods employing a die with rib inserts and a punch with complementary protrusions to simultaneously bend a narrow ductile component into a stress‑relieved offset plane, creating longitudinal indentations along the primary axis and transverse depressions across the surface to prevent bowing in electronic packaging lead frames.",3,49,1,0.03125,32,failed_constraints
2005,6908756,15,summary,"search for novel serine protease BSSP2 proteins, engineered sequences, transgenic animals with altered BSSP2 levels, antibodies targeting BSSP2, and detection methods using such antibodies.",3,24,1,0.05263157894736842,19,failed_constraints
2005,6908756,15,keyword,"Search for serine protease proteins comprising a 240‑residue segment (positions 218‑457) or the full 457‑residue sequence, their engineered mutants, nucleic acids encoding them, transgenic vertebrates with altered BSSP2 expression, anti‑BSSP2 antibodies, and immunoassay detection techniques.",3,39,0,0.0,29,ok
2005,6908756,15,function,"Search literature for serine proteases analogous to BSSP2, their engineered variants with modified expression, antibodies specific to such proteases, and immunoassay methods detecting these proteases in mammalian specimens.",1,28,0,0.0,19,ok
2005,6934642,10,summary,"Method to assess internal elastic strain in machined or heat‑treated parts via two‑marker sets, measuring spacing pre‑ and post‑stress relief to infer tensile/compressive state, plus database‑driven modeling from raw billet to finished component.",1,38,0,0.0,29,ok
2005,6934642,10,keyword,"Search for methods and systems that mark components with multiple gauge marks, measure pre- and post‑stress‑relief distances, compute the difference to assess residual tensile/compressive stress, and model stress evolution from billet to finished part.",2,37,0,0.0,25,ok
2005,6934642,10,function,"Search for devices and processes that apply surface markings to a workpiece, measure distances before and after thermal or mechanical unloading, compute the differential to assess internal tensile or compressive loading, and build a database to predict stress evolution from billet to finished part.",2,44,0,0.0,27,ok
2005,6854542,32,summary,"Find prior art for an arch‑shaped heat shield placed over the rear cylinder of a large‑capacity V‑twin powered bike, designed to redirect exhaust heat from rider legs and saddlebags, reduce condensation and preserve classic bike styling.",3,39,0,0.0,27,ok
2005,6854542,32,keyword,"Search for heat shield designs for Harley‑style V‑twin motorcycles that attach to the rear cylinder, feature arcuate geometry matching seat contour and fuel tank edge, deflect excess engine heat from rider leg and luggage, reduce condensation.",2,38,0,0.0,27,ok
2005,6854542,32,function,"Search for a heat deflection device for V‑twin motorcycle engines that redirects exhaust heat away from the rider’s leg and rear saddlebags, integrates with seat and tank shape, reduces bag condensation, preserves classic Harley appearance, and provides long‑distance rider comfort.",1,43,0,0.0,29,ok
2005,6852096,13,summary,"Search for syringe safety mechanisms employing a movable sheath with a telescopic head that automatically locks in a safe position when a plunger is depressed, using axial and radial bearing surfaces to secure the sheath.",1,35,0,0.0,20,ok
2005,6852096,13,keyword,"syringe safety system with sliding body inside a telescoping sheath, needle guard lock comprising axial and radial bearing surfaces, body return member actuated by plunger, lock engaged once syringe moves to safe position.",3,33,0,0.0,26,ok
2005,6852096,13,function,"Search for syringe safety mechanisms that allow axial sliding of the syringe body within a sheath, automatically retracting with a plunger-triggered return arm, and feature a telescopic head that locks by opposing axial and side surfaces.",2,37,0,0.0,23,ok
2005,6956363,1,summary,"Fault detection in conductors using bidirectional charge measurement: aggregate charge across two end sensors weighted by individual sensor tolerances, generating a fault signal when the summed value exceeds a tolerance‑based threshold.",1,32,0,0.0,24,ok
2005,6956363,1,keyword,"Method and apparatus for fault‑current detection in a dual‑ended conductor using two charge‑sense units, each connected by data lines; computing total charge with polarity consideration, weighting each unit’s tolerance into an error term, and flagging a fault when the sum exceeds a calibrated threshold.",2,48,0,0.0,32,ok
2005,6956363,1,function,"Method to detect fault currents in conductors by summing flow‑integrated measurements from end sensors, weighting by device accuracy, and generating an alarm when integrated current exceeds a tolerance‑based threshold.",3,31,0,0.0,20,ok
2005,6873785,2,summary,"Search for data storage methods that use virtual delete flags for images, group metadata to control playback, and reduce file fragmentation by aligning image and audio blocks within grouped regions on a recording medium.",1,34,0,0.0,23,ok
2005,6873785,2,keyword,"Search for image storage formats incorporating virtual deletion flags within grouped picture indices, group start and size metadata, audio attachment segments, connectivity pointers between frames and audio, and methods to avoid file extent fragmentation.",1,34,0,0.0,27,ok
2005,6873785,2,function,"Searching for methods to manage collections of still images on a media file by grouping them and applying virtual delete flags that block rendering during playback, thereby limiting file extent growth while preserving metadata linking images to audio tracks.",1,39,0,0.0,27,ok
2005,6980052,5,summary,Search for methods employing differential pair biasing with a temperature‑proportional current source paired with logarithmic conversion to linearize decibel‑scale gain in a variable gain amplifier.,3,27,4,0.2222222222222222,18,failed_constraints
2005,6980052,5,keyword,Search for variable‑gain amplifier architectures incorporating temperature‑dependent differential pair current mirrors and logarithmic compensation circuits that linearize dB gain response; methods using AT‑proportional biasing and current‑mirror bias for temperature‑stable control signals.,3,36,2,0.07142857142857142,28,failed_constraints
2005,6980052,5,function,"Search for temperature‑compensated variable‑gain amplifiers that linearize dB scaling via logarithmic biasing, using current‑mirror‑based differential blocks with temperature‑proportional bias to achieve decibel‑linear gain over varying temperatures.",3,32,1,0.038461538461538464,26,failed_constraints
2005,6942607,9,summary,"Search for a toner‑charging shaft that employs a foamed polymer blend of a polar crosslinked component and a butadiene‑based rubber to provide a highly conductive outer layer, enabling minimal charging voltage and reduced ozone.",2,36,0,0.0,23,ok
2005,6942607,9,keyword,"Search patents for charge rollers comprising a metal shaft, a foamed rubber blend of epichlorohydrin oxide and acrylonitrile butadiene rubber, an outer non‑foamed rubber layer with crosslinked polar low‑molecular‑weight polymers, CaCO₃ stabilizer, achieving 10⁷–10⁸ Ω·cm resistivity, minimizing ozone on a photosensitive drum in electrophotographic devices.",3,50,6,0.16216216216216217,37,failed_constraints
2005,6942607,9,function,charge roller low resistivity rubber composition for electrophotographic drums enabling low voltage charging and minimizing ozone and polymer contamination of drum,1,21,0,0.0,15,ok
2005,6959033,3,summary,"Search for spread‑spectrum receiver techniques that map demodulated data outputs to combiner inputs using built‑in demodulator units, with assignment logic supplied externally and routed internally without additional signalling.",2,30,0,0.0,22,ok
2005,6959033,3,keyword,"Search prior art on spread‑spectrum receiver ICs featuring demodulating finger modules that generate soft symbol information, store channel assignment tables, and map sample‑stream paths to combination units without extra handshaking, including multipath delay handling and shared common channel routing.",2,41,0,0.0,34,ok
2005,6959033,3,function,"spread spectrum receiver dynamically maps combiner channel identifiers to soft symbol outputs of demodulated data streams, using parallel demodulation paths for multi‑path or multi‑carrier signals, enabling flexible assignment of channel outputs to combiners without extra controller communication",3,39,4,0.12903225806451613,31,failed_constraints
2005,6918040,2,summary,"Method to increase storage library capacity by enabling high‑level operation through a permission‑bearing EEPROM module that, when attached, signals the hardware to allocate more elements for high‑level performance.",2,31,0,0.0,21,ok
2005,6918040,2,keyword,Search patents describing the use of an EEPROM upgrade module that supplies permission instructions to enable a storage array’s hardware component to transition from a low‑operating state to a high‑operating state for capacity or performance scaling.,1,39,0,0.0,23,ok
2005,6918040,2,function,"Method for enabling a storage array to scale from baseline to enhanced performance by installing a memory module that grants permission to operate at higher capacity, then activating the array in the upgraded mode once the module is attached.",2,39,0,0.0,22,ok
2005,6876402,5,summary,"Search for multi‑channel TV IF tuner circuits that isolate and suppress adjacent channel video or voice signals within the IF band while preserving the tune point, using balanced mixer and amplifier stages connected through capacitive and inductive couplings in an integrated IC.",1,43,0,0.0,29,ok
2005,6876402,5,keyword,"Search for integrated circuit TV tuner designs featuring dual‑output mixing stages and dual‑input IF amplification coupled via on‑chip capacitors, with external connections for IF tuning and inductive impedance matching for adjacent‑channel video‑voice suppression.",3,38,0,0.0,27,ok
2005,6876402,5,function,"Search for integrated circuit tuner modules that employ a balanced mixer and IF amplifier linked by a capacitor and an inductor to selectively suppress adjacent‑channel video and voice IF signals without altering tuning characteristics, enabling broadband TV receivers.",1,39,0,0.0,25,ok
2005,6864137,8,summary,"Semiconductor capacitor fabrication process forming trench in passivation stack, depositing Al/oxide/Al layers parallel to wafer, etching to create capacitance, and covering with additional dielectric films.",1,27,0,0.0,20,ok
2005,6864137,8,keyword,"Planarized semiconductor device fabrication process with sequential deposition of first insulator, via etch to define opening, deposition of bottom electrode, dielectric, and top electrode in parallel to substrate, selective patterning to form capacitor, followed by additional dielectric overlays.",1,38,0,0.0,27,ok
2005,6864137,8,function,"method forming insulating layers over semiconductor substrate, etching vertical openings, sequentially depositing parallel electrodes and dielectric, selectively removing to form an embedded capacitor, then sealing with additional insulating layers for planar device integration.",1,33,0,0.0,26,ok
2005,6846055,10,summary,"Search for technologies combining a self‑test thermal printhead that monitors element resistance via current measurement, issues a threshold alert, and limits high‑resistance element activation to barcode printing while still permitting other data output, especially in weighing systems.",1,39,0,0.0,30,ok
2005,6846055,10,keyword,"Search for thermal printhead systems employing self‑test routines that periodically measure element resistance to compute proportional current, trigger warning when current exceeds a set multiplier of nominal resistance, and restrict element energization to barcode zones in weighing devices.",1,39,0,0.0,28,ok
2005,6846055,10,function,"Search for methods or devices that monitor a thermal printhead’s element resistances, trigger alerts when any element’s current exceeds a preset multiple of its nominal resistance, and restrict that element’s heating to barcode printing only, especially within a weighing system.",1,43,0,0.0,26,ok
2005,6889739,29,summary,"Search for apparatus that forms sealed fluid‑filled plastic pouches using a rotating drum with paired cylindrical surfaces, heat and gas‑expansion cooling shoes, and a tangential nozzle that injects fluid into opposing pouch sides during web feed.",3,38,1,0.037037037037037035,27,failed_constraints
2005,6889739,29,keyword,"Rotating drum system for producing sealed, inflated polymer dunnage, employing dual cylindrical work‑surface discs, dual‑belt pressure packs, thermally actuated heating and gas‑expansion cooling plates, and a tangential inflation nozzle with dual outlet ports for pressurizing pouch cavities.",3,40,0,0.0,32,ok
2005,6889739,29,function,"Search for a rotating drum system that uses paired cylindrical sealing surfaces and opposed belts to form layered plastic webs, with sequential heating and pressure‑expanding cooling mechanisms and a tangential inflation nozzle that injects fluid into multiple pouches, enabling high‑speed production of sealed, inflatable packaging.",3,47,0,0.0,33,ok
2005,6929973,2,summary,"Method for assembling narrow‑pitch solder‑plated ICs onto a PCB using a metal mask that dispenses oversized solder patches to control lead loss and improve reflow, especially at component corners, while matching lead–land patterns.",1,36,0,0.0,27,ok
2005,6929973,2,keyword,"Search for prior art on methods that use a metal mask with openings larger than PCB pads to control solder paste volume, plate‑soldered fine‑pitch leads, and reflow soldering for electronic component mounting.",3,34,2,0.08333333333333333,24,failed_constraints
2005,6929973,2,function,"Search for processes that use a solder‑aperture mask to deposit solder paste over pad regions larger than the contact pads on a PCB substrate, allowing controlled lead melting from narrow‑pitch, solder‑plated leads and precise lead‑to‑pad solder volume ratios during reflow.",2,45,0,0.0,33,ok
2005,6973853,32,summary,Search for a device enabling continuous manual adjustment of a motorcycle handlebar angle through a freely rotating pivot and spring‑loaded ball‑bearing mechanism that allows the handlebars to be angled arbitrarily within a fixed mounting system.,1,37,0,0.0,24,ok
2005,6973853,32,keyword,"search for vehicle handlebar pitch‑adjustment assemblies featuring a pivoting fixing seat, tapered socket walls with sliding pistons, a compression spring between slides, ball‑bearing urging units, and press members securing the slides on a motorized cycle.",1,37,0,0.0,27,ok
2005,6973853,32,function,"Device enabling freely rotating handlebar angle via a spring‑held slide‑and‑ball mechanism, allowing continuous adjustment with a pull handle, for ergonomic steering and variable torque control in motorized vehicles.",3,31,0,0.0,22,ok
2005,6860350,10,summary,"Search for a method that uses an imaging sensor to detect another vehicle, fires a modulated laser, captures both transmitted and reflected signals on the array, computes relative speed, and controls the host vehicle accordingly.",3,35,0,0.0,22,ok
2005,6860350,10,keyword,"Search for vehicle cruise control using laser‑based Doppler velocimetry combined with an active imaging sensor array to detect the front vehicle, capture reflected laser return, reference signal, compute relative speed, adjust throttle and steering.",2,35,0,0.0,27,ok
2005,6860350,10,function,"Searching for methods that use a camera system combined with a coded laser ranging device to identify a target vehicle ahead, calculate relative speed from the reflected coded laser, and autonomously adjust a car’s velocity to maintain safe following distance.",2,41,0,0.0,26,ok
2005,6969073,26,summary,"Search for hydraulic chuck mechanisms that use a coaxial sleeve with an internal groove for pressure chambers, where a piston inside a chuck unit moves axially to push jaws radially, employing an elastic ring in the groove to route fluid to the pressurised chamber.",1,44,0,0.0,26,ok
2005,6969073,26,keyword,"Search for hydraulic chuck assemblies featuring a coaxial housing with fluid inlet, annular groove sealed by an elastomeric element, sleeve, rotatable shaft with internal fluid channel, hydraulic piston dividing chamber into two compartments, and jaws actuated by piston axial movement.",2,40,0,0.0,29,ok
2005,6969073,26,function,"hydraulic chuck unit with a rotatable shaft and annular grooved sleeve, where a piston‑driven axial motion moves fluid through a secondary passage in an elastic seal, causing radial jaw displacement for precise gripping.",1,34,0,0.0,23,ok
2005,6945637,28,summary,"Search for inkjet ejection units using multi‑layer piezoelectric actuators on a flexible substrate, where a primary drive element and a secondary counter‑actuator share a common electrode network, enabling precise droplet ejection by controlled plate deformation.",1,37,0,0.0,26,ok
2005,6945637,28,keyword,"Search patents for liquid dispensing nozzle assemblies embedding piezoelectric drive and auxiliary transducer arrays, featuring layered drive and common electrodes, laminated piezoelectric films on a flexible substrate, and separate drive and common signal terminals.",2,34,0,0.0,25,ok
2005,6945637,28,function,"Liquid droplet ejection system employing layered piezoelectric actuators—a drive and a dummy—arranged on a deformable substrate to modulate chamber pressure, sharing common electrodes to supply drive and reference signals for precise droplet generation.",3,35,0,0.0,24,ok
2005,6952512,9,summary,"Search for a system that uses multiple dispersive components whose wavelength‑dependent spreading follows a polynomial of order (P‑2) and are positioned in wavelength to yield a uniform, non‑zero P‑order dispersion across the operational band.",2,38,0,0.0,22,ok
2005,6952512,9,keyword,"search: chromatic dispersion compensation system with multiple dispersive components displaying wavelength‑dependent polynomial dispersion (P‑order), displaced relative to each other to yield non‑zero net P‑th order dispersion flat across bandwidth, including paired elements with opposite polarity ripples and controllable T2, T3 offsets.",3,45,1,0.027777777777777776,36,failed_constraints
2005,6952512,9,function,"Search for methods that use multiple dispersive elements whose individual dispersion follows a polynomial dependence on wavelength, with the elements wavelength‑shifted to produce a net higher‑order chromatic dispersion that remains flat across an optical bandwidth, enabling improved broadband fiber links.",2,42,0,0.0,30,ok
2005,6931196,3,summary,Search for optical channel equalization systems using separate‑path variable attenuators combined with a combiner and SNR‑based feedback monitor for per‑group transmission power adjustment.,1,26,0,0.0,19,ok
2005,6931196,3,keyword,"Search for adaptive channel balancing using a photonic multiplexer that directs multiple wavelength groups into individual power control elements, then recombines them, with a monitor measuring signal‑to‑noise ratios for each group and feeding back calibration signals to the power controllers.",3,42,2,0.07142857142857142,28,failed_constraints
2005,6931196,3,function,"Search for methods or devices that dynamically equalize multiple optical channels by combining groups onto a common fiber, measuring per‑channel signal‑to‑noise metrics, and using adjustable attenuation elements to rebalance each channel within a multiplexer or demultiplexer.",2,39,0,0.0,27,ok
2005,6851849,2,summary,"A temperature sensor using a forward‑biased diode whose current–temperature curve is tuned by a variable bias voltage in an op‑amp circuit, enabling fine‑adjusted sensitivity through barrier height control.",3,32,1,0.043478260869565216,23,failed_constraints
2005,6851849,2,keyword,"Search for a temperature sensor that uses a semiconductor junction, an adjustable external voltage source, and an op‑amp in a feedback loop to tune the junction's barrier height and thus its temperature‑sensitive current response.",2,37,0,0.0,21,ok
2005,6851849,2,function,"Search for temperature sensing techniques that adjust a semiconductor diode’s sensitivity by varying the applied electrical voltage, employing an op‑amp to read the resulting current and tune the sensitivity, enabling high‑precision temperature measurement.",2,36,0,0.0,23,ok
2005,6886179,2,summary,"Central hub captures all home media signals, directs them to a recording unit, evaluates free storage using broadcast guides, records programs, and stores searchable indices to enable automatic retrieval.",3,29,0,0.0,22,ok
2005,6886179,2,keyword,"Search for home entertainment hub‑spoke architectures integrating a central receiver, display, and DVR, where the hub forwards all audio‑video signals to a recorder that pre‑writes electronic program guide metadata, checks capacity, and writes index entries to the recording medium.",1,42,0,0.0,29,ok
2005,6886179,2,function,"How to centrally route all home entertainment signals to a recording hub that automatically checks storage, records selected programs, and writes guide‑based indexes to enable rapid retrieval?",1,28,0,0.0,20,ok
2005,6847518,1,summary,"Search for fuel cell membrane electrode assemblies employing ruthenium‑containing alloy catalysts integrated within the anode layer to suppress high‑potential efficiency loss, with a combined catalytic and transport diffusion region for the cathode.",2,34,0,0.0,24,ok
2005,6847518,1,keyword,"Search for polycrystalline catalyst-coated membrane electrode assembly for polymer electrolyte fuel cells featuring a ruthenium alloy catalyst incorporated in the anode transport layer, cathode catalytic layer, and porous diffusion layer to diminish efficiency loss at elevated operating potentials.",3,39,5,0.1724137931034483,29,failed_constraints
2005,6847518,1,function,Find prior art on fuel cells whose anodic catalyst layer incorporates ruthenium in the diffusion component to lower efficiency loss when operating at elevated potentials.,2,25,0,0.0,17,ok
2005,6970789,9,summary,"Searching for approaches that use previously measured focus positions at several sites on a substrate, apply linear or quadratic regression to estimate the optimal initial focus for a new location, then perform a narrowed focus scan to refine the position in high‑throughput microscopy.",1,44,0,0.0,28,ok
2005,6970789,9,keyword,"Search for methods estimating focal plane bias using linear or quadratic regression across multiple substrate sites, including microtiter wells or patterned surface binding spots, within microscope focus adjustment systems that perform a broad initial scan followed by a narrow fine focus sweep.",2,42,0,0.0,33,ok
2005,6970789,9,function,"Method for predicting initial microscope focus for a new sample location by analyzing focal positions of other sites via linear or quadratic regression and refining focus over a narrow plane range, applicable to microtiter wells, patterned surfaces, and spatially distributed specimens.",1,41,0,0.0,29,ok
2005,6899674,13,summary,A bendable endoscope shaft featuring decentralized multi‑bellow pressure chambers that elongate under pressurization to provide controlled axial extension and a helical shape for improved maneuverability.,2,26,0,0.0,18,ok
2005,6899674,13,keyword,"Search for endoscope shafts with bendable distal cylindrical sections, decentralized expandable hoses composed of synthetic nonelastic bellows forming continuous pressure chambers, helical grooves aligned at acute angles on circumferential surfaces.",3,30,4,0.17391304347826086,23,failed_constraints
2005,6899674,13,function,"Search for a flexible distal end of a medical scope that expands longitudinally when activated, using multiple decentralized pressure chambers with non‑elastic bellows arranged helically, each chamber forming a circular‑segment shape to enable fine‑tuned bending and controlled extension during endoscopic procedures.",1,44,0,0.0,32,ok
2005,6912113,1,summary,"Search patents for multi‑layer capacitors featuring conductive polymer electrodes separated by a tantalum or niobium pentoxide dielectric, where the dielectric is deposited on a polymer base on a substrate, and a second polymer electrode overlies the oxide layer.",1,39,0,0.0,23,ok
2005,6912113,1,keyword,"multilayer dielectric capacitor with conductive polymer substrate layer, a tantalum or niobium pentoxide dielectric interlayer, and a second conductive polymer film, substrate thickness ≥0.01 mm, fabrication by sequential deposition of polymer, oxide, polymer layers.",2,35,0,0.0,25,ok
2005,6912113,1,function,"Search for a multi-layer polymeric energy storage device featuring a conductive polymer base, an intermediate tantalum or niobium pentoxide dielectric, and a second conductive polymer overlay, enabling small, high‑capacitance integration on flexible or rigid substrates.",2,37,0,0.0,26,ok
2005,6958731,3,summary,"high-frequency PCB with surrounded ground metallization feeding multiple resonant trace structures, each tuned to distinct fundamental and harmonic bands, enabling compact multi-band antenna performance.",2,26,0,0.0,21,ok
2005,6958731,3,keyword,"Search for multilayer PCBs with ceramic substrates that incorporate a looped antenna track comprising multiple conductor sections, a surrounding ground plane that connects one track end, dual supply leads for coupling distinct resonant frequencies and harmonics, and varied trace widths for multi‑band high‑frequency performance.",2,46,0,0.0,34,ok
2005,6958731,3,function,"Search for compact, high‑frequency antennas with multi‑resonant track arrays, where ground planes encircle the elements and supply lines launch waves into separate resonant segments configured for fundamental and harmonic frequencies, enabling wide bandwidth and small form factors.",2,39,0,0.0,28,ok
2005,6840166,28,summary,"Tool that re‑engages a cylindrical process rod by moving its support block perpendicular to the rod axis; a longitudinal piston drives cam rollers in slots to translate motion, offering automated safe disengagement.",2,33,0,0.0,22,ok
2005,6840166,28,keyword,"Reciprocating mandrel release mechanism with cylindrical mandrel, a movable support assembly, hydraulic actuator comprising piston and housing, cam rollers engaging slotted guides, and sensor-actuated motion perpendicular to the mandrel axis.",2,31,0,0.0,23,ok
2005,6840166,28,function,"Search for mechanisms that enable a cylindrical mandrel held in a support block to shift perpendicularly to its axis using a piston-cylinder actuator that moves parallel to the mandrel axis, allowing automated transition between active and idle positions in processing equipment.",1,42,0,0.0,26,ok
2005,6941255,6,summary,"Search for a finite element simulation technique that partitions a physical system into separate region-specific meshes, each with its own property function and evaluator, and resolves shared boundary nodes by selecting the appropriate function per mesh, enabling accurate reservoir modeling without global property coupling.",1,45,0,0.0,32,ok
2005,6941255,6,keyword,"Finite element reservoir modeling using distinct meshes for each geological feature, shared boundary nodes, independent property functions per mesh, and evaluators that determine appropriate node values during solution assembly.",1,29,0,0.0,24,ok
2005,6941255,6,function,"Search for finite element simulation methods where separate submodels for distinct regions possess independent property functions and evaluators determine node values on shared boundaries, enabling combined reservoir or system analysis with carved‑in feature meshes that share nodes.",1,38,0,0.0,27,ok
2005,6897701,12,summary,"Linearization of MOS switch impedance and junction capacitance by feeding the bulk terminal through a unity‑gain buffer with DC offset, which reverse biases the source–bulk junction to suppress second‑order distortion and improve dynamic range.",3,37,1,0.04,25,failed_constraints
2005,6897701,12,keyword,"Search for methods to linearize MOS switch on‑resistance and junction capacitance by driving the bulk terminal with a unity‑gain buffer and DC offset, reverse‑biasing the source‑bulk junction to suppress nonlinear body effect and reduce spurious dynamic range in sampling networks or PGAs.",3,46,6,0.2,30,failed_constraints
2005,6897701,12,function,"How can one linearize MOS‑based switches by using an isolated bulk driver with unity‑gain buffer and offset to reverse‑bias the source‑bulk junction, thereby reducing body effect and junction capacitance and enhancing spurious‑free dynamic range?",3,39,7,0.2413793103448276,29,failed_constraints
2005,6904492,6,summary,"Describe a storage system that pairs a one‑time‑programmable memory module with a conventional non‑volatile memory, using a controller to buffer incomplete user input, pad it to full blocks, compute error‑correcting codes, and preserve the code data in the secondary memory.",3,44,3,0.10344827586206896,29,failed_constraints
2005,6904492,6,keyword,"solid‑state data storage device using one‑time programmable memory and separate non‑volatile memory to buffer incomplete user data blocks, add padding, generate error correction codes, and store parity in non‑volatile memory.",3,34,4,0.14814814814814814,27,failed_constraints
2005,6904492,6,function,"Search for a solid‑state storage system that buffers incomplete data writes, pads them to full blocks, generates error‑correction codes, and writes the corrected full block to a one‑time programmable storage while storing part of the error data in a nonvolatile memory for future redundancy.",3,47,3,0.0967741935483871,31,failed_constraints
2005,6956476,10,summary,"Portable capacitive probe induces vibrational response in potential drug residue; initial screening flags candidates, followed by confirmation via nuclear or visual spectroscopy to ensure accurate detection.",1,26,0,0.0,20,ok
2005,6956476,10,keyword,"Search for patent disclosures describing a detector probe with a capacitor having spaced plates, where an electric field induces piezoelectric resonance in a sample positioned between the plates, followed by confirmation via NMR, NQR, or visual inspection for illicit substances in luggage.",3,42,2,0.07407407407407407,27,failed_constraints
2005,6956476,10,function,"Methods and devices for detecting drug material in packaged samples by inducing piezoelectric resonances with an applied electric field, then confirming presence via secondary nuclear quadrupole or magnetic resonance or optical analysis.",1,32,0,0.0,22,ok
2005,6891685,9,summary,"Search for optical integration where a silicon-on-insulator device layer holds many photonic components arranged in a fixed layout, and an adjacent passive wafer contains matched etched prism couplers spaced to align with each component for efficient, passive light coupling.",3,41,1,0.03571428571428571,28,failed_constraints
2005,6891685,9,keyword,"Investigate silicon‑on‑insulator photonic chips that integrate passive prism couplers produced via anisotropic silicon etching, arranging arrays of optical devices with uniform spacings on the top silicon slab and precisely aligning each etched coupler to its corresponding device.",2,39,0,0.0,28,ok
2005,6891685,9,function,"Search for anisotropically etched silicon prisms or coupling structures aligned with integrated optical elements on SOI wafers, passive light routing via matched patterned prisms, methods for aligning etched coupling arrays to photonic devices with uniform spacing.",1,36,0,0.0,27,ok
2005,6892358,12,summary,"Search for control interface system for automated manufacturing that presents a concise set of frequently used supervision parameters as icons linked to a schematic of the product’s processing zones, enabling quick adjustments where each parameter is effective.",1,38,0,0.0,23,ok
2005,6892358,12,keyword,"Automatic product processing apparatus featuring a conveyor path, sequential processing units, regulation/monitoring sensors, and an operator interface that graphically presents key control icons overlaid on a schematic representation of the product region where each control directly affects processing.",1,39,0,0.0,28,ok
2005,6892358,12,function,"Method and machine for processing items that detect a core set of frequently used control elements, graphically display them as region‑specific icons overlaid on a schematic of the item, allowing operators to swiftly adjust processing steps.",1,37,0,0.0,23,ok
2005,6872103,1,summary,"Search for a contact connector featuring a dual‑spring design wherein a secondary spring surrounds the primary spring in a box‑like enclosure; the enclosure’s two opposing walls hold complementary lugs and recesses that are interlocked by bending the lugs over, creating full‑length overlap, distinct material separation, and added support arms.",3,53,1,0.027777777777777776,36,failed_constraints
2005,6872103,1,keyword,"search for contacts where a base spring with two opposed contact arms is enclosed by an overlapping backup spring made of a different metal, featuring a split fourth wall with front and rear lugs that pass through complementary recesses and are bent over to create a positive fit.",3,48,2,0.06896551724137931,29,failed_constraints
2005,6872103,1,function,"Search prior art for a socket contact where a contact spring with opposed arms attached to a conductor lead is surrounded by a backup spring forming an overlapping rectangular frame, split top wall, lugs fitting recesses that bend to lock, and overlying arms covering contacts for stability.",2,47,0,0.0,30,ok
2005,6896078,12,summary,"A mobile robot that uses at least three independently powered wheel units, whose rotation axes are angularly separated by equal intervals and largely non‑coplanar, allowing the chassis to move over a floor as each wheel’s contact surface turns and the motor transmits torque through a dedicated gearing mechanism.",1,50,0,0.0,34,ok
2005,6896078,12,keyword,"Search for mobile robots featuring at least three rotating wheel modules with contact surfaces, each driven by a motor unit, where wheels’ rotational axes are positioned at evenly spaced angles and torque is transferred through a gearing device.",2,38,0,0.0,25,ok
2005,6896078,12,function,"Search for robotic platforms employing at least three independently driven wheels whose rotation axes are arranged at equal angular spacing, with at most two axes coplanar, featuring motor units on a base, casings transmitting drive torque to contact elements for omnidirectional floor navigation.",3,43,1,0.03225806451612903,31,failed_constraints
2005,6932775,10,summary,"Search for disposables covering infrared thermometer probes, featuring a snap‑on cap made from thin polymer sheet, with a protruding retaining section that expands over the probe tip and retracts to lock, a flange bearing an aperture for the sensor view, and a thermal‑insulating design preventing ear insertion.",1,49,0,0.0,31,ok
2005,6932775,10,keyword,"Disposable mounting cap for infrared body temperature sensor featuring a viewing aperture, a sealing flange, inward expanding retaining lobe, thermoplastic sheet construction, 0.02 in. thickness, low hardness, thermoformed, creates air gap and snug fit on detector end.",3,38,0,0.0,29,ok
2005,6932775,10,function,"Search for disposable housings for infrared thermometers that secure with an expanding collar, allow sensor view through an aperture, create an air gap, and are made from thin flexible polymer.",2,30,0,0.0,18,ok
2005,6975975,12,summary,"Computer‑based tool forecasts future electricity output, calculates baseline pollutant levels, and lets managers compare control options, updating predictions via sensor feeds to choose the most effective emissions strategy for power plants.",2,32,0,0.0,26,ok
2005,6975975,12,keyword,"Search for systems using real‑time pollutant sensor data combined with historical generation records to forecast emissions and evaluate control strategies, featuring computer‑controlled simulators, emission limit displays, fuel‑type adjustment models, and automated data updating in power plant environments.",3,40,1,0.03125,32,failed_constraints
2005,6975975,12,function,"Look for systems that use historical and real‑time emission data from power plants to forecast future pollution under various control options, automatically update predictions, and enable selection of the optimal strategy.",3,32,0,0.0,22,ok
2005,6877929,35,summary,"Search for a self‑adjusting speed‑limit barrier that pivots a hump out of the road surface under low vehicle speed, using a gear‑magnet transmission to trigger a rebound that makes the hump return to ride‑level at high speed, without external power.",1,44,0,0.0,29,ok
2005,6877929,35,keyword,"Search for passive speed‑tracking rumble strip devices incorporating a box‑shaped housing, a pivoted hump element driven by an arc gear chain, magnetic sliding shafts, abutment cam, and built‑in rebound spring, that alter impact profile above a preset vehicle‑speed threshold.",2,43,0,0.0,32,ok
2005,6877929,35,function,"Search for vehicle speed‑control devices employing a pivoting hump element that retracts into a housing when wheel pressure is low and projects when speed exceeds a threshold, using gear or magnetic transmission to position the hump, with a rebound mechanism to reset, without external power.",1,46,0,0.0,28,ok
2005,6897835,2,summary,"Search for a display technique that enhances image fidelity by arranging columnar sub‑pixels of identical color, offsetting adjacent columns, and selectively illuminating neighboring cells for edge compensation, thus preserving quality across interlaced and progressive formats.",1,36,0,0.0,26,ok
2005,6897835,2,keyword,"shifted color‑subarray panel with interleaved RGB stripes, column‑shifted cell coordinates, dual‑cell illumination compensation for linear edges, interlace‑field adaptive driving, pixel‑color reconstruction using a three‑color sub‑pixel matrix.",1,33,0,0.0,28,ok
2005,6897835,2,function,"Method for color image rendering using a sub‑pixel array of color‑shifted columns, where alternating columns share the same hue and are laterally displaced, enabling compensation by illuminating adjacent sub‑pixels for linear edge fidelity and consistent quality across interlaced and progressive input.",1,44,0,0.0,31,ok
2005,6868088,4,summary,"Search for devices that automatically identify the specific serial interface protocol used by a serializer/deserializer by monitoring idle patterns of encoded data using multiple clocked delay lines or flip‑flops, paired with comparators and coincidence logic.",2,37,0,0.0,25,ok
2005,6868088,4,keyword,"methods and circuits for recognising the interface protocol of a serializer/deserializer by using multiple clocked delay or D‑type flip‑flop channels, comparators and coincidence detectors to detect idle‑code patterns of 8‑or 10‑bit encoded data at a common clock rate.",3,44,3,0.1111111111111111,27,failed_constraints
2005,6868088,4,function,"Methods that automatically identify the active serial interface protocol of a serializer/deserializer by employing multiple clock‑synchronized detection channels using delay elements or flip‑flops, comparing idle signal patterns in encoded data, and indicating the detected protocol.",1,38,0,0.0,27,ok
2005,6940522,2,summary,"Describe a technique that records a display’s tone response in both dark and illuminated surrounds, aligns those curves at a mid‑tone gray, derives a correction transform, and applies it to incoming images to stabilize color under varying ambient brightness.",1,41,0,0.0,26,ok
2005,6940522,2,keyword,"Search for color correction methods in display units that measure tone reproduction curves under dark and illuminated surrounds, align them via parallel shift at mid‑tone, and generate a correction curve to compensate for ambient illumination changes.",1,37,0,0.0,25,ok
2005,6940522,2,function,"Image display technology that adjusts image tone mapping by acquiring color output curves under dark and illuminated backgrounds, aligning them through parallel shift at intermediate luminance, producing a dynamic compensation profile for varying ambient light and applying it to incoming images.",2,41,0,0.0,29,ok
2005,6847544,6,summary,"Search for magnetic RAM where intersecting write lines steer currents to toggle a cell between high and low resistance, while separate sense lines measure the resulting resistance change to detect the cell state.",1,33,0,0.0,23,ok
2005,6847544,6,keyword,"Search for cross‑point magnetic memory cells employing orthogonal write and sense lines to detect resistive‑state changes between parallel and antiparallel spin configurations via sense‑current reading, using spin‑valve or MTJ stacks with differential sense amplifiers.",1,38,0,0.0,30,ok
2005,6847544,6,function,"Search for magnetic memory systems that use intersecting orthogonal write lines to toggle a cell between two resistive states while dual sense lines detect resultant changes in sense current, enabling non‑destructive state readout in MRAM technologies.",3,37,0,0.0,29,ok
2005,6902537,13,summary,"Search for ergonomic seating system featuring a single-piece thoracic cradle with shoulder, neck, and lumbar zones, incorporating a curved ridge that aligns shoulders with head and a head cup, designed to enhance spinal posture during prolonged sitting.",2,38,0,0.0,26,ok
2005,6902537,13,keyword,"Search for single‑piece upper‑body posture support apparatus featuring a thoracic segment with cervical, shoulder and lumbar zones, a convex arcuate spine curvature on its upper surface, an inclined thoracic surface descending from lumbar to cervical, and a concave head‑support panel.",1,43,0,0.0,29,ok
2005,6902537,13,function,"Search for upper-body support devices that align shoulders with the head using an inclined thoracic region and a curved upper surface, enabling proper spinal curvature and ergonomic positioning during sitting or reclining.",3,33,1,0.045454545454545456,22,failed_constraints
2005,6964825,1,summary,"A compliant gasket system for sealing the periphery of a power module face against a manifold, using portions with varied stiffness and embedded resilient shims to accommodate differential expansion of end and cell plates while preserving gas tightness.",3,38,0,0.0,25,ok
2005,6964825,1,keyword,"Search for a gasket component positioned between the edge of a bipolar plate series and an inlet manifold, exhibiting segmented compressibility differences, incorporating embedded resilient shims or varying elastomer layers to accommodate differential thermal expansion of end and bipolar plates.",2,40,0,0.0,27,ok
2005,6964825,1,function,"variable‑compressibility gasket assembly with embedded resilient shims that matches differential thermal expansion of end plates versus bipolar plates in an electrochemical fuel cell system, enabling sealing contact with manifold",2,30,0,0.0,22,ok
2005,6920539,6,summary,"Search for methods that allow a controller to start a memory transfer with an initial read, transmit only part of the data, and preempt the ongoing transfer when a subsequent read request is issued, enabling pipelined access and lower latency.",2,40,0,0.0,23,ok
2005,6920539,6,keyword,"search for systems employing a controller to perform pipelined burst read operations on memory, interrupting partial data transfers upon subsequent burst requests, using processor‑based platforms and memory‑controller instruction sets to optimize read latency.",1,35,0,0.0,27,ok
2005,6920539,6,function,"Search for memory read techniques that allow a controller to initiate a burst read, transfer data partially before a subsequent burst request is received, and then interrupt ongoing transfer, perhaps using pipeline methods for efficient high‑speed memory access.",1,39,0,0.0,28,ok
2005,6970759,6,summary,"Search for methods that compute optimal tool location on multilayer ICs by evaluating candidate polygons defined by layer geometry, scoring options with depth‑related weights and accessibility metrics, then selecting the best execution point for each servicing step through automated numerical optimization.",3,42,0,0.0,31,ok
2005,6970759,6,keyword,"Automated IC servicing tool positioning using multi‑layer polygon accessibility maps derived from 3‑D topography, material classification, and depth‑relative ratings to optimize tool placement and reduce cycle time.",2,30,0,0.0,22,ok
2005,6970759,6,function,"Search for methods that automatically identify optimal tool access zones on multilayer integrated circuits by combining topographic polygon data and circuit routing, assigning depth‑based ratings to each access point, then using numerical optimization to choose a servicing sequence that minimizes time and maximizes quality.",1,45,0,0.0,33,ok
2005,6892350,5,summary,"Search for an audio system that combines modular audio‑processing units with a separate external editing interface to customize and store labels for each processing mode, and which displays the selected mode’s label in the main unit—particularly for non‑RF source selection and visual customization.",1,47,0,0.0,29,ok
2005,6892350,5,keyword,"Search for audio processors that use an external editing unit to customize visual labels for processing modes, store the label configuration in memory, and display the selected label on a UI, where the display unit resides on the same speaker module but editing is physically separate.",2,46,0,0.0,27,ok
2005,6892350,5,function,"Search for audio processing systems where a main unit offers multiple signal‑processing modes, where each mode has associated label data stored on an external or internal storage, edited via a separate editing module, and displayed on an interface customized for the selected mode.",1,44,0,0.0,28,ok
2005,6837888,13,summary,"Search for electrosurgical instruments that feature a dual‑return electrode setup with a movable return to switch between open and closed alignments, enabling vessel clamping, sub‑ablation coagulation, followed by high‑frequency ablative cutting for precise vascular dissection.",1,38,0,0.0,27,ok
2005,6837888,13,keyword,"Search for electrosurgical instruments that incorporate a dual‑return arrangement with a movable terminal for vessel clamping, delivering an initial high‑frequency coagulation pulse then a subsequent high‑frequency cutting pulse, a distal active tip, proximal return element, and a linear actuator to switch between open and closed modes.",2,49,0,0.0,34,ok
2005,6837888,13,function,"Search for systems enabling electrosurgical coagulation followed by cutting of a target vessel by first sealing it with a sub‑ablation voltage using a movable return electrode, then opening the probe and applying an ablation voltage between the active and fixed electrodes to transect the sealed vessel.",3,47,5,0.1724137931034483,29,failed_constraints
2005,6867468,6,summary,"Search for designs that provide interference‑reducing magnetic isolation between closely spaced magnetic memory cells, using a dedicated shielding layer or pattern placed near cells, separated by a dielectric, to suppress fringe fields and improve read/write accuracy in spin‑valve or magnetic tunnel junction arrays.",3,46,2,0.058823529411764705,34,failed_constraints
2005,6867468,6,keyword,"search for spin‑transfer torque MRAM structures employing ferromagnetic isolation films in a plane offset from the tunnel junction, adjacent insulating oxide layers, and embedded magnetic nanocrystals to suppress stray field coupling between neighboring memory cells.",2,36,0,0.0,27,ok
2005,6867468,6,function,"Search for prior art on magnetic shielding techniques that reduce crosstalk in high‑density magnetic memories by using insulated magnetic layers, patterned shields, or particles embedded within an insulating oxide to isolate adjacent spin‑valve cells.",1,36,0,0.0,26,ok
2005,6962435,1,summary,"Identify transformer condition by contrasting measured coolant heat energy with calculated inflow and outflow rates, using the discrepancy to trigger alarms and remote monitoring.",1,24,0,0.0,16,ok
2005,6962435,1,keyword,"thermal balance assessment of transformer or reactor cooling fluid, evaluation of measured versus predicted heat transfer, diagnosis signals for operator alerts, remote display, data logging, computer software for heat content monitoring",2,31,0,0.0,24,ok
2005,6962435,1,function,"Search for techniques that diagnose transformer or reactor condition by measuring actual fluid heat content, comparing it with prior values and expected heating/cooling rates, then triggering alarms or transmitting diagnostic data to remote or control systems.",1,37,0,0.0,25,ok
2005,6905650,32,summary,"Search for vehicle floor coverings that incorporate a built‑in threaded drainage passage formed by vacuum molding a thermoplastic layer around a threaded plug, enabling plug‑in water evacuation.",2,29,0,0.0,19,ok
2005,6905650,32,keyword,"Search for patents describing a vehicle floor mat made from thermoplastic polymer that includes an axial drainage conduit integrated during vacuum forming on a mold featuring a protruding threaded shank, with an open top exposed to the floor surface and a removable threaded plug for drainage.",2,46,0,0.0,29,ok
2005,6905650,32,function,"Search for prior art on vehicle floor mats featuring an integrated, threaded drain channel formed by vacuum‑forming a thermoplastic layer around a mold with a protruding threaded element, enabling attachment of a removable plug and drainage function.",2,38,0,0.0,25,ok
2005,6894617,12,summary,"Search for an integrated guard monitoring system that combines security personnel with sensor networks, checkpoint processing, and a headquarters server for real‑time event logging, supervision, and payment optimization.",1,29,0,0.0,19,ok
2005,6894617,12,keyword,"Search for an integrated guard‑support system combining patrol personnel, motion‑sensing modules, identity‑tracking cameras, wearable computing devices, intermediate data relay hubs, and a centralized command server delivering real‑time event analytics and remote supervision across multiple facilities.",2,39,0,0.0,32,ok
2005,6894617,12,function,"Investigate networked human patrols with real‑time event sensors, checkpoint processors, and centralized headquarters CPUs for scalable, supervised guard operations, automated monitoring, alert coordination, and flexible integration with future technology.",3,30,0,0.0,23,ok
2005,6905569,9,summary,"Method for integrating a fiber‑optic conduit within a layered PCB by machining a groove in a dielectric substrate, applying a bonding liquid, inserting the conduit, curing the adhesive, then laminating the PCB layers.",2,34,0,0.0,21,ok
2005,6905569,9,keyword,"Develop a technique for positioning a fiber optic strand within a dielectric PCB substrate that features a planar conductive layer, using routed micro‑grooves, liquid epoxy, curing, and subsequent bi‑directional lamination to yield a composite multilayer electrical‑optical circuit.",2,40,0,0.0,29,ok
2005,6905569,9,function,"Search for methods of integrating optical wires into layered electronic assemblies by creating recessed channels on conductive dielectric substrates, applying protective liquid bonding agents to seat the optical conductor, curing the adhesive, and laminating additional electronic layers around the bonded section for signal routing and protection.",2,46,0,0.0,32,ok
2005,6837015,30,summary,High‑temperature protection for bent water‑pipe sections in combustion chambers via castable filler that flattens irregular walls and bonded tiles using pipe‑mounted fasteners and adhesive spray.,1,28,0,0.0,21,ok
2005,6837015,30,keyword,"Find prior art on installing flat refractory tiles over curved, irregularly arranged water piping exposed to high‑temperature combustion, where refractory castable fills voids between pipes, creates a level surface, and tiles are secured by pipe‑anchored fasteners and sprayed adhesive.",3,41,3,0.0967741935483871,31,failed_constraints
2005,6837015,30,function,"Search for processes or devices that embed water pipes within a refractory castable to create a flat high‑temperature protective surface along pipe bends, then attach flat refractory tiles via pipe‑mounted fastening elements and sprayed adhesive, for fire‑proofing boiler or combustion chamber piping.",1,45,0,0.0,34,ok
2005,6872225,13,summary,"polymer‑coated stent implant that absorbs drug from solution via matrix swelling, employing zwitterionic ethylene monomers, tunable crosslinking, and differing interior/exterior coating thickness for controlled, biocompatible drug release.",1,29,0,0.0,23,ok
2005,6872225,13,keyword,"search patent literature for cardiovascular stents with a zwitterionic monomer-based polymer coating that swells in drug solution to load and release pharmaceutical agents, featuring differential interior/exterior wall thickness less than 5 µm and controlled by crosslinkable comonomers.",1,39,0,0.0,26,ok
2005,6872225,13,function,"Search for stent architectures featuring a sub‑5‑µm exterior polymer coating with interior‑to‑exterior thickness ratios between 1:1.5 and 1:50, composed of zwitterionic polymers crosslinked by hydrophobic units to provide controlled drug release.",2,38,0,0.0,22,ok
2005,6933464,8,summary,"Search for surface-cleaning systems that blend an explosive medium and an electromagnetic beam to generate shock waves and reactive species for contaminant removal without substrate damage, using ozone or evaporative fluid, without relying on photoionization.",1,36,0,0.0,24,ok
2005,6933464,8,keyword,"Search for prior art on substrate surface cleaning using an explosive ozone or peroxide medium activated by a high‐energy laser or pulsed electromagnetic beam, producing a rapid ejection shockwave and reactive radicals that remove organic and inorganic contaminants without damaging underlying material.",2,43,0,0.0,30,ok
2005,6933464,8,function,"Search for a cleaning system that uses an electromagnetic pulse in a chamber to trigger explosive decomposition of a gaseous cleaning medium, producing shock waves and reactive by‑products that lift contaminants from a substrate without damage.",3,37,0,0.0,21,ok
2005,6866499,29,summary,Addresses the need for containers with inclined mouths by extending a straight preform with a stretch rod and reorienting it using an angled nozzle that then biaxially stretches the neck during blow molding.,1,33,0,0.0,19,ok
2005,6866499,29,keyword,"Blowing apparatus featuring a cylindrical preform, a stretch rod, and an angled nozzle that bends the preform's mouth, enabling high‑pressure expansion and biaxial orientation to produce a container with an inclined neck.",2,34,0,0.0,20,ok
2005,6866499,29,function,"Search for blow‑molding devices and methods that form plastic bottles where the opening is inclined relative to the main body, using a stretch rod and angled blow nozzle to bend and shape the preform before inflation.",3,37,0,0.0,22,ok
2005,6978735,29,summary,"layered open-frame fish shelter aligns multiple aperture layers creating a snag‑free passageway for hooks, sized above typical hook gaps, allowing anglers to pass hooks through and withdraw without catching on the structure while fish roam inside.",2,38,0,0.0,30,ok
2005,6978735,29,keyword,"Open‑structured fish habitat featuring a multi‑layered frame with aligned apertures forming a transverse passageway, a continuous perimeter material whose cross‑section exceeds typical hook gap spacing to avoid snagging, and a method of lowering a hook through the aperture for fishing.",1,43,0,0.0,30,ok
2005,6978735,29,function,"search for aquaculture structures with stacked perforated panels that create a transverse conduit for fish, where panel edges are smoother than standard fishing hook gaps to prevent catching, used in submerged environment.",2,32,0,0.0,21,ok
2005,6977040,23,summary,"Search for filter housings that integrate a recessed cartridge plate with sloped outlet connections, thereby removing the need for separate collection chambers, and include built‑in spray assemblies to enable clean‑in‑place of cartridge filter units.",1,37,0,0.0,24,ok
2005,6977040,23,keyword,"Search for multirotation filter housings featuring a domed enclosure, an integrated base with multiple cartridge receptacles, an inlet conduit system, an outlet conduit, a recessed upper plate directing product to the inlet, sloped discharge channels, and an automated spray wand for in situ cleaning.",2,44,0,0.0,29,ok
2005,6977040,23,function,"Multi‑stage filter housing that mounts removable cartridge filters, uses a recessed cartridge plate with an internal channel and sloped passages to route filtrate directly into the inlet manifold, and incorporates a spray wand for automated clean‑in‑place without a separate collection chamber.",3,44,0,0.0,29,ok
2005,6939828,28,summary,Search for a transfer medium featuring a receiving layer incorporating a high‑viscosity silicone polymer that enhances release performance and image quality; the layer is formed by extruding a thermoplastic melt blended with the polymer and applying it onto a support.,2,41,0,0.0,24,ok
2005,6939828,28,keyword,Search for dye‑receiver layers for thermally activated dye‑transfer printing that include a siloxane‑based high‑molecular‑weight (≥150 kDa) release agent with a viscosity of 10–50 M mm²/s incorporated into a thermoplastic binder and applied via extrusion or co‑extrusion.,1,44,0,0.0,29,ok
2005,6939828,28,function,Search for high‑viscosity polysiloxane‑containing release layers produced by melt extrusion for heat‑driven ink‑transfer media that reduce adhesion and improve image fidelity compared to conventional release polymers.,2,30,0,0.0,22,ok
2005,6880897,31,summary,"Search for an adapter that attaches a brake rotor assembly to a conventional wheel hub lacking disc‑brake capability, mounted via existing spoke flange, providing a larger spoke flange for spokes to clear the caliper and alter wheel stiffness.",2,39,0,0.0,26,ok
2005,6880897,31,keyword,"Search for bicycle wheel hub retrofit that adds a rotor mounting plate, expands outer spoke flange to reposition spokes, keeps load transfer integrity, and provides a rotor mounting surface, enabling disc brake installation on conventional rims.",3,36,1,0.037037037037037035,27,failed_constraints
2005,6880897,31,function,"Search for a hub adapter that attaches to a non‑disc bicycle wheel hub, provides a new spoke flange for spoke attachment, offers a rotor mounting surface, and repositions spoke layout to allow use of a rotor and caliper with proper clearance and stiffness adjustment.",3,45,1,0.03571428571428571,28,failed_constraints
2005,6928866,10,summary,"Search for intermittent sensor device using stored power on a two‑wire connection, triggered when energy reaches a threshold, with clock rate control to maximize active measurement bursts while meeting power constraints.",1,32,0,0.0,23,ok
2005,6928866,10,keyword,"Intermittently powered sensor with built‑in energy store, two‑wire interface to a control hub, whose evaluation module triggers measurement cycles only when storage reaches a set threshold and adjusts clock rate to maximize active phases while fully covering power draw.",1,41,0,0.0,31,ok
2005,6928866,10,function,"Sensor device measuring process parameters uses intermittent measurement circuitry with an energy store; automatically activates when stored energy hits a threshold, communicating via a two‑wire link to a control unit that schedules active phases and clock rates to balance power and maximize sampling.",1,44,0,0.0,31,ok
2005,6894915,6,summary,"An arrayed memory system featuring transistors on an epitaxial layer, with trench-based bit lines carved into a doped buried layer held at a steady voltage, and contacts that interface each drain region for data storage and readout.",3,38,0,0.0,24,ok
2005,6894915,6,keyword,"Search for prior art describing a three‑well memory array where transistors on a P‑type epitaxial layer are driven by wordlines, their drains connect to heavily doped N‑type buried‑layer trench conductors held at a fixed dc bias, with associated sense amplifiers.",3,44,7,0.25,28,failed_constraints
2005,6894915,6,function,"Search for memory cells where a transistor’s drain contacts a bit line embedded in a buried layer that is biased at a constant voltage, enabling low‑leakage storage, efficient read/write operations, and integration into high‑density memory arrays.",3,40,0,0.0,25,ok
2005,6972736,2,summary,Search for color display devices or projectors that employ a high‑frequency color‑cycling light source (≥180 Hz) and image processing to suppress visual breakup caused by presenters moving objects in front of the projected image.,1,36,0,0.0,24,ok
2005,6972736,2,keyword,"Search prior art for projector assemblies where a multi‑color LED array produces RGB pulses at ≥180 Hz, a frame‑processing unit synchronizes rendering to each pulse, and motion‑induced color breakup from presenter‑held objects is suppressed.",2,38,0,0.0,27,ok
2005,6972736,2,function,"search for display or projector systems using high‑speed sequential color generation (≥180 Hz) and image processing to render frames per color cycle, preventing color breakup from moving foreground objects.",1,30,0,0.0,23,ok
2005,6921147,28,summary,Ink‑jet printer carriage speed stabilization via dual‑motor belt drive employing unequal torque distribution to reduce wobble and cost without complex electronics.,1,23,0,0.0,19,ok
2005,6921147,28,keyword,"Search for prior art of a belt‑driven carriage in an ink‑dispensing printer that uses two motors with asymmetric drive force, controlled by a push‑pull transistor circuit for improved speed stability and low cost.",2,36,0,0.0,23,ok
2005,6921147,28,function,"Search for dual‑motor belt‑driven carriage with differential force control for precision ink dispensing apparatus that stabilizes head movement by allocating greater drive to the motor facing the current motion direction, thereby maintaining consistent print speed without added cost.",2,40,0,0.0,30,ok
2005,6921035,27,summary,"Direct‑fuel injection system featuring a nozzle‑housing assembly that attaches to the engine head using a conical sealing member whose outer radius increases along the flow, incorporating a tapered projection, a recess‑groove lock mechanism, and a chamfer for precise mating.",1,42,0,0.0,29,ok
2005,6921035,27,keyword,"Search high‑pressure fuel injector having a conical sealing ring whose outer radius enlarges downstream, featuring a protruding projection, a chamfered head interface, groove‑recess anchoring, and axial locking recess on the nozzle housing of a spark‑ignition engine.",3,39,0,0.0,29,ok
2005,6921035,27,function,"A device achieving reliable sealing of an injector against an engine cylinder head by employing a conically shaped seal with an axial groove and outward‑protruding projection that varies in radius downstream, features minimal front‑face exposure upstream, maximal downstream, and includes a chamfer for bore alignment.",2,47,0,0.0,31,ok
2005,6874323,27,summary,"Turbine combustion system employing a secondary central nozzle to inject hydrogen‑enriched natural gas into a downstream chamber, combined with annular primary swirler nozzles, aiming to reduce NOx emissions by controlling hydrogen content between 0.1% and 20% of the fuel mix.",2,42,0,0.0,28,ok
2005,6874323,27,keyword,"Search for gas turbine combustor featuring a downstream secondary injector on the combustor centerline, annular primary fuel nozzles with swirler fans upstream, methane‑hydrogen blends at 0.1–20% local hydrogen, pressurized air, and NOx‑reduction techniques.",3,37,2,0.07692307692307693,26,failed_constraints
2005,6874323,27,function,"Search for turbine combustor emission reduction techniques that inject a hydrogen‑enriched fuel blend (0.1–20 % H₂ by mass) into a downstream chamber via a central secondary nozzle, with upstream annular primary nozzles creating swirl‑fuel mixtures.",2,38,0,0.0,25,ok
2005,6909381,12,summary,"Video‑camera array monitors surrounding space of a flying platform, projecting potential hazards onto a display aligned with pilot expectation, generating spatially‑anchored audio alerts and recording the feed, while simultaneously offering passengers real‑time views of celestial and terrestrial landmarks with head‑tracking guidance for expert commentary.",2,48,0,0.0,36,ok
2005,6909381,12,keyword,"Search for aviation proximity alert technology employing panoramic cameras, head‑mounted displays, surround sound localization, and onboard recording for hazard detection, with passenger entertainment features like star‑field visualization, landmark identification, and two‑way communication with ground‑based astronomers.",2,39,0,0.0,31,ok
2005,6909381,12,function,"A system combining aircraft-mounted cameras, real‑time on‑board monitors that display nearby obstacles at collision angles, proximity‑detected audio alerts aligned with visual cues, video recording for incident analysis, and passenger displays for ground/sky viewing, with capability for expert‑guided commentary and passenger head‑tracking.",1,48,0,0.0,35,ok
2005,6970922,4,summary,"A system that transmits GPS‑derived location from a personal computer over a wireless link to an online marketplace, automatically matches the user’s profile and proximity to local products or services, and delivers a customized offer to the device.",1,40,0,0.0,22,ok
2005,6970922,4,keyword,"microwave‑linked personal computer featuring a GPS receiver that transmits the user’s identity and real‑time location to an online portal, where a consumer profile database cross‑references nearby available goods or services and automatically issues targeted offers.",1,39,0,0.0,26,ok
2005,6970922,4,function,"Search for an internet‑based platform that combines microcomputer microwave communication, GPS‑based location identification, and customer profile matching to automatically generate and send tailored product or service offers to portable devices in real time.",1,35,0,0.0,24,ok
2005,6910357,35,summary,"Patent search for a key lock system where the bolt, consisting of multiple lamellae, includes a deliberately weakened section; when external force exceeds a threshold, the bolt deforms against an internal abutment and a fixed block, preventing retraction of the bolt.",1,41,0,0.0,25,ok
2005,6910357,35,keyword,"Search for lock devices where a lamellar bolt has a weakened segment and an attached abutment, a fixed blocking post within the housing blocks bolt withdrawal after deformation from excessive external force via an interlocking mechanism.",1,36,0,0.0,23,ok
2005,6910357,35,function,"Search for locks where a multi‑lamella bolt with a designed failure zone deforms under excessive external force, causing a blocking post to prevent retraction, using an interlocking element that applies stress to the weakened region to lock the bolt in place.",1,42,0,0.0,26,ok
2005,6957822,32,summary,"Search for apparatus that suspends heavy equipment between a tractor and trailer, using a tractor‑mounted hitch to secure one end, a trailer‑mounted slope to support the other, and a removable plate that allows quick transfer of the equipment while keeping a stable articulated link.",2,46,0,0.0,29,ok
2005,6957822,32,keyword,"Search for patents on tractor‑unit trailer assemblies that suspend heavy equipment by connecting the forward end to a fifth‑wheel hitch via a detachable coupling plate, while the rear end rests on a trailer‑mounted inclined ramp, enabling articulated movement and subsequent direct tractor‑unit coupling.",3,47,2,0.06060606060606061,33,failed_constraints
2005,6957822,32,function,"Search for prior art on a tractor with a fifth‑wheel hitch and an inclined rear support that suspends a large machine between the hitch and the support, enabling articulated load handling and allowing the towing trailer to be quickly re‑attached as a single unit.",3,46,0,0.0,26,ok
2005,6916037,32,summary,"vehicle suspension featuring two side‑mounted pivoting hangers, forward and rearward beams attaching axles, springs for vertical motion, and torque arms linking beams to the frame to restrict pivoting and lower torsional load on axles, with torque arm length adjustable for axle alignment",1,43,0,0.0,31,ok
2005,6916037,32,keyword,"Suspension system comprising vehicle frame with intermediate pivoted levers, forward and rearward linkages bearing front and rear axles, interconnected by spring assemblies, torsional control linkages that limit lever pivot motion, and adjustable-length arms for axle alignment, including resilient, compressible pivot connections.",3,42,2,0.06060606060606061,33,failed_constraints
2005,6916037,32,function,"Search for vehicle suspension systems featuring pivoted levers on a chassis, with forward and rearward arms supporting axles, springs interposed between the arms and the frame, and torque‑restricting links that limit arm rotation to reduce torsional loads on the axles.",3,41,1,0.038461538461538464,26,failed_constraints
2005,6915241,6,summary,"Computer‑based technique for segmenting output sequences of a dynamic machine by sliding a fixed‑size window, deriving local characteristic functions per position, then classifying points via pairwise distance thresholds and nearest‑neighbor labeling in constrained memory systems.",1,38,0,0.0,29,ok
2005,6915241,6,keyword,"search for algorithms that use a fixed‑memory computing platform to generate sliding data windows from machine output, extract per‑window characteristic functions, then classify each time‑step by distance comparison to prior samples with threshold‑based labeling.",1,38,0,0.0,28,ok
2005,6915241,6,function,"Searching for prior art on computer methods that, within fixed memory and CPU limits, analyze a time‑series of measurements from a machine by sliding a window, computing pairwise distances in an embedding space, and assigning cluster labels based on a distance threshold, introducing new labels for novel points.",2,49,0,0.0,31,ok
2005,6879299,3,summary,"Search for an induction antenna employing a concentric circular coil with alternating odd and even sector counts, uniform segment dimensions, and a ground‑coupling opening at the final sector, designed for portable low‑power computing devices.",2,36,0,0.0,24,ok
2005,6879299,3,keyword,induction antenna loop enameled wire multi‑circular arrangement low‑level digital tablets single loop close circles odd/even sections equal electromagnetic‑induction areas ground coupling terminal uncovered,3,27,5,0.2,25,failed_constraints
2005,6879299,3,function,"Search for prior art on inductive antenna loops made of enameled wire for low‑power tablets, featuring a single multi‑circular ring subdivided into alternating odd/even sections, with an open terminal for ground coupling and multiple inductive addressing zones.",1,40,0,0.0,28,ok
2005,6875439,16,summary,"Search for high‑pH formulations combining amphipathic weak bases or cationic antimicrobials with multidrug‑resistance inhibitors (e.g., sanguinarine) that boost intracellular accumulation and synergistically improve antiseptic/disinfectant effectiveness, including related screening approaches.",1,33,0,0.0,24,ok
2005,6875439,16,keyword,"Amphipathic weak bases or cationic molecules combined with multidrug resistance inhibitors in an alkaline formulation (pH ≈ 9) for synergistic antiseptic and disinfectant activity, especially using sanguinarine alkaloids, targeting efflux‑disrupted bacterial and fungal cells.",3,34,1,0.041666666666666664,24,failed_constraints
2005,6875439,16,function,"Search for antiseptic preparations that use elevated external pH combined with efflux pump blockade to enhance intracellular uptake of weakly basic amphiphilic agents, achieving synergistic antibacterial activity with multidrug resistance inhibitors at pH around nine.",2,35,0,0.0,26,ok
2005,6870864,9,summary,"Method for testing optical margin in a laser source with feedback control, where a bias generator using a tri‑state receiver and current mirror produces a single‑bit trim that adjusts the laser’s operating point by a preset percentage upward or downward.",3,43,3,0.11538461538461539,26,failed_constraints
2005,6870864,9,keyword,"Search patent literature for an optical transmitter using a laser source and reference photodiode in an automatic power control loop, where a bias block with a tri‑state selector and current mirror adjusts laser current by a set percentage to raise or lower output power.",3,45,3,0.10714285714285714,28,failed_constraints
2005,6870864,9,function,"laser diode bias circuit that uses a single selector input to switch between nominal, increase, and decrease bias modes, generating ±X% bias adjustments via a mirrored current source for margin testing of fiber links.",2,34,0,0.0,24,ok
2005,6848016,6,summary,"A system that partitions core and supplementary functions onto separate devices, linking them with concurrent communication and data channels so that updates affect only the auxiliary functions while core operations remain unchanged, guided by event‑driven configuration.",1,37,0,0.0,26,ok
2005,6848016,6,keyword,"Search for electronic architecture using a main processing core with unchanged operations and an auxiliary co‑processor for additional functions, linked by a parallel communication link and a separate data bus that can operate concurrently, with dynamic re‑configuration triggered by power‑up or runtime events.",1,46,0,0.0,30,ok
2005,6848016,6,function,"System that separates core processing and supplementary functions across primary and auxiliary units, using independent communication and data links that operate concurrently, with dynamic configuration triggered by power‑up or runtime events.",2,32,0,0.0,22,ok
2005,6878624,8,summary,"Search for a manufacturing method creating an ultra‑thin diffusion barrier over cobalt or nickel silicide using a nitrogen passivation layer between titanium and the silicide, limiting interdiffusion and producing a sub‑3‑nm amorphous metal silicide before interconnect deposition.",3,40,3,0.10714285714285714,28,failed_constraints
2005,6878624,8,keyword,"Search for processes that anneal a cobalt or nickel silicide on a substrate with a nitrogen‑rich protective film, deposit a titanium layer, heat in a nitrogen environment to form TiN barrier and a sub‑3‑nm interfacial silicide, then fill vias with interconnect metal.",3,45,1,0.037037037037037035,27,failed_constraints
2005,6878624,8,function,"Identify prior art on forming contacts to metal silicide where a nitrogen surface barrier is first applied, a fourth‑period transition‑metal layer is deposited, then annealed in a nitrogen environment to create a sub‑3 nm intermetallic with a nitride diffusion barrier for interconnects.",3,45,1,0.03571428571428571,28,failed_constraints
2005,6967501,5,summary,"Search for an impedance‑matched IO driver that uses dual reference voltages from differential amplifiers to control pull‑up and pull‑down MOSFETs, creating a self‑tuning output stage that enhances signal integrity and reduces distortion without conventional digital calibration.",3,40,2,0.06896551724137931,29,failed_constraints
2005,6967501,5,keyword,"Search for impedance‑matched IO drivers using analog feedback loops, featuring PMOS pull‑up and NMOS pass transistors controlled by P‑type and N‑type reference voltages, incorporating reference output drivers and differential voltage generators connected to fixed bias networks.",3,40,5,0.16666666666666666,30,failed_constraints
2005,6967501,5,function,"Search for impedance‑matched I/O driver systems that use analog reference voltages to control PMOS and NMOS transistors in pull‑up and pull‑down paths, employing comparator or amplifier networks to adjust gate voltages for precise drive strength and signal integrity.",3,42,2,0.07142857142857142,28,failed_constraints
2005,6956356,1,summary,Search for apparatus that enables specific protection safeguards in a battery pack during minimal usage by monitoring cell traverse currents and activating safeguards when the current surpasses a set threshold.,2,30,0,0.0,19,ok
2005,6956356,1,keyword,"Battery pack protection circuitry with safeguard enabling triggered by overcurrent detection on individual cells during deep‑discharge standby, using a cell‑level current sensor that compares cell voltage to a threshold and emits an alarm output to activate safety functions.",2,40,0,0.0,28,ok
2005,6956356,1,function,"battery pack low‑power protection system that disables selected safeguards during low‑state, uses current‑sensing to detect cell‑traversal current surpassing threshold, triggering alerts and re‑enabling safeguards via control logic.",3,32,0,0.0,27,ok
2005,6952278,2,summary,"Search for systems that selectively record job execution logs in a secondary memory and send the logs to an external PC when a status inquiry is made, allowing the external device to be optionally notified of the job results.",1,39,0,0.0,21,ok
2005,6952278,2,keyword,"Search for systems that selectively store execution logs of job tasks in primary and secondary memory, retrieve logs upon status queries, and transmit results to connected PCs via a network interface, controlled by a dedicated logic module.",2,37,0,0.0,25,ok
2005,6952278,2,function,"Search for systems that conditionally record execution histories for various job types, store those histories, and transmit the records to a connected PC, while also optionally notifying an external device of job results based on configurable user flags.",1,38,0,0.0,26,ok
2005,6880546,30,summary,"Search for a system that removes charcoal ash from a grill by pouring water over it, creating an ash‑water slurry that passes through grill holes, is captured by a funnel, screened, and conveyed to a user‑selected drainage point.",2,40,0,0.0,23,ok
2005,6880546,30,keyword,"System and apparatus for extracting charcoal ash from a concave grill using a water jet and a funnel with detachable screen and hose, employing strap or magnetic mounting to the grill, suitable for backyard, public barbecues, and maritime use.",1,39,0,0.0,23,ok
2005,6880546,30,function,"search for apparatus that uses a funnel beneath a charcoal grill to wash ash with water, filtering large ash particles, and directing the ash-water slurry through grill holes into a drain hose for use as fertilizer.",1,37,0,0.0,23,ok
2005,6858563,23,summary,"Search for automotive exhaust catalysts featuring an upstream start catalyst on a pore‑rich cordierite substrate with element substitution, enabling rapid activation, reduced pressure drop and improved emissions without a coating layer.",3,32,0,0.0,23,ok
2005,6858563,23,keyword,"Search patents for automotive exhaust catalyst systems featuring an upstream start catalyst on a ceramic substrate such as cordierite modified with substitutional elements, fine‑pore direct‑support architecture, no coating layer, to achieve minimal thermal inertia, early activation, reduced pressure drop, and enhanced three‑way conversion.",2,46,0,0.0,36,ok
2005,6858563,23,function,"Automotive catalysts featuring an upstream direct-bonded catalyst on a heat-resistant ceramic, enabling rapid warm-up, reduced pressure drop, and superior exhaust purification without a coating layer, with fine porous support and replaced structural elements.",2,36,0,0.0,27,ok
2005,6905387,33,summary,"Searching for a spherical foam ball with an integrated annular rim that has airfoil-shaped surfaces and a central groove, which when spun produces aerodynamic lift for extended airborne flight.",1,30,0,0.0,17,ok
2005,6905387,33,keyword,"Flyable ball with unitary spherical body and integrated annular rim below the transverse axis, molded from chemically activated foam fully filled, featuring intersecting airfoil‑shaped surfaces and a central hand‑grip groove, producing centrifugal stabilization and aerodynamic lift during a spin in flight.",3,43,4,0.125,32,failed_constraints
2005,6905387,33,function,"How does a rigid spherical sports ball incorporating a lower annular rim with airfoil geometry, integrated grip, and radial symmetry provide centrifugal stabilization, aerodynamic lift, and guided flight when thrown with rotation?",2,32,0,0.0,23,ok
2005,6846214,1,summary,"Finding prior art on a spark plug where a high‑melting‑point iridium alloy tip is bonded with a lower‑melting‑point rhodium or Ir alloy via laser‑induced molten fusion to the nickel electrode, enhancing bond strength and reducing thermal stress.",3,42,0,0.0,29,ok
2005,6846214,1,keyword,"search for spark plug assemblies featuring a YAG laser‑welded iridium alloy tip on a nickel‑based center electrode, integrated in an insulator with a through‑hole, where a low‑melting‑point noble metal like rhodium is blended into the joint for increased durability.",2,44,0,0.0,28,ok
2005,6846214,1,function,"Use laser-induced fusion of a low‑melting‑point noble metal inclusion on a nickel‑based spark plug center electrode tip to form a robust joint with reduced thermal distortion, thereby extending spark plug durability.",1,35,0,0.0,26,ok
2005,6962702,16,summary,"Bispecific antibody fragment with one arm targeting diseased tissue and another arm binding a hapten‑rich linker, enabling delivery of enzyme or chemical payloads that activate prodrugs or convert toxins, allowing targeted therapy or imaging.",2,35,0,0.0,25,ok
2005,6962702,16,keyword,"bispecific antibody or fragment with one arm targeting diseased tissue and another arm binding an HSG hapten‑conjugated carrier, employing an Fv domain, linked to therapeutic or imaging agents, enzyme‑mediated prodrug activation, or detoxifying drugs, and optional clearance composition and chelated payload.",1,43,0,0.0,31,ok
2005,6962702,16,function,bispecific immunoglobulin with one domain targeting diseased tissue and a second domain recognizing a hapten-bearing carrier that delivers therapeutic or imaging agents; carrier may carry an enzyme that activates prodrugs or detoxified drugs locally; optional clearing agent removes unbound antibody.,1,41,0,0.0,30,ok
2005,6955670,23,summary,"Search for compact electrolyte dispensing system employing nano‑scale membrane channels with electro‑hydrodynamic pumping, controllable timing and volume, featuring electrode‑driven flow across a regulated channel array.",1,28,0,0.0,22,ok
2005,6955670,23,keyword,"Self-contained nanoporous electrolyte delivery device with 2–100 nm channels, dual reservoirs, electrodes, electroosmotic pumping, unidirectional valve, timing controller, and net surface charge at operating pH.",3,27,1,0.047619047619047616,21,failed_constraints
2005,6955670,23,function,"Searching for microfluidic electrokinetic pumps that transfer fixed volumes of electrolyte at programmable intervals through nanometer‑scale channels, employing electrode‑driven pressure to pressurize a supply chamber, controlled by an integrated timer and controller, with a one‑way delivery port.",1,40,0,0.0,27,ok
2005,6856815,2,summary,Search patents for a camera system that identifies the connected cellular network type and applies a corresponding conversion routine—including line‑specific error‑correction modules—to transform captured image data into compatible transmission format before sending over the phone line.,3,40,0,0.0,29,ok
2005,6856815,2,keyword,"Searching for prior art on a camera system that detects network link type, uses a RISC CPU to first encode image frames, then applies line‑specific error‑correction programs from nonvolatile memory, and outputs data formatted for cellular, PHS or other wireless telephone links.",2,44,0,0.0,32,ok
2005,6856815,2,function,"Search for systems that automatically detect type of wireless telephone line, select the appropriate error‑correction routine from memory, and convert camera image data into line‑specific transmission format for real‑time communication.",1,33,0,0.0,23,ok
2005,6897216,16,summary,"Search for novel multi‑substituted heteroaryl‑based small molecules designed as Parkinson’s disease therapeutics that combine a central core with various R, Y, Z groups, providing enhanced potency and potential multi‑target activity when formulated with other Parkinson agents.",1,40,0,0.0,26,ok
2005,6897216,16,keyword,"Search for parkinsonian therapy using heteroaryl‑substituted arylamino‑alkylsulfonyl compounds of formula I with Y bridging groups such as N,N‑dialkyl ethylene diamine or ether linkages, combined with phenyl or heteroaryl side chains, having X as C2–C6 alkylene or acylmethyl.",2,42,0,0.0,26,ok
2005,6897216,16,function,"Search for Parkinson’s therapy compounds with heteroaryl or bis‑amine linkages, bearing CF3, halogen, nitro, sulfonyl, or amine substituents, and phenyl or heteroaryl side chains, used combinatorially to enhance dopaminergic function.",1,32,0,0.0,22,ok
2005,6864848,3,summary,"Search prior art for a slot antenna that employs multiple MEMS switches positioned near the open end of a long slot to dynamically adjust its resonant frequency, with a nearby feed point and optionally a cavity-backed design for multi‑band operation.",1,42,0,0.0,27,ok
2005,6864848,3,keyword,"Search for planar conducting sheet with a drawn longitudinal slot, terminated by MEMS electro‑switches near the free edge, allowing controllable coupling between slot sides for adjustable resonant lengths and multi‑tone reconfigurable RF transmission.",2,35,0,0.0,26,ok
2005,6864848,3,function,"Search for tunable slot antennas that employ MEMS switch arrays along the slot to dynamically adjust resonance frequencies, thus enabling multi-band reception and transmission by redefining the active section of the slot.",1,33,0,0.0,22,ok
2005,6843885,28,summary,"Method to regulate temperature in a high‑pressure cellulose chip digester by introducing steam‑heated chips and a temperature‑controlled liquor at the liquor level so the surface stays below vapor temperature, preventing overheating during exothermic cooking and preserving pulp quality.",2,41,0,0.0,29,ok
2005,6843885,28,keyword,"Search for inventions controlling temperature in continuous vapor‑phase digesters using steam over 3 bar and 140 °C, feeding chip‑level slurry, adding temperature‑controlled liquor around the surface, maintaining liquor/chip ratios 3.5–6 kg/kg, and preserving pulp quality.",3,42,4,0.13333333333333333,30,failed_constraints
2005,6843885,28,function,"Search patents for methods that regulate temperature in continuous vapor‑phase cellulose cooking vessels by injecting a heated steam–licor mixture at high pressure, subsequently adding a lower‑temperature cooking liquor near the liquor surface to create a sub‑vapour temperature protective layer, thereby preventing excessive internal temperatures while maintaining effective chip cooking.",3,53,2,0.04878048780487805,41,failed_constraints
2005,6953504,16,summary,"Search for dark pigment particles exhibiting low magnetization, based on an iron‑titanium oxide spinel with an Fe/Ti atomic ratio between 150 and 300, a ≥50% Fe(II) proportion, and a lightness value not exceeding 9 from Hoover muller tests.",1,41,0,0.0,28,ok
2005,6953504,16,keyword,"Search for Fe₂TiO₄-based composite oxide pigments with Fe(II)/Fe(III) ratio ≥0.5, Fe+Ti atomic % 150–300, low magnetization, L‑value ≤9.0 by Hoover‑type Muller, for toner, coating, resin, or cosmetic formulations.",3,37,3,0.11538461538461539,26,failed_constraints
2005,6953504,16,function,"Composite iron‑titanium oxide containing ≥150–300% Fe/Ti, with ≥50% Fe(II) and a Hoover‑muller L value ≤9.0, used as a low‑magnetization pigment in toner, coating, resin, and cosmetic formulations.",2,34,0,0.0,22,ok
2005,6846807,16,summary,"Method for lowering risk of colorectal cancer in high‑risk patients using orally administered, poorly absorbed aminoglycoside antibiotics that remain in the colon.",1,23,0,0.0,15,ok
2005,6846807,16,keyword,"enterically administered, poorly absorbed aminoglycoside antibiotic for prevention of colorectal neoplasia in high‑risk patients, including risk assessment, dosage, formulation, and comparative effect on colorectal cancer incidence versus untreated controls",1,30,0,0.0,23,ok
2005,6846807,16,function,identify individuals at risk of colorectal cancer; administer orally gut‑localized aminoglycoside antibiotics with poor systemic absorption; reduce tumor development by targeting the colonic microenvironment.,1,25,0,0.0,18,ok
2005,6976027,4,summary,"How to enhance service registry classification by linking entries to geospatial taxonomy rows via hash‑based pointers in a spatial database, enabling geospatially aware search within a UDDI registry.",1,29,0,0.0,21,ok
2005,6976027,4,keyword,"Search for methods that embed geographic taxonomy identifiers in UDDI registry entries, hash to point to geospatial data rows, classify services with location-aware taxonomy values, and enable enhanced spatially-aware querying in network‑accessible service registries.",3,37,2,0.07407407407407407,27,failed_constraints
2005,6976027,4,function,"Search of network-accessible registry entries using geospatial coordinates indexed by hash, enabling improved service categorization and location-based query support in a spatially-enabled database.",3,26,2,0.10526315789473684,19,failed_constraints
2005,6876289,1,summary,Search for high‑voltage arcing suppressors that use an explosive‑filled chamber housing a capacitor and spark gap in a series/parallel arrangement to disconnect or clear fault arcs within a non‑conductive enclosure.,1,34,0,0.0,22,ok
2005,6876289,1,keyword,"Search patents on arrester disconnector assemblies featuring an insulating housing with dual terminations, a capacitor bridging the leads, a spark gap, and an explosive charge device positioned within the chamber to engage the spark gap in series.",2,37,0,0.0,23,ok
2005,6876289,1,function,Search for a surge arrester disconnection system using an internal explosive cartridge simultaneously connected in parallel with a high‑voltage capacitor and series with a spark gap to interrupt overvoltage currents while ensuring rapid discharge and protection of downstream conductors.,1,40,0,0.0,26,ok
2005,6847806,3,summary,"Search for portable radio telephone systems that use two snap‑on, non‑planar front and rear housings, each with matching inner contours, that can be releasably attached; the front cover faces the user, the rear away, enabling aesthetic interchange while securing internal components.",1,43,0,0.0,31,ok
2005,6847806,3,keyword,"Search for patents describing an electronic radiotelephone with a non‑planar front cover featuring multiple contours and a matching inner housing; reversible snap‑on attachment with releasable locking mechanisms for front and rear covers, ensuring snug fit and user‑directional orientation.",1,41,0,0.0,28,ok
2005,6847806,3,function,"search for electronic radiotelephone with swap‑able front and rear non‑planar housings that lock via releasable attachment, display‑oriented front cover, reverse‑oriented back cover, interlocking contour matching, allowing user‑driven customization of appearance while protecting internals.",1,38,0,0.0,31,ok
2005,6890447,20,summary,How can sacrificial metal layers and hard masks be used to create patterned noble metal coatings on insulating substrates through precise etching?,2,22,0,0.0,16,ok
2005,6890447,20,keyword,"Search for methods forming metal sacrificial layers on insulating substrates topped by hard mask layers devoid of organics, patterned openings, side‑etching sacrificial film beyond mask edges, coating entire surface with noble metal via sputtering, then dissolving sacrificial layer to reveal metal patterns.",3,43,2,0.05714285714285714,35,failed_constraints
2005,6890447,20,function,"methods for patterning metallic thin films on insulating substrates using a removable metal sacrificial film and hard mask to define features broader than openings, enabling the formation of noble metal patterns via side etching and subsequent removal of the sacrificial layer.",3,41,4,0.13793103448275862,29,failed_constraints
2005,6941590,33,summary,"Search for a toilet system featuring a portable spray device with a manual shut‑off valve, flexible hose, Y‑adapter, and mounting brackets, combined with an upgraded seat, bowl and tank design that includes mounting cut‑outs and placement guidelines for the device.",3,43,2,0.07407407407407407,27,failed_constraints
2005,6941590,33,keyword,"hand‑held sprayer with manual shut‑off valve, extension arm, spray tip, flexible hose, hose hanger, Y‑adapter, holders for sprayer and toilet items, water‑tank lid with cut‑outs, frontal bowl opening with guideline markings, embedded C‑shaped reinforcing piece",3,41,4,0.125,32,failed_constraints
2005,6941590,33,function,"handheld toilet cleaning sprayer with manual flow valve, extendable bar, multi‑stream tip, flexible hose, Y‑adapter to existing faucet, mounting brackets, tank‑lid cutouts for holder placement, seat opening with guides and reinforcing sleeve for sprayer attachment",1,38,0,0.0,29,ok
2005,6971532,25,summary,"Search for inventions that enable construction of decorative woven baskets or similar articles without using fasteners, employing retainers with angled or textured channels to frictionally grip and support interlacing pliable weaving elements for structural stability.",1,35,0,0.0,24,ok
2005,6971532,25,keyword,"Search for a non-fastened woven basket design featuring angled peripheral retaining channels on upper and lower frames, where flexible strand segments are frictionally engaged and interlaced, creating a self-supporting structure without additional hardware.",2,35,0,0.0,25,ok
2005,6971532,25,function,"non-fastener basket construction: angled or textured channel retainers that frictionally hold pleated weave ends, forming a self-supporting woven basket; interlaced primary and secondary elements, no connectors required, supports between retainers when necessary.",1,34,0,0.0,27,ok
2005,6978288,34,summary,"Search for an apparatus that adjusts a control parameter to a specified target in a predefined set of steps, using a power‑of‑two step count to compute equal increments and distribute remainders, with a state machine managing the updates.",2,40,0,0.0,22,ok
2005,6978288,34,keyword,"Search for systems that iteratively adjust a control coefficient toward a target value over a preset number of periodic increments with the step count as a power of two, leveraging a memory accumulator, quotient–remainder division, and even residual distribution.",3,40,1,0.04,25,failed_constraints
2005,6978288,34,function,"Searching for methods or systems that perform proportional coefficient adjustments over a set number of time steps, where the adjustment difference is split into equal increments based on a power‑of‑two interval count, with a remainder distributed across selected steps.",3,41,0,0.0,25,ok
2005,6976641,29,summary,"Search for micro‑jet printing techniques that mix several polymer formulations via a spray head equipped with tunable valves and actuators, depositing precisely controlled polymer pixels on a substrate to create spatially varying optical elements.",3,35,1,0.04,25,failed_constraints
2005,6976641,29,keyword,"Search for a spray dispensing head featuring a mixing chamber, independently controlled solvent and polymer inlets with adjustable valves, actuators ejecting precise droplet volumes, enabling sequential deposition of polymer pixels to fashion a radially or azimuthally varied refractive index film on a substrate.",3,43,0,0.0,30,ok
2005,6976641,29,function,"spray head with independently controlled first and second inlets, adjustable valves, actuators for precise polymer droplet composition mixing to deposit optical films with spatially varying refractive index.",2,27,0,0.0,20,ok
2005,6863636,31,summary,"Search for planetary gear pinion carriers made from two cold-formed cup bodies, each with transverse legs, where legs are abutted and welded across a central aperture for improved torque transfer and structural integrity.",3,34,2,0.08695652173913043,23,failed_constraints
2005,6863636,31,keyword,"Search for pinion carriers used in planetary gear systems where two cold-formed cup-shaped units, each with flat‑plate bodies and transverse legs, are assembled by abutting the legs and welding them together, featuring a central aperture and torque transfer ring.",3,42,3,0.10714285714285714,28,failed_constraints
2005,6863636,31,function,"Search for manufacturing methods of planetary gear pinion carriers made by cold forming cup‑shaped bodies with transverse legs that interlock and are fused, featuring a central aperture for torque transfer.",3,31,3,0.15,20,failed_constraints
2005,6838365,8,summary,"search for methods that etch multi‑metal gate layers with variable oxidation rates, recessing the high‑oxide‑rate metal within a lower‑rate metal to create smooth sidewalls and continuous planar oxide for sub‑micron conductive lines on semiconductor substrates.",2,40,0,0.0,29,ok
2005,6838365,8,keyword,"Search for semiconductor methods that pattern dissimilar conductive layers with varying oxidation rates, etch inner layers to recess sidewalls, then expose to thermal oxidation creating continuous lateral oxide along recessed edges, avoiding bulges for sub‑micron conductive lines.",2,38,0,0.0,30,ok
2005,6838365,8,function,"Search for methods that pattern dual conductive layers with differing oxidation rates, etch recessed sidewalls, and thermally oxidize to form continuous, bulge‑free lateral oxide edges on sub‑micron transistor gates or conductive lines.",1,34,0,0.0,25,ok
2005,6954222,9,summary,"Search patents for methods that selectively apply anti‑reflection coatings to the first or subsequent lens surfaces of a laser‑scanning system, based on a computed geometric condition involving the polygon mirror width, beam incident angle, lens spacing and curvature.",1,40,0,0.0,27,ok
2005,6954222,9,keyword,"Search patent art on laser polygon‑mirror scanners where anti‑reflection coating is applied to the first imaging lens surface only if H/2 exceeds |2βD(D−Rz1)/Rz1|, with H width, β incident angle, D separation, Rz1 radius.",3,39,2,0.08695652173913043,23,failed_constraints
2005,6954222,9,function,"How does the selective anti‑reflective coating applied to the first lens element, based on the width and incident angle of the polygon mirror’s facets, improve laser beam transmission and reduce stray light across the auxiliary scan axis in a rotating polygon mirror assembly?",3,45,0,0.0,30,ok
2005,6856420,6,summary,"Search for a printing system that features virtual address generation by CPU and data ports, a translation unit that maps these virtual locations to real storage addresses, and a separate system bus delivering data to internal memory.",2,37,0,0.0,24,ok
2005,6856420,6,keyword,"Identify earlier patents for printers that employ a virtual address bus shared by a CPU, I/O port and print engine interface, a translation unit mapping virtual memory addresses to physical memory addresses, and separate internal‑external memory buses.",3,39,6,0.23076923076923078,26,failed_constraints
2005,6856420,6,function,"Search for printers incorporating virtual-to-physical address translation between processing cores, I/O ports, and printing engines, routing virtual addresses via a dedicated translator to internal memory while allowing DMA operations to manipulate data in a shared virtual memory space.",2,41,0,0.0,29,ok
2005,6934311,9,summary,"Laser‑pumped Raman amplifier leveraging a tilted fiber tip for multimode injection from a Fabry–Perot laser, using anti‑reflection coatings and a multi‑stage Faraday isolator rotated 40°, eliminating fiber gratings.",2,32,0,0.0,24,ok
2005,6934311,9,keyword,"Search for semiconductor laser modules combining a Fabry‑Perot laser diode with an oblique‑incident optical fiber, multi‑stage Faraday isolator angled ~40°, anti‑reflection coating on fiber tip and lenses, suitable as forward‑pump source for Raman amplifiers.",3,39,0,0.0,29,ok
2005,6934311,9,function,"Search for laser modules employing non‑normal incidence optical fibers with angled fiber tip surfaces, combined with multi‑stage Faraday isolators rotated relative to the laser axis, enabling broadband multi‑mode emission for Raman amplifier pump sources.",3,37,0,0.0,29,ok
2005,6875363,24,summary,"Search for fast-oxidation water purification processes that add a high-concentration oxidant and limit contact time to under 90 s before passing the treated water through a coarse filter larger than typical particle sizes, then exposing the stream to UV or other radiation.",3,44,0,0.0,31,ok
2005,6875363,24,keyword,"Search patents for rapid oxidant‑treated water purification combining short‑contact peroxide injection, sub‑suspended‑matter pore filter, and UV/visible irradiation, including deep‑sea desalination systems with high‑density pumps and UV tubular reactors.",2,35,0,0.0,29,ok
2005,6875363,24,function,"Oxidizing agent treatment with short contact time (<90 s) followed by filtration larger than suspended organic particles and UV irradiation to purify water, especially seawater, using high‑concentration oxidants, rapid detainment, size‑exceeding filters, and UV post‑oxidation.",1,38,0,0.0,30,ok
2005,6846490,16,summary,"Search for skin protectants that use a lipid film derived from vernix or its synthetic analogs to increase surface hydrophobicity, regulate hydration gradients, and prevent water‑dependent barrier dysfunction in occupational or clinical settings.",1,34,0,0.0,22,ok
2005,6846490,16,keyword,"Search for methods applying vernix‑based moisture‑regulating and hydrophobic barrier formulations to skin, employing dispersant carriers, targeting surface tension reduction of ~20 dyn/cm, water‑vapor permeability 14‑22 g/m²·hr, and methyl‑blue barrier indices −0.3 to −30.",2,42,0,0.0,30,ok
2005,6846490,16,function,"Describe methods using vernix-based formulations to increase surface hydrophobicity of skin, lower surface tension, create protective films against water and chemical agents, and modulate skin water gradients for barrier enhancement and accelerated repair.",2,34,0,0.0,26,ok
2005,6891181,10,summary,"Search for silicon‑based sensors with two symmetric photodiode regions and a back‑facing diffuse light source that detect an object’s edge movement regardless of direction, using occlusion‑based position determination.",3,32,0,0.0,22,ok
2005,6891181,10,keyword,"Search for silicon photodiode array sensor with two identical active zones and opposing uniform illumination source for edge detection independent of occluder motion, including designs with triangular subregions and current‑difference output for position determination.",2,35,0,0.0,25,ok
2005,6891181,10,function,"Searching for optical edge detection devices comprising a silicon-based sensor with two equally sized active photodiode areas and a backside uniform illuminator, where a moving object occludes light to produce differential current outputs independent of occlusion direction, enabling position and motion sense.",1,43,0,0.0,31,ok
2005,6896182,7,summary,Search for systems integrating card identity codes with geographic location verification to block unauthorized transaction use by requiring reader location to match pre‑registered area for settlement cards.,1,28,0,0.0,20,ok
2005,6896182,7,keyword,"Search for payment card authentication methods integrating a location‑based verification module where a card reader extracts a unique identifier, transmits reader coordinates via a network, and authorizes the transaction only when the reader’s location matches the pre‑registered geographic zone associated with that identifier.",1,46,0,0.0,30,ok
2005,6896182,7,function,"How can a card reader validate a card by confirming that the reader’s geographic location matches the card’s registered location code, then allow settlement only when that location alignment is confirmed to prevent unauthorized use?",3,37,0,0.0,23,ok
2005,6934139,5,summary,"Search for a semiconductor switching power device module incorporating drive logic, fault detection for catastrophic and pre‑catastrophic states, protection circuitry, and dual‑output signaling that distinguishes contributing failure factors, including high‑level shifting for inter‑arm communication.",3,38,0,0.0,29,ok
2005,6934139,5,keyword,"Search for an intelligent power module featuring integrated fault detection, fault protection, alarm output, abnormality factor discrimination, with high‑voltage level shifters, bridge‑connected switching devices, drive logic, warning circuits, and an external request interface.",3,35,6,0.21428571428571427,28,failed_constraints
2005,6934139,5,function,"Systems that detect critical faults in power semiconductor switches, activate protective measures, and transmit fault alerts along with factor discrimination signals, enabling precise identification of contributing causes in multi‑phased bridge configurations.",3,32,2,0.08333333333333333,24,failed_constraints
2005,6974375,23,summary,"search for compact sanding enclosure featuring a tapered shell with twin vent ports, built‑in halogen illumination, an overhead protector to redirect glare, and integrated storage for sandpaper, designed to reduce dust exposure on sanding tables.",1,36,0,0.0,24,ok
2005,6974375,23,keyword,"Search for dust extraction hood with lower intake vent, upper protection shelf, integrated halogen lighting above inlet, rigid shell tapering to narrow outlet, airflow induction system, dust containment, operator eye protection design for sanding table.",2,35,0,0.0,29,ok
2005,6974375,23,function,"search for prior art of a sanding apparatus featuring an integrated dust-collecting hood with a dual vent system, light arrays above the dust inlet, and an upper protective shelf that also holds sandpaper rolls, aimed at enhancing dust extraction efficiency while shielding operators from glare.",1,46,0,0.0,32,ok
2005,6894133,17,summary,"Search for controlled radical polymerization initiators featuring azlactone or opened azlactone moieties that yield telechelic co‑polymers, characterized by pseudo‑halogen substituents and diverse aliphatic, aromatic, or heterocyclic linkages enabling functional chain ends.",3,33,3,0.12,25,failed_constraints
2005,6894133,17,keyword,"Search for controlled polymerization initiators featuring azlactone or ring‑opened azlactone functionalities linked via carbocyclic structures, incorporating halogen or pseudohalogen halogen‑substituted substituents, carbocyclic ring linkages, and heteroatom‑rich spacer groups such as CO–O–(CH2)n or CO–S–(CH2)n for telochelic (co)polymer synthesis.",3,47,2,0.058823529411764705,34,failed_constraints
2005,6894133,17,function,"Initiators comprising azlactone or ring‑opened azlactone structures with halogen or pseudohalogen leaving groups and carbocyclic ring attachments, linked by flexible spacers, that enable the synthesis of end‑functionalized copolymers by regulated radical chain growth.",3,35,2,0.08333333333333333,24,failed_constraints
2005,6928557,2,summary,"Find inventions where a portable storage module connected to a host device automatically triggers media ejection upon detecting disconnection, using sensors for connection status and media presence, and displays alerts before forcing ejection.",2,33,0,0.0,24,ok
2005,6928557,2,keyword,"detachable storage enclosure host interface automatic drive ejection sensor system connection detection medium presence, ejection instruction, alarm notification, device bay discharge signal, query message, failure prevention collision damage",1,28,0,0.0,26,ok
2005,6928557,2,function,"detectable enclosure that automatically ejects a removable media cartridge upon loss of host connection and media‑presence confirmation, preventing collision damage during disassembly and providing pre‑ejection notification or alarm to the host system.",1,34,0,0.0,24,ok
2005,6861677,8,summary,"LED package integrating a reverse‑polarity protection diode, a separate conductive heat‑sink pad and substrate isolated by insulation, with a bonded wire to an exposed electrode, aimed at enhancing thermal management and electrostatic protection for flip‑mounted LEDs.",1,39,0,0.0,26,ok
2005,6861677,8,keyword,"Search for LED package where a flipped light‑emitting diode is mounted by conductive bumps to both the n‑electrode of an electrostatic protection diode and a heat‑conductive silicon pad, the diode and pad separated by an insulation gap, and the exposed electrode provides a bonding pad for DC power.",3,51,4,0.13793103448275862,29,failed_constraints
2005,6861677,8,function,"Search for LED packaging that mounts an LED onto the n‑electrode of an electrostatic protection diode and a silicon heat‑pad using conductive bumps, with a bonded pad on an exposed electrode and a gap separating the diode from the heat pad to enhance thermal management and ESD protection.",3,50,1,0.03571428571428571,28,failed_constraints
2005,6868871,28,summary,"Search for a yarn stopper device that uses an accelerated initial voltage boost in its electromagnetic coil to quickly move the stopper while minimizing energy and heat, ensuring precision control of the yarn feed in weaving machines.",3,37,0,0.0,23,ok
2005,6868871,28,keyword,"Search for prior art on textile measuring feeders that use an electromagnetic coil to drive a magnetic armature, applying a high initial voltage pulse for rapid acceleration, reducing energy consumption and heat, while achieving low final velocity.",2,37,0,0.0,26,ok
2005,6868871,28,function,"How does a textile yarn feeder use a magnet with armature and an adjustable‑voltage drive coil to accelerate a yarn stopper rapidly at start, then reduce power to minimise heat and final velocity for precise stop positioning?",3,38,0,0.0,25,ok
2005,6968085,6,summary,"Search for best matching zones between an original scanned page and its photocopy by dividing the original into grid regions, expanding each zone’s foreground, correlating with corresponding copy areas, flagging poor matches, computing displacement vectors, then restoring broken strokes in annotations.",3,42,2,0.06666666666666667,30,failed_constraints
2005,6968085,6,keyword,"Search for prior art on document image matching methods using blockwise partitioning, dilated foreground masks, correlation‑based search windows, score thresholding for unmatched blocks, displacement vector calculation, and annotation synthesis via broken stroke detection and line‑tracing repair.",3,38,0,0.0,31,ok
2005,6968085,6,function,"Search for methods that segment document images into blocks, dilate foreground pixels to create masks, correlate each mask with a copy image inside a search window, score the matches, discard low-scoring blocks, and compute displacement vectors for matched blocks to detect copying and reconstruct annotations.",1,46,0,0.0,32,ok
2005,6845858,25,summary,"Search for lightweight concrete chute construction using twin extruded sections joined by welding with added bottom stiffener, a front‑inserted removable liner sealed by a proximal‑distal retainer that prevents aggregate seepage, and a proximal pin for truck attachment.",2,39,0,0.0,27,ok
2005,6845858,25,keyword,"Extruded composite concrete conduit with welded sections, front‑end insertable liner secured by a semi‑circular retaining clip and a top‑surface strip, plus a proximal pin retainer for attachment to a concrete delivery vehicle or connecting to adjacent conduits.",3,40,0,0.0,27,ok
2005,6845858,25,function,"welded extruded concrete chute with separate proximal and distal sections, integrated bottom stiffener for stability, front‑mounted liner insertion retainer sealing aggregate against seepage, pin retainer for attaching to cement truck or subsequent chute segments during concrete dispensing.",2,38,0,0.0,30,ok
2005,6885451,13,summary,Search for inspection methods using infrared or visible‑light imaging to detect and verify proper placement of overlapping panels in composite absorbent products by locating obscured edge positions compared to reference data.,1,32,0,0.0,22,ok
2005,6885451,13,keyword,"Search for systems and processes employing an infrared emitter to illuminate overlapping panels of disposable absorbent articles, using a detector to form an image, algorithmically drawing a scanning window to locate an underlying panel edge, then comparing the found position to stored tolerance data.",1,44,0,0.0,29,ok
2005,6885451,13,function,"How can infrared‑ or UV‑based imaging systems locate a hidden edge between overlapping panels of a disposable absorbent product, determine panel presence and proper alignment, and automatically adjust the scan window for quality inspection?",1,35,0,0.0,25,ok
2005,6915500,6,summary,Search for inventive methods that simulate Euclidean routing on IC metal layers by alternating horizontal/vertical or diagonal subsegments with a calculated length ratio to follow preferred routing directions while reducing Manhattan constraints.,2,33,0,0.0,23,ok
2005,6915500,6,keyword,"Search for patents describing methods to create arbitrary‑angle routing layers in ICs by alternating horizontal, vertical, and 45° diagonal segments based on a preferred direction ratio for metal layers, achieving effective Euclidean traversal.",3,34,0,0.0,24,ok
2005,6915500,6,function,"Find designs that route IC metal layers by alternating horizontal, vertical, or diagonal segments with set ratios to simulate 45‑degree or arbitrary angle connections, creating preferred‑direction paths while using only two segment orientations.",1,35,0,0.0,27,ok
2005,6881953,10,summary,"How to map building drain networks by surveying and numbering existing drains, adding eco‑friendly fluorescent dye to selected sanitary lines, running continuous flow through candidate manholes, sampling downstream water, detecting the dye with a fluorometer, and recording identified flow paths in a master blueprint and spreadsheet for replumbing.",1,49,0,0.0,35,ok
2005,6881953,10,keyword,"Identify inventions for building drain survey systems that use low‑toxicity fluorescent dyes at ≥600 ppm and portable fluorometers to trace storm and sanitary pipe flow, capturing samples at storm/sanitary manholes and logging trace data on detailed blueprints and spreadsheets.",2,41,0,0.0,29,ok
2005,6881953,10,function,"Search for methods of determining storm and sanitary drain flow by injecting detectable tracer into source drains, sampling water at manholes, measuring fluorescence with a fluorometer, and recording results in diagram and spreadsheet to map drainage paths for re‑plumbing.",2,40,0,0.0,25,ok
2005,6841667,14,summary,"Search for methods employing a chiral metal‑ligand complex to selectively transform a mixture of cyclic substrates with nucleophilic partners, producing stereochemically enriched compounds through differential reactivity, applicable to epoxide kinetic resolutions and azide substitutions.",3,35,0,0.0,25,ok
2005,6841667,14,keyword,"Find literature on kinetic resolution of racemic cyclic substrates reacting with silyl azide in presence of a chiral metal catalyst bearing an asymmetric tetradentate or tridentate ligand forming rectangular or trigonal geometry, producing stereoisomerically enriched cyclic or azide‑substituted products.",3,40,4,0.14285714285714285,28,failed_constraints
2005,6841667,14,function,Search for methods enabling stereoselective kinetic resolution of chiral cyclic substrates using silyl azides in the presence of metal–ligand complexes with rectangular or trigonal geometries to isolate enantiomerically enriched cyclic or azide products.,1,34,0,0.0,23,ok
2005,6868247,9,summary,"Search for an image‑forming cartridge that includes a holder for developer, a rotating bearing and a feeding roller that deliver developer, a flow‑restricting wall that limits the developer path, and a separate charging element that contacts the supply roller.",2,41,0,0.0,23,ok
2005,6868247,9,keyword,"Search patents for a developer housing with a lower roller receiving toner, an adjoining supplying roller that deposits toner onto the bearing roller while rotating oppositely, a gap‑limiting element controlling toner flow, a charging electrode adjacent to the bearing roller, and a sealing member blocking toner leakage.",2,48,0,0.0,33,ok
2005,6868247,9,function,"search for image forming device that contains a developer reservoir, a developer transfer roller contacting a developer supply roller, a flow‑path limiting structure directing developer from the supply to the transfer roller, and a charging electrode adjacent the transfer roller, all mounted on a rotating carrier.",2,47,0,0.0,30,ok
2005,6869987,20,summary,Search for a sprayable settable coating composition for underground mine walls that utilizes a calcium aluminate‑based cement system with controlled lime and calcium sulfate content capable of water absorption and is enhanced by an aqueous polymer emulsion or dispersible polymer within specified weight ratios.,1,45,0,0.0,30,ok
2005,6869987,20,keyword,"search patents on sprayable mineral‑based coatings for underground mine walls comprising 25–95% calcium aluminate, 0–10% lime, 0–50% calcium sulfate, with total lime and sulfate ≥5% by weight, water‑absorbing to at least its mass, blended with 0.5–10 parts by weight of polymer solids from aqueous emulsion or dispersible form.",3,55,6,0.17142857142857143,35,failed_constraints
2005,6869987,20,function,"Spray‑applied, settable cementitious coating for underground walls comprising calcium‑aluminate binder with lime or calcium sulphate admixtures, capable of absorbing water equal to its own weight, and containing 0.5–10 parts by weight of organic polymer emulsion or dispersible polymer to enhance setting and adhesion.",2,47,0,0.0,31,ok
2005,6851494,32,summary,"A construction machine mounting system with cross‑beamed supports that slide transversely on a central frame, each end fitting a conically tapering shaft into corresponding bores for quick, centering attachment of track housings.",2,33,0,0.0,22,ok
2005,6851494,32,keyword,"Crawler track system for earthmover featuring longitudinal supports joined to a central section via displaceable crossbeams that terminate in conically tapering journals matched to reciprocally shaped bores on the supports, simplifying assembly.",3,32,0,0.0,22,ok
2005,6851494,32,function,"Attachment system for a construction machine that secures crawler supports using removable cross‑beams slidable sideways, each ending in a radially tapered flange that aligns with corresponding bores on supports, enabling quick, self‑centering installation while maintaining load‑bearing alignment.",2,40,0,0.0,30,ok
2005,6950673,4,summary,"Describe a mobile handset that reduces power by using a slow clock to schedule brief listening periods, activating a faster clock only during those periods, then measuring signal strength with an ADC, averaging, comparing to a threshold and adjusting clock duty‑cycle accordingly.",2,43,0,0.0,30,ok
2005,6950673,4,keyword,"mobile handset dual‑frequency clock architecture with low‑frequency wake‑up scheduler, rapid‑clock reception unit, current‑sensing ADC, digital averaging block, comparator vs preset threshold, and control logic selecting clocks during an intermittent reception cycle.",3,36,1,0.03225806451612903,31,failed_constraints
2005,6950673,4,function,"Search for prior art of cellular phone terminals that use dual clock systems with intermittent reception scheduling, analog‑to‑digital conversion of signal variations, averaging, and dynamic control based on measured reception levels to reduce power consumption by suspending high‑speed clock outside active periods.",3,45,2,0.06060606060606061,33,failed_constraints
2005,6960902,1,summary,"Search for a circuit that distinguishes between source and sink currents by switching serial connections of a sensor and load, using timing logic that blanks comparison results, and employs a feedback emulation that shifts control signals to a positive bias, eliminating negative supplies.",2,43,0,0.0,27,ok
2005,6960902,1,keyword,"Search for current‑mode converters controlling source and sink path with a comparator, error amplifier, complementary switch network, timing logic, voltage‑to‑current sensor, DC‑offset emulation, and blanked feedback for serial load isolation.",2,34,0,0.0,25,ok
2005,6960902,1,function,"search for a circuit that distinguishes sourcing from sinking current via complementary switching, where a comparator blanks intermediate results to drive control logic, and a voltage‑emulation block shifts feedback voltage to a positive domain, obviating a negative power rail.",3,40,2,0.07692307692307693,26,failed_constraints
2005,6978995,25,summary,"A dual‑mode mail collector that reconfigures staging surfaces and a retractable conveyor to process letters and flats, switching between a two‑stage horizontal flow for letters and a one‑stage vertical flow for flats by adjusting transport assemblies and surface orientations.",1,42,0,0.0,27,ok
2005,6978995,25,keyword,"Search for a dual‑mode mail processing carrier featuring an adjustable conveyor system, dual primary staging surfaces with integrated transport assemblies, and a third staging module that can be engaged for flat material handling while retracting for letter processing.",2,39,0,0.0,27,ok
2005,6978995,25,function,"adjustable mail collection system converting between handling letters and flats, with multiple staging areas and a variable conveyance path; dual‑mode conveyance device reconfiguring transport assemblies for horizontal letter staging versus flat passing over the first staging area to a third staging surface.",3,43,2,0.06060606060606061,33,failed_constraints
2005,6842962,26,summary,"Search for devices or methods that join layered flat sheets by inserting a fastener while simultaneously compressing or deforming the sheets into a cavity or circular trough in a die, avoiding penetration of the bottom sheet, particularly using ring‑like depressions or clamping arrangements.",1,44,0,0.0,27,ok
2005,6842962,26,keyword,"Rivet insertion apparatus for overlapping planar metal sheets, incorporating a die with a cavity and adjacent annular pocket, where the rivet shank is upset within the cavity, driving sheets out of interfacial planes into the pocket during fastener deployment.",2,39,0,0.0,25,ok
2005,6842962,26,function,"Search for methods or devices that join multiple flat layers by inserting a threaded bolt into a die while simultaneously bending layers into a recessed cavity, ensuring the bottom layer is not pierced by the bolt head, and forming a reinforced composite panel.",2,43,0,0.0,26,ok
2005,6839128,6,summary,"Portable reader that alternates ultraviolet and infrared LED arrays to illuminate hidden fluorescent or IR‑visible codes on documents, then uses a folded optical system and CCD camera to capture and automatically decode the marks.",1,35,0,0.0,23,ok
2005,6839128,6,keyword,"Search for a compact document scanner that uses rapid‑frequency UV LED illumination, a two‑mirror folded optical path, CCD sensor, lens, optical filter, and controller to detect covert UV‑fluorescent machine‑readable indicia on paper.",3,36,0,0.0,27,ok
2005,6839128,6,function,"Search for compact optoelectronic scanners that use UV illumination to make fluorescent covert marks on documents visible, employing LED sources, a mirror‑folded optical path with a focusing lens and filtering element, a CCD sensor to capture, and image processing to extract and display the hidden information.",2,47,0,0.0,31,ok
2005,6871203,6,summary,"Search for methods that permit concurrent editing of data objects by generating per‑thread copies each marked with a distinct tag, allowing multiple processes to modify independent instances, and by dynamically allocating and releasing helper processes to service object requests.",2,40,0,0.0,27,ok
2005,6871203,6,keyword,"Search for multi‑threaded object manipulation systems using per‑request object cloning with unique identifiers and server‑assigned library proxies for concurrent access, distinguishing copies from originals in parallel task execution.",1,31,0,0.0,23,ok
2005,6871203,6,function,"How can a computer system handle concurrent manipulation requests by creating uniquely identified copies of a data object for parallel processing, and how can it allocate temporary handlers for client‑supplied object access requests, ensuring efficient transfer and cleanup?",2,39,0,0.0,28,ok
2005,6847309,10,summary,"An improvement to rotary position transducers employing a magnetic annulus of alternating polarity, introducing irregular sectors with altered spacing and supplemental link elements that balance the field symmetry, thereby eliminating signal inflection during pole transitions.",1,35,0,0.0,25,ok
2005,6847309,10,keyword,"Search for magnetic encoder design featuring an irregular pole configuration in a multipole ring, with variable spacing and magnetic field correction methods, including pole area modification and link pole arrangement to eliminate inflection in the perpendicular magnetic signal.",1,38,0,0.0,26,ok
2005,6847309,10,function,"Search for magnetic ring encoders that compensate irregular pole spacing to produce symmetrical magnetic field signals around a null point, eliminating inflection in perpendicular field components for accurate position sensing.",1,30,0,0.0,22,ok
2005,6852201,21,summary,"Composite sputtering target with a base plate and removable metal plugs whose tailored surface curvature adjusts individual sputtering rates, enabling precise composition control for multi‑metal PVD coatings.",1,28,0,0.0,22,ok
2005,6852201,21,keyword,"PVD deposition apparatus featuring a metallic plate with perforations and insertable plug inserts made of distinct metal alloys, where plug surface curvature is tailored to balance differential sputtering rates for tailored alloy layer composition during ion or gas bombardment.",2,39,0,0.0,28,ok
2005,6852201,21,function,Searching for metal‑coated substrate deposition methods using composite targets with adjustable sputtering rates via plug shape modifications to control multilayer composition.,2,22,0,0.0,17,ok
2005,6969388,13,summary,"A catheter system for varicose vein treatment that inflates surrounding tissue with a tumescent solution to compress the vein, then deploys expandable electrodes to the vein wall to deliver controlled thermal energy guided by impedance and temperature monitoring.",1,38,0,0.0,24,ok
2005,6969388,13,keyword,"catheter-based varicose vein ablation with tumescent fluid, expandable electrode leads, impedance monitoring, temperature-controlled power delivery, non-penetrating inner-wall contact, dual-series expandable leads, and temperature sensor array.",1,30,0,0.0,26,ok
2005,6969388,13,function,"Search for catheter systems that inject tumescent fluid to compress veins and deliver controlled heat via expandable leads apposed to the vein wall, using impedance and temperature feedback for energy regulation and ensuring non‑penetrating vascular sealing.",1,37,0,0.0,26,ok
2005,6920655,33,summary,"Search for a retractable or foldable mat comprising a layered base with integrated resilient slats inside its sidewalls that both reinforce them and provide a spring effect, enabling the mat to automatically transition from a compact folded state to an upright open configuration, possibly including removable pockets or towel attachments.",1,50,0,0.0,31,ok
2005,6920655,33,keyword,"Search for foldable mat having base, sidewalls, inner rim, elastic inserts in walls that provide spring action for automatic roll‑out, waterproof base layer, non‑slip backing, removable pockets with fasteners, and towel mounting fasteners.",2,35,0,0.0,27,ok
2005,6920655,33,function,"search for collapsible floor mats that automatically unfold due to spring‑like flexible slats reinforcing foldable sidewalls, with rim, fasteners, pockets, towel attachment, non‑slip base, and water‑impermeable layers.",1,30,0,0.0,23,ok
2005,6872778,29,summary,"Innovative thermoplastic gasket fabrication method using a closed toroidal mold atop a part junction, injecting a blend of polypropylenes with a dimeric fatty acid–based bonding agent to create an adhesive seal that fuses the gasket to the polypropylene surface.",2,40,0,0.0,26,ok
2005,6872778,29,keyword,"Search for elastomeric compositions for bonded transition fittings on polypropylene components, comprising thermoplastic rubbers, a polyamide-derived dimeric fatty acid component, and isotactic/atactic polypropylene blends in 1:1 to 1:10 ratios, with adhesive agents below 30%.",2,38,0,0.0,25,ok
2005,6872778,29,function,"Search for methods producing a toroidal gasket by injecting thermoplastic rubber with an adhesive into a mold that includes the joint surface, allowing the molded piece to bond directly during cooling, then removing the mold to yield the sealed transition.",2,40,0,0.0,24,ok
2005,6902406,1,summary,"Search for a wall‑socket connector that protects multiple device plugs by mounting a hinged housing of linearly arranged jack sockets, allowing the housing to pivot between 90° and 180° so the cables run parallel to the wall port, reducing strain.",2,41,0,0.0,27,ok
2005,6902406,1,keyword,"hinged protective housing for multiple telephone or computer plugs attached to a wall socket interface, with side‑by‑side jacks electrically wired to the adapter and adjustable from 90° to 180° angles to align cables parallel to the outlet.",2,39,0,0.0,23,ok
2005,6902406,1,function,"search for adjustable angle cable adaptor connecting multiple plugs to single wall socket protecting cables, hingeable housing side‑by‑side jacks from 90° to 180°.",2,25,0,0.0,18,ok
2005,6865943,10,summary,"Search for a gyroscopic sensor using a mass‑attached oscillator in a flexible linkage, Coulomb‑driven oscillation along one axis, and capacitive sensing of lateral displacement to compute Z‑axis angular velocity.",1,32,0,0.0,21,ok
2005,6865943,10,keyword,"Search for coulomb‑actuated gyroscope designs featuring a mass oscillator attached via a compliant flexure to a sensor housing, with fixed electrodes on the housing and movable electrodes on the oscillator, capacitive displacement sensing for Z‑axis angular velocity in a 3‑D coordinate system.",1,45,0,0.0,26,ok
2005,6865943,10,function,"Search for devices that use a suspended mass oscillator connected by a flexible element, with electrode pairs on the mass and casing that generate Coulomb‑driven X‑axis motion and sense Y‑axis displacement capacitively to compute a Z‑axis angular velocity.",1,42,0,0.0,24,ok
2005,6978120,4,summary,"Search for systems where a mobile device gathers real‑time link quality data for multiple base stations and streams periodic reports that partition the data across consecutive packets so that a running set of packets covers all stations, optionally prioritizing strongest links.",1,42,0,0.0,30,ok
2005,6978120,4,keyword,"Locate patents featuring a mobile terminal measuring link quality to numerous radio transceivers and sending successive report packets, each packet carrying metrics for a subset of links, while consecutive packets collectively cover all links.",2,34,0,0.0,26,ok
2005,6978120,4,function,"Periodic transmission of link‑quality reports from a terminal to many transceivers, where each report describes a subset of links and successive reports together cover all links, enabling efficient bandwidth use and adaptive link scheduling.",1,35,0,0.0,24,ok
2005,6909000,16,summary,"Search for peptidomimetic inhibitors featuring a bridged bicyclic P2 unit that block the Hepatitis C virus NS3‑NS4A protease, enabling antiviral treatment.",3,22,3,0.2,15,failed_constraints
2005,6909000,16,keyword,"search for novel peptidomimetic serine protease inhibitors featuring a bicyclic scaffold positioned at the P2 side chain, targeting the hepatitis C virus serine protease, with antiviral therapeutic formulations.",2,28,0,0.0,19,ok
2005,6909000,16,function,"Search for peptidomimetic molecules featuring a bridged bicyclic P2 scaffold that inhibit the viral protease responsible for hepatitis C virus maturation, suitable for antiviral composition or therapeutic use.",2,28,0,0.0,18,ok
2005,6957114,7,summary,"Find prior art for a model‑based allocator that dynamically assigns multiple shared equipment units to concurrent fabrication tasks by monitoring status and logistical metrics, using a mathematical system model to optimize throughput while providing compliance visualization of process execution.",1,40,0,0.0,29,ok
2005,6957114,7,keyword,"Search for resource allocation systems that use monitoring controllers to observe status and logistical data, employ mathematical process models to dynamically assign multifunction resources to concurrent tasks, and display compliance over various time scales in integrated‑circuit manufacturing operations.",3,39,0,0.0,29,ok
2005,6957114,7,function,How is monitoring of status and logistics characteristics employed with a mathematical model to allocate multi‑function fabrication equipment among multiple tasks and showcase compliance across time scales?,1,28,0,0.0,19,ok
2005,6879463,2,summary,"Search for disk drive head slider designs that reduce stiction when the disk reverses by employing stepped head and dummy head protection films adjacent to raised flat‑top air bearing slots, thereby lowering contact resistance and improving fly‑height stability.",1,40,0,0.0,30,ok
2005,6879463,2,keyword,"search for a head slider structure featuring raised parallel air‑bearing surfaces, lower head and dummy‑head steps, orthogonal protection films, designed to minimize stiction during reverse disk rotation in magnetic disk drives.",1,33,0,0.0,26,ok
2005,6879463,2,function,"How can a magnetic head slider with step‑elevated parallel air bearings and a stepped head‑plus‑dummy protection film arrangement reduce adhesion when the disk reverses direction while preserving lift, and what aerodynamic or surface‑charge mechanisms enable this performance?",1,41,0,0.0,29,ok
2005,6976182,6,summary,"Search for integrated circuits that use independent activity‑prediction modules linked to each functional block, enabling or disabling power to that block based on forecasted idle periods from its input or instruction stream, thereby reducing static or dynamic usage.",1,39,0,0.0,26,ok
2005,6976182,6,keyword,"Search for microprocessor designs offering activity‑predictive idle detection that dynamically powers down integer ALU and floating‑point unit using instruction stream monitoring, threshold timing, and power‑gating circuits to curtail static and dynamic consumption.",2,35,0,0.0,27,ok
2005,6976182,6,function,"Search for IC architectures with per‑unit activity‑prediction logic that monitors input/output or instruction streams to dynamically gate power to functional cores, disabling idle units until their next expected work, reducing static and dynamic consumption in processors that separate integer and floating‑point units.",1,46,0,0.0,33,ok
2005,6837936,9,summary,"Search for vacuum‑based semiconductor inspection equipment featuring an internal substrate holder that can be moved and a built‑in gas inlet with regulated, steady inert gas flow to preserve vacuum integrity during substrate handling operations.",1,36,0,0.0,25,ok
2005,6837936,9,keyword,"Search for semiconductor fabrication equipment featuring a vacuum chamber, a substrate‑holding robotic arm, an inert gas inlet with constant flow control, high‑vacuum pump (≥300 L/s, ≤5 kL/s), pressure 133×10⁻⁷–133×10⁻⁴ kPa, and gas flow 0.5–20 cm³/min.",1,47,0,0.0,31,ok
2005,6837936,9,function,"Vacuum chamber system featuring a mechanically driven substrate holder and a constant‑rate inert gas inlet with flow control, enabling precise vacuum maintenance during semiconductor wafer inspection or processing.",3,29,1,0.045454545454545456,22,failed_constraints
2005,6972905,6,summary,"Develops an optical assembly that generates arbitrary complex transfer functions by inserting transmissive elements with tailored amplitude distributions beyond the Fourier plane, enabling versatile monochrome, color, and broadband processing.",3,29,0,0.0,21,ok
2005,6972905,6,keyword,"Optical architecture employing a non‑negative transmission element positioned beyond the Fourier plane to synthesize arbitrary complex‑valued transfer functions for monochromatic, color, and broadband signals, applicable to integrated photonics, astronomical imaging, particle accelerators, and beam steering systems.",2,38,0,0.0,29,ok
2005,6972905,6,function,"Search for optical processing schemes that employ transmissive elements outside the Fourier plane to generate complex‑valued image transformations, enabling sophisticated filtering and computation for imaging, beam acceleration, or astronomical instrumentation.",3,31,1,0.045454545454545456,22,failed_constraints
2005,6930231,34,summary,"Search for a device and method that punches custom guitar picks from credit cards, preserving embedded logos or holograms, using a die-shaped cutting piece and a complementary holding recess to extract the pick.",1,34,0,0.0,21,ok
2005,6930231,34,keyword,"Techniques and apparatus for die‑cutting guitar‑pick shaped fragments from credit‑card‑style polymer cards bearing logos, holographic elements, and holder recesses, using a punch with a die‑blade assembly aligned to the card surface.",2,36,0,0.0,25,ok
2005,6930231,34,function,"Method for fabricating guitar picks from credit or debit card stock using a punch featuring a pick‑shaped die matched to a complementary recess, aligning card logos or holograms to produce personalized pick designs, enabling quick on‑demand cutout of instrument accessories from ID card material.",1,46,0,0.0,32,ok
2005,6912708,6,summary,"A method that installs a lightweight monitoring agent inside a virtual machine to expose its internal variables, capture their current state, and transmit this information to an external host for real‑time analysis of correctness and fault diagnosis.",2,38,0,0.0,22,ok
2005,6912708,6,keyword,"debugging agent for virtual machine that retrieves current variable state with minimal memory footprint and transmits snapshot to host via remote interface, adaptable to platform‑independent runtimes, bytecode interpreters, and managed execution environments",1,33,0,0.0,24,ok
2005,6912708,6,function,"agent inside a cross‑platform virtual runtime that supplies limited functions to read current variable states, then transmits those states to a host for operator analysis of runtime correctness.",2,29,0,0.0,20,ok
2005,6916964,14,summary,"Continuous reduction of α,β‑conjugated carbonyls to unsaturated alcohols using a suspended catalyst in a liquid‑phase reactor equipped with a channel device of 0.5‑20 mm hydraulic diameter, enabling selective conversion (e.g., citral to geraniol/nerol) without over‑hydrogenation.",3,43,0,0.0,26,ok
2005,6916964,14,keyword,"α,β‑unsaturated carbonyl selective hydrogenation to unsaturated alcohols catalysed in a liquid‑phase reactor with suspended catalyst, gas contact, flow through perforated tube, hydraulic diameter 0.5–20 mm, citral/geraniol/nerol.",3,33,1,0.043478260869565216,23,failed_constraints
2005,6916964,14,function,"continuous selective reduction of alpha,beta‑unsaturated ketones/aldehydes to unsaturated alcohols using a liquid‑phase catalyst suspension in a tubular reactor with flow channels of 0.5–20 mm diameter, optionally with a gas phase, producing compounds like geraniol and nerol.",3,42,0,0.0,28,ok
2005,6956059,14,summary,"Search for novel anti‑inflammatory compounds featuring an amino‑acid‑derived residue substituted with carboxylate groups, synthesized by coupling a nervonic‑acid derivative to an amidated carboxylic acid, and their use in treating autoimmune conditions.",1,35,0,0.0,23,ok
2005,6956059,14,keyword,"Locate literature on amino‑acid‑linked compounds with formula (I) where R is H or C₁–C₆ alkyl, X generates an –NH–(X)–COOH motif that may carry pendant carboxyl groups or salts, for use in inflammatory or autoimmune therapy and synthesis from activated nervonic acid.",3,46,0,0.0,24,ok
2005,6956059,14,function,"Search for small molecule therapeutics comprising an amide‑linked amino acid residue substituted on a pendant amine with carboxylate or derivative, used to inhibit inflammatory pathways, and synthesis via reacting a nervonic acid derivative with an amide precursor.",2,38,0,0.0,25,ok
2005,6851083,2,summary,"Look for hierarchical source‑encoding schemes that partition data into significance tiers, assign progressively higher coding rates to more important blocks, decode reliably until the first error, and reconstruct the signal from the correctly decoded portion.",3,36,0,0.0,25,ok
2005,6851083,2,keyword,"Search prior art for a method transmitting digitally encoded signals by partitioning into weighted subcomponents, ordering them hierarchically by significance, variable‑rate channel coding, partial error‑bounded decoding at the receiver, and reconstructing the signal using the correctly decoded segments.",2,40,0,0.0,27,ok
2005,6851083,2,function,"Hierarchically order signal subunits by importance, apply variable‑rate channel coding that increases with significance, decode at the receiver until the first error determined by coding rate, channel conditions or decoding complexity, and reconstruct the signal from the correctly decoded portion.",1,41,0,0.0,27,ok
2005,6897759,1,summary,"Search for a high‑voltage transformer that uses an E‑shaped main core with grooves to host windings, an I‑shaped support core, and a separate insulating member positioned between the cores to reduce insulation steps and lower cost by enabling inexpensive paper use.",3,44,1,0.037037037037037035,27,failed_constraints
2005,6897759,1,keyword,"Search patents describing high‑voltage transformers featuring an E‑shaped core with grooves for inserting electrical components, an I‑shaped support core, and an insulating element placed between cores for primary, secondary, and heater coils, using low‑cost insulating paper.",3,40,4,0.14285714285714285,28,failed_constraints
2005,6897759,1,function,"electric transformer core design featuring an E‑shaped core with winding grooves, an I‑shaped support core, and an intermediate insulating element that shields windings, enabling shortened insulation processing and the use of economical insulating paper to lower manufacturing cost.",2,40,0,0.0,26,ok
2005,6855053,12,summary,"Search for electronic gaming systems that display obscured symbols, allow players to select and reveal hidden symbols, and then randomly assign multiple possible payout amounts to matching groups of revealed symbols shown separately, with a processor coordinating wagering, display, and payout.",1,41,0,0.0,29,ok
2005,6855053,12,keyword,"Search for electronic gaming devices featuring a wager receipt module, a player interface with touch-display screens, a processor executing software logic to conceal and reveal symbol grids, randomly assign prize values to matching groups, and separately present payout figures on the screen.",2,43,0,0.0,30,ok
2005,6855053,12,function,"Gaming device that shows concealed symbols, lets a player select and reveal them to form matching groups, then randomly matches distinct payout values from a set to each group and displays those values separately before awarding the winnings.",1,38,0,0.0,26,ok
2005,6876055,8,summary,"Search patents on semiconductor devices featuring deep and shallow well regions separated by shallow isolation shallower than the deep‑shallow junction depth, with deep isolation passing through the shallow region, shallow wells modulated by voltage terminals, composite boundary isolation allowing small margin at wells.",3,44,1,0.029411764705882353,34,failed_constraints
2005,6876055,8,keyword,"Search for semiconductor embodiments featuring a deep well overlain by a shallow well hosting MOSFETs, incorporating a low‑depth isolation below the shallow–deep junction, a deep isolation penetrating the shallow layer, a composite boundary isolation of deep core with shallow flanks, and a terminal for shallow well biasing.",3,49,0,0.0,33,ok
2005,6876055,8,function,"Search for semiconductor devices having nested conductive wells, where a shallow region lies within a deeper region, field‑effect transistors on the shallow zone, shallow isolation less deep than the deep‑shallow junction, deep isolation penetrating the deep zone, and a voltage‑modulating terminal on the shallow zone.",3,48,1,0.029411764705882353,34,failed_constraints
2005,6928877,10,summary,"Search for micro‑scale weight detection using a high‐amplitude mechanical oscillator, applying low‑frequency excitation, and analyzing frequency shift to infer tiny mass variations under varying humidity in combinatorial laboratories.",2,31,0,0.0,24,ok
2005,6928877,10,keyword,"Search for micro‑balance techniques using a high‑amplitude, low‑stress region of a mechanical resonator such as a tuning fork, where low‑frequency (<1 MHz) excitation and environmental variations (e.g., humidity) let resonant amplitude changes be mapped to micro‑sample mass shifts by coupled electronics.",3,47,1,0.03225806451612903,31,failed_constraints
2005,6928877,10,function,"Search for devices that use tuning‑fork resonators to detect very small mass variations by monitoring amplitude or frequency shifts in low‑stress, high‑amplitude regions, especially under environmental conditions such as humidity, for microbalance measurement.",3,36,1,0.038461538461538464,26,failed_constraints
2005,6932084,13,summary,"Search for devices that dynamically adjust CPAP or BiPAP pressure during breathing cycles based on real‑time flow sensing, applying variable gains for inspiration and expiration to counter airway collapse, optionally adding base or elevated pressure profiles, with automated leak correction.",1,41,0,0.0,30,ok
2005,6932084,13,keyword,"search for patent documents describing a blower‑driven gas delivery system to a patient airway with a conduit, flow sensor, and pressure controller that modulates inspiratory and expiratory pressures using selectable gains, including CPAP or bi‑level CPAP, with leak compensation and automatic adjustment based on real‑time flow measurement.",3,50,1,0.02857142857142857,35,failed_constraints
2005,6932084,13,function,"Search for devices that dynamically adjust inspiratory and expiratory airway pressure using flow‑dependent gain factors in CPAP or BiPAP systems, monitoring flow with sensors, providing automated leak compensation, and enabling pressure modulation to counter airway collapse.",2,37,0,0.0,27,ok
2005,6949542,14,summary,"Search for novel small‑molecule benzodiazepinone analogs bearing heteroaromatic six‑membered rings, capable of modulating central nervous system targets, and evaluated as therapeutics for schizophrenia, psychosis, or other chronic neurological conditions.",1,31,0,0.0,23,ok
2005,6949542,14,keyword,"search for 1,4‑diazepine derivatives bearing a six‑membered aromatic heterocycle with one to three nitrogens or pyridine‑N‑oxide, where substituents include halogen, alkyl, alkoxy, cyano, or heteroaryl groups on R1, R2 and R3; application in schizophrenia or psychosis therapy.",3,42,2,0.07692307692307693,26,failed_constraints
2005,6949542,14,function,"Search for 2‑one diazepine analogs bearing heteroaryl, cyano, halogen, or alkoxy substitutions used as antipsychotic or anti‑schizophrenic agents, especially compounds with ethynyl or single bonds at the ring junction, and their synthetic routes involving protection/deprotection and cyclization.",1,40,0,0.0,26,ok
2005,6942710,23,summary,"Search for an air vent system with a hinged metallic grill that snaps onto a single‑piece housing, using perpendicular filter supports positioned away from the filter edges to secure and release a filter for easy replacement, improving airflow efficiency.",2,40,0,0.0,26,ok
2005,6942710,23,keyword,"Search for an air‑vent filtering apparatus featuring a four‑sided plastic housing with hinge‑mounted grill, snap‑fit bezel, and multiple filter supports that engage and disengage the filter for quick removal, while improving airflow efficiency.",2,37,0,0.0,26,ok
2005,6942710,23,function,Search for vent assemblies with hinged plastic grills that snap into vent housings and use internal support arms to engage the middle of a sliding filter for easy removal while maintaining efficient airflow.,1,33,0,0.0,21,ok
2005,6848196,23,summary,Search for freeze‑drying control systems that use spectroscopic analysis of light interacting with cryo‑samples to non‑intrusively measure temperature and residual solvent content during sublimation.,1,27,0,0.0,19,ok
2005,6848196,23,keyword,"Search for patent literature on spectroscopic monitoring of lyophilization involving sample exposure to input radiation, collection of emitted radiation by a detector, feeding into a spectrometer to calculate temperature, solvent content, or microstructure changes.",2,34,0,0.0,21,ok
2005,6848196,23,function,"Use spectroscopic analysis of emitted radiation from a freeze‑drying chamber to determine temperature, moisture loss, and material structure throughout the process.",2,22,0,0.0,14,ok
2005,6890022,32,summary,"Search for a vehicular roof system where sliding panels and a rear window retract into an interior storage compartment via side rails, featuring a continuous seal along the header and rails for weatherproofing.",1,33,0,0.0,20,ok
2005,6890022,32,keyword,"automotive sliding roof panels on side rails, retractable rear window, storage compartment cover, continuous weather seal along header and rails, panel motion from closed to compartment position, back window sliding within roof cavity.",3,33,1,0.037037037037037035,27,failed_constraints
2005,6890022,32,function,"Search for automotive vehicles that provide slidable roof panels and back windows retracting into a storage compartment below a cover via side rails, featuring continuous seals along header and rails for weather protection, enabling a streamlined open/closed configuration.",3,39,0,0.0,28,ok
2005,6900105,8,summary,"Search for semiconductor device fabrication techniques that use trench‑etched structures within an epitaxial layer, incorporating buried oxide and nitride layers, to create a bipolar transistor with dual base enhancement from polysilicon diffusion, aiming for low junction capacitance and low base resistance.",3,42,1,0.03333333333333333,30,failed_constraints
2005,6900105,8,keyword,"Search for semiconductor fabrication techniques employing oxide‑filled trenches in epitaxial layers, nitride masking, trench etching, dielectric refilling, and polysilicon dopant diffusion during annealing to create base enhancement in bipolar transistors.",3,31,0,0.0,24,ok
2005,6900105,8,function,"Search prior art for manufacturing bipolar transistors with trench-enabled base enhancement, where etching through nitride/oxide layers creates trenches, dielectric is filled and recessed, and polysilicon dopant source diffuses during anneal to form symmetrical base regions, lowering junction capacitance and base resistance.",1,43,0,0.0,33,ok
2005,6972173,15,summary,"Sequencing nucleic acids by cleaving labeled nucleotides linked to nanomaterials and detecting them with Raman methods, enabling real‑time identification of released bases without traditional fluorescence.",2,26,0,0.0,18,ok
2005,6972173,15,keyword,"Search prior art on nucleotide sequencing using Raman spectroscopy with nucleotides linked to silver or gold nanoparticles via reactive crosslinkers such as azide or epoxide, followed by exonuclease‑mediated release and microfluidic separation for single‑base identification.",3,37,2,0.07692307692307693,26,failed_constraints
2005,6972173,15,function,"methods enabling nucleotide sequencing via Raman detection of nucleotides linked to metal nanoparticles or directly labeled, including enzymatic release, microfluidic separation, and spectral identification to deduce sequence.",2,27,0,0.0,20,ok
2005,6870826,3,summary,"An OFDM/CDMA multipath system that dynamically rearranges spread data over frequency‑time grids, adjusts the grid ratio per channel conditions, and reorders groups in regular and random patterns to improve spectral efficiency and resilience, with receiver reconstruction by de‑spreading and demodulation.",2,43,0,0.0,30,ok
2005,6870826,3,keyword,"Investigate patent literature on multicarrier OFDM/CDMA systems employing a transmitter with an S/P converter that maps spread data onto a frequency–time grid, subsequently organizing the modulated symbols in a regular pattern, and a receiver that demodulates and reconstructs the data array.",2,44,0,0.0,26,ok
2005,6870826,3,function,"Search for prior art on techniques that rearrange spread OFDM/CDMA signals across frequency and time dimensions, then regularize or randomize grouping before transmission, enabling adaptive allocation based on channel conditions.",3,31,0,0.0,23,ok
2005,6839754,4,summary,"Query for prior art on a unicast probe technique that sends time‑separated packet bursts to multiple destinations, logs per‑receiver receipt data to infer per‑link loss, delay distributions, and PMFs along a tree topology, using lightweight estimation algorithms that eliminate correlated delay patterns.",2,45,0,0.0,34,ok
2005,6839754,4,keyword,"search for methods that send clustered unicast probes with inter‑packet timing constraints, collect per‑receiver receipt logs, reconstruct tree topology, and apply efficient statistical estimation to evaluate node‑to‑node loss and delay characteristics in multi‑destination networks.",2,39,0,0.0,29,ok
2005,6839754,4,function,"Search for methods enabling internal network link loss, delay, and probability distribution estimation through groups of tightly spaced unicast probe packets, separated by short intra‑group intervals and longer inter‑group delays, with receipt data from multiple receivers used to compute link‑level performance metrics.",1,45,0,0.0,35,ok
2005,6945957,13,summary,"Catheter with an inflatable balloon and integrated forward‑flow valve that creates containment pockets in a biological passage, allowing delivery of therapeutic fluid while permitting native fluid to pass through the balloon in the physiological direction and preventing back‑flow.",1,40,0,0.0,26,ok
2005,6945957,13,keyword,"catheter with distal inflatable toroidal balloon assembly, valve inside the balloon, flow passage through balloon permitting unidirectional passage of native biological fluid while preventing retrograde flow, containment pockets created by balloon contact with vessel wall, inflation via peripheral lumen, therapeutic fluid retention.",2,42,0,0.0,35,ok
2005,6945957,13,function,"catheter with distal inflatable balloon creating containment pockets, allowing passage fluid to flow through a flow lumen while a valve permits forward flow and prevents reverse flow, enabling localized therapeutic fluid delivery into the pockets.",3,35,3,0.11538461538461539,26,failed_constraints
2005,6885028,9,summary,"An active‑matrix display substrate featuring integrated transistor arrays built from alternating conductor and functional wires, each comprising core, metal, insulating, and semiconductor layers, whereby crossing wires form ohmic contacts creating channel zones, thus enabling more compact, high‑density pixel control while simplifying fabrication.",2,44,0,0.0,38,ok
2005,6885028,9,keyword,"Search for thin‑film transistor arrays featuring alternating conductor and function line groups with core‑covered conductive layers, insulated semiconductor layers, ohmic contact defining crossings, pixel electrode connections, and active‑matrix display substrates with counter‑substrate sandwiching.",1,37,0,0.0,30,ok
2005,6885028,9,function,"Search for prior art on integrated transistor arrays where conductor and function lines cross to form ohmic contacts and channel regions, enabling active‑matrix displays with pixel electrodes, and jig assemblies arranging fine wires for crossing contacts under tension.",1,39,0,0.0,28,ok
2005,6926367,32,summary,"Search for automotive seat designs incorporating a seat belt status sensor that activates a partial seat deformation mechanism during vehicle operation when the belt is unfastened, retracting the deformation upon belt fastening.",1,32,0,0.0,22,ok
2005,6926367,32,keyword,"car seat system featuring electronically monitored seat‑belt buckle status, ignition‑activated partial deformation of headrest, seatback, and cushion via movable actuated element for dynamic occupant restraint and safety optimization.",1,30,0,0.0,24,ok
2005,6926367,32,function,"A vehicle seat system that senses whether the seat harness is fastened and automatically engages a partial deformation of the seat back, cushion, or headrest during engine start when the harness is unfastened, reverting to original geometry once fastened.",2,39,0,0.0,24,ok
2005,6839510,9,summary,"lens‑attached film camera with a detachable flash case that houses the bulb, charging capacitor, and circuitry, and utilizes external contacts plus a sync switch to permit capacitor discharge exclusively when the case is coupled during exposure.",1,37,0,0.0,24,ok
2005,6839510,9,keyword,"Removable flash assembly for a lens‑attached camera unit with integrated battery, sync switch, trigger line, external power and return contacts, a high‑voltage discharge capacitor, flash emitter, sealed flash housing, and electrical interconnects for on‑camera pre‑exposure charging.",3,40,2,0.06666666666666667,30,failed_constraints
2005,6839510,9,function,"A lens‑mounted film camera with a detachable flash unit that pre‑charges a stored capacitor from the camera battery, triggers flash emitter discharge through a sync switch only when the flash case is attached, enabling controlled exposure lighting.",1,39,0,0.0,26,ok
2005,6888012,14,summary,Search for catalytic asymmetric hydrogenation of α‑haloketones using cyclopentadienyl‑based group 9 metal complexes with chiral diamine ligands to produce chiral β‑halohydrin derivatives.,3,25,0,0.0,16,ok
2005,6888012,14,keyword,"Search for enantioselective catalytic reduction of α‑haloketones using a group 9 cyclopentadienyl metal complex and a chiral diamine ligand with base, yielding chiral halo‑alcohols bearing alkyl/aryl substituents and protected amino or hydroxyl functionalities.",2,36,0,0.0,24,ok
2005,6888012,14,function,"Search for asymmetric hydrogen transfer reduction of α‑haloketones using a cyclopentadienyl group 9 metal catalyst with an optically active diamine ligand, optionally base, to generate optically active halohydrin products.",3,30,4,0.2,20,failed_constraints
2005,6849477,8,summary,"Search for flip‑chip fabrication method that uses a low‑pressure argon–hydrogen gas mixture plasma to melt and cure solder contacts without external heating, reducing safety hazards while forming interconnects from seed layers and under‑bump metallization.",2,38,0,0.0,29,ok
2005,6849477,8,keyword,"Search for flip chip fabrication and mounting methods employing argon–hydrogen plasma‑assisted reflow of solder bumps, involving plating seed layers, under bump metallurgy, photoresist patterning, controlled chamber pressure, mixed gas ratios, low‑power plasma exposure, and environmental safety features.",3,40,4,0.11764705882352941,34,failed_constraints
2005,6849477,8,function,"Search for methods that use a low‑temperature, environmentally safe plasma to cure solder connections on flip‑chip assemblies, employing an inert gas with a small hydrogen percentage, low chamber pressure, moderate power, and short exposure times without auxiliary heaters.",2,40,0,0.0,29,ok
2005,6839824,2,summary,"Search for a partition‑based automated data library featuring unique logical units per partition, with dedicated transfer devices and storage bays, a shared transport mechanism, and a controller that maps internal identifiers to external ones while preventing media exchange between partitions.",2,41,0,0.0,30,ok
2005,6839824,2,keyword,"search for partitioned SAN libraries featuring distinct partitions, each with unique internal element addresses, data transfer subsystems, storage slots, shared media transport units, a controller assigning logical unit numbers, mapping internal to external addresses, and restricting media movement within partitions",3,40,3,0.09090909090909091,33,failed_constraints
2005,6839824,2,function,"Search for partitioned media libraries with separate logical units, internal element addressing, external mapping, and controlled media transport between defined slots and transfer elements, ensuring isolation of partitions.",3,28,0,0.0,21,ok
2005,6845042,6,summary,"Search nonvolatile memory devices that combine column‑aligned floating‑gate cells with adjacent first‑stage select transistors, using equal‑width word lines and select gate lines to improve layout density and access performance.",1,33,0,0.0,26,ok
2005,6845042,6,keyword,"Search for nonvolatile memory arrays using column‑oriented cell transistors with charge storage layers, adjacent per‑line first‑select transistors, equal‑width word and select gate lines, and integrated logic control on an IC card.",3,35,2,0.07407407407407407,27,failed_constraints
2005,6845042,6,function,"Search for nonvolatile memory architecture featuring column‑aligned charge‑storage cells accessed by row‑direction word lines, column‑aligned first‑selection transistors adjacent to each cell, where the selection transistors are gated by a line having identical width to the word lines, enabling compact, high‑density memory on card.",2,49,0,0.0,36,ok
2005,6895345,13,summary,Portable host PCMCIA system for programming hearing devices and generating real‑ear test signals to assess patient response via dedicated microprocessor cards.,3,22,0,0.0,17,ok
2005,6895345,13,keyword,"Search for systems using a PCMCIA module within a handheld host that controls a hearing aid via microprocessor, downloads analysis firmware, and incorporates a real‑ear or audiometer card for voltage/impedance tuning and auditory response testing.",2,37,0,0.0,25,ok
2005,6895345,13,function,Portable host computer with embedded card that programs a hearing aid via microprocessor‑controlled communication and simultaneously generates test signals through a second card to evaluate auditory response using real‑ear or audiometer techniques.,3,34,2,0.08,25,failed_constraints
2005,6922522,10,summary,"A calibration system for heat‑treatment equipment that uses comparative film‑thickness data from matched processes to derive temperature offsets, adjusting estimators so that each machine’s temperature readings align with true wafer temperatures.",3,34,0,0.0,24,ok
2005,6922522,10,keyword,"Search for patents on wafer heat‑treatment systems featuring a controller with a temperature estimator and calibrator that references an offset table derived from film‑thickness comparisons across twin processing vessels; includes thermal sensor signal analysis, true‑temperature adjustment, and offset calculation for inter‑apparatus calibration.",1,46,0,0.0,33,ok
2005,6922522,10,function,"Find prior art for wafer heating systems that use dual temperature sensors and an offset table derived from film‑thickness comparisons between a calibrated reference and a target unit, enabling precise temperature estimation after calibration with a second system.",2,39,0,0.0,27,ok
2005,6956711,2,summary,How can servo accuracy of a disc drive be enhanced by incorporating a feedforward controller that updates harmonic components at sub‑sector sampling intervals to correct repeated track run‑out?,1,30,0,0.0,20,ok
2005,6956711,2,keyword,search prior art describing magnetic recording servo control that employs a feedforward path comprising multiple harmonics and refreshes those harmonics at a period tied to the track‑sampling cadence to reduce repeatable runout.,2,33,0,0.0,23,ok
2005,6956711,2,function,Search for servo tracking systems employing a feedforward correction stream that refreshes its harmonic terms at a fraction of the sector sampling cadence to mitigate repeatable runout in spinning media data drives.,3,32,0,0.0,20,ok
2005,6887274,13,summary,"Search for spinal intervertebral spacer innovations that use variable‑stiffness radial grooves in spring washers between opposing plates to counter compressive loads, potentially incorporating rotational mounting for load sharing.",2,29,0,0.0,22,ok
2005,6887274,13,keyword,"intervertebral spacer with opposing plate members and a cylindrical post mounting a spherical head, incorporating a single belleville spring washer featuring radially offset concentric grooves whose depths and widths taper along the length to counter compressive loads.",3,37,0,0.0,27,ok
2005,6887274,13,function,Search for spinal spacer implants featuring paired plates separated by bell‑valve type spring washers with variable groove geometry to deliver adjustable radial stiffness and load‑distributing compression across intervertebral spaces.,2,31,0,0.0,24,ok
2005,6930386,8,summary,"Shock‑resistant mounting of high‑power semiconductors featuring a T‑shaped metal heat sink that locks into a perforated insulating board while maintaining excellent thermal and electrical pathways through soldered contacts, enabling reliable operation under extreme mechanical and electrical transients.",3,40,0,0.0,30,ok
2005,6930386,8,keyword,"Search for copper T-shaped thermal dissipator with integrated arms, bonded to a high‑G‑force insulated PCB having metallic film traces and a recessed saddle, designed for shock‑tolerant semiconductor packaging and low‑inductance soldered interfaces.",3,37,0,0.0,25,ok
2005,6930386,8,function,"Searching for rugged semiconductor mounting solutions that integrate conductive heat dissipation structures with shock‑absorbing PCB apertures, employing conductive interconnects to ensure robust electrical coupling while preserving high heat transfer under extreme G‑force and physical load conditions.",2,38,0,0.0,30,ok
2005,6937448,2,summary,How to improve thin‑film spin‑valve magnetic heads using a CuOx spacer layer (16‑20 Å) with controlled‑strength negative coupling (−5 to −15 Oe) by plasma‑smoothing the pinned layer surface in an Ar/O₂ plasma before deposition?,1,40,0,0.0,27,ok
2005,6937448,2,keyword,"Search for hard disk drive magnetic heads with spin‑valve sensors comprising pinned CoFe/Ru/CoFe laminated layers, CuO x spacers 16–20 Å thickness, free CoFe/NiFe laminated layers, and magnetic coupling −5 to −15 Oe.",3,37,4,0.14285714285714285,28,failed_constraints
2005,6937448,2,function,search prior art on read heads featuring spin valve sensors where the pinned magnetic layer is plasma‑smoothened in an argon/oxygen mixture and separated from the free layer by a 1.6–2.0 nm CuOx spacer producing a coupling field of –5 to –15 Oe.,3,47,2,0.07692307692307693,26,failed_constraints
2005,6860101,24,summary,"Search for an exhaust management system featuring a NOx catalyst that adsorbs nitrogen oxides under lean conditions and releases them during richer combustion, employing area‑wise and aggregate absorption calculations to trigger a reducing agent injection when oxidation conditions shift.",2,40,0,0.0,28,ok
2005,6860101,24,keyword,"system for NOx reduction in internal combustion engine exhaust, featuring a multi-zone catalyst array, lean-phase NOx absorbent unit, rich-phase selective catalytic reduction, real-time NOx flux calculation per catalyst zone, and integrated rich spike control logic based on cumulative NOx load.",2,44,0,0.0,37,ok
2005,6860101,24,function,"An exhaust gas treatment system that measures the NOx stored within each zone of a multi‑section catalyst, aggregates those measurements to determine total stored NOx, and initiates a reducing‑agent injection during fuel‑rich operating periods to regenerate the catalyst.",3,41,0,0.0,29,ok
2005,6857820,32,summary,"Search patents for a scuba back plate with independently adjustable shoulder and waist straps that self‑fasten via multiple through‑slots, enabling single or double tank setups without adapters and allowing permanent accessory attachment.",3,34,2,0.08,25,failed_constraints
2005,6857820,32,keyword,"Search patent prior art for SCUBA back plate featuring independent shoulder and waist straps, self‑fastening throughslots, adaptable to single or double cylinder configurations without adapters, allowing permanent attachment of accessories, with adjustable removable straps.",3,35,3,0.1111111111111111,27,failed_constraints
2005,6857820,32,function,"Search for SCUBA back plates providing independent, self-fastening upper and lower straps with through slots enabling single or double tank use without adapters, allowing adjustable, removable accessory attachment.",2,29,0,0.0,23,ok
2005,6865745,2,summary,"An optical disc that mitigates warping from clamping‑area shrinkage by covering part of the rim with shallow protrusions, using less than 5% additional material to raise clamping thickness approximately equal to the disc thickness.",1,35,0,0.0,22,ok
2005,6865745,2,keyword,"Search patents for transparent optical disc with concentric clamp region where a shallow protrusion elevates clamping thickness, using less than 5% of the clamp material, protrusion height matching overall disc thickness, data pits on peripheral surface.",1,36,0,0.0,26,ok
2005,6865745,2,function,Search for optical storage media that use partial protrusions in the clamp zone to mimic increased clamping thickness while keeping added material under 5% to mitigate warping from shrinkage.,1,29,0,0.0,19,ok
2005,6839976,26,summary,"An adjustable bicycle mounting stand on a tabletop with sliding blocks and a pivoting arm that engages the crankshaft recess, enabling precise measurement of key bicycle dimensions during manufacturing or repair.",1,31,0,0.0,19,ok
2005,6839976,26,keyword,"Search for a bicycle fabrication jig comprising a tabletop platform with multiple adjustable sliding carriers, a pivoting arm armature attached to a sliding block, and a measurement system engaging the crankshaft’s recess to precisely gauge bike geometry, including handlebar attachment and fork mounting.",2,44,0,0.0,29,ok
2005,6839976,26,function,"Search for a bicycle manufacturing jig with a table, movable supports for frame, fork and crank, plus a sliding‑arm measurement system that contacts the crankshaft recess to gauge dimensions.",1,30,0,0.0,18,ok
2005,6862966,26,summary,Search for a metal cutting insert featuring alternating elliptical grooves on each side designed to cut and deburr sheet metal edges with a 7° relief angle and symmetrical placement around the insert perimeter.,3,33,0,0.0,21,ok
2005,6862966,26,keyword,"elliptical dual‑sided cutting insert with alternating channel orientations, 7° relief angle, designed to eliminate burrs, suitable for sheet metal deburring tool, includes non‑cutting flats between channels, mounted on stationary arm within square cavity, searching for similar geometries in metal cutting tool patents.",3,44,2,0.05714285714285714,35,failed_constraints
2005,6862966,26,function,"elliptical dual-direction channels on a square insert used in a stationary arm for cutting sheet-metal edges while preventing burrs, with a 7° relief angle for improved edge precision.",3,30,0,0.0,19,ok
2005,6935237,28,summary,"Lithographic plate‑maker with automatic interleaf removal and downstream light‑sensing unit for detecting remaining interleaf paper and distinguishing between interleaf, light‑sensitive plate, and dummy plate on aluminum substrate with dissolvable resin layer.",1,34,0,0.0,25,ok
2005,6935237,28,keyword,"Search for plate‑making apparatuses or methods incorporating automated interleaf removal, downstream sensor‑light detection for residual paper, discrimination of photoactive plates versus dummy templates, and use of aluminum substrates with hydrophilic light‑insensitive resin layers that swell or dissolve in alkaline solutions.",3,43,2,0.06451612903225806,31,failed_constraints
2005,6935237,28,function,"Search for systems that use light sensing after automatic removal to detect residual paper layers on photosensitive or dummy lithographic plates, enabling reliable plate development by distinguishing paper from plate material.",3,31,0,0.0,22,ok
2005,6958597,12,summary,"Voltage reference circuit that combines sub‑threshold MOS currents of opposing temperature coefficients, a fine‑tuning element for the negative‑coefficient path, and current‑mirror summing to yield a temperature‑stable output; search for similar PMOS/NMOS arrangements and resistor‑controlled gates.",1,42,0,0.0,30,ok
2005,6958597,12,keyword,"Voltage reference circuit employing MOS devices in sub‑threshold, comprising a temperature‑increasing bias network, a temperature‑decreasing bias network, an adjustable bias element for shifting the decreasing network output, and a summing stage that converts the bidirectional bias currents into a temperature‑stable voltage.",2,45,0,0.0,31,ok
2005,6958597,12,function,"Search for integrated circuits that use positive and negative temperature coefficient current sources in sub‑threshold MOS transistors to generate a voltage that compensates for ambient temperature changes, with fine‑tuning modules and current mirrors.",3,35,3,0.13043478260869565,23,failed_constraints
2005,6916982,19,summary,"Search for polymeric electrode‑integrated photon absorbers comprising a charge‑separation unit linked to chromophoric perylene‑imide groups, enabling high‑efficiency solar cells with transparent electrodes and organic solvent formulations.",2,30,0,0.0,23,ok
2005,6916982,19,keyword,"Search patents for polymeric light‑harvesting assemblies with perylene bisimide chromophores tethered to donor units, polymer layers on transparent electrodes in dye‑sensitized or perovskite solar cells, using apolar organic solvents for rod deposition.",2,34,0,0.0,25,ok
2005,6916982,19,function,"Search for polymeric light‑harvesting assemblies with perylene bisimide chromophores linked to charge‑separation units, enabling electrode‑coupled arrays for efficient solar energy conversion and integration into photovoltaic cells and electrical devices.",2,32,0,0.0,23,ok
2005,6844745,10,summary,"Develop a probe that measures real‑time engine lubricant condition by exciting electrodes at dual frequencies, calculating bulk and surface impedance differences, and correlating their rate of change with key lubricant constituents to predict remaining service duration.",2,37,0,0.0,25,ok
2005,6844745,10,keyword,"Search for articles on real-time engine oil monitoring using a dual-frequency electrode probe calculating impedance difference and its derivative, correlating with P–O–C, P=S, ZDDP, TBN, CaCO3, and predicting future lubricant service interval.",2,37,0,0.0,23,ok
2005,6844745,10,function,"How to measure engine oil condition in real time by exciting a dual‑frequency probe, calculating impedance differences, tracking their rate of change, and mapping those values to phosphorous, sulfur, ZDDP and base‑number tables to forecast lubricant depletion.",2,39,0,0.0,27,ok
2005,6891451,5,summary,"SAW filter on piezoelectric substrate comprising multiple IDT arrays with distinct reflector configurations; reflectors vary in finger count, pitch, duty or thickness to produce 180° out‑of‑phase transmission, enabling conversion between balanced and unbalanced signals for advanced filtering.",3,39,3,0.10344827586206896,29,failed_constraints
2005,6891451,5,keyword,"Search for surface acoustic wave filter on piezoelectric substrate featuring interdigital transducers flanked by dual reflectors with differing electrode finger parameters, balanced-to-unbalanced conversion, and opposing transmission phase characteristics in cascaded SAW devices.",3,34,4,0.16,25,failed_constraints
2005,6891451,5,function,"Look for patents describing multi‑stage surface acoustic wave filters on piezoelectric substrates that use differing reflector geometries to achieve phase‑shifted or complementary transfer functions, enabling balanced‑to‑unbalanced signal conversion or 180° phase differences between cascaded units.",3,39,2,0.06666666666666667,30,failed_constraints
2005,6928056,4,summary,"Search for a system that inserts known-pattern error-detecting cells into split data frames sent over several low-rate links, then recombines and checks these cells at the receiver for errors, selecting link rates based on the link count and data characteristics.",2,43,0,0.0,30,ok
2005,6928056,4,keyword,"Search for patents describing a system that performs inverse multiplexing of a high‑bandwidth data stream onto several low‑bandwidth links, inserts known‑pattern detection cells into each transmitted frame, and analyzes those cells at a receiving unit to detect errors while training the links to optimal rates.",3,48,4,0.11764705882352941,34,failed_constraints
2005,6928056,4,function,"Search for systems or methods that insert known detection patterns into transmitted frames over multiple low‑bandwidth links for inverse multiplexing, then analyze received detection cells at a second location to detect errors while selecting link rates based on data load and link characteristics.",3,44,4,0.125,32,failed_constraints
2005,6931877,33,summary,"A refrigerated open display unit creates a protective air curtain over its open top by guiding cool air from an inner plate with bent, inclined sections, ensuring temperature containment while forming a commodity‑holding wall.",1,35,0,0.0,25,ok
2005,6931877,33,keyword,"open-display refrigeration cabinet with internal partition plate forming an air channel, integrated cooler, and air curtain created by cooled airflow across the top surface; plate features bent, slightly inclined venturi sections on suction and discharge sides, insulated downstream of discharge bend, improving product cooling and airflow",3,47,0,0.0,36,ok
2005,6931877,33,function,"Search for retail display cases that employ a suspended inner plate creating an air passage, where chilled air is directed from one side of the top to the other to form a sealed curtain, and the plate has inclined, bent sections on suction and discharge sides possibly insulated.",1,48,0,0.0,28,ok
2005,6907329,12,summary,"Method and apparatus for remotely enabling or disabling multiple decentralized control modules from a central processor over a dedicated wired link, where the central unit dispatches activation or shutdown commands to selected modules to enter low‑power operation.",1,38,0,0.0,25,ok
2005,6907329,12,keyword,"How to use a central controller microprocessor to transmit enable/disable signals over a dedicated serial link to multiple distributed nodes via an interface module, enabling low‑power operation.",2,29,0,0.0,21,ok
2005,6907329,12,function,"Search for systems that use a central controller to send low‑power mode instructions over wired point‑to‑point links to distributed control units, enabling selective power‑saving operations on those units.",3,32,2,0.08695652173913043,23,failed_constraints
2005,6936565,23,summary,"Investigate catalysts comprising 1–100 nm diameter, high aspect ratio nanowires or carbon nanotubes coated with transition‑metal carbides or oxycarbides, assembled into rigid porous frameworks where acid sites are inserted into interstitial voids, generated via acid‑treatment or acid incorporation.",1,41,0,0.0,30,ok
2005,6936565,23,keyword,"Search for catalytic materials comprising carbon nanotube, carbide and oxycarbide nanorods with uniform 1–100 nm diameter and >5 length‑to‑diameter ratio, acid‑treated, containing transition, rare earth or actinide compounds, forming rigid porous supports with solid acid interstices, high‑temperature ammonia desorption.",3,44,1,0.030303030303030304,33,failed_constraints
2005,6936565,23,function,"Search for catalyst systems that employ acid‑treated carbon nanotube or carbide nanorod networks bearing transition‑metal carbides or oxycarbides, forming rigid porous frameworks containing solid acids and enabling fluid‑phase reactions.",1,32,0,0.0,25,ok
2005,6882577,6,summary,"Search: integrated circuit featuring co‑located on‑chip and off‑chip nonvolatile memories, where an internal pumping circuit generates programming voltages for the on‑chip memory while an external supply reprograms the off‑chip memory.",2,35,0,0.0,24,ok
2005,6882577,6,keyword,"Search for integrated circuits combining an internal control logic, off‑chip programmable flash that requires an external bias supply, an on‑chip programmable flash enabled by an on‑chip voltage pump, along with a local volatile memory and I/O interface.",3,41,0,0.0,24,ok
2005,6882577,6,function,"Search for integrated circuits where a control module handles both an internal-memory that receives on-chip generated high‑voltage programming signals and an external-memory that is programmed only via outside power, utilizing a built‑in voltage pump to enable self‑programming of on‑chip data storage.",2,48,0,0.0,31,ok
2005,6943691,12,summary,"Search for a tamper‑evident device that attaches to the mounting bracket of a smoke detector; the device uses a flat bracket with a vertical and angled leg that engages the cover, and adhesive that irreversibly signals cover removal or tampering.",2,41,0,0.0,22,ok
2005,6943691,12,keyword,"Search for tamper‑deterrent kits for smoke detector base plates featuring planar flanges with vertical side walls, horizontal relief arms, and bendable legs that attach to detector covers, using irreversible adhesive or tape to signal cover removal.",1,37,0,0.0,27,ok
2005,6943691,12,function,"Search for tamper‑indicating devices for smoke detectors featuring planar adapter flanges that sandwich a base plate, attach via side extensions to the cover, and leave an irreversible tampering mark when the cover is opened.",1,35,0,0.0,22,ok
2005,6961450,6,summary,"hand biometric identification system detecting living presence on sensor surface, capturing geometry map of finger skin, encoding as unique ID, synchronizing across linked terminals via network, then comparing and granting access upon verification.",1,33,0,0.0,27,ok
2005,6961450,6,keyword,"Hand‑based biometric identification system featuring a live‑sensing touch surface with parallel‑beam illumination, photo‑cell scanner for geometric feature extraction, code conversion to a unique ID, synchronized dual‑device databases via networking, display of matched identity and issuance of an access control signal.",2,45,0,0.0,34,ok
2005,6961450,6,function,"hand‑based biometric authentication system that detects vital signs on a touch surface, scans finger geometry, converts measurements to a unique code, stores and synchronizes user data across connected terminals via telecom, and grants access upon code match, displaying profile on local monitor.",1,43,0,0.0,33,ok
2005,6979988,1,summary,"Search for electronic regulators that use a two‑mode approach to estimate output duty cycle—one mode deriving it from prior cycles, the other from accumulated error—paired with a dynamic selector that picks the mode based on predetermined criteria.",1,40,0,0.0,25,ok
2005,6979988,1,keyword,"output regulator nominal cycle determination employing dual modes—one integrating prior cycle data, the other based on accumulated error—controlled by an adaptive selection logic responsive to regulation criteria.",3,29,0,0.0,22,ok
2005,6979988,1,function,"Devices or systems implementing a duty‑cycle estimation for PWM output regulation that use multiple adaptive modes—one deriving nominal duty from prior cycle history, another from accumulated error—and a selector that chooses the mode based on real‑time criteria.",1,41,0,0.0,28,ok
2005,6871006,2,summary,"Search for methods that simplify video key frames by discarding frequency data to create lower‑resolution navigation streams, storing these with original files and indexing them for accelerated forward and reverse playback in encoded media.",2,35,0,0.0,23,ok
2005,6871006,2,keyword,"Search patents describing the processing of high‑quality MPEG video to create reduced‑quality I‑frames by deleting non‑zero AC DCT coefficients, inserting freeze‑frame pauses, and storing these frames in separate fast‑forward and fast‑reverse files linked via a GOP index on a shared volume accessed by a file server.",3,53,6,0.15789473684210525,38,failed_constraints
2005,6871006,2,function,Search for methods that produce low‑fidelity key I‑frames by discarding high‑frequency transform components in MPEG video to enable fast‑forward and reverse playback streams with index‑aligned GOP mapping.,2,32,0,0.0,22,ok
2005,6979244,1,summary,"Search methods for constructing electronic devices where a carbon nanotube bridges a pair of electrodes mounted on a substrate, including techniques to arrange or grow the nanotube for electrical connectivity.",1,30,0,0.0,17,ok
2005,6979244,1,keyword,"Search for technologies that integrate carbon nanotube constructs to connect paired electrodes on a substrate, covering methods of nanotube deposition, growth, or alignment for use as interconnects in electronic device fabrication.",1,31,0,0.0,19,ok
2005,6979244,1,function,"How to manufacture a device by placing a carbon nanotube between two electrodes on a substrate to provide electrical connection, including methods for aligning, contacting, and integrating nanotubes in electronic assembly.",1,31,0,0.0,19,ok
2005,6852665,23,summary,"Composite oxide support comprising sub‑20‑µm agglomerates of sub‑50‑nm metallic‑oxide particles with distinct surface/interior composition; provides durable, heat‑resistant exhaust‑gas purification catalysts with easy aqueous‑precipitation + calcination synthesis.",1,34,0,0.0,28,ok
2005,6852665,23,keyword,"Search for composite oxide exhaust catalyst support comprising agglomerated sub‑20‑µm particles containing sub‑50‑nm metal‑oxide nanoparticles with surface‑inner compositional gradients, high heat durability, resistance to sulfur poisoning, including zeolite additives, prepared via acid‑salt precipitation and calcination.",2,42,0,0.0,35,ok
2005,6852665,23,function,"search for materials comprising sub‑20 µm agglomerated particles containing nano‑50 nm metallic‑oxide fine particles with surface‑inner elemental distribution differences, used as supports for high‑temperature, sulfur‑tolerant exhaust gas purification catalysts, and methods for their synthesis via co‑precipitation and calcination.",2,45,0,0.0,34,ok
2005,6850674,9,summary,Search optical sensing systems using stripped fiber cores with oblique groove reflectors and inclined photodetectors mounted on integrated substrates for angled light entry to minimize polarization sensitivity.,1,27,0,0.0,20,ok
2005,6850674,9,keyword,"Search for optical devices comprising a substrate supporting a partially stripped bare fiber, an oblique transverse groove intersecting the fiber core, a reflective or diffractive element inserted into the groove, an optical path altering mechanism, and a tilting photodetector surface on the substrate top to reduce polarization sensitivity.",1,48,0,0.0,31,ok
2005,6850674,9,function,"Search for an optical interconnect component comprising a substrate with a partially stripped optical fiber, an obliquely oriented groove traversing the fiber core, an integrated mirror or diffractive segment inserted in the groove, and a photodetector whose light‑entry facet is inclined to reduce polarization sensitivity.",1,46,0,0.0,29,ok
2005,6870475,1,summary,"Search for a device that couples power and data across an isolation barrier using a planar magnetic core with enlarged interface area, enabling docking to a patient‑attached unit while maintaining electrical separation and bidirectional communication.",2,36,0,0.0,24,ok
2005,6870475,1,keyword,"Search for a wearable health sensor power coupler featuring an electrically isolated barrier, planar magnetic core with larger cross‑section at the interface, docking‑mode magnetic coupling between first and second windings on permeable cores, and bidirectional data link.",2,39,0,0.0,28,ok
2005,6870475,1,function,"How can a magnetically coupled isolation barrier, employing expanded planar cores and docking configuration, enable efficient power delivery and bi-directional data communication for wireless medical monitoring tools?",2,28,0,0.0,22,ok
2005,6965601,2,summary,Search for patents on serial video transmission that embed audio timing control data within the packet header to maintain audio continuity during program switches.,2,24,0,0.0,17,ok
2005,6965601,2,keyword,"Search for patents describing insertion of audio timing control metadata into the header region of the payload section of video frame line intervals, including start/end sync code fields, where audio block header contains timing markers that preserve audio continuity during rapid program switching, transmitted over a serial data stream.",2,50,0,0.0,38,ok
2005,6965601,2,function,Search older patents describing a method for embedding reference timing and sample‑count metadata into a TV‑video packet header to keep audio synchronized during rapid program switching while keeping the audio stream continuous.,2,34,0,0.0,25,ok
2005,6886659,35,summary,"Search for convertible ladders that use a fixed hinge with locking mechanisms to keep two ladder sections stationary relative to each other, enabling quick assembly and disassembly while maintaining structural stability.",1,31,0,0.0,22,ok
2005,6886659,35,keyword,"Search convertible ladder with two rail sections, channel‑shaped rails and rungs, fixed hinge assemblies featuring front, back, and intermediate plates, and detachable lock brackets that secure each rail into hinge recesses, keeping the two ladder sections in a rigid relationship.",2,41,0,0.0,30,ok
2005,6886659,35,function,"Functional, non‑adjustable hinged ladder assemblies having dual rail portions joined by lockable plates for a permanently fixed ladder relation—search for convertible ladder systems that use a double hinge mechanism with releasable locks to fix two separate ladder sections into a stationary configuration.",1,44,0,0.0,32,ok
2005,6961820,6,summary,"A computer system that partitions streaming input into segments, locks a portion of cache for each segment, transfers the segment to lock before fetching the next, and opportunistically loads non‑streaming data into a separate cache region to improve throughput.",3,40,2,0.08,25,failed_constraints
2005,6961820,6,keyword,"Search for computer architectures that employ a locked cache region to buffer streaming payloads, where a processor requests small segments, the memory writes segments to a predefined cache block, and the cache logic can prefetch or replace locked blocks while servicing concurrent non‑streaming requests.",3,45,0,0.0,31,ok
2005,6961820,6,function,"Search for cache management schemes that lock a predefined cache area for streaming streams, segmenting large streams into subchunks, prefetching one subchunk while permitting other data to occupy remaining cache without pipeline stalls.",3,33,0,0.0,25,ok
2005,6977934,2,summary,"Query for a streaming system that slices layered‑encoded frames into distinct packet streams, each packet marked with an ordering tag and a per‑stream index, enabling receivers to reassemble out‑of‑order packets for correct decoding.",2,37,0,0.0,24,ok
2005,6977934,2,keyword,"Search for methods and apparatus for layered encoding data transmission in which each encoded layer is packetized into separate streams, each packet carrying a data sequence number and an intra‑sequence ID, with the receiver reordering misordered packets before decoding on a network interface.",3,44,3,0.10714285714285714,28,failed_constraints
2005,6977934,2,function,"Search for methods and systems that transmit video encoded with multiple quality layers by distributing each layer into its own packet stream, where each packet carries an order identifier and a stream-position tag, allowing the receiver to reorder packets and decode layers in the correct sequence for smooth playback.",2,50,0,0.0,31,ok
2005,6892848,32,summary,"How does a vehicle steering apparatus utilizing wheel and road‑wheel actuators, linked by an electronic control system, use small superimposed wheel impulses compared to static steering loads to detect the forces transmitted through the steering linkage?",2,37,0,0.0,27,ok
2005,6892848,32,keyword,"Query for prior art on vehicle steering systems featuring an electric steering wheel motor and road wheel actuators linked via an electronic drivetrain control unit, employing very small steering actuation pulses to infer steering linkage torque and calculate vehicle steer load for improved stability.",2,44,0,0.0,34,ok
2005,6892848,32,function,"methods for measuring steering tie‑rod forces via superimposed minimal steering impulses, using actuator‑controlled steering wheel torque and road‑wheel electronic control, enabling accurate force determination.",3,27,3,0.13043478260869565,23,failed_constraints
2005,6893421,13,summary,"Search for catheters that provide adjustable, stable sliding shafts with integrated interstitial ribbing and slider-housing systems for precise delivery and position indication, improving injection accuracy and catheter control.",1,29,0,0.0,20,ok
2005,6893421,13,keyword,"Nested catheter shaft assembly with inner lumen shaft, sliding inner shaft, interstitial member bearing radial ribs, housing proximal to needle tip, slider within housing chamber, indicia on housing, distal injection port adjacent tip, injection lumen in fluid communication.",3,38,4,0.125,32,failed_constraints
2005,6893421,13,function,"Searching for a catheter system featuring a coaxial shaft assembly with a sliding inner shaft, ribbed interstitial element, proximal housing and slider chamber, surface marking for usage indication, tapered distal tip presenting an injection port and lumen for fluid delivery.",2,40,0,0.0,28,ok
2005,6847276,2,summary,"Find RF integrated circuit modules that improve electromagnetic immunity by exposing a connector region through dielectric removal, aligning strip‑line and coaxial line parallel at the substrate edge, and enclosing the junction in a metal case for robust electrical contact.",1,40,0,0.0,27,ok
2005,6847276,2,keyword,"Search for RF PCB modules featuring a multi‑layer dielectric substrate with exposed bus through dielectric removal, where a strip conductor and a coaxially grounded line are coupled in the substrate terminus, integrated into a metal enclosure via a through‑hole, enhancing EMI immunity and connection robustness.",2,47,0,0.0,31,ok
2005,6847276,2,function,"RF module with a multi‑layer substrate where dielectric is partially removed to expose a strip‑line‑to‑coaxial transition that runs parallel in 3‑D, fitted inside a metal enclosure whose hollow wall directly connects to the coaxial outer conductor – improving EM immunity and electrical integrity.",1,47,0,0.0,30,ok
2005,6839983,23,summary,"Rotating drum oven with tubular cradles that circulate heated air over dynamo‑electric component subassemblies, using axial airflow paths from inlet to outlet, then recirculating the air back through a heater for uniform temperature control.",3,35,0,0.0,26,ok
2005,6839983,23,keyword,"Search for a rotating drum oven with cylindrical cradle holders, air‑laced flow channels, and a recirculating heater for treating generator rotor assemblies or electric motor stators, featuring rotating supports, cabinet housing, drum plenum, and axial shaft recirculation.",2,38,0,0.0,28,ok
2005,6839983,23,function,"Search for a rotary drum oven that uses multiple tubular cradles with inlet and outlet air ports to heat dynamo‑electric components by recirculating heated air, enabling uniform temperature control for large subassemblies in machine manufacturing.",2,36,0,0.0,25,ok
2005,6940870,4,summary,"Search for a data communication system that performs a single source‑to‑standard conversion, then selectively routes the unified payload to multiple recipient applications using a configurable mapping by transaction type, enabling dynamic addition or removal of endpoints without altering source or destination code.",2,44,0,0.0,30,ok
2005,6940870,4,keyword,"Search for enterprise messaging middleware that performs one‑time conversion to a common intermediate format, then routes to multiple destinations using a configuration database of transaction types and address mappings; includes source and destination translators, routers, error acknowledgment, and dynamic user‑defined routing rules.",2,44,0,0.0,32,ok
2005,6940870,4,function,"How can a single conversion of outbound data to a standard format enable dynamic routing to multiple destinations, permitting add/remove of destination processes without modifying source or destination applications, and providing acknowledgment and error notification mechanisms?",3,37,2,0.07692307692307693,26,failed_constraints
2005,6872273,28,summary,"Form pultruded parts by integrating a 0.004‑0.020‑inch thick reinforcing mat containing over 40 % transverse fibers bonded to longitudinal rovings, sealing it in resin, partially curing in a die, then drawing the product to preserve a steady geometrical profile throughout elongation.",2,44,0,0.0,30,ok
2005,6872273,28,keyword,"Pultrusion process employing a permeable staple‑fiber web bonded to longitudinal rovings and transverse‑to‑axial reinforcing fibers (≥40 % transverse volume), resin impregnation, partial curing inside the die, and continuous part extraction.",2,32,0,0.0,24,ok
2005,6872273,28,function,"Process for creating pultruded composite sections of consistent cross‑section by orienting a high‑percentage (≥40%) transverse staple fiber mat together with longitudinal rovings, impregnating with resin, partially curing in die, and withdrawing the product.",1,35,0,0.0,24,ok
2005,6838500,19,summary,"Adhesive tape for air‑duct closure systems combining rubber, block copolymers, a phenol‑based heat‑activated resin, and antioxidant, forming multilayer adhesive with reinforcement and antimicrobial properties for durable, flexible sealing.",2,31,0,0.0,23,ok
2005,6838500,19,keyword,"Adhesive tape for air‑duct sealing comprising a natural rubber–styrenic block copolymer blend with heat‑reactive alkyl phenolic resin bearing hydroxymethyl groups, phenolic antioxidant, titanium dioxide, calcium carbonate, zinc oxide, antimicrobial agent, odor‑masking additive, and hydrocarbon tackifier, plus a backing and reinforcement layer.",3,45,3,0.08108108108108109,37,failed_constraints
2005,6838500,19,function,"search for adhesive formulations with a blend of natural or synthetic elastomers, block copolymers, heat‑reactive alkyl phenolic resins containing hydroxymethyl groups, and phenolic antioxidants that provide durable bonding, thermal stability, antioxidant protection, and antimicrobial or odor control for duct closure tapes.",3,42,4,0.13333333333333333,30,failed_constraints
2005,6907195,3,summary,Search prior art for an optical channel multiplexing network that employs per‑sub‑band substitute transmitters to automatically fill unused or failed data channels by monitoring signal wavelengths and power levels and adjusting substitute‑source power.,3,36,1,0.038461538461538464,26,failed_constraints
2005,6907195,3,keyword,"Find prior art on multiplexed optical carrier systems using multiple transmitters per sub‑band, substitute signal injection for unused channels, combiners, optical fiber paths, monitoring for carrier power and spectral drift, and adaptive control for channel load balancing and backup transmitter integration.",2,42,0,0.0,33,ok
2005,6907195,3,function,"Search for optical WDM systems using per-sub-band substitute transmitters that monitor channel power and wavelength to activate and power adjust when data channels fail, including drift detection and spare backup transmitters.",1,33,0,0.0,24,ok
2005,6895505,3,summary,"Search for methods that synchronize password credential versions between remote systems when a user logs in, ensuring the target system receives a compatible credential version if source and target use different hashing or encryption algorithms.",3,35,1,0.043478260869565216,23,failed_constraints
2005,6895505,3,keyword,"Search prior art for telecom authentication systems that compare cryptographic hashing algorithm versions on local and remote nodes, redirect legacy hashed credentials via a maintenance control center, and establish secure remote sessions through an operation network for password validation.",2,39,0,0.0,29,ok
2005,6895505,3,function,Search for systems performing remote password authentication across telecom nodes that compare encryption algorithm versions and forward legacy‑encrypted passwords through an operation‑maintenance hub to maintain authentication integrity.,1,29,0,0.0,22,ok
2005,6894760,9,summary,"Method to fabricate a display panel array with gate and data conductors overlapped to define pixels, forming a transistor with gate, channel, source, and drain segments from amorphous silicon layers, using multilayer metal routing, selective insulating layers, and patterned openings to insert pixel contact electrodes above the channel, enabling high‑resolution rendering.",3,52,1,0.02631578947368421,38,failed_constraints
2005,6894760,9,keyword,"Search for prior art on manufacturing array substrates featuring gate lines, data lines, TFTs with amorphous silicon, doped layers, metal interconnects, photoresist patterning, contact holes, passivation layers, and pixel electrodes integrated via multi-mask processes.",2,35,0,0.0,29,ok
2005,6894760,9,function,"Manufacturing methods of LCD array substrates incorporating passivation layers featuring contact holes that expose TFT drain electrodes and active layers to directly connect pixel electrodes, enabling improved electrode isolation, reduced crosstalk, and higher display resolution.",1,35,0,0.0,28,ok
2005,6906319,1,summary,"How to design an ion‑mobility quadrupole hybrid mass spectrometer that isolates specific charge states, fragments them in a trap, recirculates the products upstream, and delivers high‑throughput time‑of‑flight analysis with timed pulsed acceleration?",2,36,0,0.0,24,ok
2005,6906319,1,keyword,"Search patents and literature on ion‑mobility assisted quadrupole filtering, charge‑state selection in mass spectrometry, upstream ion trapping, orthogonal acceleration timing, high‑duty‑cycle time‑of‑flight analyzers, and fragment‑ion upstream recapture.",1,34,0,0.0,27,ok
2005,6906319,1,function,"Search for mass spectrometry systems that combine ion mobility separation with charge‑state‑selective mass filtering, followed by gas‑phase fragmentation, ion trapping with downstream re‑trapping of product ions, and orthogonal time‑of‑flight analysis of multiple ion packets.",2,40,0,0.0,29,ok
2005,6972168,16,summary,"How to precondition a nerve graft by exposing it to low temperature and enzymatic remodeling before killing its cells, thereby boosting neurite outgrowth when the acellular scaffold is implanted to repair damaged peripheral nerves?",2,34,0,0.0,21,ok
2005,6972168,16,keyword,"search for methods of culturing peripheral nerve grafts under predegenerative conditions (e.g., 10 °C for 24–96 h), acellularization techniques, enzymatic remodeling, and subsequent implantation to enhance axonal regrowth and repair of damaged peripheral nerves.",2,36,0,0.0,23,ok
2005,6972168,16,function,"methods for preconditioning nerve constructs in a laboratory to induce remodeling and enzyme activity, then removing cellular components, and implanting the resulting acellular scaffold to enhance regrowth across damaged nerve sites.",2,31,0,0.0,21,ok
2005,6935763,32,summary,"An adaptive cabin illumination system dynamically modifies hue and intensity via sensors evaluating cabin temperature, vehicle speed, and HVAC status, aiming to boost occupant comfort and safety.",2,27,0,0.0,20,ok
2005,6935763,32,keyword,"Search patents for automotive interior illumination system with a lighting module and control electronics that auto‑modulate brightness and hue in response to cabin temperature error, driver‑controlled settings, vehicle speed, or door‑activation signals, employing multi‑LED or RGB sources and sensor‑driven algorithms.",2,45,0,0.0,32,ok
2005,6935763,32,function,"Search for automotive ambient lighting technologies that dynamically adjust brightness or hue in response to driver‑controlled variables such as cabin temperature setpoint, vehicle speed, or door‑open sensor, using multiple color light sources.",2,34,0,0.0,25,ok
2005,6938437,30,summary,"Search for a refrigerant filter connector employing a ferrule under a threaded nut that compresses a cylindrical seal for improved sealing despite surface irregularities between the filter body, end cap, and ferrule.",2,32,0,0.0,21,ok
2005,6938437,30,keyword,"Search for refrigerant filter connectors with a threaded outer‑perimeter ferrule and nut assembly that compresses a cylindrical seal between filter body and end cap, ensuring sealing despite component surface imperfections.",1,31,0,0.0,22,ok
2005,6938437,30,function,"Refrigerator filter connector utilizing threaded ferrules and a nut to compress a cylindrical seal between the ferrule, filter body, and end cap, enabling robust sealing despite surface irregularities.",1,28,0,0.0,20,ok
2005,6903915,1,summary,"Search for a voltage‑controlled variable capacitor featuring two electrodes separated by a dielectric that contains discrete conducting aggregates charged by a control voltage, enabling continuous capacitance adjustment for improved resonant circuit performance.",1,33,0,0.0,23,ok
2005,6903915,1,keyword,Search for patent describing variable capacitor controlled by Vc using electrodes L and R separated by dielectric containing discrete conductive inclusions for resonant circuit applications.,2,25,0,0.0,16,ok
2005,6903915,1,function,"query about a voltage-controlled variable capacitor featuring two electrode assemblies separated by a dielectric containing multiple isolated conductive elements, capable of adjusting capacitance in real-time for tuning resonant circuits and enabling dynamic frequency modulation through applied control voltage.",2,40,0,0.0,31,ok
2005,6922147,12,summary,"Search for systems that warn drivers when an infant in a detachable vehicle seat is left inside, using built‑in weight or proximity sensors, temperature checks, door‑lock or remote‑entry triggers, independent of vehicle ignition or standard occupant sensors.",2,40,0,0.0,26,ok
2005,6922147,12,keyword,"Portable removable child‑seat warning system featuring seat‑mounted occupant sensor, ambient temperature sensor, keyless entry lock detection, and alarm circuit issuing alerts without vehicle ignition or integrated occupancy data.",3,30,0,0.0,26,ok
2005,6922147,12,function,"system alarms when a child remains in a detachable car seat, using seat‑attached presence detection, ambient temperature monitoring, and keyless door lock data to generate warnings independent of vehicle ignition status or built‑in driver presence sensors.",3,38,0,0.0,27,ok
2005,6892509,25,summary,"Search for a shelf-mounted dispensing system where gravity‑controlled vessels can be filled and later pivoted to release their contents onto an associated conveyor, with the shelf wall sealing the vessel during filling and opening during discharge.",2,38,0,0.0,24,ok
2005,6892509,25,keyword,"Search for a dispensing system with pivoting containers on a horizontal shelf, each having a fill port sealed by a fixed side panel, a lower conveyor for gravity‐driven discharge, and an angled opening at tilt, powered by pneumatic pivots.",3,40,1,0.041666666666666664,24,failed_constraints
2005,6892509,25,function,"Search for systems that employ horizontally arranged pivotable containers on a shelf with a sealed side wall, a filling opening for loading, and a tipping action that opens an opposing side to gravity‑discharge contents onto a downstream conveyor or buffer for part collection.",1,44,0,0.0,26,ok
2005,6861940,1,summary,"Develop multilayer magnetoresistive sensor structure featuring ferromagnetic layers adjacent to a non‑magnetic spacer, wherein the near‑interface composition incorporates oxygen and trace noble metal alloying to boost thermal durability and angle‑dependent resistance.",2,34,0,0.0,26,ok
2005,6861940,1,keyword,"Search for multilayer spin‑valve stacks featuring a nonmagnetic spacer and adjacent ferromagnetic films doped with transition metals such as platinum, palladium, ruthenium, iridium, osmium, rhodium, copper, silver or gold, with controlled oxygen ratios, ensuring high temperature stability and large tunnel magnetoresistance.",2,42,0,0.0,32,ok
2005,6861940,1,function,"Search for magnetoresistive multilayer devices featuring a non‑magnetic spacer and ferromagnetic layers doped with selected transition metals at 0.33–1.33 O/M ratios and ≤0.4 dopant concentration, producing angle‑dependent resistance variation and high thermal resilience.",2,40,0,0.0,25,ok
2005,6836974,10,summary,"Develop a cylindrical gauge containing uniformly‑thick reference strips and associated numeric markers to measure spun fiber thickness, with an accompanying table linking thickness to yarn weight and needle size, plus software predicting fiber parameters.",2,35,0,0.0,26,ok
2005,6836974,10,keyword,"Search patents for fiber thickness gauges using transparent cards with uniform‑width opaque strips, numeric wrap indicators, cylindrical rods marked per unit, tables of fiber, yarn count, yardage, needle size ranges, and calculation software.",2,34,0,0.0,28,ok
2005,6836974,10,function,"Search for methods and devices that gauge yarn or fiber thickness by comparing it to a set of indicators with distinct uniform thicknesses, displaying numeric markings that correspond to the indicators, and providing a reference table for performance parameters, optionally supplemented by digital calculation of raw versus spun amounts.",2,49,0,0.0,29,ok
2005,6970520,4,summary,"Search for radiocommunication patents that reduce computational effort in Viterbi-based maximum‑likelihood sequence estimation by partitioning metric updates into multiple stages—pre‑decision, decision, post‑decision—and selectively accumulating delta terms while exploiting modulation symmetry to lower memory and processing demands.",1,42,0,0.0,32,ok
2005,6970520,4,keyword,"Viterbi algorithm reduced‑complexity metrics partitioning, incremental survivor metric accumulation, selective phase‑based delta metrics, symmetry exploitation for QAM, OFDM MLSE improvements, lower‑memory sequence estimation, antenna‑based channel estimation, phased metric addition before/ during/ after decision, computational savings in radiocommunication systems.",1,42,0,0.0,38,ok
2005,6970520,4,function,"Search for methods that partition Viterbi metric accumulation into pre‑decision, decision and post‑decision phases, reducing computational load and exploiting modulation symmetry by sequentially adding metric terms for survivor state selection in sequence estimation.",1,35,0,0.0,25,ok
2005,6903837,28,summary,"Query for prior art on a pre‑print ink‑usage estimation system that stores full digital pages, partitions them into overlapping bands, creates reduced monochromatic tables for each band, counts active pixels indicating ink demand, and predicts total reagent consumption before printing starts.",1,43,0,0.0,33,ok
2005,6903837,28,keyword,"Ink consumption estimation by counting active pixels in a banded monochrome lookup table derived from digital page data, with overlapping band widths, to predict ink and printing product usage for multi-reservoir color printers with reservoir resource management.",1,38,0,0.0,27,ok
2005,6903837,28,function,"Search for methods that compute needed ink quantity by representing an entire digital page as overlapping bands, creating bounded monochrome tables, counting active cells to estimate ink usage, and coordinating multi‑reservoir printers to schedule pages so ink supplies run down evenly.",2,42,0,0.0,32,ok
2005,6890119,29,summary,"Search for methods of forming a semisolid dispenser head by compressing porous polymer layers to reduce pore size and attaching to a frame via ultrasonic or injection molding, enabling controlled product release through a stiff, conical media.",1,37,0,0.0,25,ok
2005,6890119,29,keyword,"Explore patents on ultrasonic dual‑shear bonding of a porous polymer strand dome to a polypropylene body for a gel deodorant dispenser, employing extrusion layered media, injection moulding, and vented energy‑directed welds.",3,33,2,0.08695652173913043,23,failed_constraints
2005,6890119,29,function,"Method for compressing a porous polymer strand matrix to reduce pore size below 40,000 µm, attaching the crushed matrix to a dispensing head, and creating a leak‑free ultrasonic weld with the body so a semisolid deodorant is forced through the pores onto skin.",2,45,0,0.0,29,ok
2005,6946039,26,summary,"Invents a sputtering target made from cubic‑lattice metals/alloys with sub‑30 µm grains and a dominant <220> texture, produced by high‑strain extrusion followed by deformation processing to align crystalline planes and refine grain size.",2,37,0,0.0,25,ok
2005,6946039,26,keyword,"Search for physical vapor deposition sputtering targets made from FCC‑lattice metals or alloys, fabricated by casting, equal channel angular extrusion and subsequent cross‑roll forging, with grain size ≤30 µm, ≥60 % (220) plane intensity, and secondary‑phase particles <0.5 µm.",3,42,6,0.20689655172413793,29,failed_constraints
2005,6946039,26,function,"Search for sputter targets with a cubic crystal structure, highly oriented (220) planes (>60% of diffraction intensity), grain size below 30 µm, produced via billet extrusion and subsequent rolling/forging to refine texture and reduce phase precipitate size.",2,38,0,0.0,28,ok
2005,6877196,28,summary,How does directing angled fluid jets that form a coplanar spray curtain shift a hydroentangled nonwoven web’s fibers in machine and transverse directions to enhance fabric isotropy?,2,28,0,0.0,19,ok
2005,6877196,28,keyword,"nonwoven hydroentangled fiber orientation adjustment using a coplanar fluid jet curtain, with angled and non‑angled jet passes off‑normal to the web surface, pressure‑controlled streams to reposition fibers in both machine and cross‑machine directions.",3,37,1,0.037037037037037035,27,failed_constraints
2005,6877196,28,function,"fluid jet arrays angled relative to the web plane to redirect fibers, forming coplanar curtain streams for rearranging orientation in hydroentangled nonwoven, achieving isotropic fabric by moving leading and trailing ends, creating machine and transverse oriented fibers.",2,37,0,0.0,27,ok
2005,6978848,29,summary,"Search for apparatuses that launch high‑energy explosive‑driven projectiles into open wellbore cavities, pivotable for angled delivery, and penetrate surrounding formations with an elongated assembly mounted on a tubular or suspension system.",1,33,0,0.0,21,ok
2005,6978848,29,keyword,"Searching patents for a pivotable, tubular housing system that propels an explosive‑driven elongated projectile into a larger cavern below a smaller diameter bore, using a suspension member to advance, orient perpendicular to the bore, and detonate for formation stimulation.",2,40,0,0.0,25,ok
2005,6978848,29,function,"Search for devices that propel a charge‑assisted cylindrical member through a wellbore, pivoting between axial and transverse orientations to impact and fracture a larger subterranean cavity, enabling energy transfer for formation stimulation and deep penetration.",2,36,0,0.0,24,ok
2005,6973842,10,summary,Search for ultrasonic time‑of‑flight pipe diameter measurement combined with flow velocity sensor in probe for volumetric flow calculation and deposition detection.,1,23,0,0.0,15,ok
2005,6973842,10,keyword,"Search for ultrasonic transit‑time diameter measurement probes combined with flow‑velocity sensors for volumetric flow in tubular conduits, featuring acoustic transducers mounted on the probe axis, multi‑reflection beam paths, depth and angular alignment detection, and attenuation monitoring for deposit buildup.",3,42,0,0.0,31,ok
2005,6973842,10,function,"Search for pipe probes that emit a perpendicular acoustic beam, capture several wall reflections, use travel‑time to determine internal diameter, adjust probe orientation for best signal, and combine diameter data with flow velocity to compute volumetric flow, also enabling deposit detection.",2,42,0,0.0,32,ok
2005,6922666,6,summary,"Search for techniques enabling atomic two-word reads on processors lacking native support using speculative load, latch verification, and gate flag checks to ensure consistency across cache lines during consecutive word fetches.",1,32,0,0.0,26,ok
2005,6922666,6,keyword,"search for methods of emulating atomic two‑word reads on processors lacking such support using speculative loads, gate flags, cache‑line validity checks, and unused host word bits for flag storage to achieve multi‑word atomicity.",1,36,0,0.0,28,ok
2005,6922666,6,function,"Determine a method that enables atomic multi‑word reads on processors without native support by issuing speculative loads, employing gate flags and subsequent checks to detect intervening writes, thereby allowing emulation of smaller‑word target systems.",1,36,0,0.0,27,ok
2005,6885442,10,summary,"Search for methods that deduce optical phase from intensity gradients using integral transforms and sequential filtering, incorporating dual‑focus measurement, correction steps, and inverse transforms to retrieve phase information without direct measurement.",2,32,0,0.0,24,ok
2005,6885442,10,keyword,"Search for optical phase retrieval using intensity gradient sampling over a detector plane, Fourier transform filtering with differential operator inversion, focus‑shifted imaging for wavefront reconstruction in interferometric tomography.",2,29,0,0.0,22,ok
2005,6885442,10,function,"Methods to quantitatively retrieve wave‑field phase by measuring intensity rate‑of‑change, applying successive integral transforms, filtering to invert differential operators, correcting with absolute intensity, and reconstructing phase for imaging or holographic analysis.",1,34,0,0.0,24,ok
2005,6846013,32,summary,"Compact, easily fabricated cartridge for vehicle safety cushion that channels combustion gases through an expandable tubular insert, using an internal blocking plate to redirect flow, a permeable zone to disperse heat, and a sealing cap to retain residual combustibles.",2,39,0,0.0,27,ok
2005,6846013,32,keyword,Search for prior art on vehicle safety inflator systems featuring a radially expanding metal sleeve with impingement‑blocking sections and a downstream permeable diffuser zone that cools and disperses combustion products into a textile restraint.,2,35,0,0.0,23,ok
2005,6846013,32,function,"Design of an airbag inflator diffusion apparatus that guides exhaust from the inflator into a sleeve with solid barriers and permeable sections, cooling and dispersing the gas to create an efficient, low‑profile curtain airbag system.",3,36,1,0.047619047619047616,21,failed_constraints
2005,6955516,8,summary,"Search for a wafer-processing apparatus featuring a rotating substrate holder that shifts a wafer between two aligned access points, employing passive catchers, laminar airflow, submersible nozzles, and dedicated fluid‑separation walls to keep surface liquids contained during transfer.",2,39,0,0.0,30,ok
2005,6955516,8,keyword,"Rotating substrate holder between horizontally offset inlet and outlet ports, passive catcher, submerged fluid spray nozzles, laminar airflow chamber, segmented output area with separation wall and overflow weir for substrate processing.",3,31,0,0.0,25,ok
2005,6955516,8,function,"Search for a wafer handling system incorporating a rotatable support that transitions wafers from a loading side to a discharging side, with passive catcher contact, multiple receptacles, fluid dispensing nozzles, and flow‑deflecting passages to control drying or rinsing operations.",2,40,0,0.0,26,ok
2005,6918879,13,summary,"Search for wrist‑band devices using a protruding sensor that partially occludes an artery, continuously recording a beat‑to‑beat pulse waveform, and computing systolic, diastolic, and average pressures via embedded microprocessor algorithms.",2,33,0,0.0,23,ok
2005,6918879,13,keyword,"Search for wrist‑band cardiovascular pressure monitoring devices using an external surface contact pressure sensor with partial arterial occlusion, microprocessor waveform analysis for systolic peak and diastolic trough detection, and calculation of mean arterial, systolic, and diastolic pressure indices; include sensor housing, elastic strap, and pad cuff with protruding plunger.",2,50,0,0.0,38,ok
2005,6918879,13,function,"Search for a wearable non‑invasive device that continuously senses waveform signals from a cuff against the skin near a major artery, processes the full pulse waveform in real time, extracts systolic and diastolic markers, and derives instantaneous pressure indices for ambulatory cardiac monitoring.",2,44,0,0.0,30,ok
2005,6938988,28,summary,"Fluid jetting system featuring a substrate‑mounted ejector, a mounted orifice assembly with a matching bore and an asymmetrical surrounding cavity that shapes the fluid spread to steer droplet trajectory for enhanced alignment accuracy.",3,34,0,0.0,22,ok
2005,6938988,28,keyword,"Search for inkjet print head designs featuring a substrate-mounted fluid ejector, an overlying orifice housing with a through bore, and a surrounding counterbore shaped along the scan direction, employing asymmetric fluid puddle control and alignment tolerances below 10 µm.",3,40,1,0.03571428571428571,28,failed_constraints
2005,6938988,28,function,"Search for fluid ejector substrates with orifice members that incorporate a counter‑bore shaped to bias droplet placement along the scan axis, featuring straight edges parallel to the scan line and curved edges perpendicular, for precise inkjet printhead performance.",2,39,0,0.0,27,ok
2005,6837674,27,summary,"Safety enclosure for rotary blade housings that employs a flexible, high‑strength sheet to cover the housing, stopping severed or detached blades from exiting through ports and permitting easy retrofitting with airflow openings.",1,33,0,0.0,22,ok
2005,6837674,27,keyword,bullet‑resistant flexible jacket for rotary blade housings constructed from high‑strength Kevlar‑type fiber sheets; the jacket forms a sealed chamber with side enclosures and a transverse barrier to capture detached rotor blades and keep them inside the housing.,3,40,1,0.037037037037037035,27,failed_constraints
2005,6837674,27,function,"Surgical‑grade flexible protective jacket covering a rotary blade device, made of high‑strength, bullet‑resistant composite, designed to enclose the blade housing, align with intake ports, and seal to prevent high‑speed detached blades from escaping into the environment.",3,40,1,0.03571428571428571,28,failed_constraints
2005,6868727,10,summary,"Search for semiconductor MEMS accelerometers or gyroscopes using electrostatic excitation via a beam‑mass in a recessed silicon substrate, employing dual electrodes on the tip and side surfaces to sense capacitance changes for high S/N angular rate detection.",1,39,0,0.0,25,ok
2005,6868727,10,keyword,"Search for silicon-based microelectromechanical accelerometer featuring a recessed beam structure with tip mass, dual capacitive electrodes on the mass and substrate wall, actuated by AC static electric field, detecting angular rate through capacitance change, insulated with dielectric layer.",2,39,0,0.0,29,ok
2005,6868727,10,function,"Search for silicon-based mechanical sensors that utilize a beam-like structure with a tip mass, employ alternating-current excitation to generate electrostatic forces, detect changes in capacitance between isolated electrodes, and provide enhanced signal-to-noise for angular rate measurement.",1,41,0,0.0,29,ok
2005,6880124,6,summary,"Retrieve specific document versions by printing a version with embedded identifiers, modifying the printout, scanning the altered copy to extract identifiers, matching them to stored version data, and prompting the user to select from available versions for display.",3,38,1,0.043478260869565216,23,failed_constraints
2005,6880124,6,keyword,"Search for patent disclosures about a database platform that stores multiple revisions of documents, each tagged with distinct identifiers, prints a hard copy embedding machine‑readable codes, scans and digitizes the altered copy, extracts the codes via barcode/QR, and retrieves or compares the stored revisions.",3,46,0,0.0,32,ok
2005,6880124,6,function,"Methods for storing multiple document versions as database records, printing a version code on hard copies, scanning the code to retrieve specific versions, and interfacing users to select and display desired document versions for comparison.",1,35,0,0.0,23,ok
2005,6939713,10,summary,"Search for methods to quantify sterol and ester lipids in carbohydrate-rich foods using an added ester as an internal marker, involving hydration of the polysaccharide matrix, solvent extraction, ester hydrolysis, and analytical measurement.",2,34,0,0.0,22,ok
2005,6939713,10,keyword,"Search for methods extracting and quantifying free sterols and steryl esters from starch‑rich foods using a steryl ester reference such as cholesterol oleate, involving polysaccharide matrix hydration, solvent extraction, and enzymatic or alkaline de‑esterification for accurate internal calibration.",3,40,0,0.0,29,ok
2005,6939713,10,function,"search for methods that quantify sterol and steryl ester content in starch‑based foods by adding an internal steryl ester, treating the food with a solvent after swelling, enzymatic or chemical de‑esterification, and measuring resulting free sterols or esters.",3,40,0,0.0,26,ok
2005,6911655,24,summary,"UV lamp array in a fluid chamber where lamps in a duct are cleaned in situ by rotary longitudinal heads containing TiO2 that generate hydroxyl radicals, breaking down fouling that decreases UV intensity and improves treatment efficiency.",1,37,0,0.0,24,ok
2005,6911655,24,keyword,"Search for prior art on elongated UV lamp arrays inside a duct with integrated cleaning heads containing TiO2, rotatable and longitudinally driven, generating hydroxyl radicals from water and oxygen to remove biofouling, with resilient bias and actuator systems for rotating and feeding.",3,42,0,0.0,28,ok
2005,6911655,24,function,"device comprising fluid chamber, elongated circular UV source, cleaning assembly with TiO2‑coated biasing heads that rotate and move axially to generate hydroxyl radicals, breaking down lamp fouling for uninterrupted UV disinfection.",1,32,0,0.0,25,ok
2005,6919272,8,summary,"Developing a semiconductor metal-patterning technique that uses differential masking, synchronized etching rates with gas inhibitors, and iterative sidewall cleaning steps to suppress undercutting and polymer residue in densely packed regions.",2,31,0,0.0,22,ok
2005,6919272,8,keyword,"Search patents describing a semiconductor die metal patterning process where a photolithographic mask creates open and densely populated regions, simultaneous etching at comparable rates using N₂ or CHF₃ inhibitors, minimal sidewall undercutting, and controlled strip‑passivation steps to remove polymer residues.",2,41,0,0.0,30,ok
2005,6919272,8,function,"How to etch metal segments in densely packed and sparsely spaced areas of a semiconductor device using equal etch rates with nitrogen or CHF₃ inhibitors, suppressing undercutting, and employing multiple strip/passivate cycles to eliminate polymer residues from sidewalls?",3,39,2,0.07407407407407407,27,failed_constraints
2005,6971813,13,summary,"Cylindrical rotor‑cap apparatus that holds a sponge cartridge of polymer or drug solution; elastic arms push rollers against the cartridge, depositing a uniform coating onto a stented prosthesis inside the housing, improving consistency over brush or spray methods.",1,39,0,0.0,28,ok
2005,6971813,13,keyword,"rotor cap cylindrical housing prosthesis coating apparatus with roller array, sponge cartridge, elastic arm, polymer coating, contact patterning, balloon catheter stent coating",1,22,0,0.0,19,ok
2005,6971813,13,function,"Method and device for uniformly dispensing therapeutic coating on prosthetic devices using a rotatory element with rollers inside a cylindrical chamber, a sponge‑based cartridge holder, and a positioning mechanism that aligns the rollers with the coating material to apply a uniform film.",2,43,0,0.0,26,ok
2005,6866820,10,summary,"Search for an automated reagent vial stopper manipulation system that uses a movable plunger and conveyor to translate pipette‑needle carrier motion into opening and closing of stoppers via a catch‑release mechanism, integrating with partial or fully automated analytical platforms.",3,41,1,0.037037037037037035,27,failed_constraints
2005,6866820,10,keyword,"Search patents featuring automated reagent vial stopper manipulation devices that employ a movable plunger engaging a catch, an axis‑aligned conveyor system to position the vial for opening and closing, and a pipetting‑needle carrier driven mechanism translating upward motion into plunger displacement via a thrust plate and catch member.",3,50,3,0.08571428571428572,35,failed_constraints
2005,6866820,10,function,"How to implement a device that uses a movable plunger combined with an automated conveyor to engage and release a latch on reagent container stoppers, translating pipetting needle carrier motion into plunger movement for automated opening and closing.",3,38,2,0.08695652173913043,23,failed_constraints
2005,6962747,16,summary,"Search for lipid bilayer columnar structures that self‑assemble with chemically triggered uniform diameter control, applicable as nanofabrication scaffolds, optical harvesting modules, and nanoscale delivery platforms.",3,26,0,0.0,19,ok
2005,6962747,16,keyword,"Self‑regulating columnar lipid bilayer stacks, sub‑900 Å diameter, assembled via chemical recognition in aqueous medium, suitable for nanotech structural components, photonic harvesting, optical sensors, chemical reactors, and targeted drug delivery.",1,32,0,0.0,26,ok
2005,6962747,16,function,"Search for methods of chemically mediated self‑assembly of lipid bilayer stacks into nanoscopic columnar structures with controlled uniform diameter (<90 nm) for applications as nanoscale scaffolds, light‑harvesting arrays, sensor components, catalytic reactors, and drug delivery carriers.",1,38,0,0.0,28,ok
2005,6875170,13,summary,"Search for medical device with dual endmembers linked by cable, each equipped with a bellows, allowing independent fluid pressure adjustment for precise positioning in endovascular or exploratory procedures.",1,28,0,0.0,18,ok
2005,6875170,13,keyword,"Search for two‑endpiece positioning or intervention apparatus, suited to medical endoscopy, featuring cable(s) and independently actuated bellows for precise local fluid pressure modulation.",1,25,0,0.0,17,ok
2005,6875170,13,function,Search for medical endoscopic positioning systems that use a cable between two proximal and distal modules and include two independently controlled fluid‑filled bellows attached to each module to modify positioning forces.,1,32,0,0.0,23,ok
2005,6972583,10,summary,"method for evaluating the electrical performance of interconnect bumps on a wafer by creating test pads along scribe lines linked to adjacent die, forming bumps there, and probing only these scribe‑line bumps to indirectly verify the neighboring die bumps without damaging them.",1,43,0,0.0,30,ok
2005,6972583,10,keyword,"Search prior art for a wafer‑level test method that uses a probe station to contact inter‑die edge pads, evaluating the electrical performance of solder bump interconnects between neighboring semiconductor chips while preserving adjacent bump integrity.",2,37,0,0.0,28,ok
2005,6972583,10,function,"method to evaluate electrical properties of bump interconnects on a semiconductor wafer by probing bumps located on scribe lines that are electrically linked to neighboring chips, allowing assessment of adjacent bump performance without direct contact",1,35,0,0.0,23,ok
2005,6937840,9,summary,"Searching for a sheet‑guiding system in electrophotographic printers that uses ribbed rollers with an angled triangular front bar to block air gaps between ribs near the fuse zone, thereby preventing image streaks while leaving paper contact intact.",2,38,0,0.0,28,ok
2005,6937840,9,keyword,"electrophotographic image forming system paper guide with guiding member and multiple guiding ribs, a leading‑end blocking bar having a steeper sloped triangular cross‑section that blocks rib spaces, preventing paper contact and stripe formation during fusing unit transfer.",3,39,2,0.06451612903225806,31,failed_constraints
2005,6937840,9,function,"Search for a paper guiding system in electrophotographic printers that uses a series of lateral ribs and a slanted triangular leading bar to channel photographic paper toward the fusing section, keeping paper aligned, minimizing air ingress, and avoiding surface artifacts during heat fusion.",3,43,0,0.0,30,ok
2005,6962277,34,summary,"wearable handheld computer system with probe, cameras, audio and display for on‑site device diagnostic, using data acquisition and wireless communication, secured by a harness, battery powered, enabling technicians to analyze property data and images while moving.",1,37,0,0.0,26,ok
2005,6962277,34,keyword,"wearable diagnostic platform integrating a portable computer, data acquisition probe, dual imaging cameras, audio communication module, wireless data links, battery power source, and ergonomic body harness for real‑time onsite device testing and property‑data analysis.",1,36,0,0.0,30,ok
2005,6962277,34,function,"Wearable diagnostic tool for on‑site device testing that integrates a computer, data acquisition module, dual cameras, microphone, speaker, display, battery, and body harness, enabling real‑time property data collection, visual/auditory diagnostics, and wireless communications for technicians.",1,38,0,0.0,29,ok
2005,6873234,34,summary,"Search for portable device electromagnetic actuator that integrates coil, radial magnet array, and a diaphragm for high‑frequency and a vibration plate for low‑frequency motion, all housed in a basket with a shielded bottom plate and dual elastic mounting isolation.",2,41,0,0.0,26,ok
2005,6873234,34,keyword,"portable electronic speaker system featuring a magnetic circuit actuator with coil, magnet, yoke forming flux across a gap, a diaphragm excited by high-frequency current, and a companion low-frequency vibration plate, seated within a magnetically shielded basket, mounted in the case using two elastic dampers between basket and housing substrate",3,51,1,0.02631578947368421,38,failed_constraints
2005,6873234,34,function,"Portable device with an internal electromagnetic driver comprising a coil, radial magnet array forming a magnetic circuit across a gap, a high‑frequency vibrating diaphragm, a double‑suspension vibration plate, all enclosed in a frame, mounted using dual elastic layers to isolate sound and suppress magnetic leakage.",3,47,2,0.058823529411764705,34,failed_constraints
2005,6847046,8,summary,"Look for LED designs using a silicon nitride/AlInGaN superlattice as a buffer to lower dislocation counts and enhance GaN epitaxial quality, including fabrication steps for mixed‑type AlInGaN layers.",1,30,0,0.0,21,ok
2005,6847046,8,keyword,"Search for SiN/AlInGaN multi‑quantum‑well buffer used with undoped GaN to suppress threading dislocations in GaN LEDs, including n‑, p‑, or intrinsic doped AlInGaN layers, epitaxial growth on sapphire or SiC.",2,33,0,0.0,22,ok
2005,6847046,8,function,"Search for light-emitting devices that employ a multilayer SiN/AlInGaN alloy interlayer to reduce crystal defect density between the substrate and the GaN emitter, enhancing efficiency and lowering operating voltage.",2,31,0,0.0,21,ok
2005,6893165,9,summary,"Search for fiber‑optic connectors featuring a sliding, two‑piece coupling sleeve that enables secure push‑pull engagement between a mating and cable end, with a ferrule seated in a centrally aligned cavity for precise fiber alignment.",3,37,1,0.04,25,failed_constraints
2005,6893165,9,keyword,"fiber optic connector featuring a coaxial mating shell with a cavity for the fiber, ferrule fixed within that cavity, cable‑end shell possessing an axial body region, and a sliding coupling sleeve made of two mechanically linked sections that include an axial arm for push‑pull operation.",1,47,0,0.0,32,ok
2005,6893165,9,function,"fiber‑optic connector featuring a sliding coupling sleeve, ferrule within a mating end cavity, push‑pull alignment mechanism, dual outer shells, and axially extending arm for secure fiber coupling.",1,29,0,0.0,23,ok
2005,6913375,32,summary,"vehicle headlamp assembly incorporating an electronically switchable translucent film forming an array on the glazing, with a dedicated control module for adjusting brightness in selectable zones; reduces heat transfer by spacing the film from the source.",1,36,0,0.0,22,ok
2005,6913375,32,keyword,"search for motor vehicle illumination assemblies using electrically switchable light‑transmissive films or polymers bonded to the lamp housing, driven by a circuit with user interface, matrix‑array control, conductive adhesive, heat‑spacing cap, and reflective optics.",1,37,0,0.0,27,ok
2005,6913375,32,function,"Search for vehicle headlamp or interior light incorporating an electrically tunable transparency panel within a light‑transmitting enclosure, driven by a circuit with user interface for individually controlling regional light transmission to adjust illumination intensity.",1,35,0,0.0,24,ok
2005,6958759,2,summary,"Search for methods that let users select a region of a GUI image, enlarge that region while keeping the unselected portions visible beside it, optionally expose hidden data, and install a plug‑in during a subscription offer.",1,37,0,0.0,23,ok
2005,6958759,2,keyword,"GUI image zoom feature showing magnified section beside original without overlay, revealing hidden metadata, integrated via client‑side plugin, selectable image panels for electronic TV guide, adjacent portion display technique.",1,30,0,0.0,27,ok
2005,6958759,2,function,"Search for GUI methods that enlarge a user-selected image region, display the enlarged view beside the untouched original, preserve visibility of remaining image portions, optionally reveal hidden data tied to the selected area, and enable on-demand download of the enlargement application from a service provider.",1,47,0,0.0,31,ok
2005,6871989,32,summary,"Search for a vehicle headlamp featuring a reflector adjusted by a tilt fulcrum, screw and nut assembly, with an integrated ball joint mechanism that releases bending stress during vertical alignment.",2,30,0,0.0,19,ok
2005,6871989,32,keyword,"Vehicle headlamp with tilt‑adjustable reflector, front lens housing, adjustable fulcrum, threaded adjustment screw engaging a rotary cam, sliding guide housing a spherical joint bearing, and stress‑relief sleeve integrated into the reflector bracket to allow multi‑axis movement.",2,39,0,0.0,30,ok
2005,6871989,32,function,"headlamp reflector adjustment assembly using a screw-actuated turret, where a nut engages a rotating screw and slides within a guide, with a spherical bearing interface for stress relief and precise tip positioning.",2,33,0,0.0,21,ok
2005,6967081,10,summary,"Identify prior art for a diagnostic method that gauges bone fracture risk by quantifying the carboxylated form of osteocalcin in a body fluid with antibodies selective to a specific epitope, comparing the level or ratio to age‑and‑sex‑matched population averages, and optionally providing a testing kit.",3,48,0,0.0,29,ok
2005,6967081,10,keyword,"Method to evaluate osteoporosis risk by quantifying gamma‑carboxylated osteocalcin in EDTA‑treated serum using monoclonal antibodies specific for the C‑terminal epitope, normalizing values to age‑ and sex‑matched population means, and computing a COC/total osteocalcin metric.",3,39,1,0.037037037037037035,27,failed_constraints
2005,6967081,10,function,"What procedures exist for diagnosing bone fragility by quantifying a specific carboxylated form of osteocalcin in blood, then comparing its concentration—or its ratio to total osteocalcin—to age‑ and sex‑matched population norms?",2,34,0,0.0,20,ok
2005,6848836,9,summary,"Search for fiber optic coupling device that allows full 360° ferrule rotation during assembly but locks rotation after using a slide‑and‑spring retention system, permitting axial adjustment while preventing uncontrolled turning, and designed for easy mounting on adapters.",2,39,0,0.0,29,ok
2005,6848836,9,keyword,"Search for fiber optic coupling devices featuring a rotatably mounted ferrule with a cladding insertion chamber, an adapter‑attached housing, a biasing spring, a key‑slotted retention member, and a slide‑restriction system allowing axial fine‑tuning.",2,37,0,0.0,26,ok
2005,6848836,9,function,"Search for devices enabling precise alignment of light‑carrying fibers via a rotatable ferrule assembly that slides axially, utilizing a spring bias and a key‑slotted system for secure torque control during quick mounting onto an adapter.",2,37,0,0.0,26,ok
2005,6976340,10,summary,"Search for a system that creates a standardized rectangular opening at a specific height in a climate‑control enclosure, permitting detachable test or service devices to be inserted and sealed, with integrated mounting plates and insulated conduits for air or signal flow.",2,42,0,0.0,24,ok
2005,6976340,10,keyword,"Search for temperature‑conditioning enclosures featuring a standardized rectangular opening positioned a defined distance from the floor, a removable sealing panel, and a mounting plate with insulated front and rear inserts creating a through‑path for test accessories.",2,38,0,0.0,24,ok
2005,6976340,10,function,"Search for conditioning enclosure designs featuring a standardized, dimensionally specific opening above floor level, allowing removable sealing panels and detachable devices that alter the enclosed environment, such as temperature, ventilation, or electrical test interfaces, while maintaining structural integrity and ease of deployment.",2,42,0,0.0,31,ok
2005,6877376,10,summary,"ultrasound imaging using synthetic aperture methods that introduce depth‑varying conic surfaces and separate interior versus boundary element computations, enabling improved reconstruction of sample structures.",1,25,0,0.0,20,ok
2005,6877376,10,keyword,"Ultrasonic interrogation method generating depth‑varying hyperbolic surface data, computing interior‑aperture and boundary‑aperture image constituents, synthesizing focused acoustic responses, and outputting high‑resolution volumetric images of sample microstructure.",2,30,0,0.0,25,ok
2005,6877376,10,function,"search for methods employing ultrasound to interrogate a sample by defining multiple hyperbolic depth surfaces, calculating focused contributions from interior and boundary vectors, and merging these to produce detailed images of internal structures.",2,33,0,0.0,22,ok
2005,6904899,27,summary,"An engine air‑fuel controller that employs a primary sensor before the catalytic converter and a secondary sensor after it; the downstream signal is integrated, smoothed, and used to learn and correct permanent errors in the upstream sensor’s ratio output.",1,41,0,0.0,24,ok
2005,6904899,27,keyword,"fuel‑injection control system with upstream and downstream exhaust gas (oxygen) sensors interposed with a catalytic converter, integrating the downstream sensor's deviation integral, applying a smoothing filter, and a learning algorithm that compensates for permanent sensor bias to preserve combustion stoichiometry in engines.",2,44,0,0.0,29,ok
2005,6904899,27,function,"Search patents describing dual exhaust sensor feedback for adjusting fuel delivery to maintain catalyst inlet stoichiometry, using integrated downstream signal deviations, filter smoothing, and adaptive learning to correct inherent upstream sensor bias.",2,32,0,0.0,26,ok
2005,6900636,10,summary,"Search for MRI RF coils that use multiple electrically decoupled resonant strip elements, each with its own feed line that allows independent phase and amplitude control for precise RF shimming and optionally its own separate receive channel.",1,37,0,0.0,26,ok
2005,6900636,10,keyword,"MR body coil arrangement with individually controllable resonator segments, planar rectangular conductors aligned with main magnetic field, electromagnetic decoupling by intersegment capacitors, separate RF feeding and receiving channels for each segment, RF shimming capability.",1,34,0,0.0,27,ok
2005,6900636,10,function,"Search for MRI body coil systems employing multiple resonator elements that are electrically isolated by capacitive or inductive couplings, each driven with independently adjustable phase and amplitude, and featuring individual transmit/receive channels for RF shimming and signal reception within a non‑circular bore.",1,44,0,0.0,31,ok
2005,6942483,13,summary,"Search for orthodontic bracket with a spring that covers the wire chamber when closed, featuring a tongue latch and projections that hold the spring in open or closed positions, enabling wire torque from top and side.",3,36,0,0.0,20,ok
2005,6942483,13,keyword,"Orthodontic bracket with wing‑shaped tooth attachment, dual wire slots split by projections into first and second sections, and a biasing closing spring featuring an arc over the first sections and a free leg with a dependent lever that engages the projections to lock the slot when closed.",3,48,4,0.13793103448275862,29,failed_constraints
2005,6942483,13,function,"Search for orthodontic brackets incorporating a spring that grips a wire‑receiving channel, locking it open or closed via a tongue‑projection interface, to deliver controlled torque from multiple directions, secure archwire placement, and allow quick wire insertion.",2,38,0,0.0,26,ok
2005,6933428,34,summary,"Investigate musical instruments using a foamed expanded polycarbonate soundboard engineered for specific flexural strength, density, and tensile properties to enhance acoustic resonance while reducing weight.",1,25,0,0.0,19,ok
2005,6933428,34,keyword,"Search for acoustic musical devices featuring a soundboard made of expanded polycarbonate foam, with flexural strength ≈30 N/mm², density 500–700 kg/m³, tensile strength ~20 MPa, and applications in resonance chambers.",3,33,5,0.21739130434782608,23,failed_constraints
2005,6933428,34,function,"Search for foamed expanded polycarbonate soundboards that provide specific density, tensile durability, and bending resilience in musical instrument bodies, and methods to fabricate them for improved resonance.",2,27,0,0.0,17,ok
2005,6856344,10,summary,"Portable speed‑bump with integrated imaging, illumination and ranging sensors that captures overlapping vehicle‑undercarriage photos as a car traverses it, stitches them into a composite image, and compares with reference databases to detect hidden threats.",1,36,0,0.0,22,ok
2005,6856344,10,keyword,"portable imaged array speed‑bump, combining networked cameras, LED illumination and laser/radar rangefinders, with inter‑camera overlap for mosaic stitching, vehicle wheel tracking, underbody capture, anomaly detection, and real‑time image assembly for security inspections.",1,36,0,0.0,29,ok
2005,6856344,10,function,"Mobile platform mounting several cameras and distance sensors that capture overlapping images of a vehicle's underside as it traverses a temporary barrier, then fuse the photos into a full undercarriage view for security monitoring.",1,35,0,0.0,21,ok
2005,6846749,8,summary,"Seeking patents for a dual‑damascene interconnect fabrication that uses a nitrogen‑rich etch chemistry (ammonia, nitrogen trifluoride, or nitrous oxide) to provide dielectric etch selectivity and sidewall control while protecting photoresist from degradation.",2,34,0,0.0,24,ok
2005,6846749,8,keyword,"Search for lithographic interconnect process using nitrogen‑based plasma etch for dielectric overlayer, avoiding photoresist deactivation, defining via and trench patterns, followed by copper infill and chemical‑mechanical planarization in a dual damascene scheme.",2,34,0,0.0,25,ok
2005,6846749,8,function,Search for dry etch methods of dielectric layers in dual‑damascene interconnects that use nitrogen‑containing chemistries to preserve photoresist integrity while achieving sidewall profile control and selectivity comparable to N₂.,1,31,0,0.0,21,ok
2005,6931388,34,summary,"Search for secure parcel‑tracking systems that use separate passwords for shippers and recipients, letting users retrieve status by entering address fragments without needing a shipment identifier.",1,27,0,0.0,19,ok
2005,6931388,34,keyword,"Password‑protected package tracking system using a client‑server network architecture, database of shipment datasets, shipper and recipient credentials, electronic query signals containing recipient address data but omitting shipment identifiers, automatic response with tracking event data, and distinct user interfaces for shipper and recipient access.",1,45,0,0.0,35,ok
2005,6931388,34,function,"search for electronic shipment tracking systems that use passwords to give shippers and recipients limited access to package status by entering address parts, with different user interfaces and without needing a tracking identifier.",1,33,0,0.0,22,ok
2005,6938549,34,summary,"Search for processes that apply a molten adhesion layer to paper folder stock at specific flap edges, then harden the coating to create a non‑slip surface, employing embossing dies to form tactile grips for secure file handling.",2,38,0,0.0,26,ok
2005,6938549,34,keyword,"Search for manufacturing methods where a paper folder stock receives a meltable, curable anti‑slip polymer applied to flap top edges, followed by curing to create a bonded slip‑resistant zone, including techniques using embossing dies or selective coating for secure grip in filing systems.",1,45,0,0.0,32,ok
2005,6938549,34,function,"Search for manufacturing methods that apply a meltable slip‑resistant coating to paper‑based folders, precisely positioning it on folder flaps near top edges, then curing to create non‑slip, securely gripped file folders suitable for office use.",1,38,0,0.0,28,ok
2005,6948318,23,summary,"A control strategy supplies compressed air from a turbine to a separation plant, extracts oxygen‑rich and nitrogen‑rich streams, detects a drop in the turbine‑delivered flow, and recycles part of an extracted stream back to the inlet to keep flow stable.",3,43,2,0.07692307692307693,26,failed_constraints
2005,6948318,23,keyword,"Method for feeding a gas‑separator with compressor air from a turbine, monitoring decreased turbine‑sourced flow, and recycling fractions of nitrogen‑enriched or oxygen‑enriched product streams into the inlet to stabilize airflow rates in the separation plant.",3,39,2,0.08333333333333333,24,failed_constraints
2005,6948318,23,function,"Find methods that use gas turbine supplied compressed air to feed an air separation unit, detect a drop in turbine‑originated airflow, and recycle nitrogen‑ or oxygen‑rich streams back to the unit inlet to keep intake flow stable.",3,39,3,0.1111111111111111,27,failed_constraints
2005,6837181,29,summary,"Search for pet waste bedding comprising pine or aspen wood fragments and fine chips blended with baking soda, engineered to enhance moisture absorption and neutralize odors through an integrated natural wood and alkaline sorbent mix.",1,35,0,0.0,25,ok
2005,6837181,29,keyword,"Search for patents on pet litter made of pine or aspen wood particles or shavings combined with baking soda to enhance absorbency and odor suppression, including compositions, particle size ratios, and weight percentages.",1,33,0,0.0,22,ok
2005,6837181,29,function,Search for animal litter formulations using pine or aspen wood particles or shavings combined with baking soda for enhanced absorbency and odor suppression in pet products.,1,26,0,0.0,17,ok
2005,6960480,1,summary,"Depositing a NiCr interlayer onto an etched Ta underlayer to produce an ultra‑smooth, high‑voltage tunneling barrier from oxidized Al or HfAl, improving MRAM and read sensor GMR ratio.",2,30,0,0.0,21,ok
2005,6960480,1,keyword,"Search for magnetic tunneling junctions featuring NiCr seed on sputter‑etched Ta, Al or HfAl oxidized through radical or natural oxidation, yielding high breakdown voltage and superior GMR ratio, applicable to MRAM or read sensor.",3,35,3,0.11538461538461539,26,failed_constraints
2005,6960480,1,function,"Search for methods that create a magnetic tunneling junction with a highly conductive tunnel barrier fabricated on a nickel–chromium support over an etched tantalum layer, using radical or natural oxidation to yield a very thin, smooth, high‑breakdown‑voltage barrier, enhancing MRAM or TMR sensor performance.",3,47,4,0.12121212121212122,33,failed_constraints
2005,6879316,6,summary,"Comfortable tactile button that transmits finger pressure via a low‑force resistive film covered by a non‑deforming elastomer, interpreting both force magnitude and dwell time; integrates a wheel scroll with adjacent trigger buttons for continuous direction‑controlled scrolling.",1,39,0,0.0,29,ok
2005,6879316,6,keyword,"Elastomeric pressure‑sensing button featuring a folded metallic‑coated polymer film resistor, sub‑50 g activation, time‑modulated signal logic, mounted over wheel‑type scroll, dual adjacent switches for continuous directional scrolling, no visible elastomer deformation, domed‑cap free design.",2,40,0,0.0,35,ok
2005,6879316,6,function,"Low‑force finger‑activated pressure sensor with a slim elastomer overlay that detects applied force and dwell time to generate distinct signals, integrated into a wheel‑based input housing with proximal buttons for continuous directional scrolling.",1,36,0,0.0,25,ok
2005,6922675,7,summary,"Search for systems that enable a marketplace to offer services from another marketplace by registering the second service, informing partner marketplaces, and forwarding user requests through a broker that stores service metadata and dispatches requests to the appropriate provider.",2,39,0,0.0,24,ok
2005,6922675,7,keyword,"Search for distributed service platforms that enable cross‑marketplace offering, featuring a central broker layer that stores service metadata, notifies partner marketplaces of new services, and routes user requests from one marketplace to another in a multi‑tenant environment.",2,39,0,0.0,27,ok
2005,6922675,7,function,"Query about a system enabling a brokerage module to register, store, notify, and subsequently deliver services from one distributed marketplace to users of another, including subscription processing and service address resolution.",1,31,0,0.0,21,ok
2005,6847767,9,summary,"A manufacturing process that extrudes a multilayer cable with messenger, optical and electrical components, while simultaneously creating multiple rows of strong interlinks within the jacket; intermittent gaps are achieved by selectively obstructing molten sheath flow during sequential web and gap phases.",3,41,0,0.0,29,ok
2005,6847767,9,keyword,"Cables with molten jacketing extruded via a melt cavity and web‑forming die, featuring intermittent gap formation between messenger and transmission sections that house optical and electrical cores with integrated strength filaments.",1,32,0,0.0,23,ok
2005,6847767,9,function,"Search for methods and apparatuses that extrude cable jackets, create multiple cable sections (messenger, optical, electrical) with monolithic web formation between sections, and intersperse longitudinal gaps within one web series to enable flexible, structurally reinforced cables.",2,36,0,0.0,28,ok
2005,6922267,9,summary,"Patent search for a visual projection unit that employs a holographic magnifying lens paired with a holographic wavelength‑selective filter positioned between the light source and the holographic lens, tailoring spectral transmission to enhance color fidelity and reduce chromatic distortion.",2,40,0,0.0,27,ok
2005,6922267,9,keyword,"Search for image display systems featuring a display panel, an integrated spatial light modulator, a multi‑wavelength illumination source, a holographic magnifying eyepiece element, and a reflective holographic optical mask positioned between or on the panel, whose spectral response is centered above or below the magnifier’s diffraction wavelength.",2,49,0,0.0,33,ok
2005,6922267,9,function,"Describe optical display systems that pair a holographic magnifying element with a reflective holographic wavelength‑selective filter positioned either upstream or within the eyepiece, enabling spectral restriction to improve projected image quality or color separation.",1,35,0,0.0,25,ok
2005,6905228,1,summary,"search LED fixtures that use elliptical emitters arranged around a horizontal circle to give a wide horizontal spread (≈120‑150°) with a narrower vertical spread, integrated into stacked cylindrical lenses fixed by screw locking.",1,34,0,0.0,24,ok
2005,6905228,1,keyword,"Search for LED lighting assemblies featuring elliptically emitting diodes mounted radially on a horizontal circle within a cylindrical or unit lens, where each LED provides a 120–150° horizontal divergence and a narrower vertical spread, assembled by screw‑based stacked housings.",1,41,0,0.0,29,ok
2005,6905228,1,function,"Search for LED fixtures using elliptically shaped emitters arranged around a circular base, each providing broader horizontal light spread than vertical to achieve uniform wide‑area illumination with cylindrical lenses and screw‑fastened modules.",2,34,0,0.0,27,ok
2005,6840153,31,summary,"Design a piston‑cylinder where a sealed collar, locked by a positive seat, slides axially when reaching a temperature trigger, and an integrated cutting element removes the circumferential seal during that slide, permitting fluid escape and featuring a groove to receive the cutter, with optional asymmetric cutters.",2,47,0,0.0,29,ok
2005,6840153,31,keyword,"Search for piston‑cylinder assemblies with an axially engaged piston and circumferential seal that employ a temperature‑triggered axial relief movement, where an integrated tongue‑like or stripping surface cutting device removes the seal to vent the working fluid.",1,39,0,0.0,25,ok
2005,6840153,31,function,How to design a sealed chamber with an axial closure that automatically translates under high temperature to sever an O‑ring via an integrated tongue‑like cutter enabling controlled pressure release?,2,31,0,0.0,20,ok
2005,6893590,29,summary,"Method for bonding plastic to metal by coating the metal with adhesive particles, then injection moulding plastic over the coated surface, cooling below melting, followed by reheating to remelt plastic and improve adhesion.",2,33,0,0.0,22,ok
2005,6893590,29,keyword,"Search for processes that coat a metal substrate with a polymer powder, then perform overmoulding via injection molding, cool below the polymer’s softening temperature, and subsequently apply heat or heat‑pressure to re‑soften the plastic for enhanced metal‑plastic adhesion.",2,42,0,0.0,28,ok
2005,6893590,29,function,"Process to secure plastic to metal via powder adhesive, injection‑moulding, cooling down, then localized heat/pressure to remelt the contact region, boosting interfacial adhesion.",1,25,0,0.0,19,ok
2005,6918255,27,summary,"A technique for suppressing carbon deposition on gas turbine fuel components in hot fluid surroundings by encasing the part in an insulating sleeve that directs a flow of chilled air or coolant through an annular channel, regulated by a manifold and pump.",1,42,0,0.0,24,ok
2005,6918255,27,keyword,"Insulative jacket cooling system for a gas turbine fuel delivery element using pumped coolant, annular airflow channels formed by spacers, manifold with multiple branches, and heat‑resistant conduits to eliminate deposition in high‑temperature zones.",2,35,0,0.0,26,ok
2005,6918255,27,function,"Investigate cooling methods for high‑temperature turbine fuel lines that eliminate soot, using a jacket surrounding the component with an annular chilled‑air or liquid channel, spacers to center the jacket, and optional manifold for multiple sections.",2,37,0,0.0,24,ok
2005,6860875,13,summary,"Endoscopic foramen‑based catheter method for temporary sacral nerve blockade delivering anesthetics to S2‑S4 and sympathetic/parasympathetic plexuses with dual‑side, continuous analgesia.",1,24,0,0.0,18,ok
2005,6860875,13,keyword,"search for endoscopic sacral nerve blockade techniques employing a steerable needle‑catheter system through sacral foramina with real‑time video guidance, targeting S2–S4, sympathetic trunk, pelvic and hypogastric plexuses, local anesthetic infusion and fixation method.",2,36,0,0.0,29,ok
2005,6860875,13,function,"Search for endoscopic sacral nerve blockade techniques using foramen-directed catheter and video guidance, enabling temporary interruption of sympathetic and parasympathetic fibers of S2‑S4 to relieve pelvic and lower limb pain during surgery.",2,34,0,0.0,25,ok
2005,6906772,9,summary,"Search for LCD structures employing dummy‑region seals on the first substrate over gate elements and a peripheral seal with injection port that sets an identical cell‑gap thickness, together with fabrication steps removing insulation and passivation layers to expose the substrate.",2,42,0,0.0,28,ok
2005,6906772,9,keyword,"Search for LCD panel technologies featuring identical cell‑gap thickness seals in dummy and peripheral regions, with gate electrode, gate insulation, and passivation layers on the drive substrate, and a single injection port seal beside the panel edge, plus a liquid crystal film between substrates.",2,45,0,0.0,32,ok
2005,6906772,9,function,"Search for substrate‑coupled panels featuring dummy and active zones, dual sealing layers with matched cell‑gap thickness, and peripheral injection opening for fluid filling, enabling uniform gap control and simplified fabrication steps.",2,33,0,0.0,25,ok
2005,6862765,26,summary,Search for tools with releasable locking of a bit insert through a handle socket that uses a movable latch inside a tunnel and conical ball‑filled holes to push or release the insert against annular grooves.,1,36,0,0.0,22,ok
2005,6862765,26,keyword,"Search for a handheld tool comprising a bit with a working head and annular groove insert, a handle with socket cavity and joint, and a releasable locking mechanism employing a slidable latch, tapered bore, and spring‑pressed balls that engage the grooves.",2,42,0,0.0,25,ok
2005,6862765,26,function,"Looking for adjustable gripping tools featuring a handle with nested cavities and a latch that slides within a parallel tunnel, employing truncated conical channels and ball bearings to lock or release a tool bit insert in place.",1,37,0,0.0,23,ok
2005,6868683,12,summary,Dynamic data‑center rack cooling system employing a fan‑powered plenum with multiple adjustable return vents that sense rack temperatures and automatically modify airflow and return paths to keep servers within a preset temperature range.,1,35,0,0.0,26,ok
2005,6868683,12,keyword,"data center rack cooling system comprising fan‑driven cooling device, plenum with variable‑resistance return ducts, outlet fluid‑communicating with fan, temperature‑sensing racks, adaptive control varying return flow and fan speed based on thermal deviation.",1,36,0,0.0,30,ok
2005,6868683,12,function,"Search for systems that dynamically adjust cooling fluid flow through multiple return channels in data center racks, using temperature sensing to vary return flow and fan output, enabling responsive air distribution and temperature regulation.",1,34,0,0.0,26,ok
2005,6837438,6,summary,"Search for contactless IC devices that extend data transmission range using a booster unit: a primary coil induces RF energy in an external reader while the IC module contains a secondary coil integrated with the chip to amplify and receive modulated signals, achieving longer communication distance without direct contact.",3,49,0,0.0,35,ok
2005,6837438,6,keyword,Search for prior art on a non‑contact integrated circuit module incorporating an IC element and two electrically coupled coils—one as a booster for electromagnetic induction—designed to elongate wireless communication distance with external appliances via integrated coil‑connected data transfer.,3,42,1,0.03333333333333333,30,failed_constraints
2005,6837438,6,function,"Search for wireless IC systems using a booster coil to inductively link an integrated circuit with a remote device, where the IC contains an integrated second coil for bidirectional data exchange.",1,31,0,0.0,19,ok
2005,6904428,6,summary,"Search system that interprets plain‑text business inquiries, selects relevant warehouse datasets via metadata, queries tables and external documents, merges results, and directly presents concise answers while offering links to source records.",2,32,0,0.0,26,ok
2005,6904428,6,keyword,"Search for intranet mediator solutions that instantly deliver answers by fusing structured data warehouses with external unstructured repositories, leveraging parser components, metadata-driven source selection, semantic query enhancement, and aggregated result synthesis for business intelligence.",2,35,0,0.0,27,ok
2005,6904428,6,function,"How to provide immediate answers to spoken or typed queries in a corporate intranet by parsing key terms, selecting relevant integrated data repositories using metadata, searching both internal structured stores and external unstructured documents, merging results, and presenting a single answer with source references?",2,44,0,0.0,32,ok
2005,6932417,32,summary,"Track system enabling a sliding vehicle door to move fully rearward beyond the standard opening, using roller assemblies housed in multiple tracks and a telescopic coupling that allows the door to extend then retract for full opening, reducing load on the primary track.",2,43,0,0.0,29,ok
2005,6932417,32,keyword,"extended rearward sliding door rail system for automotive side opening featuring upper, middle, and lower linear tracks, separate roller assemblies, and dual‑member extension arms with coupled outer and inner links for progressive articulation and weight‑bearing, plus a passive latch for automatic lock release.",2,45,0,0.0,34,ok
2005,6932417,32,function,"Sliding vehicle door system using multi‑track roller assemblies with interlinked extension mechanisms that permit progressive extension and retraction for full rearward opening, with load‑bearing lower track support and an automatic latch that locks the extension during normal opening.",1,40,0,0.0,29,ok
2005,6949579,16,summary,"Retrieve patents for indazole compounds featuring variable heteroatom‑based linkers (O, S, NH) and R3‑R7 substituents such as aryl, alkyl, halogen, nitro, and sulfonyl groups designed for medicinal activity.",1,30,0,0.0,21,ok
2005,6949579,16,keyword,"Search for indazole derivatives with heteroaryl, aryl, alkyl, cycloalkyl, polycycloalkyl, or alkenyl groups at N‑positions 1 and 3, bearing halogen, nitro, amino, trifluoromethyl, or fluorinated substitutes; including amide, ester, ether, sulfonyl, or heteroarylalkyl linkages for medicinal chemistry.",1,38,0,0.0,25,ok
2005,6949579,16,function,"Search for indazole‑containing small molecules with diverse heteroaryl and alkyl substituents, including amides, sulfonamides, halides, and heteroaromatic side chains, targeting biological activities such as kinase inhibition, anticancer, or antimicrobial properties in medicinal chemistry.",2,34,0,0.0,25,ok
2005,6856114,1,summary,Search for sensorless rotor position measurement in a permanently excited synchronous machine using dual current space vector measurements with inverted magnetization to obtain a two‑peak sinusoidal amplitude pattern for 360° resolution.,3,32,6,0.2608695652173913,23,failed_constraints
2005,6856114,1,keyword,Sensorless rotor position detection in permanently excited synchronous motor using converter-driven stator flux pattern and current vector magnitude analysis by evaluating two inverse magnetization measurements for 360° unambiguous determination via saturation.,3,32,2,0.07692307692307693,26,failed_constraints
2005,6856114,1,function,"Search for sensor‑less rotor position detection in converter‑driven synchronous generators that infer angle by analyzing sinusoidally varying magnitude of the electrical current under alternating excitation, exploiting magnetic saturation to obtain distinct peak values over a full revolution.",2,39,0,0.0,29,ok
2005,6972971,1,summary,"Search for SMPS employing a capacitor‑charged regulator that dynamically adjusts supply voltage by a controllable switch, feeding pulse‑width modulation logic and using a start‑up trigger based on stored energy, thereby reducing component count while enhancing efficiency.",3,39,1,0.034482758620689655,29,failed_constraints
2005,6972971,1,keyword,"Patent search for AC to DC rectifier with transformer, feedback‑driven PWM driver employing a capacitor‑based regulator controlled by a high‑voltage switch, UVLO/bandgap start‑up, JFET‑based low‑voltage step‑down, and capacitor charge/discharge cycling to modulate supply voltage.",2,43,0,0.0,33,ok
2005,6972971,1,function,"Identify prior art for a switching regulator that utilizes a capacitor bank and a secondary switch‑controlled transmitter to adjust output voltage by charging and discharging the capacitor, while a PWM driver controls the primary switch to produce the desired secondary DC.",3,42,0,0.0,26,ok
2005,6929439,31,summary,"Search for a non‑rotating washer that locks a bolt shaft during nut tightening, featuring combined inner/outer rings with interlocking turning‑resistant surfaces to prevent bolt rotation while permitting axial displacement.",1,32,0,0.0,24,ok
2005,6929439,31,keyword,"Search for anti‑rotation lock washers with a dual‑part radial construction: an inner threaded core and outer bearing shell, featuring an axial lock surface and friction contact to nut and part, allowing bolt elongation while preventing rotational transfer.",1,39,0,0.0,28,ok
2005,6929439,31,function,"Search for a non‑rotating washer that locks a nut’s torque to the bolt while allowing the bolt to extend or retract axially, using an interlocked inner‑outer ring design, friction bearing faces, and press‑fit engagement to keep the bolt from turning during tightening.",2,46,0,0.0,29,ok
2005,6964585,1,summary,"An insulated connector housing with internal dividing walls creates separate cavities; two mirrored terminal modules on opposing sides each have a PCB and terminals extended into the cavities, with surge suppressors mounted on each PCB to provide symmetrical, high‑density interconnects.",2,41,0,0.0,28,ok
2005,6964585,1,keyword,"Search for a dielectric connector housing with mirrored front and rear mating faces, internal dividing walls creating opposing cavities, dual PCB‑mounted terminal modules and integrated surge suppression devices electrically linking corresponding front/rear terminals across symmetrical passageways.",3,38,4,0.12903225806451613,31,failed_constraints
2005,6964585,1,function,"Search for connector assemblies that couple multiple terminal modules with integrated surge suppression devices between mirror-symmetric housing chambers, using horizontal mating ports and internal dividing walls to route through‑pin connections, enabling symmetrical PCB‑based signal routing and inline voltage protection.",2,42,0,0.0,34,ok
2005,6950766,12,summary,"Search for industrial monitoring systems that aggregate plant process data using identifiers, forward grouped data only when a condition shift is recognized, synchronizing fixed parameters across sensor and control units via shared databases.",2,33,0,0.0,25,ok
2005,6950766,12,keyword,"Search for plant monitoring systems employing distributed tag databases, identifier‑based process data grouping, event‑triggered transmission of collected plant information, synchronized monitoring and controlling units, and identification of plant state transitions to trigger data broadcast.",2,36,0,0.0,28,ok
2005,6950766,12,function,"Search for systems that group plant process data by identifier, transmit only when plant condition changes, share fixed parameters between monitoring and control units through a common database, and distribute updates from an editor to both units simultaneously.",3,38,0,0.0,26,ok
2005,6980030,5,summary,"Search for programmable integrated circuits that embed a logic block with a counter‑like component and a flexible decoder, which asserts an output only when the decoder’s programmed pattern matches the block’s value, using don't‑care bits for selective comparison.",2,43,0,0.0,25,ok
2005,6980030,5,keyword,"Search for programmable logic circuits featuring a configurable counter or shift register with a programmable decoder integrated into a macrocell that compares its output against stored configuration data, outputting a synchronous signal through an interconnect matrix.",3,36,1,0.043478260869565216,23,failed_constraints
2005,6980030,5,function,"Search for programmable logic circuits featuring a configurable counter or shift register integrated with a decoder that triggers an output only when the counter/shift register value matches a programmable, possibly don't‑care, pattern defined in configuration memory.",3,39,3,0.125,24,failed_constraints
2005,6871851,25,summary,"Search for apparatus that arranges piles of sheet media on a discharge tray with a pair of movable arranging members driven at a single fixed lateral position, using end‑face contact to align sheets while also sorting groups perpendicular to the discharge path, minimizing drive power.",1,46,0,0.0,31,ok
2005,6871851,25,keyword,"sheet medium handling system with dual arranging modules and a low‑power driving system, featuring a receptacle tray with recessed receiving points aligned perpendicular to discharge flow for precise pile alignment and automatic sorting of stacked sheets.",2,37,0,0.0,26,ok
2005,6871851,25,function,"sheet material sorting apparatus utilizing dual arranging members that simultaneously align piled sheets in a fixed perpendicular position and rearrange them into groups via low‑power drive, maintaining precision at varying stack heights",1,33,0,0.0,24,ok
2005,6855940,1,summary,"In a vacuum‐based particle‑beam system, the sample mount incorporates a tilt mechanism on sidewalls, while optical and laser‑height sensors are affixed to the same rotating shaft, keeping them aligned with the stage regardless of tilt changes.",2,39,0,0.0,24,ok
2005,6855940,1,keyword,"Charged particle microscope with rotatable sample stage inclination mechanism, integrated optical and laser height detection units mounted on the rotation support, preserving independent reference height during stage tilt and preventing disturbance to attached optical instruments in a sealed imaging chamber.",3,40,3,0.1,30,failed_constraints
2005,6855940,1,function,"System with an angled substrate holder inside a vacuum enclosure and a rotary support allowing integrated optical, laser or height‑sensing detectors to co‑rotate, preserving a fixed reference plane during tilting of the substrate for charged‑particle imaging.",3,39,0,0.0,26,ok
2005,6947593,6,summary,"Search for digital image processing techniques that convert RGB photographs into metallic or antique styles by first deriving a grayscale version, then blending the two with an 80/20 weighted mix to produce a stylized output suitable for on‑screen viewing or printing.",1,43,0,0.0,27,ok
2005,6947593,6,keyword,"Search for image processing methods combining RGB and luminance data with weighted blending (≈80% color, 20% grayscale) to produce aged or metallic‑like tones on digital photocopiers and printers, including grayscale conversion steps.",2,33,0,0.0,24,ok
2005,6947593,6,function,"Searching for methods that convert RGB images to grayscale, then apply a weighted blend (≈80% color, 20% gray) to generate an aged or antique-looking effect for display or printer output.",2,31,0,0.0,20,ok
2005,6963133,8,summary,"Search for a semiconductor module with a heat‑generating die flanked by two facing heat sinks, each bonded to a compressible insulation layer that remains exposed during resin encapsulation, thereby eliminating the need for additional insulating plates.",2,37,0,0.0,25,ok
2005,6963133,8,keyword,"Search for prior art on semiconductor packages featuring dual opposing heat sinks with compressible insulation layers bonded to the sinks, encapsulated in a molding material that does not encase sink surfaces, preserving sheet exposure for thermal management.",3,37,0,0.0,26,ok
2005,6963133,8,function,"Semiconductor device with dual opposing heat sinks, integrated deformable insulating layers, and a resin enclosure that leaves these layers exposed, aiming to efficiently transfer heat from opposite sides of a thermally active chip while protecting it during molding.",2,38,0,0.0,27,ok
2005,6881931,29,summary,"Search for prior art on glass tempering furnaces that use rollers and a pressurized air system, capturing furnace air, boosting its pressure, and directing hot jets perpendicularly onto the glass's upper surface for enhanced heating.",1,36,0,0.0,24,ok
2005,6881931,29,keyword,"Search for patents of glass tempering furnaces that employ horizontal support rollers and pressurize hot air jets directed perpendicularly onto the upper glass surface, where furnace air is sucked, pressurized above 0.1 bar, and redirected onto the glass face for rapid heating.",3,43,3,0.10344827586206896,29,failed_constraints
2005,6881931,29,function,"Search for devices that heat glass in a tempering furnace by drawing internal furnace air, pressurizing it above ambient pressure, and directing it perpendicularly onto the glass surface while it rolls inside.",2,32,0,0.0,20,ok
2005,6957018,3,summary,"How to accelerate optical packet switching by sending placeholder packets from idle inputs, resolving contention across multiple input and output routers, calculating target addresses for control signals, and eliminating these placeholder packets at the receiving end using address comparison mechanisms.",2,40,0,0.0,30,ok
2005,6957018,3,keyword,"Optical packet switch design with input buffers, parallel‑to‑serial converters, electrical‑to‑optical transceivers, idle‑input dummy packet injection, output optical/electrical converters, serial/parallel reduction, destination‑address comparators, packet‑erasing logic, and contention‑resolution control for dynamic routing.",1,40,0,0.0,33,ok
2005,6957018,3,function,"Search for optical packet switching systems that insert placeholder frames on idle inputs, and suppress them at outputs using address comparison or code recognition, enabling rapid routing decisions even with many channels or high‑speed operation.",2,36,0,0.0,25,ok
2005,6931944,10,summary,ultrasonic flowmeter measuring head with cast coupling element and housing forming a contact surface; incorporates at least a 1‑mm gap at the contact area to offset tolerances and enhance heat transfer.,1,32,0,0.0,20,ok
2005,6931944,10,keyword,"Ultrasonic flowmeter measuring head with cast coupling component and housing forming a heat‑transfer contact surface, including piezoelectric transducer, connector, partially open enclosure, and minimum 1 mm clearance at contact zone to compensate fabrication tolerance.",2,35,0,0.0,26,ok
2005,6931944,10,function,"Search for ultrasonic flowmeter measuring heads that cast the coupling element and housing together, creating a contact surface for efficient heat transfer, while maintaining at least 1 mm separation to offset manufacturing tolerances.",1,33,0,0.0,22,ok
2005,6837233,27,summary,What prior art describes a vehicle engine management system where a controller preprocesses oxygen sensor data and combines it with secondary sensor inputs to send refined signals to an ECU that dynamically adjusts fuel delivery?,2,35,0,0.0,22,ok
2005,6837233,27,keyword,"Search for systems where a signal‑processing controller intercepts and recalibrates exhaust O₂ sensor outputs, integrates additional engine‑parameter sensors, and forwards corrected signals to an ECU for adaptive fuel injector modulation in automotive powertrains.",2,35,0,0.0,23,ok
2005,6837233,27,function,"Device that preprocesses oxygen sensor data and auxiliary sensor signals, then feeds adjusted readings into a vehicle engine controller to produce refined injector commands, enhancing combustion performance and reducing emissions.",2,30,0,0.0,22,ok
2005,6944723,6,summary,"Search for data processing systems where a shared memory can alternately store executable code or working data controlled by a selector that connects either the computing core or the data buffer to the memory, improving dual‑purpose memory use and processing efficiency.",2,42,0,0.0,27,ok
2005,6944723,6,keyword,"Search for data processing units featuring a programmable core, separate buffers, a shared memory toggling between code and data under a control register, connected through an internal bus, and an interface that syncs dual channel buffers during idle periods.",2,39,0,0.0,28,ok
2005,6944723,6,function,"How to enable a data processing unit where a shared memory alternates between hosting executable code and data buffers under a control unit’s selection pattern, allowing the processor to execute programs while a buffer manager handles data access simultaneously over a shared bus?",1,44,0,0.0,31,ok
2005,6917331,10,summary,"Search for a GPS or cellular receiver method that multiplies received signal segments with a hypothesis, uses detected frame‐boundary positions to choose an integration window, and accumulates the products to generate cumulative correlation for signal detection.",3,37,1,0.043478260869565216,23,failed_constraints
2005,6917331,10,keyword,"GPS receiver coherent integration of complex samples multiplied by hypothesis for correlation data, frame boundary detection, segment processing, cumulative correlation, wireless transceiver, voice communication system, signal tracking, detection algorithms",3,29,1,0.041666666666666664,24,failed_constraints
2005,6917331,10,function,"Search for methods or devices that compute correlation between received complex signal samples and hypothesis data by forming products at detected frame boundaries, then performing coherent integration conditioned on the boundary position, and using the accumulated correlation results for signal detection or positioning.",1,43,0,0.0,29,ok
2005,6973710,2,summary,"Develop a method and apparatus that pattern a substrate with areas of differing surface energy, then direct a metal‑bearing liquid only to the high‑affinity regions to fabricate an RFID antenna without uncontrolled spreading.",2,35,0,0.0,22,ok
2005,6973710,2,keyword,"selectively patterning micro‑wiring on RFID tag substrates using organosiloxane or fluoroalkylsilane films with controlled wettability, applying metal‑containing functional liquid to high‑affinity zones via mask exposure and localized delivery system.",1,32,0,0.0,25,ok
2005,6973710,2,function,"How can a manufacturing system apply a metal-based solution to a substrate patterned with zones of varying surface energy, enabling selective wetting and precise micro-antenna formation for RFID tags by using a photosensitive siloxane or fluoroalkylsilane layer and optical masking?",3,42,0,0.0,28,ok
2005,6952401,4,summary,"Develop a dynamic load‑balancing mechanism for aggregated Ethernet links that monitors packet flow characteristics—such as size, rate, and queue depth—and selectively redirects flows to secondary trunk links when thresholds are exceeded, minimizing congestion and optimizing channel utilization.",2,40,0,0.0,28,ok
2005,6952401,4,keyword,"Search for patents on adaptive load‑balancing in Ethernet link aggregation where a network switch evaluates packet flow volume against a preset limit, identifies candidate flows based on packet size comparison and queue depth viability, and dynamically re‑routes the flow across aggregated links.",3,44,0,0.0,32,ok
2005,6952401,4,function,"Search for threshold‑driven packet routing methods in aggregated port environments, where individual frame sizes and flow rates are evaluated against limits, and switching to alternate physical links is triggered by queue capacity and switching frequency constraints.",3,37,0,0.0,25,ok
2005,6871659,34,summary,"Telescoping sunshade post with a rotating reel handle that winds a cord around shaft portions and into tube grooves, enabling adjustable shade while retaining an extended position with a secure locking system.",1,32,0,0.0,21,ok
2005,6871659,34,keyword,"Sunshade assembly featuring a telescoping upper and lower tube post, cord‑through holes, a reel handle with a rotatable shaft that winds cord, a lower tube with an outer longitudinal groove guiding the cord, and a half‑ring clamping member securing the tubes.",2,43,0,0.0,28,ok
2005,6871659,34,function,"Sunshade with telescoping tubes and a rotating roll‑handle that pulls a cord through a threaded guide, enabling automatic retraction while clamps keep the upper and lower sections locked in extended form for outdoor use.",2,35,0,0.0,23,ok
2005,6975033,8,summary,"Semiconductor package with a substrate, active device, and low‑k dielectric interlayer; a buried conductive plug and wiring embedded within; a high‑stiffness barrier placed adjacent to the plug to mechanically isolate it from the low‑k material, improving structural integrity while maintaining electrical performance.",2,45,0,0.0,29,ok
2005,6975033,8,keyword,"Search for semiconductor packages that use a substrate with integrated components, a low‑permittivity insulating layer over the wafer, buried metal plugs and interconnects, and a rigid high‑modulus dielectric layer contacting plug sides to mechanically isolate the low‑k material.",2,41,0,0.0,27,ok
2005,6975033,8,function,"Search semiconductor structures with a substrate holding an integrated component, a dielectric layer of relative permittivity ≤3, buried conductive plug and interconnect, plus a high‑modulus insulating film contacting the plug’s side to electrically and mechanically isolate the dielectric.",3,40,0,0.0,25,ok
2005,6872224,13,summary,"A minimally invasive system that employs a retractable inserter with a nose cone, trigger‑activated wires, and a sheath to precisely deliver a tubular repair element into a damaged conduit, ensuring accurate placement.",2,33,0,0.0,20,ok
2005,6872224,13,keyword,"Search for tubular insertion device featuring a truncated-conical nose cone with spherical-cap base, eyelet-equipped prosthesis, trigger-driven dragging wires routed through eyelets, axial shearable sheath, and core shaft handle for catheter-guided deployment inside tubing systems.",2,39,0,0.0,32,ok
2005,6872224,13,function,"search for tubular delivery device that inserts a tubular prosthesis into a pipeline via a needle‑like nose cone, employing a sheath, trigger‑activated wires threaded through eyelets, and a socket‑equipped base to pull the prosthesis to the target site.",1,41,0,0.0,26,ok
2005,6904416,4,summary,"Search for methods enabling electronic notarization of commerce documents through a network‑based transaction manager that gathers party data, assigns secure passwords, captures handwritten signatures and seals digitally, and records a legally enforceable electronic journal.",1,35,0,0.0,26,ok
2005,6904416,4,keyword,"paperless digital notarization platform with secure document repository, client workstation, server‑side transaction orchestrator, integrity verification engine, signature capture device, notarization console, encrypted signature token, notary confirmation, audit trail generation, and secure storage architecture",2,34,0,0.0,30,ok
2005,6904416,4,function,"paperless electronic notarization platform for e‑commerce, combining electronic signature capture, notary seal input, password‑protected workflow, rule‑based integrity verification, and electronic notarization journal creation; enabling legally binding e‑transactions requiring live notary public participation.",3,36,4,0.13333333333333333,30,failed_constraints
2005,6849257,16,summary,"Identify prior art for systemic delivery of lipase enzymes to catalyze hydrolysis of lipid deposits in arterial walls, targeting cellular uptake into lysosomes to reduce plaque buildup.",3,27,0,0.0,18,ok
2005,6849257,16,keyword,"a method for in‑situ atherosclerotic plaque reduction by administering a safe dose of a lipid‑hydrolyzing enzyme that targets cell surface receptors for lysosomal uptake in mammals, employing catalytic or stoichiometric hydrolysis of lipid deposits.",2,36,0,0.0,22,ok
2005,6849257,16,function,"search for methods enabling removal of plaque from arteries by delivering enzymes that hydrolyze lipid within lysosomes, particularly lysosomal acid lipase dosage regimens for reducing atherosclerotic plaques in patients.",3,29,2,0.1,20,failed_constraints
2005,6869454,14,summary,"Search for hair dyes achieving improved fastness using nitro‑benzoxadiazole or nitro‑benzothiadiazole derivatives that replace conventional aromatic dyes, enabling low‑temperature processing and broad color range on keratin.",1,29,0,0.0,22,ok
2005,6869454,14,keyword,"Search for 7‑nitro‑2,1,3‑benzthiadiazole derivatives used as keratin fiber dyeing agents, with halogen or alkyl substituents, quaternary ammonium or sulfonium counterions, operating at 15–45 °C for 1–60 min.",3,34,0,0.0,19,ok
2005,6869454,14,function,"Search for prior art on hair dyeing agents containing nitrogen‑sulfur heteroaromatic compounds with nitro groups used to color keratin fibers, and methods applying these dyes within 15‑45 °C temperature ranges and rinsing procedures.",3,35,1,0.038461538461538464,26,failed_constraints
2005,6954046,1,summary,Method for regulating motor supply by measuring reactive power in its input lines and setting the duration of an electronically controlled series switch to remain open.,2,26,0,0.0,15,ok
2005,6954046,1,keyword,"Control strategy for alternating current electric motor input using semiconductor switch, assessing reactive power in two supply conductors over a time window, and keeping the switch non-conducting for a duration derived from reactive power measurement",2,36,0,0.0,26,ok
2005,6954046,1,function,Search for inventions that regulate power to an AC induction motor by evaluating reactive load on its phase conductors and then temporarily disabling a solid‑state switch for a duration calculated from that reactive load analysis.,3,36,1,0.047619047619047616,21,failed_constraints
2005,6926523,13,summary,"Search for orthodontic brackets that use a compliant spring or deformable plate between the bracket head and base to cushion tooth contact, flex under orthodontic force, and transmit corrective pressure while minimizing patient discomfort.",1,34,0,0.0,24,ok
2005,6926523,13,keyword,"Flexible orthodontic bracket incorporating a spring‑like conical dome with a peripheral weldable lip, integrated within a slot head and base piece, designed to flex under orthodontic wire pressure for cushioned force delivery and patient comfort.",2,36,0,0.0,26,ok
2005,6926523,13,function,"Search prior art for orthodontic bracket that incorporates a cushioned flexible spring element between the tooth‑anchored base and the archwire slot, such that archwire loading flexes the spring to transmit force to the tooth while reducing patient discomfort.",1,39,0,0.0,26,ok
2005,6866361,28,summary,"Search for systems incorporating a mobile cleaning assembly for inkjet nozzles that sequentially gathers and evacuates ink deposits before wiping, using a blade or roller, in printers with belt‑driven media transport.",3,32,0,0.0,21,ok
2005,6866361,28,keyword,"maintenance unit inkjet head with purge cap contacting nozzle face, sequential ink receiving member with protrusions, wiping roller, knife-edge blade, belt-driven belt conveyor, ink recovery, nozzle cleaning sequence, purge operation, nozzle surface cleaning, ink collection, maintenance mechanism",3,39,2,0.05714285714285714,35,failed_constraints
2005,6866361,28,function,"Search for ink‑jet printers with maintenance units that sequentially purge, absorb ink using protrusion‑array collectors, clean nozzle faces with an ink‑removing roller, and then apply a blade to clear residual ink—ensuring continuous operation without clogging.",3,39,1,0.034482758620689655,29,failed_constraints
2005,6942348,2,summary,Projector lamp enclosure employing asymmetric air inlet and dual‑fan system to generate swirling airflow for efficient cooling with less air and optimized reflector cooling.,1,25,0,0.0,18,ok
2005,6942348,2,keyword,"Search for projector lamp assemblies featuring a reflective light source housed in a rectangular parallelepiped case, employing asymmetric inlet openings to generate swirling airflow, combined with front‑mounted blower fans and rear exhaust fans to cool both lamp core and reflector surfaces while minimizing airflow volume.",3,46,0,0.0,35,ok
2005,6942348,2,function,"Projector lamp enclosure featuring an asymmetric top‑wall air inlet that generates swirling airflow, paired with a blower and rear exhaust fan to force cool air onto the lamp housing and reflector, achieving efficient cooling with minimal airflow.",1,38,0,0.0,27,ok
2005,6900947,9,summary,"Find prior art for a multi‑unit zoom lens with adjustable gaps that uses a cemented triplet featuring a convex‑to‑object and concave‑to‑image surface, a central aperture stop, and defined curvature ratios to control wide‑angle focal length and field curvature.",2,44,0,0.0,29,ok
2005,6900947,9,keyword,"Search for imaging lens device with variable‑gap zoom system composed of negative–positive–positive units, a cemented triplet with front convex/back concave surfaces, aperture stop between first and second units, and conditions on R21,R24, Fw, and principal‑ray distances at maximum view angle.",3,46,1,0.029411764705882353,34,failed_constraints
2005,6900947,9,function,"Searching for imaging optical systems that use adjustable inter‑lens gaps and a cemented triplet to provide continuous zoom, while maintaining specified curvature and distance ratios to preserve image quality for mobile cameras.",3,33,0,0.0,23,ok
2005,6843749,32,summary,"Invented a versatile vehicle powertrain that utilizes a single-ratio power unit with a differential and selectively engaged clutches and brakes to create multiple effective speed ratios, enabling seamless transition between two‑wheel and all‑wheel power delivery for ground transport applications.",2,42,0,0.0,30,ok
2005,6843749,32,keyword,"Search for a motor vehicle drive train system comprising a motor-driven integrated differential, dual output shafts, first and second axle differentials, a selective clutch for coupling or uncoupling the second output shaft, and a braking member applied to the second output shaft for two‑or four‑wheel drive operation.",3,50,7,0.21212121212121213,33,failed_constraints
2005,6843749,32,function,"electric vehicle fixed‑ratio transaxle coupled with an integrated differential and selective clutch‑brake system for variable axle distribution, achieving multiple effective gear ratios by altering output shaft speeds, enabling two‑or multi‑axle drive modes for airport ground support.",3,40,3,0.0967741935483871,31,failed_constraints
2005,6975830,9,summary,"Search for image‑forming devices or cartridges that integrate a waste‑toner container into the removable cover, collect toner from the cleaning unit, convey it within the cover space, and enable compact waste handling with easy cartridge attachment.",2,38,0,0.0,24,ok
2005,6975830,9,keyword,"Search patents describing an image forming apparatus with a frame cover mounted on a frame body, an integrated toner collection chamber, a conveying waste‑toner system, a detachable process cartridge, and an image carrier that incorporates cleaning components.",3,38,1,0.04,25,failed_constraints
2005,6975830,9,function,"Search for image forming apparatuses or process cartridges that integrate a waste toner collection unit within the frame cover, allowing a cleaning mechanism to remove and funnel residual toner into a detachable container fitting inside the machine for efficient toner recovery.",1,41,0,0.0,27,ok
2005,6925354,29,summary,"User‑friendly platform for programming a plastic forming machine, where cycle parameters are entered, safety logic defined for permissible motion patterns, and graphical operation units are assigned, with conditions saved to a central processor and updateable via data media.",2,39,0,0.0,26,ok
2005,6925354,29,keyword,"control system for molding equipment with graphical interface inputting cycle parameters, setting safety logic via selectable motion modules, storing Boolean safety conditions, and allowing authorized remote updates from external memory.",2,30,0,0.0,24,ok
2005,6925354,29,function,"Search for computer‑controlled injection moulding apparatus that allows operators to enter cycle parameters via a graphical interface, select and configure basic motion modules, define Boolean safety constraints preventing specific movement sequences, and store these settings for execution of multiple cycles.",2,41,0,0.0,31,ok
2005,6862845,35,summary,"Search for safety devices that prevent a sliding door from abruptly closing when its counterbalance spring fails, using a sensor‑actuated catch that engages a ratchet wheel to stop the door’s movement when the spring breaks.",1,37,0,0.0,21,ok
2005,6862845,35,keyword,"Search prior art for overhead door safety mechanisms incorporating a drop‑catch system where a cam‑driven member linked to a balance spring actuates a pawl on a ratchet wheel connected to the door leaf’s winding axle, locking motion when the spring breaks.",3,44,3,0.10714285714285714,28,failed_constraints
2005,6862845,35,function,"Search for devices that lock an overhead door’s winding axle when its balancing spring fails, using a ratchet wheel and an actuation member that moves a pawl into a blocking position to prevent rapid leaf closure.",2,37,0,0.0,21,ok
2005,6873674,6,summary,"Search for a paper money counting device that automatically stops the motors when an unintended item is detected in the feed or exit, using sensors to adjust speed and ensure safe operation during currency transport.",2,35,0,0.0,21,ok
2005,6873674,6,keyword,"Search for a currency counting apparatus featuring a friction roller feed system, electronic circuitry that halts drive motors upon detection of foreign objects, and integrated optical and speed sensors for adaptive safety control.",2,33,0,0.0,23,ok
2005,6873674,6,function,"Search for paper currency counting devices that use optical feeding sensors, speed‑adjusting motors, and automatic shutdowns triggered by foreign object detection at input or output, preventing jams and ensuring safe operation.",1,32,0,0.0,23,ok
2005,6933077,1,summary,Search for electrochemical devices using ultra‑thin polymer support films (~1‑15 µm) coated with sub‑3 µm conductive metal layers and 5‑500 nm protective conductive skins to improve current transfer in solid‑electrolyte thin‑film cells.,3,38,2,0.07692307692307693,26,failed_constraints
2005,6933077,1,keyword,"Search for thin‑film electrochemical cell current collectors using a polymer support layer (1‑15 µm), a sub‑3 µm conductive metallic interlayer deposited by vapor deposition, and a 5‑500 nm protective metal or metal‑oxide conductive coating.",3,39,4,0.16,25,failed_constraints
2005,6933077,1,function,"Search for flexible energy storage devices using a polymer‑based substrate with a sub‑3‑µm conductive metal coating applied by vapor deposition, topped with a 5–500‑nm conductive protection layer, enabling high‑current density operation while preserving mechanical integrity.",2,41,0,0.0,29,ok
2005,6884838,19,summary,"Fiberglass composites face processing and moisture issues; the invention offers an aqueous binder from a polycarboxylic acid polymer fatty‑acid modified and a polyol, optionally catalysed by an alkali‑metal phosphate, giving easy application and low water uptake.",2,38,0,0.0,26,ok
2005,6884838,19,keyword,"Search for an aqueous polyacrylic acid copolymer modified with an unsaturated fatty acid, blended with a polyol and an alkali‑metal phosphate catalyst, employed as a fiberglass binder exhibiting low water absorption.",3,32,2,0.1,20,failed_constraints
2005,6884838,19,function,"Search for an aqueous resin system that uses a polycarboxylic acid polymer chemically tailored by a long‑chain fatty acid and a polyol component, optionally catalyzed by an alkali metal salt of a phosphorus‑containing carboxylic acid, to produce low‑water‑absorption fiber composites.",3,44,4,0.13793103448275862,29,failed_constraints
2005,6880998,6,summary,Find prior art on systems using a removable tactile overlay on touch screens that transmits key pressure to the display for finger‑position feedback and where software recognizes overlay type to tailor application behavior.,3,34,1,0.045454545454545456,22,failed_constraints
2005,6880998,6,keyword,"Search for prior art on removable keyboard overlays for touch screens that transmit finger pressure to the underlying display, provide tactile or transparency feedback, include a type‑ID read by an overlay detector, power supply handling, and application‑specific response.",2,40,0,0.0,27,ok
2005,6880998,6,function,"Search patents describing a removable keyboard surface that transmits key pressure to a display for input, includes detection of its presence and type, powers its electronics, and lets applications adapt to the overlay.",2,33,0,0.0,19,ok
2005,6961171,29,summary,"Search patents for a two‑platform mobile system that amplifies, corrects, and redirects high‑energy laser beams using phase conjugation and independent articulation, with optical fiber coupling between moving stages.",3,30,3,0.13636363636363635,22,failed_constraints
2005,6961171,29,keyword,"Search for laser beam steering architecture employing a master oscillator, an amplifier integrated with a phase‑conjugate mirror, mobile first and second platforms, beam directors, outcouplers, platform track sensors, and optional fiber‑optic linkage for aberration compensation.",3,37,4,0.14814814814814814,27,failed_constraints
2005,6961171,29,function,"Search for mobile laser beam director system where a first platform houses a laser amplifier with wavefront correction, and a second platform, independently movable, generates, redirects, and fine‑tunes the amplified beam via an articulated beam director or fiber coupling.",2,40,0,0.0,27,ok
2005,6850059,10,summary,"Search for sensor assemblies that use crushed‑rib vibration dampers mounted on the spool periphery, engaging the housing sidewall near electrical joints to lock the spool radially and reduce misalignment from shocks.",1,32,0,0.0,21,ok
2005,6850059,10,keyword,"Search for vibration‑damping features in spool‑based sensor assemblies employing crush‑rib structures that engage the cap sidewall to maintain radial alignment near the connector junction, including harness integration with the spool and a sealing cap defining a cavity.",2,40,0,0.0,27,ok
2005,6850059,10,function,"Search for position sensor assemblies featuring a vibration damping structure that anchors a moving core relative to a housing, employing radial ribs on the core’s peripheral disk to locate it near the core‑cable integration point and absorb motion.",2,40,0,0.0,25,ok
2005,6927508,1,summary,"Search for actuator vibration isolation systems featuring an intermediate securing member that bridges multiple elastic dampening elements resting on support shoulders, preventing radial, axial, and rotational motion transfer to the housing while accommodating oblique support geometry.",2,36,0,0.0,27,ok
2005,6927508,1,keyword,"Searching for patent disclosures describing a decoupling assembly for an actuator comprising elastic damping members positioned between a housing and a central chassis element, with a retaining member engaging multiple damping elements and a shaft alignment that is offset relative to the main axis.",2,44,0,0.0,27,ok
2005,6927508,1,function,"patents on actuator vibration isolation using multiple flexible couplers bonded by a central clamp element that engages separate elastic element sets, enabling decoupling of the motor’s multi‑directional movement from its surrounding enclosure.",2,34,0,0.0,23,ok
2005,6848602,25,summary,"rotary valve coupler fluid delivery assembly featuring a fill‑access closure, housing with side opening, handle‑operated locking interlock to maintain a closed state until coupled, enabling sealed fluid transfer to dispensing system.",2,33,0,0.0,26,ok
2005,6848602,25,keyword,"Search patents on rotatable coupler and closure assemblies featuring interlocking valve handles that align side‑wall apertures for safe fluid transfer between a source and dispensing hardware, preserving closed alignment via a releasable locking interface.",2,35,0,0.0,26,ok
2005,6848602,25,function,"search for rotatable fluid dispensing coupler with integrated closure valve, fluid‑tight housing, handle‑actuated opening/closing, locking mechanism that maintains safe orientation, interlock between closure and coupler valves, permits fill‑through of source, suitable for connection to dispensing equipment.",1,40,0,0.0,31,ok
2005,6858032,13,summary,Search for prior art on an orthopedic rotational tracking guide that fixes a bone saw blade in a fixed plane while allowing the driver to translate and rotate along a removable track attached to bone; enabling precise planar cuts.,1,39,0,0.0,25,ok
2005,6858032,13,keyword,"Orthopedic rotating track guide for bone saw alignment enabling controlled planar osteotomy, using a removable track subassembly supporting a saw driver with translational and rotational freedom, fixable to bone with clamps or screws, ensuring blade remains coplanar for precise bone cutting.",3,41,1,0.03333333333333333,30,failed_constraints
2005,6858032,13,function,"rotating track guide that attaches to bone, keeps a bone saw blade in a fixed plane while its driver can move translationally and yaw along the track, enabling precise planar cuts with removable fixation.",2,34,0,0.0,23,ok
2005,6913843,20,summary,"Create a coated cutting‑tool insert comprising a tungsten carbide–cobalt body with Ti‑Nb‑based cubic carbides and a binder‑rich surface zone devoid of those carbides, aiming for superior edge durability and thermal‑shock resistance.",3,37,4,0.14814814814814814,27,failed_constraints
2005,6913843,20,keyword,"Search for coated cutting tool insert with cemented carbide substrate: 73‑93 wt% WC, 5‑9 wt% cobalt binder, cubic carbides of Ti 0.5‑5%, Nb 1‑10%, Zr up to <6%, Ta <0.3%, and a binder‑enriched surface zone lacking cubic carbide, yielding high edge strength and thermal shock resistance.",3,53,13,0.37142857142857144,35,failed_constraints
2005,6913843,20,function,"Search for coated high‑strength cemented carbide inserts featuring a binder‑rich surface zone devoid of cubic carbides, WC content 73‑93 wt %, cobalt binder 5‑9 wt %, Ti 0.5‑5 wt %, Nb 1‑10 wt %, Zr < 6 wt %, Ta < 0.3 wt %, for improved edge durability and thermal shock resistance in machining.",3,54,2,0.05405405405405406,37,failed_constraints
2005,6896053,35,summary,"Search for in situ thermal treatment of oil reservoirs employing a repeated triangular arrangement of heating elements and injection/production wells, with more than five heaters per well, to enhance pyrolysis efficiency and fluid recovery.",1,35,0,0.0,24,ok
2005,6896053,35,keyword,"Search for in‑situ pyrolysis methods that deploy heat devices in repeating triangular arrays within hydrocarbon‑bearing strata, combining injection and extraction well patterns, where the density of thermal sources exceeds extraction sites by more than fivefold, and employing self‑igniting combustion units.",2,43,0,0.0,31,ok
2005,6896053,35,function,"Search for technologies that use a triangular array of heating elements to thermally treat hydrocarbon formations, with a high heater-to-well ratio (>5.46), differing injection and production well spacings, and optionally employing distributed combustion for in‑situ pyrolysis.",2,40,0,0.0,25,ok
2005,6856523,1,summary,"Looking for a transformer–based switching power supply that employs a voltage‑level shifter to drive a reset transistor outside the primary supply range, thereby actively resetting the transformer core and preventing high‑voltage spikes during switching.",2,37,0,0.0,26,ok
2005,6856523,1,keyword,Search for a forward converter incorporating a voltage‑suppressing transistor driven by a level‑shifting driver that offsets the switching signal from the input source to clamp the primary side peak voltage in a transformer‑based DC‑to‑DC system.,2,40,0,0.0,24,ok
2005,6856523,1,function,Search for transformer‑based power converters using a fast switch and a level‑shifting clamping circuit that resets the transformer core and operates outside the main supply voltage range to enhance regulation.,2,32,0,0.0,21,ok
2005,6874918,32,summary,"Vehicle headlamp system using two independent beam controllers: one modulates horizontal spread of forward light, the other adjusts vertical placement in a coordinated yet speed‑driven manner, compensating for vehicle roll and backing maneuvers.",2,34,0,0.0,26,ok
2005,6874918,32,keyword,"Search for automotive headlamp systems employing dual light‑distribution controls: one steering beam laterally, another adjusting vertically in correlation, with interlocking of downward beam shift to vehicle speed, turn roll compensation, or backup signals enhancing forward‑side visibility.",1,38,0,0.0,30,ok
2005,6874918,32,function,"Search for vehicle headlamp technology that controls horizontal beam spread in sync with vertical beam movement, adjusting downward shift based on lateral change, vehicle speed, and turning dynamics to enhance forward-side visibility during reverse maneuvering.",3,36,0,0.0,27,ok
2005,6886211,33,summary,"Search for a wall‑mounted razor cleaning and storage accessory that uses a textured EVA foam pad to strip hair from blades when stroked in the reverse direction, featuring a hinged housing that clips to a surface and holds spare blades.",3,41,0,0.0,24,ok
2005,6886211,33,keyword,"Search for wall-mounted razor-cleaning unit with a hinged housing that holds spare blades and a texturised foamed pad composed of 70‑80 % vinyl‑acetate polymer, 2‑4 % foaming agent, 0.5‑0.75 % crosslinker, stearic acid ester, calcium carbonate filler, and clay reinforcement.",2,45,0,0.0,30,ok
2005,6886211,33,function,"Search for wall‑mounted razor blade cleaning and storage apparatuses: devices with hinged housing and a foam‑based textured pad that removes hair from blades by reverse stroking, composed of polymeric foam with blowing agent, crosslinker, fatty acid and inorganic fillers.",3,41,0,0.0,28,ok
2005,6844820,9,summary,"self‑propelled automated container system detects service failure, communicates with command center, dispatches a second unit to resolve outage via monitoring or replacement.",2,23,0,0.0,17,ok
2005,6844820,9,keyword,"Search for autonomous mobile storage units equipped with fault detection sensors that communicate with a central data hub, deploying a second autonomous unit for fault resolution via remote inspection and remedial intervention.",2,32,0,0.0,22,ok
2005,6844820,9,function,"Search for automated roaming data containers that detect failure, communicate with central servers, and dispatch auxiliary units to repair or replace the failed unit, employing both passive notification and active monitoring methods.",2,32,0,0.0,22,ok
2005,6860541,32,summary,"Search for patents on automotive retractable roof systems with segmented panels that slide into the rear trunk, employing a pivoting link and internal sliding rail to guide the rear panel's movement and secure storage.",1,35,0,0.0,21,ok
2005,6860541,32,keyword,"Search for an automotive retractable roof system with three rigid panels—front, intermediate, rear—sliding via inter‑panel grooves and engagement pins, where the rear panel’s motion is guided by a pivot arm on the chassis and an internal boot rail finger.",1,43,0,0.0,27,ok
2005,6860541,32,function,Search for retractable vehicle roof systems featuring three rigid panels that slide in tandem; rear panel movement directed by a pivoted arm attached to the vehicle body and a sliding rail inside the rear trunk housing a linked pin.,1,39,0,0.0,26,ok
2005,6903128,16,summary,"Search for non‑peptidic inhibitors of the α4β1 integrin (VLA‑4) featuring a benzimidazole‑carboxylate core with substituted urea side chains, designed to dampen inflammation in autoimmune and pulmonary diseases.",1,30,0,0.0,18,ok
2005,6903128,16,keyword,"Search for non‑peptide VLA‑4 antagonists containing bis‑aryl urea or amide linkages with heteroaryl substituents, CF3 or halo groups, and cycloalkyl or heterocyclic rings, focusing on compounds similar to Formula (1.0.0) with aryl amide cores and substituted N‑alkyl chains for anti‑inflammatory or asthma therapy.",1,50,0,0.0,31,ok
2005,6903128,16,function,"Search for small‑molecule VLA‑4 antagonist structures that block leukocyte integrin binding, with pharmacophores including amidine and substituted aryl amides, enabling treatment of immune‑mediated disease and airway inflammation, focusing on non‑peptidic core scaffolds and functional group diversity.",2,40,0,0.0,29,ok
2005,6939956,15,summary,"Search for recombinant DNA constructs encoding light‑ and heavy‑chain variable domains of an anti‑hepatitis B surface antigen antibody, emphasizing unique complementarity‑determining regions and gene expression vectors for transforming host cells.",3,33,1,0.041666666666666664,24,failed_constraints
2005,6939956,15,keyword,"Identify prior art for DNA encoding the light and heavy antigen‑binding domains of a hepatitis B surface antigen‑specific monoclonal antibody, including the defined CDR1‑3 sequences, recombinant plasmid constructs, and transformed host cells expressing the antibody genes.",2,39,0,0.0,27,ok
2005,6939956,15,function,"Search for techniques that produce recombinant DNA constructs encoding light and heavy chain domains of a hepatitis B surface antigen‑specific monoclonal antibody, allowing expression in host cells to generate antibodies for therapeutic or diagnostic purposes.",2,36,0,0.0,24,ok
2005,6889515,30,summary,"Search for a spray‑cooling apparatus that uses a coaxial fluid line to deliver coolant to a removable module, incorporates a reservoir with an above‑level gas chamber and condensing return path, and allows air venting without interrupting operation.",1,39,0,0.0,25,ok
2005,6889515,30,keyword,"Search for coaxial‑tube integrated heat‑exchanger unit featuring a reservoir, gas chamber, pressure‑relief valve, condensing passage, and pump for efficient semiconductor chip thermal management of electronic devices.",3,29,2,0.09090909090909091,22,failed_constraints
2005,6889515,30,function,"Search for solutions that use a spray module combined with a pump‑driven heat exchanger featuring a coolant reservoir, air‑tolerant upper gas chamber, coaxial supply/return tubing and condensing passage for efficient semiconductor chip cooling.",1,36,0,0.0,26,ok
2005,6857491,27,summary,"Hybrid vehicle controller that ceases fuel during deceleration, uses motor for regenerative braking, and employs valve timing to deactivate engine cylinders, coordinating shutdown, sensor detection, and smooth re‑engagement of normal operation.",1,32,0,0.0,24,ok
2005,6857491,27,keyword,"Search hybrid powertrain control system featuring engine‑motor architecture with fuel supply stopping during deceleration, regenerative braking, cylinder deactivation governed by a deactivation flag and variable valve timing mechanism, enabling closure of both intake and exhaust valves, and detection of deactivation status for safe fuel restart.",3,46,4,0.11428571428571428,35,failed_constraints
2005,6857491,27,function,"Search for hybrid vehicle control systems that stop fuel flow during deceleration, enable motor regenerative braking, and implement cylinder deactivation logic based on vehicle dynamics, using a timing device to close valves when fuel supply ceases.",2,36,0,0.0,27,ok
2005,6888782,2,summary,"A servo system for an optical pickup that detects signal dropouts via envelope extraction, then dynamically adjusts the equalizer’s phase margin and error‑integration weighting in real time to preserve tracking stability during and after the dropout.",1,38,0,0.0,25,ok
2005,6888782,2,keyword,"Search for optical pickup servo control with adaptive equalizer phase compensation, dropout detection via envelope extraction, controller adjusts phase margin and integrator based on envelope amplitude or timer, reducing proportional term and increasing integration during dropout.",1,36,0,0.0,28,ok
2005,6888782,2,function,"How can an optical pickup servo system dynamically reconfigure its equalization path—by altering phase margin or blending proportional and integral drive components—in response to real‑time dropout detection derived from the read‑signal envelope, to maintain stable tracking during recording errors?",2,43,0,0.0,31,ok
2005,6858954,1,summary,"Reciprocating motor with a multi‑layer laminated outer core partitioned by insulating sheets, isolating flux paths to avoid cancellation, lowering magnetic saturation, reducing magnet count, and simplifying construction while boosting overall efficiency.",1,32,0,0.0,25,ok
2005,6858954,1,keyword,"Search for reciprocating electric motor with laminated annular core forming ring windings, insulated inter-core spacers isolating flux, a central air-gap inner core, and multiple surface magnet rows that reciprocate with current‑induced magnetic pressure, reducing saturation and magnet count.",2,41,0,0.0,32,ok
2005,6858954,1,function,"Search for reciprocating motor designs with laminated outer cores comprising isolated single cores around ring‑shaped windings, an inserted inner core with defined clearance, and traveling magnet arrays that generate separate flux paths to reduce saturation, boost efficiency, lower magnet count, and simplify construction.",1,44,0,0.0,34,ok
2005,6931364,6,summary,"Searching for systems that generate 3‑D representations of roof truss assemblies, allow placement of mechanical or electrical components within the volume, slice the model at defined cut planes to produce 2‑D truss cross‑sections reflecting the component geometry, and use the cross‑sections to inform truss design.",3,49,0,0.0,30,ok
2005,6931364,6,keyword,"search for computer‑aided 3‑D roof truss modeling software that supports placement of mechanical, electrical, and HVAC components, slice‑based sectional profiling, and conflict‑free assembly planning.",2,28,0,0.0,19,ok
2005,6931364,6,function,"Method and apparatus for creating a three‑dimensional volume of a building structure, inserting 3‑D components within it, sectioning the volume at selected points to produce 2‑D profiles that display component outlines, and employing those profiles to design structural members, facilitated by user input and automated processing.",3,49,0,0.0,29,ok
2005,6873748,9,summary,Optical waveguide modulator incorporating asymmetrically shaped signal and ground electrodes within a housing to suppress low‑frequency dip in RF response while maintaining substrate integrity and mechanical robustness without post‑processing.,1,31,0,0.0,24,ok
2005,6873748,9,keyword,"Search for electro‑optic waveguide modulators with asymmetrical electrode and housing geometry, including substrates having electro‑optic effect, waveguides on surface, signal electrode parallel to the waveguide, ground electrode, side film with longitudinally varying shape, and asymmetric longitudinal cross‑section for improved high‑frequency performance.",2,45,0,0.0,34,ok
2005,6873748,9,function,"Search for optical modulators featuring asymmetrical housing or electrode cross‑sections that suppress frequency dips between DC and high‑frequency, employing waveguide‑adjacent signal electrodes whose longitudinal width varies, ground electrode geometry changes, side‑face film tapering for reliability.",2,39,0,0.0,32,ok
2005,6937437,2,summary,"Search for a lock that prevents accidental unwinding of tape reels during transport, using a slider‑driven pawl mechanism with chevron‑shaped teeth, spring‑biasing for smooth locking and automatic unlocking when the cassette is inserted into the drive.",3,39,0,0.0,24,ok
2005,6937437,2,keyword,"Sliding slider inside a cassette, dual lock portions with anchoring pawls that engage alternating recessed and chevron‑shaped protrusions on the reel rim, released on slider retreat, with slide and lock springs biasing the lock movement against the cassette shell back wall.",1,42,0,0.0,29,ok
2005,6937437,2,function,"slider-actuated pawl system that engages alternating recessed and protruding features on tape spool circumferences, uses central chevron protrusions on recess bottoms, flat ends interacting with inclined surfaces, and releases when the slider withdraws during cassette insertion.",2,37,0,0.0,27,ok
2005,6950610,6,summary,"Search for optical USB interface combining D+ and D− data into a single fiber link, using a drive circuit that generates light from one signal and a control switch that forces higher optical power when both signals are low, enabling efficient bi‑directional transmission over a single optical line.",1,49,0,0.0,32,ok
2005,6950610,6,keyword,"Search for optical interface converting USB differential D+ D− logic levels to fiber optics, featuring a combined transmitter‑receiver block, an optical driver, and a brightness‑enabling switch engaged when both lines are low.",2,34,0,0.0,22,ok
2005,6950610,6,function,"Search for prior art on optical USB interface modules that convert D+ and D− electrical signals into optical data while controlling brightness, with a transmission module that drives optical signals based on low logic states and a reception module that demultiplexes them back to D+ and D−.",1,47,0,0.0,26,ok
2005,6856270,6,summary,"Search for a pipeline register array using narrow-pulse triggered latches where each stage’s latch pulse generator receives staggered delayed clock signals, creating a sequential shift of data through the array during a single wide pipeline clock pulse.",3,39,9,0.3103448275862069,29,failed_constraints
2005,6856270,6,keyword,"Search for register‑driven sequential latch arrays employing narrow width trigger pulses with bucket‑brigade delay elements, where a series of wide timing pulses drive a chain of latch‑pulse circuits connecting data inputs of one stage to outputs of the next, achieving serial pipeline propagation.",2,46,0,0.0,33,ok
2005,6856270,6,function,"Pipeline register driven by wide clock pulses activates a series of latch stages, each latch triggered by a short narrow pulse from its pulse generator; cascaded delay elements shift these trigger pulses through successive stages, streaming data along a serial pipeline output.",2,42,0,0.0,32,ok
2005,6874207,1,summary,"Search for a yoke-shaped connector that uses a through‑hole base, a full‑length anchor bail, and a removable locking bail to mount a cable terminal on a support while allowing tensioning by pulling the locking bail.",2,38,0,0.0,23,ok
2005,6874207,1,keyword,"Search for deadend cable termination assemblies that include a yoke with a through‑hole for an anchor bail, opposing hooks for a removable installation bail, a wire socket, and tension‑enhancing features to facilitate detachable bail attachment in electrics.",1,39,0,0.0,24,ok
2005,6874207,1,function,"search for systems that attach a wire to a support using a yoke‑shaped bracket with an aperture that receives an anchor bail and a wire connector, where opposing hooks on the bracket hold a removable installation bail to simplify assembly and allow tension adjustment.",1,45,0,0.0,25,ok
2005,6844083,2,summary,"Search for magneto-optical media that use an auxiliary low-coercivity magnetic layer with isotropic properties to enable reading data from a spot smaller than the laser beam by applying an external field, involving separate recording, reproducing and assist layers.",1,40,0,0.0,27,ok
2005,6844083,2,keyword,magneto‑optical storage media featuring a low‑coercivity isotropic assist layer adjacent to a nonmagnetic spacer enabling sub‑beam‑spot readout under an external magnetic field and incident light illumination,3,30,1,0.043478260869565216,23,failed_constraints
2005,6844083,2,function,"Magneto‑optical storage layers with auxiliary low‑coercivity assist layers enable sub‑beamspot bit retrieval when a light beam is directed onto a recording surface, permitting rewriting assisted by a small applied field.",2,33,0,0.0,24,ok
2005,6951079,35,summary,"Search for prefabricated modular wall, floor, roof panels that include built‑in insulation, electrical wiring, windows, doors and cover layers, designed for rapid on‑site assembly of residential additions, meeting code compliance and minimizing permitting delays.",1,36,0,0.0,26,ok
2005,6951079,35,keyword,"Search for patents describing pre‑fabricated residential building modules that include load‑bearing wall, floor, roof, and ceiling panels with integral framing, surface layers, embedded insulation, mechanical systems, and pre‑installed fenestration, intended for rapid kit assembly by contractors and DIY builders.",3,42,1,0.03125,32,failed_constraints
2005,6951079,35,function,"prefabricated building modules with pre-installed structural walls, floor, roof, and insulative layers enabling rapid on-site assembly, integrated utilities, and code-compliant kits for contractors or DIY builders.",2,29,0,0.0,21,ok
2005,6929801,16,summary,Search for transdermal Parkinson’s therapy employing a sunscreen ester-based penetration enhancer with a volatile carrier to enhance systemic absorption of neuroprotective agents.,1,24,0,0.0,15,ok
2005,6929801,16,keyword,"Query patent literature on transdermal anti‑Parkinson formulations employing a sunscreen‑derived ester excipient with aryl‑alkyl groups and heterocyclic nitrogen, together with a volatile solvent and up to 10,000 weight percent enhancer.",3,34,0,0.0,24,ok
2005,6929801,16,function,Search for topical formulations that enable systemic Parkinson's medication through skin absorption via a volatile solvent and a UV‑sunscreen‑derived ester enhancer capable of safely facilitating drug permeation.,2,30,0,0.0,21,ok
2005,6952020,8,summary,"Search for high‑contrast liquid‑crystal display driver architecture combining a single‑drain p‑channel transistor with an LDD‑structured n‑channel, integrated via a dual‑layer insulating stack and reflective electrode, enabling simplified fabrication with 6‑8 masks.",2,39,0,0.0,26,ok
2005,6952020,8,keyword,"Search for TFT display driver ICs featuring a single‑drain p‑channel transistor without lightly doped drain, an n‑channel transistor with partially overlapping LDD regions, integrated over inorganic and organic interlayer dielectrics, reflective electrode, via openings, and liquid crystal stack with spacer and top substrate.",2,46,0,0.0,33,ok
2005,6952020,8,function,"Search for semiconductor display drivers featuring a p‑channel TFT without an LDD region and an n‑channel TFT with a partially overlapping LDD, enabling low‑mask fabrication, high‑resolution pixel control and thin‑film liquid crystal displays with reflective electrodes.",1,41,0,0.0,28,ok
2005,6898768,6,summary,"Search for methods that automatically verify whether hardware and software revisions of integrated control and service modules remain intercompatible after component updates, rejecting modifications that violate defined migration or version rules.",3,31,0,0.0,22,ok
2005,6898768,6,keyword,"Search for automated compatibility verification systems generating a dynamic compatibility matrix for control modules and service modules that include hardware revision, software revision, migration paths, self‑verification, and automatic acceptance or rejection of component changes.",1,35,0,0.0,25,ok
2005,6898768,6,function,"How can a system automatically verify a control module’s hardware and software revisions against a compatibility matrix, then evaluate and accept or reject component changes using migration paths, to maintain full system compatibility in communication devices?",2,37,0,0.0,26,ok
2005,6860886,13,summary,"Search for a handheld oral surgical instrument with a motorized handle, a 90° angled slider for linear reciprocation, translating rotary motion into perpendicular bone‑cutting action via a linkage, enabling precise, efficient maxillary removal in tight intraoral spaces.",3,38,0,0.0,27,ok
2005,6860886,13,keyword,"reciprocating intra‑oral surgical saw with motorized handle, perpendicular slider shaft, linear displacement linkage converting rotary to reciprocating motion, saw or file attachment for bone cutting in constrained mandibular space",1,30,0,0.0,23,ok
2005,6860886,13,function,"Search for devices enabling a 90‑degree orthogonal reciprocating bone‑cutting tool in the oral cavity, featuring a motor‑driven slider within a head case, where the cutting member moves linearly perpendicular to the instrument handle to access narrow spaces such as the upper mandible.",2,45,0,0.0,30,ok
2005,6884927,18,summary,"Identify prior art on a newly registered soybean line (accession number PTA‑6272) engineered for improved morphology, cross‑breeding potential, and seed characteristics, focusing on self‑fertility and hybrid production methods.",1,31,0,0.0,23,ok
2005,6884927,18,keyword,"Soybean line 0509249 seed genetics, hybrid legume breeding, cross with other Glycine max varieties, self‑pollination methods, morphological traits, plant parts, ATCC accession PTA 6272, seed germplasm, hybridization techniques, Glycine max cultivar, plant reproductive biology",2,35,0,0.0,32,ok
2005,6884927,18,function,"Methods and systems for breeding soybean cultivars that enable precise self- or cross‑pollination of line 0509249, generating hybrid seeds and plants with defined physiological and morphological traits.",1,28,0,0.0,18,ok
2005,6962801,16,summary,"Identify a 12,000‑Da leech‑saliva peptide that binds collagen and blocks platelet attachment, produced recombinantly for antithrombotic therapy or non‑adhesive biomaterial coatings.",1,25,0,0.0,18,ok
2005,6962801,16,keyword,"Search for leech saliva-derived collagen-binding polypeptides (~12 kDa, cysteine-rich, acidic pI) that inhibit platelet adhesion, including recombinant Saratin genes from Hirudo medicinalis, therapeutic antithrombotic uses, and nonadhesive collagen surface coatings.",1,33,0,0.0,27,ok
2005,6962801,16,function,"search for proteins or peptides that attach to collagen surfaces to block platelet adhesion, prevent cell activation, or serve as anti‑thrombotic agents for cardiovascular therapies and for non‑adhesive medical device coatings.",3,33,0,0.0,21,ok
2005,6972017,13,summary,"Search for endoscopic snare devices that enhance grip by attaching a cylindrical coupling next to the crimp, reducing the sheath gap and allowing tighter control during polyp removal.",1,28,0,0.0,18,ok
2005,6972017,13,keyword,"Searching for endoscopic polypectomy snare devices featuring a polymeric tube with a lumen, a sliding shaft with rotary and axial motion controls, a distal effector secured by a compression belt, a proximal coupling element of matched outer diameter, and an integrated shrink tube to intensify snare actuation.",2,47,0,0.0,30,ok
2005,6972017,13,function,"Search for flexible endoscopic snare devices that use a shaft within a tubular sheath, with a handle mechanism for rotation and longitudinal movement, and a coupling element near the snare that aligns sheath and shaft diameters to improve snare actuation during polyp removal.",3,43,0,0.0,27,ok
2005,6850565,2,summary,"Search for a video compression method that assigns a variable quantization factor to a user‑chosen or automatically detected region, encodes that block with more bits to improve detail, and updates a statistical coding model based on the bit count.",2,40,0,0.0,24,ok
2005,6850565,2,keyword,"video encoding method using source model combined with interest matrix derived from user‑defined or automatically detected region of interest, selectively including non‑zero entries, computing a macroblock quantizer and adaptive quantization parameter to encode ROI at higher resolution within bitrate constraints.",1,42,0,0.0,32,ok
2005,6850565,2,function,"Search for techniques that use a region‑of‑interest based interest matrix, combined with a source model, to compute a quantizer for macroblocks, encode with adaptive quantization, and update the source model based on resulting bit count, improving video quality for selective areas.",1,43,0,0.0,27,ok
2005,6902206,31,summary,"Look for fast‑install hose‑to‑vessel connectors that fit stepped wall borerings, use a spring clip that auto‑engages, and include a snap‑fit retainer with female receptacle for hose fittings, providing secure, removable flow connections.",1,37,0,0.0,26,ok
2005,6902206,31,keyword,"Stepped bore hose‑to‑vessel wall connector with cylindrical housing, transverse inlet aperture, spring clamp for radial retention, male port coupler, female receptacle retainer, internal chamber flow path, snap‑fit assembly, elastomeric gasket, fluid‑line compatibility.",2,36,0,0.0,31,ok
2005,6902206,31,function,"Search for quick‑connect hose fittings employing a stepped bore and spring clip retention, a housing with a transverse aperture, snap‑fit retainers, and a male port that mates with a female receptacle, enabling rapid hose installation to vessel walls while preventing disconnection under pressure.",3,45,0,0.0,31,ok
2005,6933266,19,summary,"A water‑based cleaning fluid that produces rapid bubble formation when mixed with laundering fluid, using a small amount of low‑boiling, water‑insoluble solvent that dissolves in the surfactant phase, and incorporating water‑soluble builders for enhanced sudsing and wash performance.",3,42,0,0.0,28,ok
2005,6933266,19,keyword,"Search for liquid detergent compositions featuring an effervescent action triggered by contact with water, containing ≥5 % surfactant, a builder range including alkali metal phosphates, polyphosphates, silicates, or zeolites, and 0.1–3 % volatile solvent such as pentane, hexane, cyclohexane, or diethyl ether.",3,42,4,0.14814814814814814,27,failed_constraints
2005,6933266,19,function,"Search for washing solutions containing an aqueous, foaming detergent with at least 5 % surfactant, 0.1–3 % volatile low‑boiling solvent, and builders such as phosphates or silicates, that generate effervescent action when introduced into water.",2,36,0,0.0,20,ok
2005,6892688,27,summary,"A pressure‑responsive venting system for internal combustion engines that uses an expandable cavity within the venting passage to seal gases during operation and open to induction when the engine is off or starting, reducing emissions and improving startup flow.",1,40,0,0.0,25,ok
2005,6892688,27,keyword,"pressure‑responsive venting device for internal combustion engines featuring an expandable chamber linked to the combustion cavity, a movable sliding valve within a housing, and a detachable cap positioned inside the cylinder‑housing cavity to control vent passage opening and closure.",1,41,0,0.0,28,ok
2005,6892688,27,function,"Search for a cylinder component that includes a pressure‑responsive vent control device with an expandable chamber inside the exhaust‑venting passage, a sliding valve body, and a removable cap, permitting combustion‑gas venting during engine off or start‑up.",2,40,0,0.0,27,ok
2005,6934336,2,summary,"Search for methods and systems that extend motion‑compensated reference blocks beyond the boundaries of a prior frame by temporarily storing block pixels and translating logical positions to physical addresses for memory retrieval, reducing processing load and conserving power during video decoding.",3,42,1,0.034482758620689655,29,failed_constraints
2005,6934336,2,keyword,"video decoding apparatus with reference block expansion beyond frame boundaries, using logical address‑to‑physical mapping to fetch pixels from a reference buffer, a subtracter for start address calculation, and motion‑vector based area expansion for reduced power consumption",1,39,0,0.0,28,ok
2005,6934336,2,function,"motion‑compensated video decoding expanding pixel region outside prior frame by converting logical start positions to physical memory addresses, enabling efficient reading of pixels for area expansion while minimizing processed area and power consumption",3,34,0,0.0,27,ok
2005,6921980,8,summary,"Look for integrated circuits that expose contact pads atop a chip, place a first dielectric layer with traces linking pads to component pads on a second dielectric, and embed through‑holes in each layer so conductors cross encapsulating resin to external terminals.",1,42,0,0.0,29,ok
2005,6921980,8,keyword,"Search semiconductor packages containing a chip with exposed electrode pads, a lower dielectric layer bearing interconnect traces linking pads to component terminal areas, an upper dielectric layer exposing these terminals, contact vias through both dielectrics into external terminals, and resin encapsulation of conductive traces.",2,44,0,0.0,34,ok
2005,6921980,8,function,"Search for methods enabling an integrated semiconductor device where a chip with exposed electrode pads is covered by a bottom dielectric, interconnects are formed on it leading to external component pads, topped with another dielectric, and vertical contact holes in both dielectrics provide conduits for external terminals through encapsulation resin.",1,50,0,0.0,32,ok
2005,6934263,4,summary,"How does the invention use neighbor delay measurements and readiness messages to enable designated switch ports to skip listening/learning stages, quickly reach forwarding state, and systematically block loops during spanning‑tree convergence?",1,33,0,0.0,26,ok
2005,6934263,4,keyword,"Mechanism enabling network bridges to advance designated ports to forwarding state after receipt of a ready signal from downstream ports, using observed inter‑bridge communication delays instead of fixed timers, thereby preventing loop formation during spanning‑tree topology convergence.",3,39,1,0.03225806451612903,31,failed_constraints
2005,6934263,4,function,"search for network devices using spanning-tree logic that promotes designated ports to forwarding mode based on downstream acknowledgment instead of timers, preventing loops by temporarily blocking recent root ports until downstream confirmation.",3,33,1,0.04,25,failed_constraints
2005,6868552,2,summary,"Search for a cable noise suppression architecture that employs a differential synchronous detector with a delay element to verify upstream signal presence, gating the upstream path only when the detected signal matches expected spectral markers, thereby blocking out‑of‑band noise.",2,41,0,0.0,28,ok
2005,6868552,2,keyword,"Search for prior art on cable communication systems employing upstream/downstream frequency division, synchronous detector based on delayed signal multiplication, a control switch that only permits upstream transmission upon detection, and spectrum‑based validity confirmation of detected uplink signals.",2,39,0,0.0,30,ok
2005,6868552,2,function,"Look for cable network devices employing synchronous detection units to permit upstream data only when a valid frequency spectrum matches predetermined bands, using delay circuits and gate switches between upstream and downstream separation filters.",2,34,0,0.0,26,ok
2005,6914667,9,summary,"Search for an imaging exposure system that uses a purge‑gas module, increasing the gas flow after a pause between exposures to cleanse the optical cavity surrounding lenses, thereby enhancing substrate pattern fidelity.",1,33,0,0.0,23,ok
2005,6914667,9,keyword,"Search for photolithography exposure tool featuring a lamp‑based illumination unit, optical element housed in a sealed enclosure, and a purge‑gas flow control system that ramps gas throughput after a set dwell time following exposure to refresh the interior atmosphere before the next wafer step.",2,46,0,0.0,33,ok
2005,6914667,9,function,Inquiry for photolithography exposure tools that raise purge gas flow post‑exposure to eliminate residual gases in the light‑delivery cavity before the next pattern.,1,25,0,0.0,17,ok
2005,6864948,9,summary,"Search for methods and apparatuses measuring liquid crystal dispensation accurately, testing dispenser assembly integrity before production line integration, and ensuring correct liquid crystal placement onto display substrates during LCD manufacturing.",1,30,0,0.0,25,ok
2005,6864948,9,keyword,"Search for patents on semiconductor display fabrication where a syringe‑type liquid‑crystal dispensing device is mounted on a pre‑test rig, quantified in a container‑based measurement system, validated for correct assembly before ejecting material onto a primary substrate for panel stacking.",3,43,1,0.034482758620689655,29,failed_constraints
2005,6864948,9,function,"Method and apparatus to fill, assemble, and test the dispensing accuracy of a crystal liquid dispensing unit before mounting it on a production line, measure drop volume, verify correct assembly, then deposit the liquid onto a substrate to assemble layered display panels.",2,42,0,0.0,28,ok
2005,6875212,13,summary,"Invention of a minimally invasive in‑situ orthopedic fixation system that uses a low‑profile catheter with an inflatable balloon, filled with a rapid‑cure epoxy/amine resin, to achieve high‑strength, localized bone support between anchor portals by hardening in place.",1,42,0,0.0,28,ok
2005,6875212,13,keyword,"Subcutaneous bone fixation system using an inflatable tubular balloon, delivery catheter, and in‑situ hardenable epoxy‑amine composite that cures rapidly (<90 min) to achieve ≥90 lb compression strength, with dual anchor portals for spinal or orthopedic applications.",2,38,0,0.0,28,ok
2005,6875212,13,function,"Search for orthopedic fixation systems that use an implantable inflatable member (balloon) delivered via catheter and filled with a hardenable epoxy/amine curing mixture that sets rapidly (≤90 min), produces ≥90 lb compression‑bending strength, integrates with bone anchors and permits in‑situ subcutaneous deployment.",1,45,0,0.0,33,ok
2005,6952543,9,summary,"Electrode system for cartridge‑mounted developing roller power transfer: conductive holder with a groove‑containing hole, wider end, elastically bent rim for electrode contact, rib for alignment, and contact part to touch roller inner surface, enabling detachable power supply from printer body.",1,42,0,0.0,32,ok
2005,6952543,9,keyword,"Search for power‑transfer electrode assembly for a developing roller in a detachable toner cartridge, featuring a conductive substrate with a groove‑shaped hole, an enlarged end portion, a bent elastic contact, opposite rib, bearing mounting hole, and contact to roller interior.",1,42,0,0.0,28,ok
2005,6952543,9,function,"Electrode housing for an image forming apparatus that delivers power from the main body to a detachable cartridge’s developing roller via a conductive substrate with a widened end‑hole groove, elastic contact, mounting rib, and engageable hole, ensuring interior roller contact.",3,42,1,0.03571428571428571,28,failed_constraints
2005,6908975,17,summary,"Search for a 1,3‑butadiene polymerization method using a mixed neodymium‑halogenated organoaluminum catalyst, with post‑addition of an organoborane to regulate viscosity and maintain ≥95 % 1,4‑cis content without raising Mooney viscosity or odor.",3,37,0,0.0,22,ok
2005,6908975,17,keyword,"Search for polymerization methods of 1,3‑butadiene employing a mixed neodymium‑diene–halogenated organoaluminum complex catalyst in a hydrocarbon medium, with subsequent organoborane addition to regulate cold flow while preserving >95 % 1,4‑cis content and low viscosity.",2,39,0,0.0,25,ok
2005,6908975,17,function,"Search for polymerization techniques of 1,3‑butadiene using neodymium and organoaluminum catalysts with organoborane additives to control cold flow while preserving high cis content and avoiding viscosity increases.",1,29,0,0.0,19,ok
2005,6935117,27,summary,"How to inject a pilot liquid fuel stream along with a second liquid and a third vaporized stream into a combustor using a single multi‑passage nozzle, improving throttle response and combustion stability.",2,33,0,0.0,21,ok
2005,6935117,27,keyword,"Search for turbine fuel delivery assemblies featuring a stem attached to a mounting flange, multiple coaxial passageways issuing liquid and vapor streams through angled apertures, with inboard radial nozzles for aircraft thrust generation.",2,33,0,0.0,24,ok
2005,6935117,27,function,"staged liquid and vapor fuel injection into gas turbine combustor combining pilot flow, secondary liquid delivery, and vaporized fuel via multi‑aperture nozzle for improved combustion stability and jet engine efficiency",3,31,0,0.0,24,ok
2005,6843796,13,summary,"Searching for a hinged bone drilling instrument with rotating needles that advance into bone to create channels, permitting suture passage, where multiple needles may share a common pivot and a handle actuates the drilling action.",1,35,0,0.0,22,ok
2005,6843796,13,keyword,"bone drilling apparatus with pivotable curved needle, hinged handle, drill bit aperture for suture passage, rotatable needle head to advance through bone, dual needle configuration, hinge‑mounted needle for channel creation.",1,31,0,0.0,25,ok
2005,6843796,13,function,"Search for surgical instruments that use a hinged, rotatable curved needle to drill channels in bone, enabling suture passage through apertures, and methods for guiding the needle by handle manipulation to advance into bone tissue.",1,35,0,0.0,22,ok
2005,6871048,3,summary,"Mobile phone with detachable memory chip that receives encrypted music from a remote server via base station, stores it, and allows instant, scheduled, or simultaneous playback—also supports data playback while in standby—for users who wish to avoid carrying extra devices.",2,42,0,0.0,29,ok
2005,6871048,3,keyword,"Search for mobile phone architecture with radio interface to base station, user‑controlled keypad/display/audio I/O, detachable flash memory for recorded media, encryption processor, configurable immediate or deferred playback, and standby mode data streaming capability.",3,37,0,0.0,27,ok
2005,6871048,3,function,"Search prior art for a handheld communication apparatus that retrieves audio streams from a server, encrypts and stores them in removable memory, and can play back immediately, later, or simultaneously while remaining in standby.",2,34,0,0.0,21,ok
2005,6974258,1,summary,"Search for bearing assemblies that limit swivel motion of a spherical motor shaft bearing by using projections on the support or a retaining disk that engage the bearing's outer surface, preventing lateral play while maintaining axial alignment.",3,38,1,0.041666666666666664,24,failed_constraints
2005,6974258,1,keyword,"Search prior art for a motor shaft bearing assembly that limits swivel motion of a spherical bearing by a support with protrusions engaging the bearing’s convex and end‑face surfaces, including optional disk‑mounted projections or resilient tab retainers.",3,40,4,0.15384615384615385,26,failed_constraints
2005,6974258,1,function,"Find prior art for a spherical bearing support assembly with protrusions on the support or a retainer that lock the bearing's end faces or convex surface, restricting swivel motion of a self‑aligning spindle.",3,35,0,0.0,20,ok
2005,6906233,23,summary,"Query patents for techniques adding Group 13 metal‑halogen or metal‑hydrogen complexes into cages of microporous metal‑aluminum‑phosphate sieves, neutralizing acid sites, and using the resulting material as a catalyst for converting oxygenated hydrocarbons to olefins.",2,38,0,0.0,26,ok
2005,6906233,23,keyword,"Search for patents on introducing boron-containing M‑X compounds into AFX‐type metalloaluminophosphate or silicoaluminophosphate sieves, reacting M‑X with internal acid sites, restoring acidity by calcination, and employing the modified zeolite for oxygenate‑to‑olefin conversions.",1,38,0,0.0,22,ok
2005,6906233,23,function,How to use a modified microporous metalloaluminophosphate sieve with inserted boron–halogen intermediates that react with internal acid sites to produce activated catalyst for producing olefins from oxygen‑containing alcohols in a gas‑phase reactor?,2,35,0,0.0,23,ok
2005,6946159,1,summary,"Search for methods that fabricate electron‑emitting devices or display panels by sequentially applying a resin layer followed by a metal‑containing thin film layer using inkjet printing, where a thickness‑regulating agent controls the film to improve emission uniformity.",2,40,0,0.0,27,ok
2005,6946159,1,keyword,"Search for patent prior art on inkjet‑deposition processes forming electron‑emission layers that combine a metal‑based precursor with a film‑thickness modifier, sequentially applied over a conductive substrate and resin binder to yield thin, controllable electroconductive films for display devices.",1,42,0,0.0,30,ok
2005,6946159,1,function,Methods for producing electron‑emitting devices by sequential ink‑jet deposition of metal‑compound solutions and resin layers to create controlled‑thickness emission films.,1,24,0,0.0,17,ok
2005,6837441,12,summary,"Resistor‑free thermostat employing a pulsed clock input: a counter tallies clock bursts, its count feeds a DAC which defines a set‑point; a sensor and comparator detect crossing, enabling low‑pin, precise temperature control without external resistor.",2,38,0,0.0,28,ok
2005,6837441,12,keyword,"Digital temperature control system using a clock pulse burst to encode a trip threshold, with a pulse counter, DAC, sensor, and comparator; eliminates external resistors, reducing pin count and enabling high‑accuracy set‑point adjustment in IC thermostats.",1,38,0,0.0,28,ok
2005,6837441,12,function,"Search for thermostat control where a clock burst pulses a counter, which drives a DAC to establish a temperature trigger without external resistor, enabling precise, low‑pin trip point adjustment via comparator.",2,32,0,0.0,22,ok
2005,6933332,17,summary,"Search for powdered epoxy formulations using diglycidyl ether of bisphenol A (30‑40%) blended with 55‑60% fire‑protective particles, 1‑4% multifunctional hindered phenol, ≤5% adhesion promoter, yielding an insulating coating with 10‑13 µm roughness and 70‑125 s cure time.",3,43,2,0.06896551724137931,29,failed_constraints
2005,6933332,17,keyword,"Search patents for epoxy coating compositions containing bisphenol A diglycidyl ether, 30–40 wt %, with 55–60 wt % solid flame‑retardant additive, 1–4 wt % multifunctionally hindered phenolic hardener, ≤5 wt % bonding agent, gel time 70–125 s at 205 °C.",2,41,0,0.0,30,ok
2005,6933332,17,function,"Search for powdered epoxy electrical insulation coatings that incorporate high–amount particulate fire retardant, phenolic crosslinker, and minimal adhesion promoter to deliver ~10–13 µm surface roughness and 70–125 s gel times at ~205 °C.",2,36,0,0.0,25,ok
2005,6975526,6,summary,"Search for a content-addressable memory system that assigns priority to address words by detecting mismatched bits through current sensing on match lines, converting this current into a priority metric, and selecting the highest-priority word during a near‑match search.",1,41,0,0.0,27,ok
2005,6975526,6,keyword,"Search for near‑match CAM priority circuits using per‑cell mismatch current detection, match line shunt currents, priority conversion logic, and encoding of summed mismatch currents into priority scores, including comparator‑based thresholding of mismatch line voltage against a reference voltage.",3,41,1,0.030303030303030304,33,failed_constraints
2005,6975526,6,function,"Search for memory circuits that calculate a priority for content-addressable memory words based on mismatch bit counts, via per-bit mismatch currents summed on match lines and a comparator/encoder that selects the word with highest priority or meets a user-defined minimum threshold.",1,45,0,0.0,30,ok
2005,6843163,32,summary,"Design a brake booster sliding hub assembly featuring an elastomeric annular seal with a metal insert that narrows radially for sealing, widens for axial slide, and employs interlocking surfaces on the insert, shaft, and hub to retain rest alignment and prevent slippage.",2,42,0,0.0,27,ok
2005,6843163,32,keyword,"pneumatic brake booster with rigid housing forming a hollow shaft, sliding cylindrical hub, elastomeric annular seal incorporating metal insert, restraining surfaces on insert and shaft, movable partition creating front and rear chambers of variable volume, and axial slide stop features",3,40,3,0.0967741935483871,31,failed_constraints
2005,6843163,32,function,"search for vehicle braking assistance system comprising fluid‑actuated partition, cylindrical movable member, integrated elastomeric‑annular seal with metal insert for sealing and positional biasing, featuring radial narrowing and widening regions to define rest and active positions and ensure axial restraint.",2,41,0,0.0,31,ok
2005,6886515,27,summary,"Device for regulating startup of an internal combustion engine with variable valve timing that employs a throttle control which remains open until engine speed rises past a preset idle threshold, thereby fixing the crank‑to‑camshaft alignment during warm‑up.",3,40,2,0.07142857142857142,28,failed_constraints
2005,6886515,27,keyword,"Query the literature for a start‑up valvetrain system that suppresses exhaust camshaft rotation relative to the crank by holding the cam for a brief interval while an intake throttle actuator is engaged, employing a dwell counter, low‑speed sensor, and post‑delay throttle control.",2,45,0,0.0,29,ok
2005,6886515,27,function,"search for start-up control systems that use a timer beginning with the starter, monitor engine speed, and open the throttle only after a predetermined idle threshold while preserving a fixed crank‑to‑cam angle.",3,35,0,0.0,23,ok
