year,patent_id,wipo,query_type,query_text,attempt_used,query_word_count,leak_overlap_count,leak_overlap_ratio,leak_query_ngram_count,status
2015,9150849,15,summary,"Developing a balanced expression platform to evaluate protein variants incorporating non‑canonical residues, combined with tailored vector packaging components that preserve plasmid integrity and maintain relative representation, enabling efficient selection of engineered binders.",2,33,0,0.0,25,ok
2015,9150849,15,keyword,"Recombinant polypeptide libraries containing variants with noncanonical amino acids, expressed from engineered plasmid-based host, normalized expression ratios, incorporation of packaging or specificity peptides featuring identical noncanonical residues essential for vector viability, methods for nucleic acid encapsulation and selection.",2,39,0,0.0,30,ok
2015,9150849,15,function,"methods for generating and screening recombinant peptide libraries that contain non-standard amino acids, including normalized expression systems and essential packaging polypeptides, plus vector packaging techniques for nucleic acids to enable high‑throughput functional protein discovery.",1,36,0,0.0,28,ok
2015,9033946,13,summary,"Search for a diaper garment featuring a front panel opening covered by a foldable flap, enabling quick insertion of a biodegradable absorbent pad, with dual panels, side elastic, and exposed fastening buttons for easy adjustment and containment.",1,37,0,0.0,24,ok
2015,9033946,13,keyword,"search for diaper sheath designs featuring inner and outer panels with front/back sections, front flap covering an opening, elastic side strips, button anchors, front and back fasteners, and biodegradable pad insertion options.",3,33,1,0.04,25,failed_constraints
2015,9033946,13,function,"Search for diaper sheath designs featuring a front flap covering an opening for easy insertion of biodegradable pads, with front/back fasteners, elastic side strips, and exposed buttons for adjustable fit and secure attachment, allowing rapid, user-friendly diaper insertion and adjustment.",1,42,0,0.0,30,ok
2015,9048056,20,summary,"Search for non‑alkali metal glass compositions containing transition metals such as vanadium with tungsten or iron, phosphorus, barium and zinc oxides, achieving 430‑530 °C softening point and 6‑9 ppm/°C expansion for electronic sealing or bonding.",3,39,3,0.12,25,failed_constraints
2015,9048056,20,keyword,"Search for glass sealant or adhesive compositions containing V₂O₅, WO₃ or Fe₂O₃, P₂O₅, BaO and ZnO, with softening point 430‑530 °C, linear expansion 6‑9 ppm/°C, excluding alkali metals and JIG level A/B substances for electronic devices.",1,40,0,0.0,23,ok
2015,9048056,20,function,"Search for glass compositions that, with transition metal oxides, phosphates, barium, and zinc, provide 430–530 °C softening and 6–9 ppm/°C expansion, suitable for electronic device sealants, adhesives, or coatings, without hazardous A/B level or alkali constituents.",2,40,0,0.0,24,ok
2015,9217711,10,summary,"Method dissolving Be compounds at mild acidic temperatures, then mixing with a high‑pH fluorescent indicator containing a hydroxyl‑quinoline sulfonate dye for quantitative beryllium detection.",1,26,0,0.0,18,ok
2015,9217711,10,keyword,"Search for acid‑based beryllium dissolution protocols at temperatures below 100 °C combined with high‑pH fluorescent chemosensing, noting buffered mixtures, stoichiometric ratios, and selective Be²⁺ binding indicators for quantitative fluorescence detection.",2,32,0,0.0,23,ok
2015,9217711,10,function,"Determine presence and quantity of beryllium in a material by mild acid dissolution at ≤100 °C, mixing the digest with a basic solution >pH10 (volume ratio >1:19) containing a selective fluorescent dye, and measuring fluorescence to quantify beryllium.",1,39,0,0.0,23,ok
2015,8934982,13,summary,"How to design a sensor‑based stimulation system that detects hyperactive activity of the eye‑closing muscle and triggers selective activation of opposing muscles, thereby inducing eye opening without stimulating the closing muscle?",2,33,0,0.0,23,ok
2015,8934982,13,keyword,"implantable ocular neuromodulation device with sensing electrodes for orbicularis oculi activity, selectively stimulating opening reflexes or accessory ciliary nerves to evoke eyelid movement while preventing hyperactive closure muscle activation, for treatment of eyelid hyperactivity disorders.",1,35,0,0.0,27,ok
2015,8934982,13,function,"Method for alleviating excessive eyelid contraction via an implantable system that monitors lid contractile activity and delivers targeted neural stimulation to open-lid reflex pathways, preventing over‑activation of the contraction muscle while inducing controlled lid opening.",3,37,0,0.0,28,ok
2015,9025214,2,summary,"Invention of a scanner that auto-rotates captured image data based on detected character orientation, automatically showing orientation guidance on the display when the selected language cannot be recognized by OCR, enabling correct upright rendering of documents.",1,37,0,0.0,24,ok
2015,9025214,2,keyword,"Search for scanner system employing optical character recognition to auto-rotate scanned pages based on detected character orientation, with language selection that triggers either image upright processing or display of orientation information when OCR language unsupported.",1,36,0,0.0,26,ok
2015,9025214,2,function,"Search for prior art on image‑scan devices that perform character recognition to detect page orientation and auto‑rotate images when the set language matches recognized character sets, while presenting orientation indicators on the display when the language is not supported.",1,41,0,0.0,27,ok
2015,9002095,6,summary,"Computer vision system detecting defective shopping carts by monitoring wheel motion, recognizing wobble or resistance, linking to abandoned status, and issuing mobile alerts to staff.",1,25,0,0.0,18,ok
2015,9002095,6,keyword,"Computer vision method for detecting defective shopping cart wheels by tracking abnormal swiveling motion patterns or non‑loaded abandonment in a surveillance video, with image‑processing modules generating alerts on mobile or workstation interfaces.",2,34,0,0.0,24,ok
2015,9002095,6,function,"Camera‑based surveillance system tracking shopping cart motion to detect wheel defects such as wobble or swiveling resistance, employing image analysis to flag abandoned carts and notify staff via mobile or workstation alerts for repair or replacement.",1,37,0,0.0,27,ok
2015,8990921,6,summary,"Search for processors that enforce secure‑domain execution barriers by monitoring inter‑entity communications and permitting non‑secure instruction runs only through explicit allowed lists, blocking execution via forbidden instruction records.",1,31,0,0.0,25,ok
2015,8990921,6,keyword,"Search for hardware-software co-designed processors that use a communication monitor to detect data flows between trusted and untrusted entities, employing whitelist and blacklist instruction tables to block execution of untrusted code on protected modules.",2,36,0,0.0,25,ok
2015,8990921,6,function,"How to implement a processor‑level monitor that logs intercommunication between trusted and untrusted memory blocks, blocks untrusted code from running on trusted blocks unless listed as allowed, and rejects code marked prohibited, ensuring protected memory integrity.",2,37,0,0.0,27,ok
2015,9040348,8,summary,Identify prior art methods for constructing multi-die electronic packages that use photolithographically patterned vertical interconnect arrays to bond a central die to a substrate while stacking additional dies above or below the central die.,2,35,0,0.0,25,ok
2015,9040348,8,keyword,"Investigate photolithographically patterned copper pillar arrays used to connect a primary die to a semiconductor substrate and to a second die, with the primary die seated above the substrate while the second die is positioned below.",3,36,3,0.13636363636363635,22,failed_constraints
2015,9040348,8,function,Searching for methods that produce stacked electronic packages by patterning vertical copper pathways via photolithography to electrically join a primary die to a substrate and to additional dies arranged above or below it.,2,33,0,0.0,20,ok
2015,9038103,2,summary,"How to enhance viewer engagement during channel surfing by preloading prior channel frames while simultaneously displaying predictive service suggestions, thumbnails of recently viewed programs, and advertising content without interrupting the user's navigation flow?",2,34,0,0.0,26,ok
2015,9038103,2,keyword,"Search patents for interactive TV browsing interfaces that prefetch channel thumbnails, display sequential program tiles, handle pause triggers, assign dynamic content IDs, integrate on‑screen suggestions and ads, and support multiple tuner preview streams.",3,34,0,0.0,27,ok
2015,9038103,2,function,"Search for user interface methods permitting simultaneous presentation of a preview frame while a background channel search fetches the next channel in cable/streaming surf mode, including pause request handling, display of content identifiers, and overlay of thumbnails or suggestions derived from user history on multi‑tuner devices.",1,48,0,0.0,34,ok
2015,9117875,8,summary,"FinFET fabrication process forming a germanium-enriched fin by etching initial trenches through a Ge-containing layer, adding sidewall spacers, deepening trenches, overfilling with insulator, then annealing to thermally convert the underlying substrate into a laterally extending silicon‑oxide isolation region under the Ge fin.",1,45,0,0.0,34,ok
2015,9117875,8,keyword,"Search patents describing FinFET fabrication where germanium-rich layers are etched into trenches forming initial and extended fin structures, sidewall spacers, deeper final trenches with over-filling insulation, and thermal oxidation converting substrate portions into lateral SiO2 isolation under the germanium fin.",2,42,0,0.0,32,ok
2015,9117875,8,function,"Search patents on FinFET fabrication where trenches are etched through a germanium-rich layer and substrate, sidewall spacers are formed, trenches are overfilled with dielectric, and thermal annealing converts substrate portions to silicon dioxide, creating lateral isolation beneath the germanium fin.",1,41,0,0.0,28,ok
2015,9185557,4,summary,"How to authenticate a mobile device making a call to a femtocell that receives the call via the Internet, triggers paging, then modifies the original paging response into a UE‑initiated signalling message before forwarding it to the network’s SGSN, preserving security?",2,43,0,0.0,26,ok
2015,9185557,4,keyword,"Search for femto base station paging response handling where the base station authenticates the UE and converts a paging request to an UE-initiated service request before forwarding to SGSN, involving RRC establishment and NAS authentication.",3,36,5,0.20833333333333334,24,failed_constraints
2015,9185557,4,function,"find systems that secure connection of IP‑initiated voice calls to mobile devices via femto base stations, which handle paging responses, authenticate UEs, modify service request types, and maintain security without degrading network performance",3,34,1,0.037037037037037035,27,failed_constraints
2015,9092441,6,summary,"Search for distributed archival storage methods that encode data redundantly, use storage units carrying metadata about stored volumes, maintain a compact volume-to-node map derived from node-supplied info, and locate data objects via volume and object identifiers for cost‑efficient access.",2,43,0,0.0,33,ok
2015,9092441,6,keyword,"Search for archived storage solutions using redundant encoding, distributed volume mapping, and metadata‑rich storage units that embed file descriptors, enabling efficient data placement, retrieval, and durability while minimizing index overhead.",2,31,0,0.0,25,ok
2015,9092441,6,function,"Search for archival data storage systems that encode data into multiple components, use self‑describing storage nodes, build minimal volume maps from node‑supplied metadata, and route read/write requests via a registrar based on volume identifiers.",3,37,2,0.07142857142857142,28,failed_constraints
2015,9168702,32,summary,"Create a longitudinal structural member with a reduced stiffness run‑out zone by layering fiber‑reinforced plies in two segments, assigning distinct fiber properties to the end segment to tailor axial compliance.",3,32,1,0.045454545454545456,22,failed_constraints
2015,9168702,32,keyword,Search for processes that lay up layered fiber‑reinforced panels with alternating segments of fibers having differing properties to produce a structural member possessing reduced axial stiffness at the end section compared to the rest of the member.,2,38,0,0.0,24,ok
2015,9168702,32,function,"Search for methods that manufacture a composite longitudinal stringer by laying layered plies, where one ply segment uses fibers with distinct properties to create a softer stiffness near the stringer tip, enabling improved load distribution at the end region.",3,39,1,0.038461538461538464,26,failed_constraints
2015,9093055,34,summary,"Search for music composition systems using touch‑screen interfaces that map graphical instrument parts to score entries, allowing part assignment to instruments, guitar string retuning options, and menu‑based lyric or move‑insert functions.",1,34,0,0.0,26,ok
2015,9093055,34,keyword,"Search for digital music notation editors featuring touchscreen interaction, graphical instrument representations where finger taps on instrument parts generate corresponding musical notes, allow score part reassignment to instruments, provide a guitar interface with adjustable string tuning options, and menu‑based lyric insertion.",1,42,0,0.0,33,ok
2015,9093055,34,function,"touch screen based music notation software with instrument interfaces, selecting instrument components to insert notes, reassigning score parts to instruments, guitar tuning customization, lyric insertion with syllable mapping, and drag‑and‑drop part rearrangement.",2,34,0,0.0,26,ok
2015,9224064,6,summary,"Search for methods that detect multiple image keypoints and use a subset to verify object presence via reference images, then set a focused area and compute the object's pose accordingly.",3,31,0,0.0,20,ok
2015,9224064,6,keyword,"Search for prior art on methods that detect multiple feature points in a digital image, use subsets of those points to estimate object existence probability from reference images, define a ROI containing the points, and compute object pose.",3,38,0,0.0,25,ok
2015,9224064,6,function,"detect multiple feature points in partial image region, choose at least two of them, assess probability of an object from reference images, define ROI around chosen points, and determine pose.",2,30,0,0.0,20,ok
2015,8939027,10,summary,"Search for micro‑accelerometers employing a hinge‑supported dual‑substrate platform with a detector spanning the hinge, using oscillator‑driven beams to produce frequency‑shift outputs processed by integrated computation.",1,30,0,0.0,21,ok
2015,8939027,10,keyword,"Search for hinged flexible-support acceleration sensor having a planar central portion overlapping a pivot joint, side-by-side substrate plates with different widths, beam‑spring connectors to fixed regions, oscillator‑driven excitation, frequency counter readout, and IC with computation logic.",1,41,0,0.0,31,ok
2015,8939027,10,function,"Looking for a micro‑accelerometer featuring a hinged bi‑substrate support—fixed and movable plates connected by a hinge, with a central acceleration detector overlapping the hinge, suspended by beams, and integrated with an oscillator‑counter circuit that outputs a frequency for vehicular vibration sensing.",3,45,0,0.0,27,ok
2015,9026558,12,summary,"Find prior art on a diagnostic system that connects to a semiconductor processing mainframe, automatically identifies model/version, uses a database of attribute mappings to translate raw sensor identifiers into physical units for selected operating parameters.",1,36,0,0.0,24,ok
2015,9026558,12,keyword,"Search for diagnostic systems interfacing with semiconductor processing mainframes via digital or analog links, using attribute databases that map model/version, chamber position or type, to identifiers and conversion factors, enabling retrieval and unit conversion of sensor or operating parameter data.",1,41,0,0.0,29,ok
2015,9026558,12,function,"search for methods that link equipment identification to a database of sensor attributes, retrieve measurement identifiers, access real‑time data, and convert raw values into physical units for diagnostic analysis of fabrication machinery.",3,33,0,0.0,22,ok
2015,9210371,2,summary,"Search for a networked device that, by measuring input voice volume, decides a communication mode and then forwards voice packets only to a pre‑selected peer listed in a central server.",2,31,0,0.0,19,ok
2015,9210371,2,keyword,"search for patent disclosures of a voice communication device, connected to a management server that stores destination mapping per communication mode, where the device determines its mode by voice input level and conditionally forwards voice data only to a designated peer terminal via a relay node.",3,46,0,0.0,30,ok
2015,9210371,2,function,"Search for devices or systems where a voice‑input terminal analyzes audio signal amplitude to decide if it is in a dedicated communication mode, and consequently forwards only the captured voice data to a specific remote terminal selected via a network‑connected management unit storing destination information.",2,47,0,0.0,30,ok
2015,9094915,4,summary,"Search for methods that adapt inter‑chip data transmission based on radio‑signal channel quality by adjusting load, amplitude, slew rate, or digital bit‑rate and clock to preserve SNR.",1,30,0,0.0,21,ok
2015,9094915,4,keyword,"Search for methods and circuits that adapt data for transfer across a wired chip‑to‑chip interface by evaluating a received radio signal’s modulation and coding, estimating channel quality via SNR, and adjusting transmission parameters such as load impedance, amplitude, slew rate, or bit‑rate and clock frequency.",3,49,2,0.06060606060606061,33,failed_constraints
2015,9094915,4,function,"Search for systems that adapt data links between internal chips, adjusting encoding, impedance, signal amplitude, slew rate, or bit sampling rates based on receiver‑derived channel quality from incoming radio signals to preserve link integrity.",1,35,0,0.0,27,ok
2015,9200318,15,summary,"Search for novel methods to amplify cDNA from an RNA template, combining reverse transcription with DNA polymerase, using phosphorothioate oligodeoxynucleotides that mitigate enzyme inhibition for efficient synthesis.",2,27,0,0.0,18,ok
2015,9200318,15,keyword,"Search for protocols using reverse transcriptase and DNA polymerase with phosphorothioate oligodeoxynucleotide additives to convert RNA templates into cDNA, focusing on temperature optimization, RNA template binding enhancers, and phosphorothioate oligodeoxynucleotide concentrations ranging 0.01–25 nM.",3,36,2,0.07692307692307693,26,failed_constraints
2015,9200318,15,function,"Enhancing RNA‑to‑DNA synthesis for nucleic acid amplification by combining an RNA template with a blend of reverse transcription enzyme, polymerase and a low‑concentration phosphorothioate oligonucleotide inhibitor neutralizer, then incubating to create complementary DNA for downstream applications.",3,39,0,0.0,26,ok
2015,9122891,6,summary,Search for integrated circuit timing sensors that detect simultaneous rise/fall setup and hold violations using delay‑adjusted state logic and a unified notification interface.,1,25,0,0.0,18,ok
2015,9122891,6,keyword,"Search for synchronous logic blocks that detect setup and hold timing faults by launching data, employing state-based modules, delay units for rise/fall paths, and comparator circuits, with an interface that flags violations, covering concurrent rise and fall delay testing with notification outputs.",2,44,0,0.0,31,ok
2015,9122891,6,function,"Search for a functional timing analyzer that simultaneously monitors rising and falling signal edges to detect early or late launch conditions, and issues real‑time alerts when either pre‑edge or post‑edge timing margins are breached.",2,37,0,0.0,25,ok
2015,9071583,4,summary,"Search for methods that authenticate wireless users, retrieve device‑specific access policies, generate a configuration app on a server, send it to the device, and enforce restricted network access based on the installed policies.",1,34,0,0.0,21,ok
2015,9071583,4,keyword,"How to authenticate a user, query a policy set from a configuration database on an authentication server, dynamically produce an executable configuration package, send and install on a wireless device, enabling secure access to a restricted network?",3,37,1,0.045454545454545456,22,failed_constraints
2015,9071583,4,function,"Search for methods that authenticate a wireless device user, retrieve user‑specific configuration parameters from a server database, generate a device‑installable app that installs those policies, and enforce restricted network access based on the installed policies.",1,37,0,0.0,25,ok
2015,9190915,1,summary,"Search patent history for a dual‑inverter DC‑DC system using an isolation transformer, which switches between variable‑output rectifier‑to‑inverter and fixed‑output inverter‑to‑variable modes to bidirectionally transfer power while limiting charging currents.",2,37,0,0.0,27,ok
2015,9190915,1,keyword,"Reversible two‑way DC‑DC system employing an insulation‑coupled transformer, with paired inverters operating in variable/fixed output modes that switch between rectifier and inverter control to transfer charge between distinct DC source blocks.",3,35,0,0.0,27,ok
2015,9190915,1,function,"Bidirectional DC‑DC converter employing dual power converters linked via an isolation transformer, switching between inverter and rectifier modes with variable/fixed output control contingent on a charging‑current threshold to safely transfer power between DC sources.",1,37,0,0.0,29,ok
2015,8998447,9,summary,"Search for illumination systems that merge two orthogonal 2‑D LED or laser arrays using interleaved reflector sets with transparent zones, enabling high‑brightness light directed at a projector pupil, including mirrored sub‑systems covering separate pupil halves.",2,38,0,0.0,28,ok
2015,8998447,9,keyword,"Search for projection illumination systems using two-dimensional arrays of solid-state light sources with interleaved row geometry, double-sided staggered reflector stacks featuring transparent sections, pupil-targeting optics, and mirrored sub-device configurations for half-pupil coverage.",3,38,4,0.12903225806451613,31,failed_constraints
2015,8998447,9,function,"Search for illumination system that combines multiple small light sources arranged in interleaved grids and directs their beams through paired reflector arrays with transparent sections to deliver a high‑brightness, uniform light cone onto the pupil of a projector or display, possibly using mirrored halves for full coverage.",2,48,0,0.0,33,ok
2015,9115242,17,summary,"Search for urethane-modified polysiloxane macromonomer copolymers containing a single reactive vinyl unit, copolymerized with methacrylate or acrylate monomers, employed as surface‑active additives enhancing coating, plastic, and dispersion formulations.",2,30,0,0.0,22,ok
2015,9115242,17,keyword,"Search for free radical copolymers of urethane‑functional macromonomers with silicone‑derived side chains and single vinyl groups, methacrylate chains, Mw 2–100k Da, used as coating additives, plastic compatibilizers, wetting and dispersing aids.",2,34,0,0.0,25,ok
2015,9115242,17,function,"Investigate prior art on free‑radical copolymerized urethane‑siloxane macromonomers used as coating or plastic additives, wetting enhancers, or dispersants in homogeneous dispersions.",3,23,1,0.0625,16,failed_constraints
2015,8934391,4,summary,"Search for methods enabling a mobile device to transmit one of two kinds of access signals, then employ configurable DRX listening windows that monitor downlink control only while specific timers or grant conditions are active, reducing power.",2,37,0,0.0,27,ok
2015,8934391,4,keyword,"Search patents about a mobile terminal that uses discontinuous reception for monitoring a PDCCH during a random‑access response, employing timers such as contention‑resolution, inactivity, and retransmission, while differentiating selectable versus network‑driven RA preamble transmission and selecting resources for the RACH burst.",3,44,1,0.03125,32,failed_constraints
2015,8934391,4,function,"Methods for a mobile terminal to selectively send a preamble indicated by the network or chosen by the terminal, then use a discontinuous reception schedule to monitor the physical downlink control channel only during timer activities or pending uplink grants, thereby reducing power consumption.",3,44,4,0.13793103448275862,29,failed_constraints
2015,8984818,1,summary,"Search for prior art on detachable laminate photovoltaic modules with notched edge strips that snap into clip‑type mounting rails integrated with structural racking, offering quick installation and theft deterrence.",2,30,0,0.0,21,ok
2015,8984818,1,keyword,"Snap‑in solar panel mounting system comprising laminate panels bonded to strips with arm‑like extensions ending in transverse notches, and rail assemblies featuring opposed sidewalls or clip housings that detachably grasp these notches, linked to structural racking supports with optional lock features.",3,43,1,0.03125,32,failed_constraints
2015,8984818,1,function,"Investigate systems that snap laminate photovoltaic modules into mounting rails via notched strip extensions, with detachable engagement, integrated rack rails for support, and optional locking devices for stability and theft prevention.",2,31,0,0.0,22,ok
2015,9168604,26,summary,"Thermal processing system for electronic assemblies using a gas‑controlled chamber, convective heating/cooling of boards, and a separate regulated sensor element whose temperature is monitored by a built‑in probe.",2,31,0,0.0,20,ok
2015,9168604,26,keyword,"Search for prior patents describing a thermal processing chamber with a convective gas stream, integrated temperature sensor element of defined mass, independent sensor heater/cooler, used for treating printed circuit boards or similar electronic assemblies.",3,35,4,0.15384615384615385,26,failed_constraints
2015,9168604,26,function,"Search for systems that thermally process electronic component assemblies by convective heating/cooling with a temperature‑controlled gas, include a sensor element of known mass, and a separate heating or cooling device for that sensor whose temperature is measured.",2,39,0,0.0,24,ok
2015,9056922,16,summary,"Search for engineered relaxin analogues combining a redesigned B‑chain core motif with cysteine termini and variable residues, coupled to A‑chains from distinct natural relaxins to enhance receptor modulation and therapeutic potential.",3,33,0,0.0,21,ok
2015,9056922,16,keyword,"Investigate novel peptide hormones featuring a B‑chain core motif CGR‑XXX‑R‑XX‑I/V‑XX‑CG, with A chains derived from various insulin‑like peptides, assessing therapeutic analogues and disulfide connectivity for cardiovascular applications.",3,36,3,0.125,24,failed_constraints
2015,9056922,16,function,"Search for engineered relaxin analogues with modified B‑chain motifs (CGR‑X‑X‑R‑X‑X‑I/V‑X‑X‑CGR) derived from various natural relaxin homologues, enhancing receptor interaction for therapeutic cardiovascular or metabolic effects.",2,36,0,0.0,19,ok
2015,9172848,2,summary,"Image reading device that removes infrared interference with a spectral filter, computes a position‑dependent coefficient matrix from sensor placement and filter angle characteristics, and applies this matrix to the captured image to perform accurate color correction.",1,37,0,0.0,24,ok
2015,9172848,2,keyword,"Search for image reading devices employing a position‑dependent color correction matrix derived from the spectral angle sensitivity of an infrared‑blocking interference filter integrated in the optical path of a camera sensor, including software algorithms for coefficient matrix computation and application.",1,42,0,0.0,28,ok
2015,9172848,2,function,"Search for image capturing devices employing infrared‑blocking interference filters, with position‑dependent calibration matrices for color correction that account for filter angle‑dependent transmission, enabling accurate color imaging across varying positions.",2,32,0,0.0,25,ok
2015,9126188,23,summary,"Search for catalysts combining a precious‑metal component and a rare‑earth element supported on a low‑surface‑area, largely nonporous carrier, produced by acid leaching, ion exchange, and post‑treatment steps to enhance hydrogenation activity, selectivity, and stability.",2,39,0,0.0,27,ok
2015,9126188,23,keyword,"search for hydrogenation catalysts that combine a precious metal and a lanthanide on a low-surface-area dense support prepared by acid leaching followed by ion exchange and post‑treatment such as calcination, reduction or phosphidation, targeting high activity and selectivity.",2,41,0,0.0,26,ok
2015,9126188,23,function,"Search for catalysts that combine a rare earth element with a precious metal on a low‑surface‑area, substantially non‑porous support to enhance conversion, selectivity, and activity stability in industrial hydrogenation processes, using acid leaching, ion exchange, and subsequent chemical treatments.",3,42,4,0.13793103448275862,29,failed_constraints
2015,9100539,2,summary,"Search for systems that enhance web conferences by extracting live audio transcriptions, assessing their accuracy against reference data, and delivering combined original content with accuracy markers as multimedia overlays during the session.",1,32,0,0.0,22,ok
2015,9100539,2,keyword,"Augmented web conferencing system that extracts audio transcription, assesses accuracy against a benchmark, and overlays confidence metadata onto shared multimedia content, delivered in real‑time through a multi‑client video platform.",2,31,0,0.0,24,ok
2015,9100539,2,function,"Search for web‑conference solutions that convert live audio into text transcripts, evaluate transcription accuracy against reference data, and embed that accuracy feedback into the shared multimedia stream during the session.",1,31,0,0.0,21,ok
2015,9158449,6,summary,"A mobile display system that uses NFC to authenticate a nearby handheld, identifies its OS version and compatible data protocols, retrieves stored content, and arranges representative icons around the device on the host screen, visually mapping data availability to the device’s position.",1,43,0,0.0,28,ok
2015,9158449,6,keyword,"Near‑field communication system authenticating paired device by software version, data type, and protocol; location‑aware retrieval of stored media and dynamic icon overlay positioned proportionally to device orientation on display surface, with proximity‑based access and icon clustering around device.",3,41,1,0.03225806451612903,31,failed_constraints
2015,9158449,6,function,"Search for systems where a primary device authenticates a secondary device by verifying its firmware, determining transfer data type, matching protocols, retrieves content based on orientation relative to the device’s surface, and renders representative symbols positioned around the secondary device on a display.",2,44,0,0.0,28,ok
2015,8970525,6,summary,"Trackpad pressure‑sensing technique that reduces cursor wobble by filtering rapid pressure changes, temporarily suppressing pressure‑based movement after contact gaps, and requiring a minimum travel distance before allowing pressure‑driven cursor motion.",1,33,0,0.0,27,ok
2015,8970525,6,keyword,"Search methods and systems for reducing cursor wobble on multitouch trackpad surfaces by detecting pressure variations, temporarily suppressing incremental pressure‑triggered movements after brief idle periods, and applying distance‑based thresholds to re‑enable cursor updates when a contact traverses a pre‑set displacement, including sensor, controller, driver, and gesture library components.",3,52,1,0.025,40,failed_constraints
2015,8970525,6,function,"Find techniques that monitor touchpad pressure changes to suppress consecutive or singular contact artifacts, temporarily ignoring pressure‑based cursor motion after a rest, and enabling cursor movement only when the accumulated contact distance surpasses a set threshold.",1,37,0,0.0,27,ok
2015,9130969,4,summary,"Method for balancing storage load from multiple services by assigning size‑aware deadlines to service‑specific queues, tracking overdue time credit per queue, and using the credit to decide whether to serve or postpone requests so that throughput targets are met.",2,41,0,0.0,28,ok
2015,9130969,4,keyword,"FIFO‑based throttled queue scheduler that utilizes service‑ID metadata and payload size to compute deadlines from required throughput, tracks accumulated time credit for missed deadlines, compares credit to next I/O service time, and adjusts data‑storage processing accordingly.",1,40,0,0.0,29,ok
2015,9130969,4,function,"Method for scheduling mixed service requests to a storage device by grouping requests by service identifier, applying throughput constraints, computing deadlines from payload size and required throughput, comparing accumulated time credit to service latency, and adjusting processing based on missed deadlines.",2,41,0,0.0,29,ok
2015,9118359,10,summary,"Search for a compact wireless device featuring an extensible antenna that toggles between two frequency bands by routing signals through a diplexer and two dedicated baseband chips, with separate capacitors, amplifiers, and filters for each mode to optimize signal processing.",1,40,0,0.0,27,ok
2015,9118359,10,keyword,"Search patents on a handheld radio incorporating a telescopically retractable antenna linked to a diplexer, a dual‑capacitor matching network, and two distinct baseband processors, where the low‑band path uses an LNA, the high‑band path uses an isolated filter, all routed through state‑dependent capacitive connections.",1,48,0,0.0,33,ok
2015,9118359,10,function,"a wireless communicator with a telescopic antenna that, when retracted, receives a first frequency band routed via a diplexer and matching network to a first baseband processor and an amplifier; when extended, receives a second band routed via the diplexer and filter to a second baseband processor without cross‑talk.",2,50,0,0.0,28,ok
2015,9181866,27,summary,"Hybrid vehicle heat‑recovery system that routes a working fluid through separate pump‑condenser‑turbine loops for internal‑combustion and electrical components, throttling flow to each loop based on respective component temperatures to improve efficiency.",1,35,0,0.0,26,ok
2015,9181866,27,keyword,"Hybrid powertrain using dual circulating loops with pumps, condensers, turbines for thermal management and fluid coupling between combustion engine parts and electric components, selectively routing coolant based on component temperatures.",2,30,0,0.0,23,ok
2015,9181866,27,function,"Hybrid powertrain heat recycling design featuring two fluid circuits each with a pump, condenser, and turbine, where one loop serves combustion engine components and the other selectively cools electric modules based on temperature sensors.",2,34,0,0.0,25,ok
2015,9220832,13,summary,"Developing a diagnostic technique for dialysis apparatus that applies vacuum to a vented chamber and monitors connected fluid line pressure to detect inadvertent air ingress, enabling early indication of malfunctions.",1,30,0,0.0,20,ok
2015,9220832,13,keyword,"Search for dialysis apparatus employing vacuum to activate vented air release chamber, monitoring adjacent fluid line for pressure drop to detect airborne ingress, and using a predefined threshold to trigger a user alert.",2,33,0,0.0,23,ok
2015,9220832,13,function,"Search for inventions enabling a dialysis system to apply vacuum to a vented chamber, monitor pressure in its fluid line, detect ingress of gas through the vent, and notify the operator of vacuum integrity failures.",2,35,0,0.0,21,ok
2015,8954317,6,summary,"Automatic text‑message response system for mobile users that parses incoming transaction requests, detects emotional keywords, assigns a sentiment status, and composes a predefined reply with incentive, routing automatically when confidence is sufficient or forwarding to an agent otherwise.",1,39,0,0.0,26,ok
2015,8954317,6,keyword,"Searching for systems that parse mobile text messages, detect emotion keywords, assign sentiment scores, generate acknowledgment and incentive responses, and route low‑confidence replies to human agents for correction, using embedded processors and transmitter/receiver architectures.",2,36,0,0.0,27,ok
2015,8954317,6,function,"search for systems that receive mobile text transactions, parse and NLP-analyze for emotion-related keywords, assign emotional status based on keyword frequency thresholds, automatically generate acknowledgment with incentive, and route low‑confidence replies to a human operator for review and updating the template.",3,44,2,0.06666666666666667,30,failed_constraints
2015,9107672,13,summary,"Removable bipolar electrosurgical forceps with interchangeable electrode pair and adjustable inter‑electrode distance via a detachable stop mechanism, allowing variable spacing between conductive tips secured to the forceps jaws.",1,29,0,0.0,22,ok
2015,9107672,13,keyword,"Search for bipolar electrosurgical forceps with a detachable housing, dual electrodes at the distal tip, each releasable to its opposing jaw, an interchangeable cover plate, and a stop mechanism engaging apertures on an insulating substrate.",2,35,0,0.0,21,ok
2015,9107672,13,function,"Search for bipolar electrosurgical forceps that allow removable electrode pairs with adjustable spacing via stop members, electrodes fitting onto opposing forceps jaws, having conductive surfaces on insulating substrates, and a detachable cover plate.",1,33,0,0.0,25,ok
2015,9174205,23,summary,"Searching for processes that convert charcoal into activated carbon by blending it with nitrogenous organic molecules bearing multiple heteroatoms, followed by drying and steam activation to produce a porous catalyst for chemical applications.",2,33,0,0.0,20,ok
2015,9174205,23,keyword,"search for methods producing steam‑activated, nitrogen‑doped activated carbon from charcoal mixed with amide, nitrile, oxime or nitrosamine precursors before activation, yielding micro, meso, and macroporous catalyst materials.",1,29,0,0.0,22,ok
2015,9174205,23,function,"Search for processes that combine charcoal with nitrogen‑rich organics bearing heteroatoms, then dry the blend followed by steam treatment to produce activated carbon possessing catalytic activity for chemical conversions.",2,30,0,0.0,21,ok
2015,9191755,2,summary,"Search for methods improving music hearing in hearing aids through binaural decorrelation and phase jitter, using RF inter‑device communication to separate ambient and near‑field signals, compressively amplify them, and apply HRTF convolution for enhanced spatial realism.",1,38,0,0.0,28,ok
2015,9191755,2,keyword,"Search for hearing aid devices using dual‑headphone configurations with spatial enhancement combining inter‑aural de‑correlation and phase jitter, RF inter‑device signaling for ambient/near‑field signal splitting, separate compression, weighted recombination, and head‑related impulse response convolution for music enhancement.",1,43,0,0.0,35,ok
2015,9191755,2,function,"Wireless hearing aids applying spatial enhancement by decoupling binaural outputs, phase‑jittering, and convolving each ear’s audio with a prerecorded subject‑specific acoustic response; employing inter‑device RF exchange, ambient‑nearfield separation, separate dynamic range compression, weighted recombination, and iterative processing to enlarge listening room perception for music playback.",2,50,0,0.0,40,ok
2015,9044575,13,summary,"Search for a neuromodulation catheter with dual concentric segments that become mechanically different at distinct temperatures—one segment stiffens above body heat while the other remains compliant—allowing precise, temperature‑triggered stimulation.",2,32,0,0.0,24,ok
2015,9044575,13,keyword,Search for neuromodulation catheters featuring an elongate shaft with concentric hypotube segments made of different temperature‑tuned nitinol alloys—one with Af above body temperature and a proximal one below body temperature—and a distal neuromodulation element linked to the shaft.,2,41,0,0.0,28,ok
2015,9044575,13,function,"Explore neuromodulation catheter designs featuring a dual‑segment shaft that changes stiffness at different activation temperatures, with helical cuts providing directionally selective torsion resistance, enabling precise intracranial electrode positioning and temperature‑responsive flexibility during delivery.",2,35,0,0.0,28,ok
2015,9016798,35,summary,"Search for self‑propelled earth‑moving machines with adjustable side‑closures on drum housings that use proximity sensors to lift the closure when the ground comes too close, preventing capture in loose soil.",1,33,0,0.0,22,ok
2015,9016798,35,keyword,"self-propelled earthmoving machine with a rotating ground-processing drum in a downward-open casing, side edge guard adjustable by an actuator featuring a floating mounting, controlled by a proximity sensor measuring guard-soil clearance, triggering guard lift when clearance falls below threshold.",1,43,0,0.0,31,ok
2015,9016798,35,function,"Search for earth‑moving machines with drum housings equipped with adjustable side edge protectors that lift automatically via actuator when a sensor detects the protector’s reference point approaching the ground below a threshold, preventing entrapment in loose substrate.",3,39,1,0.038461538461538464,26,failed_constraints
2015,9123856,20,summary,Apply 1–20 GPa pressure and 500–2500 °C heat to GeTe‑AgSbTe₂ thermoelectric alloys for a post‑processing step that increases the figure‑of‑merit ZT while ensuring the enhanced value persists for at least ten days at operating temperatures.,1,41,0,0.0,26,ok
2015,9123856,20,keyword,"Search for high‑pressure, high‑temperature processing of GeTe‑AgSbTe₂ thermoelectrics yielding increased ZT at 1–20 GPa and 500–2500 °C, with retention over 10‑day use, including consolidation techniques and post‑heat‑treatment methods.",2,36,0,0.0,26,ok
2015,9123856,20,function,"methods or processes to enhance the thermoelectric figure‑of‑merit of GeTe‑based or similar alloys by subjecting them to moderate‑to‑high pressure (≈1–20 GPa) and temperature (≈500–2500 °C) treatments, preserving increased performance over long‑term operation.",1,40,0,0.0,25,ok
2015,9126571,13,summary,"Search for medical beds or patient platforms incorporating an integrated control interface embedded in a side rail or headboard that allows monitoring and adjustment of multiple motorized components, such as articulated deck sections, via touch‑controlled icons accessible from both patient and caregiver sides.",1,44,0,0.0,30,ok
2015,9126571,13,keyword,"Search for medical bed systems featuring a structural frame, encircling barrier with rails and head/foot boards, a deck of articulating sections, integrated control electronics, actuators and sensors, a concealed user interface within the barrier, and touch‑activated graphical controls for adjusting support functions.",2,44,0,0.0,31,ok
2015,9126571,13,function,"Search for patient support system featuring a barrier-mounted touchscreen that lets users select and control adjustable deck sections via icons, while monitoring sensor data and operating actuators through an integrated computer and control circuitry.",1,35,0,0.0,26,ok
2015,9065728,4,summary,"Searching for network routers fault detection system using traffic flow statistics, Mahalanobis distance monitoring, and adaptive moving‑average refinement of reference distributions.",1,22,0,0.0,17,ok
2015,9065728,4,keyword,"Network failure diagnostic system that aggregates per‑router traffic flow data, computes Mahalanobis distance against a reference distribution, and updates the reference mean and variance using simple or weighted moving averages weighted inversely to the distance.",1,36,0,0.0,26,ok
2015,9065728,4,function,"Search for systems or methods that monitor all traffic flows from network routers, compute statistical parameters, apply Mahalanobis distance against a reference distribution, iteratively update means and variances via moving averages weighted inversely by the distance, for fault detection.",1,39,0,0.0,28,ok
2015,9210508,2,summary,"Search for prior art of phantom‑powered ribbon microphones that include an internal preamp and an external slider or knob on the microphone case to toggle between full‑frequency and low‑frequency‑reduced modes, thereby reducing proximity‑effect distortion for close‑voice usage.",3,43,2,0.06896551724137931,29,failed_constraints
2015,9210508,2,keyword,"Search for active ribbon microphones with built‑in phantom‑powered inline preamplifiers that include slider or knob control for switching between music and voice modes, featuring low‑frequency response reduction, proximity‑effect filtering, high‑pass networks, and transistor‑based gain stages.",3,41,7,0.22580645161290322,31,failed_constraints
2015,9210508,2,function,"search for active ribbon or dynamic microphone with built‑in phantom‑powered preamplifier that includes an adjustable proximity‑effect reduction feature, offering voice versus music mode control via a slider or knob on the case, with integrated high‑pass filtering",3,40,4,0.14814814814814814,27,failed_constraints
2015,9221727,23,summary,"Search for prior art on palladium-supported organophosphorous catalysts that selectively hydrogenate highly unsaturated hydrocarbons to partially hydrogenated products, preserving olefin content, using a catalyst preparation involving reduction of a precursor.",3,31,1,0.045454545454545456,22,failed_constraints
2015,9221727,23,keyword,palladium supported on high surface area oxide catalyst with organophosphorus ligand for selective hydrogenation of polyunsaturated alkanes to olefin‑rich product under controlled hydrogen pressure and moderate temperature.,2,28,0,0.0,20,ok
2015,9221727,23,function,Search for industrial processes using a supported palladium/organophosphorus catalyst to selectively hydrogenate multi‑olefinic feedstocks into partially saturated products under hydrogen for environmental remediation.,2,25,0,0.0,18,ok
2015,8954850,7,summary,"Search for methods enabling users to select segments of workflow diagrams via a GUI, map those segments to pre‑defined single entry/exit modules, and auto‑generate reusable process patterns from the chosen fragment.",1,34,0,0.0,24,ok
2015,8954850,7,keyword,"Search for software that offers a graphical interface for selecting and reusing business process subgraphs, mapping user‑selected fragments to a hierarchical library of process slices defined by distinct start and finish points, then automatically embedding them into reusable process templates.",2,41,0,0.0,27,ok
2015,8954850,7,function,"search for computer‑implemented systems that provide a GUI for editing business processes, allow fragment selection, compare against a hierarchical fragment library with single‑entry single‑exit fragments, and instantiate business process patterns using the selected fragment as a reusable component",3,41,6,0.20689655172413793,29,failed_constraints
2015,9027947,32,summary,"Search for bicycle front fork designs featuring an integrated tubular brace formed by two fork members, reinforced by outward extensions and closed with an overlay to create a hollow tubular structure that supports telescoping suspension tubes.",1,36,0,0.0,24,ok
2015,9027947,32,keyword,"Search for patent documents describing bicycle front fork assemblies that integrate a tubular brace portion with parallel fork legs, overlay panels creating a closed tubular profile, reinforcement lips, telescoping mating tubes, and crown‑steerer connections.",1,35,0,0.0,27,ok
2015,9027947,32,function,"Search for bicycle front‑fork designs that integrate two parallel suspension tubes with a reinforced brace featuring an opening and an external lip, where an overlay mates with the brace opening to form a closed, tubular bracket reinforcing the fork assembly and allowing telescopic operation.",2,45,0,0.0,28,ok
2015,9200145,17,summary,"Search for sulfide‑based coupling agents that join an elastic polymer to finely dispersed black particulate filler, enhancing dispersion and interfacial adhesion by functionalizing the filler with heteroatoms such as nitrogen and oxygen in small alkyl chains.",2,37,0,0.0,24,ok
2015,9200145,17,keyword,"Search for patents that disclose rubber mixtures with carbon black and a sulfide‑based coupling agent containing NR groups and alkyl or alkenyl substituents, where the agent is added in weight ratios relative to the carbon black and diene rubber.",2,40,0,0.0,24,ok
2015,9200145,17,function,"Search for sulfur‑containing coupling molecules that enhance interfacial adhesion between elastomer and carbonaceous filler, improving dispersion, tensile strength and abrasion resistance in elastomer composites.",2,25,0,0.0,18,ok
2015,8932390,8,summary,"Search for fluorinated compounds used as hydrophobic coatings applied to cleaned wafer surfaces with micro‑patterned recesses containing Ti, W, Al, Cu, Sn, Ta or Ru, deposited prior to drying to protect recessed facets.",2,34,0,0.0,24,ok
2015,8932390,8,keyword,"Query for fluorine-modified organosilane compounds used as hydrophobic coatings applied to semiconductor wafers with recessed structures containing Ti, W, Al, Cu, Sn, Ta, Ru, deposited between post-clean treatment and pre-drying stages, solvent-based formulations.",2,37,0,0.0,29,ok
2015,8932390,8,function,"search for liquids that form hydrophobic coatings on semiconductor substrates with micro‑recesses containing Ti, W, Al, Cu, Sn, Ta or Ru, applied between cleaning and drying steps, using fluorinated alkyl compounds.",2,32,0,0.0,23,ok
2015,8990066,6,summary,"Search for automated translation methods that analyze unknown terms via affix stripping and stem mapping, then translate the base, reapply inflection, and correct spelling or replace colloquialisms before sending the final output.",2,32,0,0.0,23,ok
2015,8990066,6,keyword,"Search for automated translation systems performing source‑to‑target conversion where a server detects a phrase missing from a lookup table, removes affixes, extracts stems, handles misspellings, normalizes colloquial variants, translates stems and affixes, re‑inflects results, and returns the translation to a client device.",2,45,0,0.0,31,ok
2015,8990066,6,function,"Searching for methods enabling automatic translation of a word absent from the phrase table by analyzing morphology to identify stems and affixes, correcting misspellings, replacing colloquial terms with formal equivalents, translating the stem, and reconstructing the inflected form for the target language.",3,42,0,0.0,26,ok
2015,9219406,1,summary,"Search for resonant power‑converter techniques that estimate real inductor current by integrating measured voltage, applying adaptive scaling from a secondary integration loop, and adjusting parameters to match simulated and measured voltages, enabling accurate control of bidirectional phase‑leg switches.",1,40,0,0.0,29,ok
2015,9219406,1,keyword,"resonant power converter current measurement by voltage integration scaling, bidirectional switch phase legs in an inductor‑capacitor resonant bus, parasitic RLC estimation, simulated inductor current control, dynamic scaling adjustment using integrated‑to‑actual voltage comparison.",1,35,0,0.0,29,ok
2015,9219406,1,function,"Describe methods for real‑time inductor current estimation in a resonant power converter, employing voltage integration, dynamic scaling, parasitic parameter estimation, and bidirectional phase‑leg switching to regulate energy transfer during disconnection intervals.",2,33,0,0.0,26,ok
2015,9209792,5,summary,"Search for integrated‑circuit schemes that use arbitration logic with one‑hot decoding, clock‑controlled latching, and glitch‑free multiplexer gating to deterministically switch between multiple independently generated oscillator clocks.",2,30,0,0.0,23,ok
2015,9209792,5,keyword,"Search for integrated circuit designs featuring arbitration mechanisms coordinating multiple clock inputs with externally generated selection signals, employing one‑hot logic, control components utilizing current running clock to drive coordination, multiplexed clock gates for glitch‑free switching, and OR‑gate outputs.",2,41,0,0.0,33,ok
2015,9209792,5,function,"Search for methods of dynamically selecting among multiple clock sources using a one‑hot arbitration mechanism that coordinates external enable signals and gates transitions with latch openings to eliminate glitches, enabling smooth switching for integrated circuit timing networks.",3,38,0,0.0,28,ok
2015,9207988,4,summary,"Find prior art on a cloud datacenter resource manager that uses a zone controller to broadcast zone identifiers, receives acknowledgment from node groups, and automatically subscribes unattached groups to the zone based on hardware or health attributes.",1,37,0,0.0,24,ok
2015,9207988,4,keyword,"Search for systems that automatically assemble node server clusters in cloud infrastructure using hardware, health, workload, and facility metrics, broadcasting unique zone identifiers and acknowledging membership through a zone controller’s broadcast‑receive‑subscribe logic.",2,35,0,0.0,26,ok
2015,9207988,4,function,"Search for cloud datacenter resource orchestration systems that use a zone manager to broadcast zone identifiers, listen for acknowledgement packets from node groups, and dynamically subscribe node clusters to zones based on hardware traits, health, or workload criteria, enabling automatic group creation and zone management.",1,45,0,0.0,32,ok
2015,9067516,32,summary,"A child restraint system features a rearward seat shell with an adjustable headrest positioned on the front panel, a webbing strap routed through a front slot, a protective panel that covers uncovered backrest when the headrest lowers, and a pivoted latch engaging the backrest above a transverse bar.",2,48,0,0.0,30,ok
2015,9067516,32,keyword,"search for patents on vehicle child restraint systems featuring a webbing strap routed through a forward panel slot, adjustable headrest mounted on the backrest, a cover panel moving with headrest lowering, and a latch with pivoted locking mechanism under a transverse beam.",2,42,0,0.0,28,ok
2015,9067516,32,function,"What prior patents describe a seat shell with an adjustable headrest, a webbing shoulder strap routed through an opening in the backrest, a cover panel that extends above a lowered headrest, a transverse bar, and a pivoting latch engaging the backrest?",2,41,0,0.0,24,ok
2015,9101540,16,summary,"Oral suspension of sub‑200 nm megestrol acetate nanoparticles stabilized by surface agents delivering a bioequivalent dose to conventional formulation, achieving enhanced plasma concentration and area under curve, used for anorexia and cachexia management.",1,34,0,0.0,25,ok
2015,9101540,16,keyword,"Search for oral nanoparticle megestrol acetate suspensions with sub‑150 nm particles, stabilized by hydroxypropyl methylcellulose and dioctyl sodium sulfosuccinate, that achieve elevated Cmax and AUC values under fed conditions for treating anorexia and cachexia.",3,35,5,0.2,25,failed_constraints
2015,9101540,16,function,"nanoparticle oral suspension of megestrol acetate featuring sub‑150 nm particles and surface‑stabilizing excipients that deliver a bioequivalent dose to conventional formulations, thereby improving bioavailability for treatment of anorexia or cachexia.",1,32,0,0.0,22,ok
2015,9226253,4,summary,Search for methods to achieve network‑wide clock alignment in DODAG‑based wireless topologies using packet timestamp differences and synchronization request/response exchanges between nodes and a central sink.,1,29,0,0.0,21,ok
2015,9226253,4,keyword,"Search for methods or devices that synchronize low‑power wireless sensor nodes to a sink using exchange of DODAG control messages, including enhanced DIO, DAO, SYNC‑START, SYNC‑REQ, and SYNC‑RESPONSE packets, calculating clock offsets from neighbor timestamps.",2,39,0,0.0,29,ok
2015,9226253,4,function,"Wireless node synchronization to a data sink via time‑of‑arrival comparison of neighbor packets and exchange of SYNC‑REQ/SYNC‑RES messages, computing clock offset in a DODAG network using enhanced DIO and DAO broadcasts.",1,36,0,0.0,25,ok
2015,9020017,3,summary,"How can a DSLAM system estimate a cancellation coefficient for far‑end crosstalk using an error sample from a terminal while transmitting a test signal, enabling adaptive suppression of crosstalk on a second line?",3,34,1,0.045454545454545456,22,failed_constraints
2015,9020017,3,keyword,"Search for apparatuses that transmit a crosstalk probing burst from one port, capture error samples on another port, compute a transmitter pre‑encoding weight, and use it to cancel induced interference during a single‑end diagnostic test signal.",2,38,0,0.0,26,ok
2015,9020017,3,function,"DSLAM transmits a crosstalk detection pulse, receives error feedback on another line, computes pre‑coder coefficients, and applies them to suppress far‑end crosstalk while sending a SELT‑like test signal.",3,31,2,0.08695652173913043,23,failed_constraints
2015,9133803,27,summary,"Searching for prior art on a direct fuel delivery device that uses an excitable actuator to move a valve along a longitudinal axis, guided by several circumferential flow zones of differing size to reduce spray variance and improve atomization.",3,39,0,0.0,25,ok
2015,9133803,27,keyword,"Searching for a combustion engine injector featuring an electrically ignitable valve assembly and a nozzle housing with multiple circumferentially spaced fuel channels, asymmetrical guidance surfaces, and differing downstream spray orifices to achieve uniform atomization and reduced spray variance.",2,38,0,0.0,27,ok
2015,9133803,27,function,"Search for direct‑injection fuel injectors that use a movable valve sealing against a seat, a nozzle body with multiple upstream flow passages and downstream spray orifices of different number, featuring asymmetrically arranged guide surfaces to achieve uniform atomization under compression‑ignition engines.",3,43,3,0.09375,32,failed_constraints
2015,9144222,18,summary,"A lettuce cultivar that bolts late, resists downy mildew and currant‑lettuce aphid, and bears crisp, deeply‑incised, frilled leaves with a reddish apex, produced through successive crossing, selfing, selection steps, and genotyping markers.",3,34,3,0.12,25,failed_constraints
2015,9144222,18,keyword,"Search for lettuce varieties combining slow bolting, resistance to Bremia lactucae, and Nasonovia spp. aphid, with crisp, deeply incised, frilled leaves and a medium red apex margin; examine seed crosses, F2/F3 selection methods, and genotyping markers.",3,37,2,0.07142857142857142,28,failed_constraints
2015,9144222,18,function,"Search lettuce lines with delayed flowering, built‑in defenses to downy mildew and aphid pests, crisp, sharply indented, frilled foliage featuring a subtle red tip; breeding schemes via hybridizing, self‑fertilization, and marker‑assisted selection for these agronomic traits.",2,39,0,0.0,30,ok
2015,9224995,1,summary,"Search prior art for modular battery units featuring a housing with sidewalls matching a device’s internal compartment, providing a fully enclosed cell arrangement and a sliding-side contact interface that engages the device’s connector during insertion along the tool’s axis.",2,43,0,0.0,28,ok
2015,9224995,1,keyword,"Sidewall assembly battery pack tool housing with cells arranged parallel to insertion axis, connector engagement through sidewall contact, electrical connection assembly engaging with tool compartment connector, enclosed cell stack, through aperture perpendicular to tool longitudinal axis, insertion‑triggered contact mechanism.",3,40,3,0.08823529411764706,34,failed_constraints
2015,9224995,1,function,"Search for battery pack designs using a sidewall enclosure that matches a tool's battery compartment opening, allowing insertion along the tool axis while the pack’s internal connector engages the tool’s sidewall connector through sliding movement.",1,38,0,0.0,26,ok
2015,9151450,31,summary,"A safety‑enhanced regulator that fits inside the enclosure of a gas supply line, reducing collision points, featuring dual pressure indicators, a body guard, and a perpendicular bonnet with an adjustment knob.",2,32,0,0.0,20,ok
2015,9151450,31,keyword,"Search for prior art on a compact pressure‑control valve with a front‑barrel housing, dual gauge indicators on top and bottom, a protective body shield, and a perpendicular bonnet engaging the shield, all designed to fit snugly within an elongated delivery tube profile.",2,44,0,0.0,29,ok
2015,9151450,31,function,"Find pressure‑control units that mount two pressure indicators and a protective guard inside the cylinder valve shell, reducing impact points, with a perpendicular bonnet and adjustment knob that interfaces with the valve.",2,33,0,0.0,21,ok
2015,8976049,6,summary,Method and system for reducing storage of high‑throughput sequencing data by detecting duplicate reads and writing only one representative into a nucleotide text file.,1,25,0,0.0,16,ok
2015,8976049,6,keyword,"System and method for deduplicating high‑throughput sequencing reads, employing a processor to identify duplicate read sets and persisting a single representative of each set in a nucleotide‑sequence database or flat‑file format.",2,34,0,0.0,22,ok
2015,8976049,6,function,"Search for methods that capture multiple genome sequencing reads, detect duplicates within them, and store only a single representative read per duplicate set in a nucleotide‑based sequence repository, thus reducing storage while preserving informational integrity.",3,36,0,0.0,27,ok
2015,9157010,19,summary,"Searching prior art for aqueous magnetorheological polishing fluids combining micron‑sized magnetic particles with nanometer‑size abrasive grains to achieve ultrasmooth substrate finishes, emphasizing the size disparity and use of carbonyl‑iron magnets and common oxide abrasives.",1,37,0,0.0,28,ok
2015,9157010,19,keyword,"Search for aqueous magnetorheological polishing fluids containing micron‑size spherical iron particles and nanoscale abrasive grains of Al₂O₃, ZrO₂, CeO₂, SiO₂, B₄C, SiC, or diamond, with 2–3 orders‑of‑magnitude size disparity and optional stabilizer additives.",3,37,0,0.0,25,ok
2015,9157010,19,function,"magnetorheological polishing fluid, aqueous base, containing magnetic particles several orders larger than nanometer-scale abrasives such as Al₂O₃, ZrO₂, CeO₂, SiO₂, B₄C, SiC; enabling ultra‑smooth substrate finishing under magnetic control",1,31,0,0.0,27,ok
2015,9024755,12,summary,"Detecting shelf depletion via camera footage, estimating remaining stock, and instantly alerting nearby staff with a snapshot and restock info when levels drop below a set threshold.",1,27,0,0.0,19,ok
2015,9024755,12,keyword,"Retail shelf monitoring system employing video analytics to detect product removal, estimate remaining quantity from item dimensions and shelf area, display real‑time line graphs with minimum stock thresholds, and wirelessly alert nearby staff with images and restocking data.",1,39,0,0.0,30,ok
2015,9024755,12,function,"Search for prior art systems using video surveillance to detect product removal, estimate remaining shelf quantity, graph stock levels over time, and trigger alerts or notifications to nearby staff with real‑time image and restocking instructions.",1,36,0,0.0,27,ok
2015,9130729,4,summary,"Develops a method for allocating spectrum in femtocell‑macrocell environments that suppresses intra‑ and inter‑layer interference by representing femtocell interference with a graph, coloring it according to diverse bandwidth needs, and linking colors to available frequencies.",2,37,0,0.0,23,ok
2015,9130729,4,keyword,Search for small‑cell Heterogeneous network spectrum allocation methods that use interference‑topology graphs and chromaticity preference algorithms to prioritize variable user bandwidth while reducing co‑channel interference.,3,28,3,0.13636363636363635,22,failed_constraints
2015,9130729,4,function,"Search for techniques that use user‑supplied overhead data to model coexistence between femto and macro cells, cluster non‑adjacent femtocells, prioritize bandwidth needs, apply a color‑based assignment algorithm, and map colors to available frequency bands for interference reduction.",2,40,0,0.0,30,ok
2015,8935826,33,summary,"Search for upright cleaning or treatment devices featuring a handle‑operated main body with a pivoting support arm that can lock the device upright, raising its wheels off the floor to rest on a stand, then retract to wheel‑only mode for rolling over a treated surface.",1,47,0,0.0,30,ok
2015,8935826,33,keyword,"Search for upright floor‑surface treatment appliance featuring a handle‑mounted chassis, a pivotable support platform with two spherical rollers on a yoke, a treating head, and a releasable stand‑retention system enabling the unit to be rolled or raised during cleaning operations.",3,43,0,0.0,28,ok
2015,8935826,33,function,"Search for handheld rolling device with pivoting stand and wheels that can raise the body above surface for stable treatment head support, allowing retraction for maneuverability.",2,26,0,0.0,17,ok
2015,9075501,7,summary,"Search for a graphical hierarchical planner that displays an organization’s master plan and its sub‑segments, calculates each section’s target and actual sum, compares parent totals to goals, and automatically marks when a segment overshoots its objective.",1,39,0,0.0,23,ok
2015,9075501,7,keyword,"Search for systems that retrieve organizational performance data, synthesize an organogram-based planner with hierarchical nodes, compute parent node totals, compare against target budgets, and activate an excess target indicator within a visual interface program.",2,35,0,0.0,26,ok
2015,9075501,7,function,"Finding prior art for systems that retrieve organizational plan data, build hierarchical organogram displays of parent and child budget nodes, compute parent totals, compare them to target amounts, and mark the parent node when the budget exceeds the target.",2,39,0,0.0,26,ok
2015,9208283,6,summary,"search for a system that enables users to create and join online communities filtered by genetic markers, storing DNA profiles and personal details in a secure database, with adjustable privacy rules for chromosome data, and using a server-side engine to match members to genotype conditions.",1,46,0,0.0,29,ok
2015,9208283,6,keyword,"search for systems using genomic SNP data to form social network groups, with a client device uploading individual genotype and demographic info to a server that stores data in separate genome and member databases, generates genotype-based groups, controls join permissions, and manages conditional disclosure of chromosome loci.",1,48,0,0.0,34,ok
2015,9208283,6,function,"Searching prior art for a system that forms online social groups by matching users’ genomic profiles to specified genotype criteria, allowing controlled disclosure of genetic location data and enabling groups to be created and joined with privacy settings.",1,38,0,0.0,25,ok
2015,8958172,2,summary,"Multi‑disk stack storage system employing a single actuator arm with a ~270° sweep to asynchronously access multiple rotating magnetic platters, some rotating clockwise, others counter‑clockwise, reducing per‑unit cost by consolidating head assemblies and enabling staggered platter access.",3,40,0,0.0,32,ok
2015,8958172,2,keyword,"Hard‑disk array comprising multiple spindle‑mounted magnetic‑recording disks and a single head slider assembly with flexures and a 270° actuator to access each disk stack asynchronously, including counter‑clockwise and clockwise spindle rotation for opposing stacks.",3,38,3,0.10714285714285714,28,failed_constraints
2015,8958172,2,function,"Search for HDD designs featuring a single active head assembly that actuates a slider across multiple separately rotating disk stacks, with asynchronous access enabled by bidirectional spindle rotations and actuator arcs of about 270° to reduce unit cost.",1,38,0,0.0,27,ok
2015,9066612,33,summary,"Looking for a clear plastic device that shields paper from moisture, displays it through a convex front, releases documents via a pivoting flap cover, and is mechanically secured to a holder with support rods.",2,34,0,0.0,20,ok
2015,9066612,33,keyword,"Translucent plastic display and dispensing apparatus featuring a convex front window, concave rear wall forming a crescent chamber, moisture‑sealed front–back interface, pivoting flap cover over the entry aperture, integrated support rods engaging a stake holder for secure mounting.",2,40,0,0.0,32,ok
2015,9066612,33,function,"Search for translucent‐plastic document holders providing a crescent chamber with convex front, concave back, a pivoting moisture‑seal flap for insertion/dispensing, and integrated support rods for secure mounting to a stake holder.",1,34,0,0.0,23,ok
2015,9002540,12,summary,"Search for vehicle keyless access systems using handheld badges equipped with motion detectors that validate recent movement before allowing door unlocking, and subsequently permit engine start only after successful unlocking, requiring two sequential wireless authorization checks.",1,36,0,0.0,30,ok
2015,9002540,12,keyword,"Search for patents on authorized keyless vehicle entry and ignition systems using portable proximity ID devices with integrated motion‑detection sensors, wireless communication links, timestamped last‑movement metrics, threshold time‑interval validation, and two‑stage authorization logic linking entry to subsequent starting.",3,42,2,0.058823529411764705,34,failed_constraints
2015,9002540,12,function,"A vehicle access system that authorizes keyless entry and engine start by receiving a recent movement timestamp from a wearable credential equipped with a motion sensor, requiring the last motion to fall within a set interval before permitting door entry, and allowing startup only after successful entry.",2,47,0,0.0,32,ok
2015,8987953,1,summary,"Search for electric motors where a shrinkable tube sleeve thermally interfaces permanent magnets within laminated rotor bodies, allowing adjustable internal diameter for magnet placement and cooling—mechanism includes stacking laminations, inserting magnets into shrinkable tube, guiding magnet into rotor slots.",1,40,0,0.0,31,ok
2015,8987953,1,keyword,"Discover motor designs featuring housing with fixed stator, rotor made of laminated iron cores, integrated permanent magnets, and a shrinkable tube sleeve that adjusts internal diameter to provide heat conduction and magnetic flux coupling, focusing on variable internal dimensions for improved thermal management in electric drives.",2,46,0,0.0,34,ok
2015,8987953,1,function,"Search for rotor assemblies that use a shrinkable tube sleeve surrounding permanent magnets to act as a heat conduction path between magnets and laminated rotor body, enabling easy magnet insertion, adjustable fit, and enhanced thermal management in electric motors.",2,39,0,0.0,28,ok
2015,9193443,32,summary,"Search for a vehicle tail or wing component that uses a curved outer perforated shell linked to multiple planar inner suction panels by web structures, creating suction chambers to extract turbulent air while enhancing aerodynamic stability and breaking up debris upon impact.",1,42,0,0.0,31,ok
2015,9193443,32,keyword,"air‑suction vehicle tail or wing component featuring a continuously curved outer skin with micro‑perforated 25–100 µm orifices, coupled to planar inner suction plates joined by web structures, rows of suction holes, and integrated suction chambers for flow separation control.",3,42,0,0.0,31,ok
2015,9193443,32,function,"Search for methods or structures that use a curved outer surface with microperforated holes linked to internally positioned suction openings via connecting webs, forming suction chambers to lift boundary‑layer air for vehicle stability and energy recovery.",2,37,0,0.0,26,ok
2015,9202804,8,summary,"A semiconductor package where the alignment marker protrudes above the bond pad’s connection electrode, creating vertical clearance for underfill resin flow and pad protection, achieved through layered passivation and barrier structures.",1,32,0,0.0,22,ok
2015,9202804,8,keyword,"Search patents describing semiconductor chips featuring a pad contact exposed through a protective film, a raised alignment reference protruding above the chip surface, a bonding interconnect located below the reference, and a barrier overlay between the contact and protective film, with an encapsulating underfill resin covering the bond.",3,48,1,0.030303030303030304,33,failed_constraints
2015,9202804,8,function,Search for semiconductor packaging techniques featuring alignment marks taller than connection electrodes to improve underfill resin coverage and assembly alignment.,1,20,0,0.0,15,ok
2015,9066613,25,summary,"Search for insulated beverage containers employing expandable microcapsules embedded in a base matrix that form voids when heated, preserving temperature without external cooling devices.",2,24,0,0.0,17,ok
2015,9066613,25,keyword,"Search patents for insulated beverage containers featuring a composite inner liner of base polymer embedded with expandable microcapsules filled with gas or liquid, where heat activation induces expansion forming voids, and for designs incorporating double‑walled holders, cavity gaps, or external cooling modules using latent heat thermal reservoirs.",2,48,0,0.0,36,ok
2015,9066613,25,function,"Search for a beverage container system that keeps drinks at target temperature using an insulated wall layered with a composite barrier containing dispersed microcapsules filled with gas or liquid, which expand when heated to create internal voids for improved thermal regulation.",2,41,0,0.0,26,ok
2015,9017014,27,summary,Search for gas turbine rim seal that uses outward‑ and inward‑facing angular wings with guide vanes and a preswirler to pull atmospheric cooling fluid into the rotor cavity while blocking hot gas ingress.,1,34,0,0.0,23,ok
2015,9017014,27,keyword,"Search for gas turbine rotor‑seal technologies featuring an annular stationary rim with fore‑end, outward and inward surfaces, lower and upper angel wing seal gaps, guide vanes or pumping fins, air supply passage, preswirler, and rotation‑induced low‑pressure cooling fluid drawing from ambient atmosphere.",3,46,5,0.1388888888888889,36,failed_constraints
2015,9017014,27,function,"Search for turbine rotor circumferential sealing systems using stationary rim, blade‑attached angular wing gaps, guide vanes, and integrated cooling fluid passages that draw atmospheric cooling fluid into the rotor cavity via pressure‑driven pathways while preventing hot gas ingress.",2,40,0,0.0,33,ok
2015,8947176,5,summary,"search for substrate‑mounted vibratory resonator using a partially suspended structure in Lamé or wine‑glass modes, anchored by a resonant T‑shaped beam system, and integrated excitation and detection elements for selecting and monitoring its natural frequency.",1,38,0,0.0,24,ok
2015,8947176,5,keyword,"Search for substrate‑mounted electromechanical resonators featuring a partially fabricated suspended structure that vibrates in Lamé or wine‑glass modes, an anchor composed of T‑shaped beams resonant at the same or harmonic frequencies, and integrated excitation and sensing mechanisms tied to nodal points.",2,44,0,0.0,28,ok
2015,8947176,5,function,"Identify substrate‑mounted electromechanical resonators featuring suspended structures tuned to natural resonance frequencies, with anchor elements engineered to resonate or harmonize, excitation and detection mechanisms, and vibration modes similar to Lamé or wine‑glass‑style resonances.",2,36,0,0.0,26,ok
2015,9173715,13,summary,Search for systems that register bone surfaces by scanning the target area with a device that transmits its own spatial coordinates and employs one or more positionable markers with wireless transmitters to determine marker positions relative to the bone and to each other for accurate registration.,1,46,0,0.0,27,ok
2015,9173715,13,keyword,"search for surgical navigation device that uses 3D surface scanner, dual wireless marker transceivers, and integrated processor to compare real‑time scan data with pre‑operative bone surface model, compute marker positions relative to bone and each other, and generate precise localization for orthopedic procedures",2,45,0,0.0,34,ok
2015,9173715,13,function,"How to use a remote scanner and dual electromagnetic markers to register bone geometry by comparing a live scan with a pre‑stored surface model, deriving marker positions on the bone and their relative offsets for surgical navigation?",1,38,0,0.0,23,ok
2015,9008318,2,summary,"Search for devices that convert stereo or multi‑channel audio into a mono output by computing sum and difference signals, applying distinct phase shifts to each, filtering one with a wideband frequency filter while maintaining a constant phase offset, then mixing levels for a spatial effect.",2,46,0,0.0,31,ok
2015,9008318,2,keyword,"Find prior art on stereo and multi‑channel audio processors that generate sum and difference signals, apply a phase‑shifting network to the sum, filter the difference with a broad pass‑band response, and recombine for mono output while preserving a constant 90° phase offset.",2,45,0,0.0,30,ok
2015,9008318,2,function,"Search for devices that process multichannel audio by generating sum and difference components, apply phase and frequency adjustments—including a band‑pass to the difference—while maintaining a fixed phase offset, then mix into a single mono output for enhanced sound spreading.",3,42,0,0.0,28,ok
2015,9181294,16,summary,"Search for novel nucleoside‑based antiviral agents containing benzyl or benzoyl substituents, optional nitro/alkyl/halogen groups, with various phosphate or prodrug derivatives, and related formulations or assays for determining patient responsiveness to such treatments.",1,35,0,0.0,25,ok
2015,9181294,16,keyword,"Search for patents on benzyl or benzoyl‑substituted nucleoside analogs bearing nitro, alkyl or halogen groups for antiviral activity against HIV, including compositions with mono‑, di‑, tri‑phosphate or stabilized phosphate derivatives, prodrugs, salts and pharmaceutical formulations on a suitable support.",2,41,0,0.0,29,ok
2015,9181294,16,function,"Search for methods that employ benzyl‑ or benzoyl‑substituted nucleoside analogs, optionally bearing nitro/alkyl/halogen groups and in phosphorylated or prodrug forms, to treat HIV or other viral infections, including sensitivity assays and formulated pharmaceutical compositions.",1,37,0,0.0,26,ok
2015,8991140,29,summary,"Search for an agricultural vehicle with a chassis, a roof, and a sloped chute that holds empty harvesting bins above a sideways conveyor, enabling workers to load, harvest, and slide filled bins to a vehicle while the machine moves between rows.",2,41,0,0.0,25,ok
2015,8991140,29,keyword,"Agricultural harvest aid vehicle with a chassis, angled container chute, laterally oriented conveyor, worker loading stations, motorized drive with directional wheel and rear wheels, container storage, crop loading interface, and offloading conveyor activation for field travel and corner turns.",1,39,0,0.0,30,ok
2015,8991140,29,function,"Harvesting aid vehicle equipped with angled feeder for empty storage containers, sideward belt conveyor for moving filled units, motor‑driven wheels for directional steering; workers load, fill, and transport crop crates through furrows, then activate conveyor to discharge pallets into transport area.",2,42,0,0.0,33,ok
2015,9009446,6,summary,"Search for multiprocessor systems that broadcast TLB lookups across interconnects to cancel speculative page walks when a remote core returns a translation entry, thereby lowering address‑translation latency.",3,28,2,0.1,20,failed_constraints
2015,9009446,6,keyword,"Search for multiprocessor systems featuring a TLB controller that, upon a level‑1 miss, broadcasts a translation request over a high‑speed electrical link to peer nodes while initiating a speculative translation table traversal, with cancellation when a reply arrives.",2,40,0,0.0,26,ok
2015,9009446,6,function,"Search prior art for multiprocessor systems that, upon a virtual address miss, broadcast a translation request to other nodes over a wired interconnect while concurrently performing a provisional translation lookup, canceling the latter when a reply is received.",2,38,0,0.0,25,ok
2015,8967842,1,summary,Search for headlamp assemblies with an internal duct system that circulates air from a remote cavity area to the emitter zone to lower moisture buildup.,2,25,0,0.0,14,ok
2015,8967842,1,keyword,"Search for headlamp assemblies that use a rear and front housing forming a cavity, a lamp diode, a surrounding reflector, and an air‑draining duct system with peripheral side walls to pull moisture‑laden air from a distal cavity region above the light source, reducing condensation.",3,46,0,0.0,30,ok
2015,8967842,1,function,Search for headlamp assemblies that include a recessed reflective element and a dedicated duct channel which draws humidity‑laden air from rear cavity regions toward the emitted light element to prevent condensation buildup during operation.,3,35,0,0.0,24,ok
2015,9094975,4,summary,"Spectrum‑management device that monitors RF power, identifies transmissions by center frequency, matches them against a stored catalog, and calculates propagation loss from a database of transmitter noise, hardware, and ambient conditions, delivering information to remote controllers.",1,37,0,0.0,25,ok
2015,9094975,4,keyword,"Identify patents describing RF detection apparatuses employing minimum power limits per band, measuring signal amplitude and frequency, matching against a predefined database, computing propagation loss from transmitter noise figures, device characteristics, and environment, and forwarding the processed parameters to a remote platform.",2,42,0,0.0,32,ok
2015,9094975,4,function,"Looking for systems that detect radio signals above a power threshold within a frequency band, match them to stored identifiers, compute degradation factors using transmitter noise figure, hardware, and environmental data, and send the results to a remote device.",2,39,0,0.0,26,ok
2015,9173152,4,summary,"A network node method and server for directing mobile device handovers by interpreting cause signals, issuing move commands to a serving base, receiving status indicating problem resolution, and triggering a return move if membership updates are needed after an access restriction expiry.",3,42,0,0.0,29,ok
2015,9173152,4,keyword,"In mobile communication systems, examine protocols where a network node decides handover based on a CSG expiry trigger, sends handover command to initial CSG base station, receives status update indicating membership restoration, and issues reverse handover to target base station using a control‑plane server with transceiver controller.",3,48,4,0.1111111111111111,36,failed_constraints
2015,9173152,4,function,"Server monitors handover‑indicating messages, determines if transfer is required due to subscription expiry, sends command to initiating cell to move the device to a new cell, receives update reports, and triggers return movement to a different cell when the subscription is refreshed.",2,43,0,0.0,27,ok
2015,8925396,10,summary,"Method to relocate surface particles on microelectronics using a probe, acquire background reference off‑site, then analyze the moved particles within a clean measurement zone for contamination assessment while the probe remains in contact.",1,34,0,0.0,24,ok
2015,8925396,10,keyword,"probe-based particle isolation from integrated circuit surface, relocation to a separate analysis zone, nanoscale contamination detection, scanning probe-assisted particle transfer, microstructure surface cleaning system, analysis after particle detachment.",2,30,0,0.0,25,ok
2015,8925396,10,function,"Method to pick up surface particles from integrated circuits using a probe, relocate them away from the original spot into a clean zone, then perform spectral or other analysis on the relocated particle while still attached to the probe.",1,39,0,0.0,24,ok
2015,8949173,10,summary,"Machine learning framework for estimating hydrocarbon pay zones in oil wells by integrating well test records, water cut metrics, and lithologic attributes such as clay, shale, porosity, and permeability to train syntactic predictors and a pay‑zone classification model.",1,39,0,0.0,28,ok
2015,8949173,10,keyword,"Pay zone prediction in wells employing syntactic models of VCL, effective porosity, permeability, well test data and water‑cut data, trained via correlation or clustering, for estimating fluid contents and pay strata of unknown wells using non‑transitory computer‑readable instructions.",3,41,7,0.21875,32,failed_constraints
2015,8949173,10,function,"Search for methods that use syntactic models based on shale, clay, porosity, and permeability measurements, combined with production test results, to predict hydrocarbon‑bearing zones and inform optimal perforation depth, while preventing water influx.",2,34,0,0.0,25,ok
2015,9003693,24,summary,"How to mitigate zebra mussel proliferation in fire‑fighting water supplies by adding potassium ions to achieve sustained concentrations that deter larval settlement, without disturbing flow or chemistry, and for periods up to a month.",3,35,0,0.0,23,ok
2015,9003693,24,keyword,"Monitoring for veliger and pedivelger influx, then adding potassium cations to achieve a sustained 10‑150 mg L⁻¹ range within a static or semi‑static service water system, maintained for 2‑30 days to curb bivalve settlement and aid fire‑safety.",3,42,4,0.14285714285714285,28,failed_constraints
2015,9003693,24,function,"Method for managing bivalve growth in water service systems that periodically draw from natural reservoirs, monitoring for larval stages, and introducing potassium ions to maintain a specific concentration for up to 30 days, thereby inhibiting settlement.",3,36,0,0.0,24,ok
2015,9074639,31,summary,"A vehicle gear‑shifting system featuring a first clutch ring and an axially moveable second ring that initiates movement when the two rings’ rotational speeds differ by a predetermined amount, employing an optical sensor to confirm claw misalignment before contact.",2,40,0,0.0,27,ok
2015,9074639,31,keyword,"Vehicle transmission shift mechanism with interlocking claws, featuring a first rotating clutch element, a second rotatable and axially movable clutch element that deploys when a threshold speed differential is reached, and an optical sensor detecting positional offset between claws using reflective and absorptive surfaces.",3,44,7,0.22580645161290322,31,failed_constraints
2015,9074639,31,function,"Vehicle transmission with a first clutch element and an axially movable second clutch element that engage their interlocking claws when a predetermined speed discrepancy is reached, using an optical sensor to detect claw offset and prevent tooth‑on‑tooth contact, thus enabling precise shift initiation.",3,45,3,0.1,30,failed_constraints
2015,9143989,4,summary,How can an IMS‑based device select and convey an emergency session request to the correct transfer function (domain or emergency access) depending on the user equipment’s registration type so that the session can be anchored and re‑invoked after accidental release?,1,43,0,0.0,28,ok
2015,9143989,4,keyword,"A device that receives an emergency call invitation, detects the user equipment’s registration status within a VoIP Multimedia Subsystem, chooses a suitable IMS anchoring routine (such as domain or emergency callback), and constructs a message for forwarding to the selected anchoring component.",2,43,0,0.0,27,ok
2015,9143989,4,function,"device or system that receives an emergency communication invitation, determines the registration status of a mobile terminal within an IP multimedia subsystem, selects a suitable anchoring service, and forwards the invitation to that service to establish the emergency session.",2,39,0,0.0,23,ok
2015,9079463,31,summary,"Search for a tire chain locking device that secures two links in a linear cavity, using a bolt that is driven into a blind bore and a spring‑loaded detent that latches the bolt's recessed portion to prevent link removal.",3,41,4,0.17391304347826086,23,failed_constraints
2015,9079463,31,keyword,"Search for tire chain locking assemblies featuring an elongate slot formed by intersecting longitudinal and transverse brace members, a blind bore in the primary crosspiece intersected by a threaded cylinder, a spring‑tensioned detent projecting into the bore, and a releasable bolt latching mechanism.",3,44,0,0.0,28,ok
2015,9079463,31,function,"Search for prior art of a tire chain locking device featuring a longitudinal frame with an opening for two chain links, a bolt that inserts into a blind bore, a spring‑detent that latches onto the bolt, and a threaded spring mount that adjusts the clamping force to prevent link detachment.",3,51,4,0.13333333333333333,30,failed_constraints
2015,9088187,27,summary,"Search for an integrated propulsion and power conversion system that uses two pressurized fluid reservoirs—nitrogen gas and hydraulic oil—connected through a gearbox, axial pump and turbine, generating electricity via a linear generator while employing a magnetic‑levitation rotor for high‑speed drive.",3,44,0,0.0,32,ok
2015,9088187,27,keyword,"Search for dual pressurized fluid chambers (nitrogen and oil) supplying an axial pump linked to a rotating compressor, a magnetically levitated rotor, valve conduit network, modular conical housing, axial turbine‑generator coupling, and integrated electronic control for high‑density electromagnetic propulsion.",2,41,0,0.0,31,ok
2015,9088187,27,function,"Search for fluid‑power conversion devices that use axial pumps and turbines driven by pressurized fluid reservoirs, with magnetically levitated actuators, integrated control units, and configurations that combine nitrogen and hydraulic media for electric generation via linear generators.",3,38,0,0.0,27,ok
2015,9092028,12,summary,"Track and archive data from tablet press and powder‑blending lines, analyze recorded trends for product quality assurance, and automatically trigger corrective actions when deviations arise to protect drug integrity and lower manufacturing cost.",1,34,0,0.0,24,ok
2015,9092028,12,keyword,"methods for monitoring and controlling tablet compression and powder blending operations using continuous data recording, historical record analysis for quality assurance, and automated corrective actions to preserve product integrity and reduce manufacturing costs",2,33,0,0.0,24,ok
2015,9092028,12,function,"Search for methods that monitor and record data from tablet press or powder blending equipment, analyze historical records to assess quality assurance, and trigger corrective actions to prevent failures in drug product manufacturing.",1,33,0,0.0,22,ok
2015,8971224,4,summary,"Search for a base station solution that selects the most widely usable carrier among sleeping terminals, forces a terminal to switch its primary carrier just before sleep, and delivers control updates over this new carrier while the device is in sleep mode.",1,42,0,0.0,28,ok
2015,8971224,4,keyword,"Search for base station procedures that select the most widely usable frequency band among active and sleeping mobile nodes, request a sleeping device to switch its primary link to that band, and transmit control signals over the new link while the device remains in low‑power state.",2,47,0,0.0,32,ok
2015,8971224,4,function,"How can a base station in a multi‑carrier communication system select the most widely usable carrier among sleeping terminals, request a terminal to switch its primary carrier while entering sleep, and deliver control messages over this new carrier?",1,39,0,0.0,28,ok
2015,9109884,26,summary,"A process for welding steel pipes that maintains toughness at seams by measuring groove depth of the strip, mapping that depth to optimal welding energy, and applying that energy during resistance welding of the pipe.",2,35,0,0.0,20,ok
2015,9109884,26,keyword,"Search for methods of rolling steel strip into an open tube, measuring groove depth, establishing a power–groove relationship to minimize Charpy transition temperature, then applying electric resistance welding with power tuned to groove height for peak toughness.",3,38,1,0.037037037037037035,27,failed_constraints
2015,9109884,26,function,"Search for methods that adjust resistance welding power based on measured groove dimensions and image data to optimize weld toughness, controlling power through real‑time groove measurement or visual inspection for variable strip thickness.",2,34,0,0.0,25,ok
2015,9131363,4,summary,"Method that anticipates base‑station commands to join or leave a secondary carrier in a carrier‑aggregated link, enabling the UE to pre‑evaluate a threshold metric before the command, and then activate or de‑activate the carrier in the earliest feasible subframe for rapid handover adaptation.",2,47,0,0.0,29,ok
2015,9131363,4,keyword,"Search for 5G UE methods that pre‑receive activation signals for carrier‑aggregation secondary base‑station cells, use subframe threshold checks on primary cell metrics, and trigger early SCell activation in subsequent frames via processor logic on RF front‑end and storage modules.",3,43,0,0.0,33,ok
2015,9131363,4,function,"Find prior‑art on cellular network techniques that precategorize primary cell metrics in one subframe to trigger early activation or deactivation of an aggregation sub‑cell in subsequent subframes, using threshold comparison to reduce latency.",2,35,0,0.0,24,ok
2015,9006178,16,summary,Search for orally bioavailable GLP‑1 peptide analogues with dual lysine modifications linked to fatty or phenyl‑based protracting groups to increase duration and potency for diabetes treatment.,1,28,0,0.0,18,ok
2015,9006178,16,keyword,"GLP‑1 analogue with dual lysine protracting moieties via variable‑length alkyloxy carbonyl linkers, maximum 12 amino acid substitutions, oral bioavailability, diabetes treatment, includes carboxylate-(CH2)x-CO and carboxylate-C6H4-O-(CH2)y-CO linkers, q 0‑5, w 0‑5.",3,42,1,0.03571428571428571,28,failed_constraints
2015,9006178,16,function,"Extended‑half‑life GLP‑1 analog with lysine‑linked chemical moieties suitable for oral administration and treatment of diabetes and metabolic disorders, achieved through conjugation of two linker‑attached protracting groups to distinct lysine residues.",3,35,1,0.04,25,failed_constraints
2015,9080736,1,summary,"Collapsible inflatable housing with integrated solar panels, rechargeable battery, LED ring and microprocessor‑controlled lighting modes, including color cycling via a user button, current regulation, all assembled into the side walls of an airtight bladder.",3,35,0,0.0,26,ok
2015,9080736,1,keyword,"Identify patent literature on compact collapsible solar‑generated illumination devices featuring an airtight inflatable housing with integrated photovoltaic panels on outer walls, annular LED arrays inside, a rechargeable battery, touch button, and microcontroller controlling multiple light modes including color cycling, all powered through an electronically regulated current.",2,47,0,0.0,38,ok
2015,9080736,1,function,"Search for prior art of a collapsible, inflatable solar lighting unit that incorporates built‑in panels, an annular LED array, button‑controlled color and brightness modes, a microprocessor that limits LED current, and a battery recharged by the solar source.",2,40,0,0.0,25,ok
2015,9097943,9,summary,"Search for LCDs that use dual‑substrate architecture with one homeotropic and one homogeneous alignment layer, an in‑plane electric field producing a transition from twisted to untwisted liquid crystal, and orthogonal polarizers for enhanced viewing angle and contrast.",1,39,0,0.0,25,ok
2015,9097943,9,keyword,"Search for LCD panels employing a parallel electric field, a homeotropic first-substrate alignment, a homogeneous second-substrate alignment, orthogonally polarized outer films, pixel and common electrodes on the first substrate, and helically twisted liquid crystals that untwist under applied voltage.",2,41,0,0.0,30,ok
2015,9097943,9,function,"Panel using parallel electric field and homeotropic substrate alignment to induce a helically twisted molecular arrangement that untwists under field, with orthogonal polarizers on opposing substrates and dual pixel/common electrodes for controlled optical modulation.",2,35,0,0.0,25,ok
2015,9097053,35,summary,"Search for rapid swing‑or‑roll door assemblies that use an externally mounted drum driven to wind a flexible barrier, creating a vertical obstruction displaced from the wall, with seals positioned to avoid contact while allowing high‑speed opening and closing.",1,41,0,0.0,27,ok
2015,9097053,35,keyword,"Search patent databases for high‑speed retractable door assemblies featuring an axial drum shaft positioned outside an opening, a horizontally oriented seal, and a flexible panel that unwinds to form a vertical plane farther from the wall than the shaft axis.",3,41,2,0.07407407407407407,27,failed_constraints
2015,9097053,35,function,"Search for high‑speed access control device that opens/closes a wall aperture by rotating a cylindrical core with a flexible panel winding/unwinding, including a movable sealing element that slides away from the panel during winding and contacts it when fully extended to allow rapid passage or prevent entry.",2,50,0,0.0,32,ok
2015,9014865,12,summary,"Search for production systems that track how long it takes to switch between two distinct energy‑consumption states of a machine, log that transition time and resulting state in a database, and allow remote control via open‑ or closed‑loop commands.",1,41,0,0.0,27,ok
2015,9014865,12,keyword,"Monitoring an industrial plant's energy state shift, capturing changeover latency, logging into a dedicated operation history database, controlled via PLC or wireless interface with open‑loop and closed‑loop options.",1,31,0,0.0,22,ok
2015,9014865,12,function,"Search for systems that switch equipment between low‑power and high‑power modes, measure transition duration, record it in a database, and use that data for state monitoring or predictive maintenance via wired or wireless control.",2,36,0,0.0,23,ok
2015,9197306,3,summary,"search for methods enabling a mobile handset to adapt uplink transmit‑diversity phase shifts opposite to feedback from neighboring stations, using power‑feedback comparisons to reduce interference during soft handoff.",1,30,0,0.0,22,ok
2015,9197306,3,keyword,"Mobile device uplink diversity control with phased antenna arrays, receives feedback from neighboring and serving nodes, adjusts antenna phase offsets opposite to reported phase differences based on comparative power reports, to suppress interference and optimize handover.",2,36,0,0.0,27,ok
2015,9197306,3,function,"Search for mobile devices that adjust uplink transmit‑diversity phase angles using feedback from multiple base stations, reversing phase offsets to mitigate interference, and selecting the adjustment direction based on comparative power or power‑command signals from those stations.",2,39,0,0.0,28,ok
2015,8931236,35,summary,"How can a load be anchored to an anchorage using a single composite tendon composed of multiple strands with varying lengths, inserted into a bore, and tensioned in stages to accommodate curing grout and achieve final load transfer?",2,38,0,0.0,23,ok
2015,8931236,35,keyword,"Search for patents on unitary anchoring cable comprising multiple strands with bonded and free sections, inserted through a bore in a load, grout bonding, and staged tensioning of strand groups in a predetermined sequence to achieve initial and final displacement for anchorage.",3,42,1,0.038461538461538464,26,failed_constraints
2015,8931236,35,function,"Search methods for installing a composite anchor tendon with staggered bond zones within a bore, applying staged tension to groups of strands having varied free lengths for preloading and final load transfer, then grouting and securing the tendon to maintain tension.",2,41,0,0.0,28,ok
2015,9030317,12,summary,"Search for a personal safety ring that contains a built‑in loudspeaker and control board, where rotating the top segment into a locked position triggers the alarm, using a small power source and onboard electronics.",3,35,0,0.0,20,ok
2015,9030317,12,keyword,"Search prior patents for a wearable ring‑shaped self‑defence device featuring a rotatable upper jewel with a magnetic proximity sensor, an integrated microcontroller, battery, voice transducer, oscillator, and output driver housed within a ring shank compartment.",3,37,2,0.07407407407407407,27,failed_constraints
2015,9030317,12,function,"Find personal safety rings that emit a notification sound when the upper chamber is rotated to a locked position and detected by a magnetic proximity sensor on a PCB, enabling the wearer to alert on‑lookers or deter attackers.",3,39,1,0.047619047619047616,21,failed_constraints
2015,9056299,23,summary,Search for technologies enabling simultaneous droplet production in parallel microfluidic channels that regulate dispersed phase size and distribution using planar channel arrangements and multiple outlet configurations.,2,26,0,0.0,19,ok
2015,9056299,23,keyword,"parallel microfluidic droplet fabrication device featuring a shared inlet channel distributing dispersed fluid to multiple parallel outlets, each connected to continuous phase conduits arranged in a single or distinct plane using flow‑focusing geometry to produce uniform or size‑selective droplets.",2,41,0,0.0,31,ok
2015,9056299,23,function,"Search for parallel microfluidic droplet generators that use a common distribution manifold feeding multiple flow‑focusing channels within a second plane, controlling dispersed phase size distribution for high‑throughput emulsification.",2,30,0,0.0,23,ok
2015,9003031,4,summary,Search prior art for a system that records hierarchical sub‑transaction signatures during test runs and matches them to live network flows to detect layer‑wise node anomalies via metrics comparison.,3,31,0,0.0,22,ok
2015,9003031,4,keyword,"Identify hierarchical sub‑transaction structures in network traffic, classify node layers by functional similarity, capture real‑time transaction traces, match captured flows against stored flow diagrams from a test repository, and generate layer‑wise anomaly diagnostics using performance metrics across sessions.",3,41,0,0.0,34,ok
2015,9003031,4,function,"Find prior art on systems that capture hierarchical sub‑transaction data across network layers, store test‑environment signatures, match real‑time traffic to these signatures via parameter correlation, and output layer‑specific performance diagnostics.",2,34,0,0.0,28,ok
2015,8981347,6,summary,"Describe a technique to increase the mechanical stability of memory cell support structures by adding a collar of higher stiffness along part of the pillar sidewall, thereby improving load distribution to a coupled memory element while keeping lateral extensions within the pillar width.",1,43,0,0.0,29,ok
2015,8981347,6,keyword,"Search patents on a memory cell that includes a steering column with a side feature, a reinforced collar positioned along the side surface to increase stiffness relative to the column, and a memory component attached to the column, focusing on stiffness ratios, collar dimensions, and bonding methods.",2,47,0,0.0,28,ok
2015,8981347,6,function,Memory cell with a tapered pillar structure and a higher‑stiffness collar along the sidewall to enhance mechanical stability and reduce noise in stored data.,2,25,0,0.0,15,ok
2015,9004210,32,summary,"Query for agricultural tractors with a radiator placed front‑of the engine, a frontal intake bracket ahead of it, a chassis overhang that creates a battery bay, and a control module mounted above the battery to condense the engine compartment.",2,40,0,0.0,22,ok
2015,9004210,32,keyword,"Search for agricultural machinery incorporating a chassis‑mounted radiator in front of the engine, an air‑filter mounting structure ahead of the radiator, a forward‑extended chassis creating a battery compartment, and an electronic control assembly affixed above the battery by a bracket to the filter support.",2,47,0,0.0,28,ok
2015,9004210,32,function,"What automotive layout, featuring a front‑mounted radiator behind an air cleaner and a chassis extension creating a battery bay, permits a secure ECU bracket on the side of the air cleaner support, thus enhancing cooling efficiency and reducing weight distribution issues in agricultural work vehicles?",3,46,2,0.06451612903225806,31,failed_constraints
2015,8973086,2,summary,"Search for a mobile receiver that stores digital broadcast media locally and employs a timed prompt to let the user decide to keep watching or to store the program, triggered when a non‑TV application or web page interrupts viewing.",1,40,0,0.0,24,ok
2015,8973086,2,keyword,"Search for a mobile TV receiver storing video/audio from digital broadcast signals, featuring a timed on‑screen prompt to choose continuous play versus recording, along with link‑detection logic that differentiates HTML content from broadcast payload.",2,37,0,0.0,26,ok
2015,8973086,2,function,"Search for mobile systems that capture audio and video from digital broadcast, store the content, and automatically show a timed prompt asking the user whether to continue watching or to record the program when an interrupting application starts or a link leads to web content.",2,45,0,0.0,26,ok
2015,8958645,2,summary,"Search patents describing automated video summarization that clusters frames by topic, computes pairwise similarity metrics, orders frames within clusters based on similarity scores, and selects one representative keyframe per cluster to present concise video previews.",3,35,0,0.0,28,ok
2015,8958645,2,keyword,"Search for prior art on video summarization by topic‑based frame clustering, computing pairwise similarity scores using visual features, ranking frames within each cluster, and selecting keyframes as most representative, including algorithms for similarity measurement, feature extraction, and ranking mechanisms.",2,40,0,0.0,31,ok
2015,8958645,2,function,"Search for methods that segment video frames by topic, compute pairwise similarity scores using visual features, rank frames within each topic set based on similarity, and pick the highest-ranked frames as representative thumbnails for video summarization.",1,37,0,0.0,27,ok
2015,9058188,6,summary,"Search for systems where a UI container receives an object, chooses a rendering context from metadata, fetches that object’s rendering data, displays it, and conditionally overrides the object’s behavior only when shown in that container context.",1,38,0,0.0,21,ok
2015,9058188,6,keyword,"Search prior art on container‑based user interface components that render objects via context‑aware rendering services, use metadata to set rendering context, retrieve context‑specific rendering data, and override object behavior services only within that context while preserving default behaviors elsewhere.",1,42,0,0.0,35,ok
2015,9058188,6,function,"How to implement a UI container that receives an item, determines a rendering context from its metadata, fetches context‑specific rendering information through the item's service, displays the item accordingly, and conditionally overrides the item’s behavior only within that specific container context?",2,44,0,0.0,28,ok
2015,8946153,16,summary,"Novel levan‑based open matrix tablets sublimated into orodispersible form dissolve >80% in 30 s for rapid desmopressin release, enhancing immediate therapeutic action.",1,23,0,0.0,17,ok
2015,8946153,16,keyword,"open matrix levan‑based drug delivery system OR oral disintegrating tablet with desmopressin, rapid dissolution (<30 s), matrix‑forming polymer levan, desmopressin acetate, orodispersible dosage form, levan matrix network, rapid saliva dissolution drug",1,33,0,0.0,28,ok
2015,8946153,16,function,"search for orally disintegrating dosage forms that employ an open, levan-based matrix for rapid (<30 s) dissolution of drug molecules such as desmopressin or its acetate, including pre‑manufactured blister pack configurations.",1,33,0,0.0,22,ok
2015,9114382,23,summary,"Search for a lithium hydroxide/lithium oxide-based CO2 absorption system comprising a gas‑permeable husk housing powdered reactants with a LiOH/Li2O ratio between 0.05 and 1.5, designed to capture and store CO2.",2,36,0,0.0,23,ok
2015,9114382,23,keyword,"Search for patents disclosing CO₂‑permeable envelope getters comprising lithium hydroxide and lithium oxide powders, CO₂‑scavenging composites with LiOH/Li₂O proportion 0.05–1.5, CO₂‑selective polymer sachets, gas‑tight membranes, and lithium carbonate formation under vacuum.",3,39,1,0.03333333333333333,30,failed_constraints
2015,9114382,23,function,"Search for CO2 absorption systems using a lithium hydroxide and lithium oxide mixture inside a gas‑transparent barrier, where the ratio of LiOH to Li2O controls uptake capacity, enabling efficient carbon dioxide removal in sealed environments.",2,36,0,0.0,25,ok
2015,8995892,9,summary,"Search for inkjet printer sensor calibration methods using dual‑color measurement patterns with lower‑reflectance second color, dynamically raising detection thresholds when reflected light remains above a preset level for a defined time.",1,33,0,0.0,25,ok
2015,8995892,9,keyword,"Printer with moving substrate, controller produces alternating high‑reflectance and low‑reflectance test bands separated by a gap; lamp illuminates, photodetector records reflected light, comparator evaluates against a threshold, and the threshold is increased if the high‑intensity period exceeds a preset time.",3,43,0,0.0,30,ok
2015,8995892,9,function,"A device that prints a two‑color measurement strip onto a moving substrate, illuminates it, detects reflected intensity, compares the signal to a threshold, and dynamically raises the threshold if the high‑intensity period exceeds a set time, ensuring precise optical characterization.",2,42,0,0.0,27,ok
2015,9141608,6,summary,"Search for an automated legal filing platform that uses dual-entry verification, quarantining unverified records until duplicate confirmation matches before granting system-wide access, employing a dedicated validation workflow and separate storage for provisional versus confirmed data.",2,37,0,0.0,29,ok
2015,9141608,6,keyword,"search for patent documents describing a docketing software that uses dual‑user data entry, a validation screen, separate interface storage, automated comparison logic, and a quarantined state for unvalidated docket records.",1,31,0,0.0,22,ok
2015,9141608,6,function,"System for docket management that mandates independent double entry of fields designated for validation, automatically compares the two entries, stores validated data only after a match, and quarantines or hides unvalidated data from the remainder of the docket system.",1,39,0,0.0,25,ok
2015,9130357,1,summary,"Search for methods that attach precious‑metal firing tips to nickel spark plug electrodes by quickly releasing stored electrical energy to produce a high‑power weld, creating a heat‑affected zone and a fine microstructure within the joint while controlling penetration depth.",3,42,2,0.06666666666666667,30,failed_constraints
2015,9130357,1,keyword,"Search for techniques employing rapid capacitive energy release welding to bond precious‑metal firing tips to nickel‑base spark‑plug terminals, creating a thermally influenced zone and a solidified joint with ≤0.25 mm tip penetration.",2,36,0,0.0,26,ok
2015,9130357,1,function,"Search for methods that align, press, and use high‑energy capacitive pulses to bond precious‑metal firing tips to nickel‑based electrode bodies, creating a rapid, controlled joint with fine microstructure and limited tip penetration (≤0.25 mm).",2,38,0,0.0,27,ok
2015,8997903,32,summary,"Motorized attachment that slides beneath a wheelbarrow tray, using a drive wheel to couple with the front wheel via a power source, enabling easy, user‑friendly propulsion while allowing simple disengagement.",1,31,0,0.0,22,ok
2015,8997903,32,keyword,"wheelbarrow with tray having bottom wall and side walls, equipped with a motor‑driven auxiliary wheel engaging the front wheel, slidably attached under the tray by a frame with two main members and dual sliding/​stationary members, drive axle, power source, and torque transmission.",3,44,4,0.12903225806451613,31,failed_constraints
2015,8997903,32,function,"sliding motorized drive wheel attached under a wheelbarrow tray to engage its front wheel, providing traction and reducing operator effort, with an adjustable slide mechanism and integrated power source.",1,29,0,0.0,20,ok
2015,9034939,19,summary,"Search for a printer primer ink that uses a mix of aromatic and aliphatic monomers, with the aromatic/alkyl portion over 80%, a viscosity below 50 mPa·s, and a surface tension near 28 mN/m.",3,36,0,0.0,21,ok
2015,9034939,19,keyword,"Search for primer inks containing a polymerizable mixture of aromatic and aliphatic monofunctional monomers with an aromatic/aliphatic ratio above 80%, exhibiting low viscosity, moderate surface tension, incorporating a hydroxy‑substituted phenoxy acrylate monomer, and a compatible polymerization initiator.",2,39,0,0.0,28,ok
2015,9034939,19,function,"search for coatings comprising polymeric primers with aromatic and aliphatic monomers where aromatic content is dominant, achieving surface tension roughly 25–31 mN/m and viscosity below 50 mPa·s, using initiators for rapid polymerization.",3,35,1,0.041666666666666664,24,failed_constraints
2015,9220924,13,summary,"Search for ultrasound ablation techniques that employ a non‑contact shaft with a transducer to scan tissue, determine spacing from reflected signal, construct a surface map, and modulate power to form seamless lesions while avoiding physical contact.",1,37,0,0.0,25,ok
2015,9220924,13,keyword,"noncontact ultrasonic ablation catheter featuring a distal transducer delivering a collimated ultrasound beam, real‑time echo‑reflection sensor for measuring tip‑tissue gap distances, surface mapping, continuous lesion creation, dynamic power adjustment, and motion compensation.",1,35,0,0.0,29,ok
2015,9220924,13,function,"search for techniques utilizing a movable, non‑contact ultrasonic ablation fiber that measures reflected energy to map tissue gaps and guide continuous tissue lesions without physical contact.",2,27,0,0.0,20,ok
2015,8937735,6,summary,"Mobile device automatically determines printing orientation from motion and orientation sensors, creates a preview image locally, and transmits correctly oriented print data to the printer only after the preview is confirmed.",2,31,0,0.0,21,ok
2015,8937735,6,keyword,"Search for mobile phone imaging software that uses orientation sensor data to dynamically adjust image‑forming parameters, generate preview data, and transmit calibrated printing instructions to a wireless printer, mapping display edges to print area geometry.",1,36,0,0.0,27,ok
2015,8937735,6,function,"Search for mobile device systems that use built‑in sensors to detect orientation, automatically adjust image orientation for printing, generate preview data for display on the phone, and transmit finalized image data to an external printer only after the preview is confirmed.",1,42,0,0.0,27,ok
2015,9025862,6,summary,"Search for related claims of an algorithm that correlates points between two depth images from distinct viewpoints by projecting each target pixel onto the first image under a planar surface assumption, iteratively adjusting depth thresholds to handle occlusions and find consistent correspondences.",2,42,0,0.0,30,ok
2015,9025862,6,keyword,"Search for methods that align depth map pixels between two viewpoints by projecting first image pixels onto a planar surface at variable distances, iteratively adjusting depth thresholds, and associating second viewpoint pixels with corresponding source pixels in stereo depth registration.",2,40,0,0.0,30,ok
2015,9025862,6,function,"Search for algorithms that iteratively match depth image pixels from two perspectives by projecting onto simulated planar surfaces at increasing distances until depth satisfies a threshold, enabling robust correspondence between two 3‑D sensor views.",1,35,0,0.0,25,ok
2015,9193925,14,summary,"Search for methods that capture atmospheric CO₂ and isolate hydrogen from biomass waste to synthesize a hydrogen‑rich liquid fuel, then thermally dissociate it to recover water‑free carbon oxides and free hydrogen for reuse.",1,35,0,0.0,23,ok
2015,9193925,14,keyword,"Search for technologies using atmospheric CO2 capture from agricultural emissions combined with anaerobic biomass‑waste derived hydrogen, pressurized‑and‑heated catalytic conversion to methanol‑type renewable fuels and subsequent hydrocarbon dissociation.",2,31,0,0.0,23,ok
2015,9193925,14,function,"search for methods and systems that capture atmospheric CO₂ and convert it with waste-derived hydrogen to produce hydrogen-enriched liquid fuels, then further dissociate the fuel into carbon oxides and additional hydrogen for refueling or material synthesis.",1,38,0,0.0,24,ok
2015,9166746,4,summary,"In mobile communication, a terminal receives retransmitted packets, buffers them, uses a new‑data flag to detect duplicates, merges undecoded copies, decodes once success is achieved, and forwards only the first successful payload to higher layers.",1,36,0,0.0,25,ok
2015,9166746,4,keyword,"Search for techniques in mobile terminals that detect retransmitted MAC PDUs using new‑data flags, buffer pending frames, merge duplicate packets, perform combined decoding, and forward successfully decoded payloads to higher‑layer services.",3,33,0,0.0,26,ok
2015,9166746,4,function,"Search for techniques in mobile terminals that detect retransmitted packets via new‑data flags, check earlier successful decoding, merge undelivered fragments from memory, perform joint decoding, and forward the first successful payload to upper layers.",2,35,0,0.0,26,ok
2015,9015928,2,summary,"Search for devices that image mounted electronic parts on a moving holder, synchronizing a multiplexed camera array with acceleration‑deceleration phases to stabilize exposure and enhance component recognition accuracy.",3,29,0,0.0,19,ok
2015,9015928,2,keyword,"Search for robotic PCB assembly machines featuring a holding arm, a multi‑camera imaging system synchronized to capture parts during acceleration or deceleration phases, coupled with a control module that adjusts camera exposure and gating to maintain clear part images despite movement dynamics.",2,43,0,0.0,31,ok
2015,9015928,2,function,"Control system that triggers imaging of a held electronic part while its gripper moves under acceleration or deceleration, using overlapping area cameras and image recognition to ensure precise placement.",2,29,0,0.0,20,ok
2015,9001403,9,summary,Method for enhancing laser printer image quality by estimating environmental pressure from galvanometer drive pulse width and adjusting operating parameters accordingly to compensate pressure-induced resonant damping.,1,27,0,0.0,20,ok
2015,9001403,9,keyword,"Methods to enhance laser printer image quality by detecting ambient pressure through pulse‑width variation of galvanometer drive pulses, adjusting drive parameters accordingly.",2,23,0,0.0,18,ok
2015,9001403,9,function,Searching prior art involving methods that use the pulse width of a resonant drive signal to estimate ambient air pressure and dynamically adjust the motion control of a bi‑directional galvanometer or oscillator in laser‑based electrophotographic printers to compensate for altitude‑induced pressure variations.,2,45,0,0.0,30,ok
2015,9107942,16,summary,"Search for noninvasive methods to detect and treat pulmonary fibrosis by quantifying histone H3 lysine‑27 trimethylation or EZH2/YY‑1 expression, and for agents that inhibit EZH2 to reduce this methylation level.",1,33,0,0.0,20,ok
2015,9107942,16,keyword,pulmonary fibrosis epigenetic therapy H3K27me3 reduction EZH2 inhibitor histone methyltransferase PRC2 targeting lysine 27 histone H3 expression YY-1 regulatory factor,2,21,0,0.0,18,ok
2015,9107942,16,function,"Search for fibrotic disease therapies utilizing EZH2 inhibitors that decrease H3K27 trimethylation, combined with diagnostic methods measuring H3K27me3 or EZH2/YY‑1 expression in mammals.",1,25,0,0.0,17,ok
2015,9177483,32,summary,"Method for guiding aircraft docking via a stepper‑motor‑rotated laser scanner that measures distance and angle to a stop line, then displays data on a pilot panel, using stages of waiting, positioning, model identification, and precision docking.",3,38,0,0.0,26,ok
2015,9177483,32,keyword,"Search for systems using a laser scanner with a stepper‑motor articulated in X‑ and Y‑axes to detect an aircraft’s nose relative to an apron J‑line stop line, conduct discrete vertical height scans, assess proximity, verify aircraft model features, and display navigation cues to pilots.",3,48,2,0.06666666666666667,30,failed_constraints
2015,9177483,32,function,"Search for aircraft docking guidance systems that use a laser scanner driven by a stepper motor to detect aircraft location, measure the distance and offset to a stop line, display the results to the pilot, and perform multi-stage scanning (waiting, positioning, identification, guiding) to orient the aircraft for docking.",1,50,0,0.0,31,ok
2015,9143874,2,summary,"Search for a sound amplification system that uses a pivoting latch lock with two perpendicular arms mounted on the device frame to secure external accessories, where the clamp re‑engages the housing by moving back toward the frame via a pin‑driven pivot.",2,43,0,0.0,27,ok
2015,9143874,2,keyword,"Search for patents describing hearing aid housings that use a pivot‑hinged latch mechanism comprising two orthogonal latch arms anchored to the housing wall via a pin, cam or pivot bolt, enabling secure attachment of an external module.",3,38,3,0.1111111111111111,27,failed_constraints
2015,9143874,2,function,"Search for ear‑wear devices featuring a retractable locking system that slides perpendicular latch arms into the housing wall to clamp and secure external modules, permitting quick, tool‑free attachment and release through mechanical clamping force.",2,36,0,0.0,26,ok
2015,8941978,2,summary,"remote-controlled camera-style screen adjustment system that rotates a display horizontally via dual‑axis pivoting controlled by electromagnets, switching pivot points only when the display returns to a neutral orientation.",2,31,0,0.0,22,ok
2015,8941978,2,keyword,"Search in patents for remote‑controlled swivel and dual‑axis rotation mechanisms for electronic display devices, involving a support assembly with base, display bracket, multiple pivot joints, electromagnet‑actuated angular control, and zero‑angle reset control logic.",2,37,0,0.0,28,ok
2015,8941978,2,function,"Query for patent literature on a remote‐controlled adjustable viewing‑angle system that mounts a screen on a support structure, uses an electric drive to rotate the screen about one vertical axis until it returns to a neutral position, then allows rotation about the opposite axis via magnetic pivoting mechanisms.",2,50,0,0.0,34,ok
2015,9109030,15,summary,"Search for methods using engineered fusion proteins that link IgE receptors with inhibitory FcγRIIb to suppress IgE‑mediated responses, focusing on desensitization of allergic patients, low‑aggregation production, and clinical protocols.",1,31,0,0.0,23,ok
2015,9109030,15,keyword,"fusion protein crosslinking Fc ε RI or Fc ε RII with Fcγ RIIb to modulate IgE‑mediated allergy, sequence SEQ ID NO:2, manufacturing steps, aggregation control, desensitization therapy for allergic patients",3,32,4,0.17391304347826086,23,failed_constraints
2015,9109030,15,function,search for methods using engineered fusion proteins that link high‑affinity IgE receptors to inhibitory Fcγ receptors to suppress IgE signaling and desensitize patients to allergens before re‑exposure to therapeutic drugs.,3,32,0,0.0,23,ok
2015,8965296,4,summary,"Develop a system that dynamically selects anchor and partner frequency carriers by aggregating uplink and downlink performance metrics across carrier pairs, then choosing an anchor pair meeting an overall quality threshold, enabling adaptive interference avoidance in asymmetric multicarrier links.",3,39,0,0.0,29,ok
2015,8965296,4,keyword,"search for patent documents describing adaptive anchor frequency carrier selection using aggregated uplink and downlink SNR values, self‑tuning network to subscriber device, frequency carrier pair tables, selection criteria, and processor memory instructions in wireless communication systems.",3,37,3,0.1,30,failed_constraints
2015,8965296,4,function,"A subscriber device selecting a reference carrier for a multicarrier link by aggregating uplink and downlink SNR values, ranking carrier pairs, and choosing an anchor meeting a performance threshold, enabling adaptive interference mitigation.",1,33,0,0.0,22,ok
2015,8974437,13,summary,"Search for a fluid coupling device with two electrically‑actuated valves on separate housings joined by a tubular connector that automatically shuts off when separated, providing a breakaway feature for quick disconnection.",1,32,0,0.0,20,ok
2015,8974437,13,keyword,"Fluid coupling apparatus featuring two non‑mechanical valves linked by an elongated tubular segment with a break‑away joint, housing‑mounted valves that auto‑seal when separated, and a dual‑chamber enclosure for pressure‑balanced fluid transfer.",1,37,0,0.0,26,ok
2015,8974437,13,function,"Search for a coupling device comprising mechanical‑free valves in separate housings, an elongated connector that defines a passageway, and a breakaway portion that automatically shuts off the valves when the components separate.",1,33,0,0.0,19,ok
2015,8947189,1,summary,"Search for multilayer inductors comprising stacked magnetic substrates with interconnected, spiral‑shaped windings and external leads on top and bottom; the design uses through‑hole vias to avoid area loss and includes pattern cutouts to align leads without overlapping coil corners.",1,41,0,0.0,30,ok
2015,8947189,1,keyword,"Stacked magnetic sheet laminate forms multilayer chip inductor with rectilinear spiral coil pattern interconnected via through-holes, leader patterns on top/bottom layers include non‑overlapping leader portions, corner‑aligned connection extensions, cutout sections, and external terminal electrode coupling.",3,39,5,0.14705882352941177,34,failed_constraints
2015,8947189,1,function,"Search for laminated magnetic devices with rectangular coil windings formed by interconnects between successive insulating layers, including top and bottom lead patterns that avoid overlapping coil corners and preserve core area integrity when layers are offset.",2,36,0,0.0,26,ok
2015,9037833,6,summary,"Searching for integrated motherboard‑based compute nodes using on‑board multi‑port switches that enable intra‑node multi‑processor communication and inter‑node direct messaging without external routers, addressing scalability and latency in large clusters.",2,35,0,0.0,27,ok
2015,9037833,6,keyword,"Search for multi‑processor motherboard designs featuring an integrated eight‑port or larger switch, routerless node interconnects, and hierarchical switch staging linking multiple boards and processors without dedicated external routers.",2,30,0,0.0,23,ok
2015,9037833,6,function,"High‐performance compute node with motherboard‑integrated multiport switch coupling multiple processors, enabling direct inter‑node communication without external routers, by routing messages through node‑specific switches, allowing fast HPC job execution across clustered nodes.",1,35,0,0.0,31,ok
2015,8980297,16,summary,"Search for thermally responsive stents or implants containing embedded metallic nanoparticles that absorb near‑infrared radiation, convert it to heat, and thereby alter the polymer's stiffness or viscosity at elevated temperatures.",1,32,0,0.0,20,ok
2015,8980297,16,keyword,"Search for polymeric stent systems incorporating dispersed metallic nanoshells coated with noble metals such as palladium, silver, platinum, or gold, which photothermally convert near‑infrared 800‑1200 nm radiation to raise implant temperature and enable temperature‑dependent plastic deformation or viscosity changes.",3,42,2,0.0625,32,failed_constraints
2015,8980297,16,function,"Search for medical implants or stents that use embedded metallic NIR‑absorbing particles to generate heat upon irradiation, elevating device temperature above body temperature to alter mechanical properties like plastic deformability or viscosity for controlled vessel expansion or deployment.",1,39,0,0.0,29,ok
2015,8930274,7,summary,"Search for payment methods where a user device generates a transaction code from a private counter paired with a public counter, sends the public counter and code to a merchant, and allows an issuer to validate the code via the private counter—without using a secure element.",1,47,0,0.0,27,ok
2015,8930274,7,keyword,"Search prior art for mobile payment methods where a user device receives public and private counter pairs, calculates a verification code using a private counter and merchant transaction ID, and forwards account data, public counter, and code to the merchant without using a secure element.",2,45,0,0.0,31,ok
2015,8930274,7,function,"Secure mobile payment system where user device stores paired confidential and public transaction counters, generates a transaction‑specific security code from a merchant‑provided code and the confidential counter without accessing a secure element, and sends proxy account data, the public counter and the code to the merchant for issuer verification.",3,51,3,0.08823529411764706,34,failed_constraints
2015,9197574,3,summary,"High‑speed network frame sequencing: distribute packets to processors by selecting low‑order or modulo bits of the sequence number, hierarchically assign to multiple tiers, and detect errors from consecutive assignments or non‑unit step gaps, including multi‑flow scenarios.",3,40,1,0.034482758620689655,29,failed_constraints
2015,9197574,3,keyword,"Searching for real‑time sequence validation mechanisms that assign transmitted packets to odd/even lanes using the least significant bit of a counter, detect lane assignment repetition, flag irregular counter jumps, and manage multiplexed streams in hierarchical tiered dispatch.",2,39,0,0.0,29,ok
2015,9197574,3,function,"Search for high‑speed packet framing systems that split frames to processing threads using the least significant sequence bit, detect thread assignment clashes, detect mismatched packet gaps, and route frames for further processing in multi‑tiered processing pipelines.",2,38,0,0.0,29,ok
2015,8941898,2,summary,"Developing a multi‑spectral contact imaging sensor that arranges wavelength‑selective photodiodes in orthogonal rows to separately capture visible and infrared light, coupled with a control circuit generating independent electrical signals for each channel, enabling simultaneous color and non‑visible imaging in a scanning apparatus.",1,45,0,0.0,32,ok
2015,8941898,2,keyword,"Search for ICs with serially arranged multichromatic photodiodes in a scanning row, including alternating visible and infrared elements, a control circuit generating separate analog outputs per wavelength, and a lamp+lens assembly forming a equal‑magnification image for high‑speed document capture.",3,42,1,0.03333333333333333,30,failed_constraints
2015,8941898,2,function,"Search for sensor ICs with multi‑wavelength linear photodetector arrays that produce separate voltage outputs per wavelength, arranged in alternating rows for visible and infrared detection, integrated into contact imaging scanners.",1,31,0,0.0,22,ok
2015,8938983,2,summary,"Search for modular data center containment with integrated chassis, cover and water‑based cooling, featuring an internal system that routes condensate through an enclosed tray, drainage path, and external outlet, offering improved condensation management and reduced leakage risk.",1,38,0,0.0,28,ok
2015,8938983,2,keyword,"Search for server enclosure comprising chassis, roof plate, in‑chassis liquid‑cooling subsystem with inlet and outlet manifolds, a drainage pan, external drain port, collection tray, and connecting conduit for condensing water removal.",3,33,0,0.0,24,ok
2015,8938983,2,function,"Search for data center enclosure systems that integrate a chassis with a cover, use evaporative cooling with internal water inflow/outflow channels, and include a sealed collector tray and external drain pipe to route condensation from the unit to external drainage.",3,41,0,0.0,26,ok
2015,9139756,19,summary,"Search for epoxy‑based structural adhesives incorporating reactive liquid modifiers and multi‑functional curing agents combined with toughening additives such as butadiene‑nitrile rubber or acrylic copolymers, aiming for high‑strength, flexible bonds in bonded assemblies.",3,36,3,0.1111111111111111,27,failed_constraints
2015,9139756,19,keyword,"Search for structural epoxy adhesives using a bifunctional amine curing agent, a reactive dicarbonate liquid modifier with alkene and oxirane units, and a toughening additive such as butadiene‑nitrile rubber, acrylic copolymer, or epoxy‑amine adduct.",3,36,3,0.12,25,failed_constraints
2015,9139756,19,function,"Search for structural adhesive systems comprising an epoxy resin core, a multifunctional amine or imine curing agent, a dialdehyde‑based reactive liquid modifier with alkene‑oxirane functionalities, and a toughening agent such as core‑shell polymer or butadiene‑nitrile rubber, enabling high‑strength, impact‑resistant bonded articles.",3,47,6,0.17142857142857143,35,failed_constraints
2015,8994806,9,summary,"Microscopy apparatuses that timestamp and store multi‑mode image data for time‑aligned retrieval and real‑time display, enabling synchronization of diverse sensor outputs without loss of temporal sequencing.",1,29,0,0.0,21,ok
2015,8994806,9,keyword,"Microscope system with a chronometric counter, objective lens, multiple distinct image sensors detecting sample‑directed illumination, synchronized storage linking each image packet with acquisition timestamp, and display, selection, and retrieval modules for time‑aligned image playback.",2,36,0,0.0,28,ok
2015,8994806,9,function,"Microscope that records images from multiple modalities with synchronized timestamps, storing them for later retrieval and chronological comparison, facilitating simultaneous multi‑channel image analysis.",1,24,0,0.0,16,ok
2015,9014042,4,summary,"Search for algorithms or systems that perform wireless proximity detection where nodes periodically send brief identification bursts and activate receivers for listening windows within each period, with random timing offsets to reduce collisions, in asynchronous networks.",1,36,0,0.0,25,ok
2015,9014042,4,keyword,"asynchronous wireless nodes with periodic transmitter activation (τ < Δ) and receiver listening window (α < Δ), randomized time offsets, identification signal broadcast, neighbor detection, control unit scheduling, network localization transceiver system",1,30,0,0.0,22,ok
2015,9014042,4,function,"Searching for systems or methods that periodically scan neighboring nodes in an asynchronous wireless network by having a node transmit short identification beacons for a brief period within a fixed interval, while other nodes activate receivers for a brief listening period once per interval, with random offsets to avoid collisions.",1,50,0,0.0,34,ok
2015,9061884,22,summary,"Compact MEMS integrated circuit package with substrate through‑hole, vertical conductive via, planar backside passive components, flip‑chip bonded IC, and airflow channel to improve cooling without wire bonds.",2,29,0,0.0,24,ok
2015,9061884,22,keyword,"Search for MEMS integrated circuit assemblies featuring a substrate with through‑hole openings, a cavity‑covered MEMS die attached on one side, planar opposite side, conductive via bridging die to IC chip via flip‑chip, redistribution layer defining contact pad locations, passive elements, wire‑bond free enclosure with airflow channel.",2,50,0,0.0,41,ok
2015,9061884,22,function,"Search for MEMS substrates featuring through openings, a cavity‑mounted MEMS structure, conducting vias linking the MEMS to an integrated chip with redistribution layers that place contact pads away from moving structures, and passive elements on the opposite side, using flip‑chip attachment and airflow channels for cooling.",2,48,0,0.0,33,ok
2015,9032725,32,summary,"Search for prior art on predictive power management for industrial machines that forecast future load of hydraulic and transmission systems using rotational speed, torque, and operating conditions, then adjust supply to match predicted demand.",1,34,0,0.0,24,ok
2015,9032725,32,keyword,Search for predictive power‑management control systems in hydraulic construction machines that use a prediction model based on rotational speed and torque to balance engine output against hydraulic and transmission load demand.,1,32,0,0.0,22,ok
2015,9032725,32,function,"Search for systems that predict future hydraulic and transmission power needs, using speed, torque, and command data, to dynamically regulate supplied energy to match predicted demand on machines with interconnected power sources.",1,32,0,0.0,22,ok
2015,9223495,6,summary,"Search for a touch‑screen interface that uses distinct directional gestures to switch between grouped content sets and navigate items within a group, arranging similar apps radially and offering a custom view of mixed items.",1,35,0,0.0,24,ok
2015,9223495,6,keyword,"Search prior art for wireless communication devices with touch screens employing radial content groups and directional swipe input to navigate between groups, plus shape-based input for selecting a customizable combination group, detailing GUI layout, gesture mapping, and continuous presentation.",1,40,0,0.0,31,ok
2015,9223495,6,function,"Looking for touch‑screen navigation schemes that use separate directional gestures to switch between radial content groups, to scroll within a selected group, and a shape gesture to access a customizable mix of items for enhanced app launcher interfaces.",1,39,0,0.0,26,ok
2015,9172657,4,summary,Search for systems that generate cloud resources by combining preset base templates with property modifiers informed by performance metrics to automatically select and deploy tailored configurations satisfying user‑specified attributes.,1,30,0,0.0,21,ok
2015,9172657,4,keyword,"Search prior art for cloud resource provisioning techniques that use a catalog of template resource definitions combined with a set of adjustable property modifiers tied to performance metrics, where incoming resource requests trigger metric‑based selection, deployment of a template, and application of modifiers.",2,44,0,0.0,29,ok
2015,9172657,4,function,Search prior art for automated cloud resource provisioning that selects a baseline configuration and applies a set of metric‑informed modifiers to tune property values as requested by users.,2,29,0,0.0,18,ok
2015,9072117,4,summary,"Search for mobile communication systems that use an ad‑hoc link to relay messages between a device and a remote device, buffering data when the link is unavailable and predicting optimal times for transmission, while enabling the first device to remotely request and download execution software on the second device.",1,50,0,0.0,31,ok
2015,9072117,4,keyword,"Mobile device with integrated wireless transmitter establishing a separate ad‑hoc wireless network with a second device, buffering uplink/downlink messages based on a calculated access pattern, scheduling transmission, and remotely requesting processing by sending application data and software download instructions over the ad‑hoc link.",1,46,0,0.0,34,ok
2015,9072117,4,function,"Mobile device forms an ad‑hoc wireless link with a peer to relay network messages, buffering and delivering them when the link becomes available, and to request remote processing by sending data and instructing the peer to download executable code from a network node.",1,44,0,0.0,26,ok
2015,9056865,14,summary,"Search for novel pyridine‐based small molecules that selectively inhibit Smoothened (Smo) in the Hedgehog pathway, designed as anticancer agents featuring diverse functional group substitutions and pharmacological formulations.",1,28,0,0.0,20,ok
2015,9056865,14,keyword,"pyridine‑based Smoothened receptor antagonists with CF3, halogen, and alkyl substitution on hetero rings for Hedgehog pathway inhibition in cancer treatment",1,21,0,0.0,14,ok
2015,9056865,14,function,"search for pyridine‑based Smoothened receptor inhibitors used to treat cancer, featuring novel heteroaryl and alkyl substitution patterns that modulate Hedgehog signaling and curb abnormal mammalian cell proliferation.",1,28,0,0.0,21,ok
2015,9000853,5,summary,Search for MEMS oscillator device with bidirectional frequency tuning that uses dual‑function enable and margin signals to step frequency upward or downward synchronously.,1,24,0,0.0,16,ok
2015,9000853,5,keyword,Search for integrated circuit MEMS resonator oscillators featuring stepwise frequency adjustment with bi‑directional tuning enabled by dual‑input logic pins that manage mode switching and incremental or decremental frequency stepping via voltage‑level signals.,2,35,0,0.0,27,ok
2015,9000853,5,function,"MEMS oscillator with bidirectional frequency tuning triggered by dual‑function enable input that synchronizes frequency steps to voltage transitions and allows incremental or decremental adjustments during a margining state, while toggling output drive in normal mode.",3,36,0,0.0,26,ok
2015,9077172,1,summary,"Search for a transformer neutral protection system that uses a DC-blocking element and switchable grounding, monitored by a shielded control unit that processes harmonic and DC detector signals, triggers grounding paths, and exchanges status with a remote system.",1,39,0,0.0,25,ok
2015,9077172,1,keyword,"Search for transformer‑neutral protection systems featuring a dc‑blocking capacitor, selectable switching, electromagnetic‑shielded controller monitoring harmonic, AC, and dc waveforms, threshold‑based actuation, remote monitoring/command interface, and test lead sets for electrical diagnostics.",3,36,0,0.0,29,ok
2015,9077172,1,function,"System to sense and protect transformer neutral from direct current or harmonic overload by filtering, monitoring, and switching to ground, with shielding, remote diagnostics, and threshold‑based alarm generation for safety and grid reliability.",2,34,0,0.0,21,ok
2015,9077682,4,summary,"Searching for systems that use multicast transmissions to deliver firmware updates to many devices, monitor reception rates, and automatically retransmit missing segments through additional multicast or targeted unicast sessions for incomplete downloads.",1,32,0,0.0,23,ok
2015,9077682,4,keyword,"Search for patent disclosures of multicast‑based firmware update systems where a server orchestrates targeted device participation, divides a code image into multiple multicast transmissions, verifies receipt via polling, and schedules retransmit sessions for devices missing updates.",3,37,0,0.0,27,ok
2015,9077682,4,function,"Searching for distributed software update systems that multicast code segments to multiple nodes, assess transfer success via polling, and reissue incomplete portions selectively through repeated multicast or point‑to‑point delivery, optimizing bandwidth for reliable firmware refresh.",2,37,0,0.0,28,ok
2015,9082612,19,summary,"Search for a silica‑coating precursor comprising low‑MW hydrogenated polysilazane or polysiloxazane that contains minimal high‑MW material, very few ≥0.2 µm particulates, and that can be cured in a humid atmosphere at ≥200 °C to yield defect‑free silica films.",1,43,0,0.0,26,ok
2015,9082612,19,keyword,"Silica coating composition of hydrogenated polysilazane or polysiloxazane with high‑MW (>50,000) species below 0.1 wt % and particulate load < 100/cc, containing oxygen‑rich (0.2–3 wt %) hydrogenated polysiloxane, cured by water‑vapor‑assisted hydrolysis at ≥ 200 °C; search for similar low‑MW silazane formulations and high‑temperature silica deposition methods.",3,54,0,0.0,38,failed_constraints
2015,9082612,19,function,"formation of defect‑free silica layers via low‑MW hydrogenated polysilazane/polysiloxazane mixtures with minimal high‑MW content and low particulate density, applied, dried, and cured in water‑vapor atmosphere above 200 °C.",1,33,0,0.0,25,ok
2015,8959192,4,summary,"Search prior art for distributed systems that aggregate multi‑dimensional user context from client devices, store it in a structured repository following flexible models, and enforce rule‑based access so that resources retrieving context receive only authorized portions of the user data.",2,42,0,0.0,30,ok
2015,8959192,4,keyword,"Search for prior art on distributed context management systems that collect spatial, social, and regulatory user data via a context discoverer, store it in a context repository using a rule engine, and provide context‑aware responses through a query manager to client devices.",1,43,0,0.0,29,ok
2015,8959192,4,function,"A system that collects user‑centric contextual data from client devices and external resources, stores it in a model‑based repository, and selectively supplies relevant context portions to accessed resources through rule‑based querying, enabling context‑aware application behavior and regulated data sharing.",1,43,0,0.0,31,ok
2015,9016133,10,summary,"Flexible contact membrane pressure sensor that deflects to form an electrical contact at a threshold, enabling an alarm trigger and calibration through integrated actuation electrodes.",3,25,1,0.0625,16,failed_constraints
2015,9016133,10,keyword,"flexible deformable diaphragm with embedded metal electrodes contacting planar trace across a microcavity, employing an isolation sacrificial technique and metal plug vias, used as ambient pressure indicator and circuit trigger, with calibration electrodes and testability functions.",2,36,0,0.0,26,ok
2015,9016133,10,function,"Search for a flexible membrane pressure transducer forming a cavity, where a moving metallic contact meets a static signal path at preset pressure levels to drive current for alarm or calibration, employing sacrificial layers and plug‑in isolation techniques.",3,39,0,0.0,25,ok
2015,9011006,25,summary,"Search for packaging bags featuring a re‑close system where a peel strip lies on the interior surface and is anchored to the fastener’s mounting member, with an initiation tab and a weakened segment enabling effortless opening of the seal.",2,41,0,0.0,22,ok
2015,9011006,25,keyword,"Search for reclosable bag designs featuring a male/female fastener pair with distinct mounting plates, a rippable tape positioned between the plates, an unsealing origin with a detachable tab and a weakened zone or reduced thickness on the larger plate.",2,40,0,0.0,25,ok
2015,9011006,25,function,"Search for packaging solutions featuring a reclosable bag with side‑sealed body, integrated male/female fastening tapes, a cut‑tape opening mechanism, and an engineered weakening zone—such as a perforated or thinner section—on the tape mounting plate to ease rupture without compromising seal integrity.",1,46,0,0.0,32,ok
2015,9012519,16,summary,"Search for albumin-based nanoparticle carriers delivering paclitaxel to gastrointestinal cancers that reduce systemic toxicity and enhance tumor cell uptake, focusing on sub-200 nm particle formulations with albumin‑to‑drug ratios from 1:1 to 9:1.",1,38,0,0.0,23,ok
2015,9012519,16,keyword,"search for paclitaxel albumin nanoparticle formulations size <200 nm, 1:1‑9:1 weight ratio, targeting esophageal/stomach/colon cancers, protein carriers reducing side effects, methods to prevent oxidation, enhance cellular uptake.",2,32,0,0.0,24,ok
2015,9012519,16,function,"search for protein-based (albumin) paclitaxel nanoparticles (<200 nm, 1:1–9:1 ratio) that reduce administration side effects, inhibit oxidation/microbial growth, and improve cellular uptake for colorectal, gastric, esophageal, and small intestinal cancer therapy.",1,36,0,0.0,25,ok
2015,9168441,33,summary,"Search for a golf towel retrieval system that employs a rigid holder with two plates and a strap to secure a club head, allowing the player to lift and attach the towel to the apparatus for easy transport.",2,38,0,0.0,20,ok
2015,9168441,33,keyword,"Search for devices comprising a hard cylindrical holder with two flanges, a fastening strap connecting the flanges, and attachment points for a towel, intended for transporting or retrieving golf equipment on a putting green.",2,34,0,0.0,20,ok
2015,9168441,33,function,"Search for devices or methods that allow a holder with a rigid cavity and a strap to secure a golf club head for transporting and retrieving a towel from a golf green, including attachments for towels.",3,36,1,0.05555555555555555,18,failed_constraints
2015,9133846,27,summary,"Search for scroll compressor designs that incorporate a backside plate between the drive shaft and orbiting scroll, using through-holes for a positioning element and a sealing component—either a pin without protrusion paired with a threaded seal or an integrated assembly—to keep chambers aligned and sealed.",3,48,3,0.1,30,failed_constraints
2015,9133846,27,keyword,"look for scroll‑type hydraulic or pneumatic machinery featuring a stationary disk and a rotating counter disk with multiple voids, a power spindle, an intermediate counter plate, through apertures for a positioning element and gaskets, integrally built or with separate fastening features",2,42,0,0.0,27,ok
2015,9133846,27,function,"Search for scroll compression devices featuring a dedicated backside plate between the drive shaft and orbiting scroll, with through‑holes that accept an alignment pin and a sealing member to maintain precise positioning of the orbiting stator and seal the interstitial compression chambers.",3,43,5,0.18518518518518517,27,failed_constraints
2015,9072170,1,summary,"Adjustable battery enclosure with sloped seat and movable holder; spring‑loaded retention expands cavity when battery inserted, enabling secure fit for varied battery dimensions.",1,24,0,0.0,18,ok
2015,9072170,1,keyword,"Adjustable battery enclosure featuring a seat with dual openings and an inclined sliding battery holder, spring‑loaded electrode compression, rib and notch engagement for size adaptation, curved concave plate, variable depth retention chamber, and integration within an electronic device.",1,39,0,0.0,29,ok
2015,9072170,1,function,"Searching for adjustable battery compartments featuring a sliding holder guided on an inclined rail, spring‑pressed to expand the retention chamber, allowing the device to securely hold batteries of varying dimensions.",1,31,0,0.0,20,ok
2015,8982246,2,summary,"Device acquires lens data, including optical resolution across zoom positions, then selectively applies digital magnification during high‑resolution stages, ensuring maximal image fidelity only when the zoom mechanism is positioned in a fine‑focus range.",3,35,0,0.0,28,ok
2015,8982246,2,keyword,"camera with zoom lens whose optical resolution changes with focal length, obtaining lens position data, triggering digital zoom only when resolution exceeds a preset threshold, employing an imaging sensor, a processing unit, a lens driver and a lens‑information module to control the enlargement.",1,44,0,0.0,31,ok
2015,8982246,2,function,Digital zoom controlled by lens resolution data for specific zoom positions enabling high‑resolution enlargement only when the lens is in an optimal range.,3,24,0,0.0,15,ok
2015,9017706,16,summary,"Solid spherical particles, 1 µm–1 cm in size, with a micron-scale silica‑based shell that encases a low‑melting fatty core, enabling heat‑triggered release of therapeutics, dyes, or cosmetic actives.",1,33,0,0.0,21,ok
2015,9017706,16,keyword,"Solid silicon oxide microcapsules (1 µm–1 cm) with a 0.1–2 µm silica shell encapsulating a low‑melting (<100 °C) crystallizable fatty core carrying active agents such as pharmaceutics, cosmetics, pigments or dyes, suitable for thermally triggered release.",1,40,0,0.0,24,ok
2015,9017706,16,function,"Search for solid particles featuring a thin silicon oxide shell that encloses a solidified fatty phase, releasing active ingredients when heated, applicable to drug delivery, cosmetic formulations, or controlled chemical reactions.",2,31,0,0.0,22,ok
2015,9151502,27,summary,Search for systems controlling combustion variability by differentiating axial positioning of swirl‑creating vaned nozzles across multiple combustors to suppress modal interactions.,1,22,0,0.0,16,ok
2015,9151502,27,keyword,Swirled fuel nozzle with axial‑distance‑varying vanes designed for modal‑coupling suppression in circumferentially arranged combustion chambers featuring distinct nozzle geometries to modify instability frequencies.,1,26,0,0.0,20,ok
2015,9151502,27,function,Search for systems that separate combustion mode frequencies in adjacent combustors using varying vane placements and fuel ports to reduce shared oscillations in a multi‑combustor engine.,2,27,0,0.0,18,ok
2015,8972940,6,summary,"Search for tools that analyze performance data across software builds, use regression to compute change gradients, link to code and environment changes, then highlight specific fault contributors for the current build.",2,31,0,0.0,22,ok
2015,8972940,6,keyword,"Search for systems that collect runtime performance data, apply stepwise linear modeling to extract historical performance gradients between successive builds, correlate code and environment changes, then compare current build metrics to identify fault components that degrade performance.",2,37,0,0.0,29,ok
2015,8972940,6,function,"Search for methods that collect software performance metrics, apply piece‑wise linear regression to derive historical performance gradients between builds, compare a current build’s metrics to those gradients, and output fault factors affecting current performance.",3,36,2,0.07407407407407407,27,failed_constraints
2015,9125494,33,summary,"In search of a modular furniture fastening system using a hidden bolt and angled keyhole slot with internal ramp that self‑aligns components, allows material adjustment, and provides a concealable, quick‑assemble connection for chairs, sofas, and similar units.",1,39,0,0.0,26,ok
2015,9125494,33,keyword,"Search for modular furniture connector featuring angled bolt with planar underside, keyhole slot with tapered ramp, self-assembling, hidden fastener, adjustable alignment, precision tightening, arm/back components, seamless aesthetics.",2,29,0,0.0,24,ok
2015,9125494,33,function,"Search for mechanically concealed fastening mechanisms featuring a bolt positioned at an oblique angle and an internally machined tapered ramp within a keyhole opening, enabling automatic alignment and tensioning of modular furniture components such as chairs and sofas while remaining hidden from exterior view.",3,44,2,0.06666666666666667,30,failed_constraints
2015,9086708,1,summary,"Search for a dual‑regulator power supply that uses a capacitor between regulators, enabling each regulator to drive the output with distinct current rise rates, and a controller with dual feedback loops to maintain separate voltages at regulator outputs.",2,39,0,0.0,25,ok
2015,9086708,1,keyword,dual-stage switching regulator system using a capacitor to couple stages; each stage drives inductors; distinct current ramp characteristics; dual feedback from capacitor terminals for separate node and inter‑stage voltage regulation,2,32,0,0.0,25,ok
2015,9086708,1,function,"search for prior art on dual switching regulator architecture using a capacitor interface to achieve distinct current slew rates for simultaneous output node and interleaved capacitor voltage regulation, with independent feedback control signals.",1,33,0,0.0,24,ok
2015,8964876,4,summary,"Search for adaptive retransmission methods that identify distortion in incoming data, modify transmission parameters such as power or pre-emphasis stepwise, and retransmit until the distortion is removed.",2,28,0,0.0,18,ok
2015,8964876,4,keyword,"Transceiver system that iteratively adjusts transmission parameters such as power level and frequency‑domain shaping when receiver detects distortion, re‑broadcasting the incoming data with a single step change until the distortion subsides.",3,33,0,0.0,23,ok
2015,8964876,4,function,"methods that detect distortion in received data, then gradually adjust transmission characteristics—such as signal power or frequency response—by one step at a time, retransmit the data, and repeat until distortion is eliminated",3,34,0,0.0,22,ok
2015,9185695,4,summary,Search for techniques allowing base stations to decide between SC‑FDM and clustered SC‑FDM uplink modulation by embedding a switching flag within downlink control messages to guide UE modulation selection.,1,31,0,0.0,23,ok
2015,9185695,4,keyword,"Search patents concerning uplink modulation scheme choice in LTE/5G, where a network node transmits downlink control information containing a switching flag to user equipment, opting between SC‑FDMA and clustered SC‑FDMA, with processor, memory and executable code.",3,39,4,0.13793103448275862,29,failed_constraints
2015,9185695,4,function,"Find a way for a base station to decide which uplink transmission format a user device should use by sending a control packet that contains a flag indicating either a single‑carrier multicarrier scheme or a grouped‑subcarrier arrangement, then having the device send data accordingly.",2,46,0,0.0,30,ok
2015,9116966,6,summary,"Search engine merges results from a restricted internal database available only to host members with public external data, presenting them as a single transparent list while using geographically distributed server clusters to supply the internal content.",1,36,0,0.0,25,ok
2015,9116966,6,keyword,"Search for patent documents describing a system that merges search results from an internal restricted content store accessible only to users of a search service with an external public content store, using geographically distributed server clusters to serve combined ranked lists.",2,41,0,0.0,28,ok
2015,9116966,6,function,"search engine interface merges indexed results from multiple data repositories, including member‑restricted internal content and public external content, into a single ranked list, employing geographically constrained server clusters to filter access and provide unified display for authorized users.",1,39,0,0.0,30,ok
2015,9008313,4,summary,"Search for devices that convert a low‑frequency encrypted keystream output from an AES engine into a high‑frequency byte stream, using dual‑clock FIFOs and register partitioning to produce smaller cipher blocks, enhancing random keystream generation.",1,37,0,0.0,26,ok
2015,9008313,4,keyword,"Search for methods using an AES core to encrypt a seed data stream, then employ a dual‑clock FIFO to shift the ciphertext from a low to a high clock domain and finally repartition the data into smaller word lengths.",2,40,0,0.0,24,ok
2015,9008313,4,function,"Search for methods that use an AES engine to transform a random key stream into encrypted data at a lower clock rate, then translate the ciphertext to a higher clock rate and split it into smaller blocks using a FIFO that operates across two clock domains and registers.",3,48,1,0.034482758620689655,29,failed_constraints
2015,9132470,26,summary,"Search for motor‑vehicle attachments employing a hollow cylindrical support tube that slides inside a bearing bore, featuring notches with perpendicular latch faces, flanking indents, and cam surfaces to lock the accessory in position.",1,34,0,0.0,23,ok
2015,9132470,26,keyword,"Search for hollow cylindrical support tubes with outward notches comprising perpendicular latch faces with offset ends, adjacent outward indents, cam surfaces, and parallel base faces designed to engage latch elements in bearing tubes of automotive accessories.",2,36,0,0.0,27,ok
2015,9132470,26,function,"Search for hollow cylindrical support tubes with notches featuring latch faces and open indents that engage latch elements inside a bearing tube, enabling the tube to slide while preventing unwanted displacement for motor‑vehicle accessories.",1,35,0,0.0,25,ok
2015,9067335,26,summary,"Search for a rotary die system paired with a rotating anvil that cuts corrugated board and uses resilient forward‑angled fingers to grasp, bend, and eject cut pieces from the blade while guiding them away from the nip area.",3,39,4,0.16666666666666666,24,failed_constraints
2015,9067335,26,keyword,"Search patent literature for a rotary cutting die and rotating anvil assembly, including a cut‑scrap ejector with forward‑angled resilient fingers that pivot to remove and direct trimmed corrugated board flakes from a blade in a nip zone.",3,39,2,0.08,25,failed_constraints
2015,9067335,26,function,"Search for a rotating die apparatus that cuts and simultaneously strips cut scrap from passing corrugated fiberboard in a die‑anvil nip, using forward‑inclined, resilient fingers on the die that bend, compress against the anvil, then return to eject the scrap cleanly.",2,43,0,0.0,28,ok
2015,9069804,6,summary,"Generate in‑memory database stubs by scanning database configuration and its APIs, then merge these stubs with the application code to create a single‑process test environment that simulates a filled database.",1,32,0,0.0,20,ok
2015,9069804,6,keyword,"Search for techniques involving automated database model creation by inspecting database config files and SQL/ORM APIs, producing stubbed database layers that simulate fully populated tables, and merging these stubs with an application’s source to enable isolated, non-distributed testing and code analysis.",3,44,0,0.0,32,ok
2015,9069804,6,function,"Method for creating in‑memory database stubs derived from configuration and API inspection, enabling a fully replicated data layer that allows software components to be evaluated as if a live database were present.",2,33,0,0.0,19,ok
2015,9104409,6,summary,"Search for techniques that predict changes in memory power use by observing runtime parameters like network traffic, processor memory allocation, or access behavior, then actively switch memory modules among multiple power states to lower consumption.",2,35,0,0.0,27,ok
2015,9104409,6,keyword,"Dynamic runtime memory power reduction by monitoring per‑core network traffic, memory allocation, or access‑pattern statistics, predicting power‑consumption changes with statistical models, and switching DRAM modules among multiple power states on a heterogeneous computing platform.",1,37,0,0.0,29,ok
2015,9104409,6,function,"Dynamic memory power scaling by runtime monitoring of resource metrics (network traffic, memory allocation, access patterns) to predict power‑usage changes and transition DDR modules among multiple power states.",1,29,0,0.0,23,ok
2015,8995452,4,summary,"A packet forwarding system that interleaves a port controller with multiple routing stages and an auxiliary processing engine, enabling each packet to be transmitted between the controller, successive routing elements, and the processor in order to perform custom operations before re‑routing or exiting.",1,44,0,0.0,28,ok
2015,8995452,4,keyword,"system comprising interconnected routing units, a port controller handling external interfaces, and an extended‑function processor executing packet transformations before forwarding to subsequent units.",3,24,1,0.05555555555555555,18,failed_constraints
2015,8995452,4,function,"Search for networking devices that use multiple routing modules connected by a shared link, where a front‑end module receives traffic from an external port, forwards it to a middle module that passes it to a specialized processing engine for modification before returning to the router for onward delivery.",2,49,0,0.0,28,ok
2015,8970643,2,summary,"LED matrix display control technique that scans all anode lines each frame while alternating the initial row driven in successive cycles; it sequentially activates rows in a new order each cycle to balance illumination or reduce persistence, using separate scanning and driving lines.",2,43,0,0.0,32,ok
2015,8970643,2,keyword,"Find patents describing LED matrix displays where an anode common‑line scanning system drives rows in frames, cathode driving lines activate columns, and the driving sequence interleaves or alternates row order across consecutive cycles to improve image stability.",1,38,0,0.0,29,ok
2015,8970643,2,function,"Search for display control methods where a matrix LED backlight scans all common anode lines each frame, alternates the first-row activation between successive light-emission cycles, and drives remaining rows in successive frames to reduce flicker and improve uniformity.",1,40,0,0.0,30,ok
2015,9204737,33,summary,"How to design a modular shelf system where horizontal rails with longitudinal slots attach to vertical posts via perpendicular slots, creating a detachable, load‑bearing interlock that allows easy assembly of a self‑standing frame?",1,35,0,0.0,24,ok
2015,9204737,33,keyword,"Search for modular floor‑level shelving units with longitudinal side rails formed by orthogonal flat strips, featuring open‑ended longitudinal slots on horizontal strips that interlock via perpendicular slots in vertical corner posts, creating detachable, load‑bearing interdigitated connections in a self‑standing frame.",1,44,0,0.0,34,ok
2015,9204737,33,function,"Modular shelf system featuring telescoping interlocking slots between horizontally and vertically oriented rails for detachable, load‑bearing, self‑standing assemblies, with corner posts incorporating perpendicular through‑slots to enable quick, sturdy mounting.",1,32,0,0.0,26,ok
2015,9116934,6,summary,"Search for methods that identify and fix database records that break dependency rules and contain duplicates, using a cost-based merge of equivalence classes with duplicate identifiers to produce a repaired instance.",2,32,0,0.0,20,ok
2015,9116934,6,keyword,"Search for database repair algorithms that flag entries violating functional constraints, tag duplicates with a shared identifier, update dependency rules, form record equivalence clusters, compute merge cost metrics, and apply cost‑based record modifications.",3,34,1,0.037037037037037035,27,failed_constraints
2015,9116934,6,function,"Search for methods that detect and resolve relational integrity rule conflicts in databases by identifying violating records, handling duplicate entries through tagging, computing modification costs, and merging record groups to produce a consistent, non‑duplicated database state.",2,37,0,0.0,27,ok
2015,9049883,18,summary,"Search for infant nutrition products that limit sodium content to roughly 200 milligrams per 100 grams by adding a cold potassium chloride slurry after cooling, preserving flavor while targeting under‑200‑mg sodium in feeds for children 1‑4 years.",3,40,1,0.034482758620689655,29,failed_constraints
2015,9049883,18,keyword,"Low‑sodium toddler food (≤200 mg Na/100 g) prepared by heating a dry‑ingredient slurry (meat, legumes, dairy, grains, fruits, veg) to 170–200°F, cooling to 50–100°F, then adding chilled potassium‑chloride slurry (<32°F) with 0.1–1 % KCl.",1,44,0,0.0,30,ok
2015,9049883,18,function,"Search for low‑sodium child food formulations under 200 mg Na per 100 g made by adding a cold KCl‑water slurry after cooling a heated slurry, enabling palatable baby food for ages 1‑4.",1,35,0,0.0,25,ok
2015,9179677,19,summary,"Search for new fungicide formulations that use prothioconazole combined with another active ingredient (such as fenpropimorph, tridemorph, or fenpropidin) in ratios that generate synergistic activity, enabling lower overall doses while improving crop protection.",1,33,0,0.0,24,ok
2015,9179677,19,keyword,"Search for patent disclosures of fungicidal blends featuring a synergistic pair comprising prothioconazole and optionally fenpropimorph, tridemorph, or fenpropidin, with weight ratios between the active compounds ranging from 20:1 to 1:20, and including any related salts or adducts.",2,40,0,0.0,25,ok
2015,9179677,19,function,"search for synergistic fungicide combinations of prothioconazole with fenpropimorph or tridemorph, specifying weight ratios between 1:20 and 20:1, enabling broad‑spectrum fungal control and improved efficacy.",1,28,0,0.0,18,ok
2015,9158431,6,summary,System for touch‑based manipulation of 3‑D models where invisible screen zones map to specific camera perspectives—such as isometric and elevation views—allowing users to switch views by touching unlabeled regions without visual guides.,2,36,0,0.0,24,ok
2015,9158431,6,keyword,"Search for touchscreen 3D model manipulation systems with invisible touch zones mapped to isometric and elevation views, device using sensor and controller to change displayed view upon touch without visual cues.",1,31,0,0.0,23,ok
2015,9158431,6,function,"Find patents describing touchscreen interfaces that switch 3‑D object views when a user taps arbitrary screen areas mapped to isometric or elevation perspectives without visible controls, enabling view changes by touch input on unmarked regions.",1,36,0,0.0,25,ok
2015,9092887,6,summary,"Search for methods that merge multiple spatial models from different applications into a single interactive 3D view, adding a user‑driven control interface and binding independent script‑based behaviors to the view for adaptive spatial, temporal, and statistical processing.",2,39,0,0.0,26,ok
2015,9092887,6,keyword,"Search for patents that retrieve multiple spatial data sets from separate applications, merge them into a unified geographic model, then attach a separate control interface for user manipulation, and dynamically link independent script modules to execute spatial, temporal, and statistical computations.",3,41,0,0.0,28,ok
2015,9092887,6,function,"Search for methods combining spatial datasets from multiple source applications into an interactive composite 3‑D representation, using a separate control tier that triggers dynamic, script‑based behavioral elements executing spatial, temporal or statistical functions upon user interaction without altering the core geometry.",2,43,0,0.0,31,ok
2015,9049957,33,summary,"Search for a capsule‑refilling system for espresso machines that employs a cylindrical holder and a piston, moved in two stages: a manual lever to an intermediate position followed by fluid‑pressure action to the dispensing configuration, using an expansion chamber and elastic return.",1,44,0,0.0,26,ok
2015,9049957,33,keyword,"Search for espresso capsule dispensing apparatus featuring a rotating lever‑actuated piston that travels through loading, intermediate, and brewing stages, guided by a spring‑loaded piston housing, an expandable pressurized chamber, and a fixed frame‑mounted cylindrical filter cartridge.",2,39,0,0.0,28,ok
2015,9049957,33,function,"Espresso capsule infusion apparatus featuring a sliding piston and manual lever, staged loading and dispensing via an intermediate position, elastic retention, an expansion chamber for pressurized fluid, and a capsule receptacle cavity that interfaces with the piston for insertion and removal.",2,41,0,0.0,26,ok
2015,9214694,1,summary,"Search for prior art on reversible fuel cell assemblies featuring a proton‑conducting film that separates two catalyst layers, each containing aligned electrolysis and generation zones separated by non‑conductive boundaries.",3,31,1,0.043478260869565216,23,failed_constraints
2015,9214694,1,keyword,Patterned proton‑exchange Nafion membrane with two opposing catalyst layers bearing aligned discrete electrolysis (ELE) and generation (EG) sites separated by non‑conductive boundary regions for reversible PEM fuel cell operation.,1,31,0,0.0,25,ok
2015,9214694,1,function,"ion‑conducting membrane between two catalyst layers each having spatially aligned electrolysis sites and energy‑generation sites, separated by non‑conducting boundaries, enabling simultaneous electrolysis and fuel‑cell operation in a hydrogen‑oxygen electrochemical system",2,35,0,0.0,28,ok
2015,9121986,9,summary,"High-resolution scanning exposure system with a microlens array that uses offset hexagonal diaphragms, shifting row groups by micrometers so triangular field portions overlap, thereby guaranteeing uniform illumination perpendicular to scan motion.",1,32,0,0.0,25,ok
2015,9121986,9,keyword,"microlens array with hexagonal apertures offset in three parallel rows, triangular overlap of viewing field, micron‑scale lateral shift (~2 µm), inverted‑image plane, multilayered microlens units, scanning exposure system ensuring uniform illumination perpendicular to scan direction.",2,37,0,0.0,29,ok
2015,9121986,9,function,"Microlens array used with a scanning exposure system where microlens rows are offset by sub‑scan increments to overlap triangular field portions, achieving uniform illumination perpendicular to the scan direction.",1,30,0,0.0,20,ok
2015,9166769,4,summary,"Search for data link methods that partition data into fixed‑length blocks, send a distinct transition‑trigger packet, then combine the trigger with each block by logical operations to produce transition‑rich packets that enable clock recovery and data decoding.",1,40,0,0.0,28,ok
2015,9166769,4,keyword,"Search for data‑link protocols that employ n‑bit partitioned payload packets, auxiliary induction transition packets, XOR‑based composite packets, and clock recovery through sampled transition patterns for error‑free bit‑serial transmission.",2,33,0,0.0,26,ok
2015,9166769,4,function,"Find techniques where an auxiliary packet, sharing the same bit width as user data packets, is combined via logic operations with these packets to embed clock‑transition information for clock recovery and data restoration.",2,34,0,0.0,23,ok
2015,9103368,33,summary,"Searching for folding playpen hinge mechanisms that secure tubular rails with housings requiring a lift action to create a clearance gap before lock release, using angled pin slots and biasing components to prevent accidental folding.",1,35,0,0.0,25,ok
2015,9103368,33,keyword,"Search patents for folding child safety enclosure frames featuring pivotable tubular side rails, a hinged housing with lock assembly, lock pins operating within inclined slots, biasing element, and limited upward pivot clearance before unlocking to prevent accidental collapse.",3,38,2,0.06451612903225806,31,failed_constraints
2015,9103368,33,function,"Searching for a child‑safe folding playpen hinge system that requires a limited upward pivot of rail ends to create clearance before actuator disengages pins, preventing accidental collapse.",2,28,0,0.0,20,ok
2015,9151272,1,summary,"Describe a tethered UAV that uses a rotating propeller to both fly and serve as a generator, while a resonant‑capacitive tether wire carries variable power between the craft and a ground hub that steps down voltage with transformers, then converts to DC, integrating propulsion and energy recycling.",2,48,0,0.0,31,ok
2015,9151272,1,keyword,"Search for a tethered wind‑propelled UAV system that uses a two‑wire conductive tether with internal capacitance to transmit resonant AC power to a ground hub, employing on‑board transformers to step‑down voltage and DC‑DC converters to supply onboard batteries.",3,43,0,0.0,29,ok
2015,9151272,1,function,"Search for tethered airborne power transmission systems where a vehicle’s motor-generator alternates between propulsion and energy harvesting, using a dual-core tether with internal capacitance to convey resonant-frequency AC, transformers to step the voltage, and converters to feed a DC bus to the vehicle.",1,47,0,0.0,30,ok
2015,8953872,6,summary,"Search prior art for method that edits procedurally generated terrain height maps by performing multiresolution band analysis to locally adjust elevation within a radius, then outputting modified map as a progressive mesh.",1,32,0,0.0,23,ok
2015,8953872,6,keyword,"Locate prior‐art methods for editing procedurally generated height‑map terrain via multiresolution or wavelet analysis, selecting a target band, locally adjusting height values within a specified radius, and storing the edited map as a progressive mesh or LOD hierarchy.",1,40,0,0.0,29,ok
2015,8953872,6,function,"Search for a method that edits procedural height‑map terrain by performing a multiresolution band split, locally adjusting heights within a specified radius of a selected point, and saving the updated map as a progressive mesh.",1,36,0,0.0,22,ok
2015,9138436,16,summary,"Identify prior art on kinase inhibition using heteroaryl or cycloalkyl derivatives with novel core scaffolds, synthesis routes, and selection assays for therapeutic applications targeting kinase‑related diseases.",1,27,0,0.0,20,ok
2015,9138436,16,keyword,"Search for small-molecule kinase inhibitors containing heteroaryl or cycloalkyl substituents connected via an amide or thioamide core, with optional alkyl linkers, N‑oxide or prodrug forms, and related synthesis methods or bioassay protocols.",3,34,0,0.0,23,ok
2015,9138436,16,function,"small‐molecule kinase inhibitor featuring a heteroaryl core, cis/trans stereochemical relationships, versatile alkyl and heteroalkyl substituents, prodrug and salt options, synthesis methodologies, and biochemical selection assays for therapeutic disease applications.",1,31,0,0.0,24,ok
2015,9071008,1,summary,"A cable connector that secures a metal‑jacketed electrical cable to a primary housing with a socket and pin connector pair, uses a rigid insulating sleeve to keep the pin from the jacket, and employs threaded compression fittings for sealing and mechanical attachment.",3,43,4,0.16,25,failed_constraints
2015,9071008,1,keyword,"Search for cable termination assemblies featuring a metal‑jacketed cable, a rigid dielectric sleeve, an insulated pin connector, an electrically isolated socket contact, primary and secondary threaded housings with compression nuts, seam seals, and methods for threading connectors through housings to form mechanically robust, electrically safe cable connections.",2,48,0,0.0,36,ok
2015,9071008,1,function,"Search for cable jacketing connection systems that use a primary housing with an internal socket connector and a pin connector extended through a rigid insulating sleeve; methods that remove jacket and inner insulator, apply sleeve, and secure the connection with threaded compression fittings and optional secondary housings.",1,47,0,0.0,31,ok
2015,9145967,31,summary,"Inventories of planetary hubs with two axial‑offset planet gear groups linked via cantilevered pinions, where unequal path stiffness induces carrier distortion and solutions such as pre‑offset pinions, differing tooth widths, or controlled wall weaknesses balance torque distribution.",2,39,0,0.0,31,ok
2015,9145967,31,keyword,"Search for articles on epicyclic gear trains featuring a carrier with differential flexpin load paths, compensating for uneven torque distribution by varying flexpin stiffness, tooth width, or wall weakness, achieving synchronized deflection under load.",2,34,0,0.0,25,ok
2015,9145967,31,function,"Search patents for an epicyclic gear train with two axial‑offset planet gear arrays that compensate differential carrier deformation via adjustable flexpin stiffness or angular positioning, enabling balanced torque transfer and uniform mesh between planet, sun, and ring gears under varying loads.",3,42,1,0.030303030303030304,33,failed_constraints
2015,9128775,6,summary,"Search for cost‑efficient, network‑aware job scheduling that selects node‑link combinations meeting time‑dependent capacity and deadline constraints, reserves transmission bandwidth, and minimizes execution cost by evaluating candidate nodes’ planned utilization.",1,33,0,0.0,26,ok
2015,9128775,6,keyword,"Search for methods or systems that perform dynamic node and link selection in a distributed computing network, evaluating time‑dependent capacity, scheduling a binary executable job before a deadline, and reserving link bandwidth to meet transport requirements while minimizing total cost.",1,41,0,0.0,29,ok
2015,9128775,6,function,"How does one algorithmically determine a cost‑optimal combination of computing nodes and network links that satisfy time‑dependent capacity constraints to execute a job within a deadline, while reserving link bandwidth based on job transport needs?",1,37,0,0.0,27,ok
2015,8958457,4,summary,"Search prior‑art for uplink frame schemes where a mobile device generates multiple pilot sequences and formats its transmission so that an initial segment carries both pilot and data symbols, while a later segment contains only pilot symbols separated by slots reserved for no data.",2,45,0,0.0,32,ok
2015,8958457,4,keyword,"mobile device uplink pilot symbol generation with alternating pilot/data portions, separating first and second frame sections, non‑pilot data gaps, network node reception of segmented uplink frame containing pilot‑only segments, pilot‑bit scheduling, Uplink OFDM/SC‑FDM pilot‑repetition patterns.",1,42,0,0.0,37,ok
2015,8958457,4,function,"Search for uplink framing methods where a mobile device inserts a first portion containing both pilot and data symbols, followed by a second portion composed only of pilot symbols with alternating pilot and non‑pilot elements to aid channel estimation.",1,40,0,0.0,27,ok
2015,9205525,26,summary,"Search for CNC tool‑offset measurement systems that adjust the tool holder, capture holder and tool positions, compute the required clearance from stored tool dimensions, and use a motion controller and simulation window to apply the calculated offset.",2,38,0,0.0,25,ok
2015,9205525,26,keyword,"Searching for methods and systems that measure machine tool offset using tool holder positioning, datum marks, coordinate reference, motion control drive, simulation display, and tool length storage, including computation of tool offset and assembly length based on coordinate interaction.",2,39,0,0.0,30,ok
2015,9205525,26,function,"Searching for automated machine‑tool offset measurement methods that use datum‑based coordinate setting, axial repositioning of the tool assembly to a second reference, subtraction of known tool and seat dimensions to compute offset, and systems integrating motion control with simulation and real‑time position feedback.",2,46,0,0.0,32,ok
2015,9212095,20,summary,"Search for a cement‑based material incorporating a highly branched polyether‑type surface modifier, together with optional dispersants, foam‑stabilizers or secondary surfactants, to improve workability, dispersion and durability.",2,29,0,0.0,20,ok
2015,9212095,20,keyword,"Query patents on cementitious admixtures containing water, hydraulic cement, and a hyper‑branched polyether surfactant featuring epoxy‑alkyl backbones with poly(ethylene/methyl)oxy side chains, optionally mixed with dispersants, defoamers or stabilizers, within 0.0001–0.02 % dosage ranges.",3,40,2,0.06666666666666667,30,failed_constraints
2015,9212095,20,function,"Search for cementitious mixes using hyperbranched polyether surfactants that improve dispersion, reduce surface tension, and enhance setting properties, with or without additional dispersants, surfactants, defoamers, or stabilizers.",2,27,0,0.0,19,ok
2015,9189634,4,summary,"Search for systems that monitor data access requests, calculate risk scores based on configurable policies, flag high‑risk actions, provide detailed breakdowns of risk components, and generate customizable report templates for repeated analysis.",3,33,0,0.0,25,ok
2015,9189634,4,keyword,"Database access request risk scoring system using policy‑based evaluation of request rate, failure rate, and response time with threshold triggering high‑risk alerts and customizable report templates.",1,28,0,0.0,22,ok
2015,9189634,4,function,"Search for methods and systems that assess and report risk for database access requests based on configurable thresholds, monitoring request frequency and failure rates, evaluating response delays, generating customizable alerts, and enabling templates for repeated risk analysis reports.",2,38,0,0.0,27,ok
2015,9100147,4,summary,"Search for systems that adapt uplink carrier‑and‑modulation pairings in carrier‑aggregated femtocell networks to optimize ACK/NACK feedback, using interference‑robustness metrics and adaptive combination rules, thereby preserving downlink reception quality during dynamic channel selection.",1,37,0,0.0,29,ok
2015,9100147,4,keyword,"Search for prior art on base station techniques that dynamically alter carrier assignments and modulation point mappings to maintain downlink reliability under carrier aggregation, leveraging interference robustness metrics across femtocell tiers and adjusting user terminal feedback protocols accordingly.",2,38,0,0.0,30,ok
2015,9100147,4,function,"Search for base station techniques that dynamically change the uplink feedback carrier and modulation mapping according to an interference‑robustness rule, so that carrier‑aggregated downlink transmission retains reliable reception while preventing degradation of neighboring cells.",1,36,0,0.0,26,ok
2015,9211424,16,summary,"Search for a hair straightening or relaxing method using a formulation that contains 0.1‑50% weak non‑hydroxide base, e.g., monoethanolamine, a cosmetic carrier, optional adjuvant, optional non‑volatile oil step, and heat‑combined physical smoothing.",3,38,4,0.16,25,failed_constraints
2015,9211424,16,keyword,"Search for hair straightening formulations containing 0–50% weak non‑hydroxide bases (e.g., monoethanolamine, alkali metal phosphates, alkali metal carbonates, carboxylates, ethylenediamine, quinoline, aniline, pyridine) blended with cosmetic media, optional adjuvants, followed by oil conditioning and heat‑assisted mechanical smoothing.",3,41,4,0.125,32,failed_constraints
2015,9211424,16,function,"Method for treating hair with a composition that includes a moderate, non‑hydrolyzing base mixed with a cosmetic carrier, then optionally rinsed and coated with a stable oil before applying heat and mechanical smoothing to achieve a flat or less curled appearance.",2,42,0,0.0,26,ok
2015,9183393,6,summary,"Secure OTA firmware update to mobile devices using dual-system partitions, cryptographic hash verification of entire image and block‑level integrity, signature‑checked manifests, condition‑based payload procurement, with automatic recovery of corrupted blocks by retransmission and reboot to new image.",2,41,0,0.0,31,ok
2015,9183393,6,keyword,"Search for mobile device OTA firmware update methods using dual‑partition image storage, a manifest containing cryptographic signatures and hash values, block‑wise integrity checks with per‑block hashes, automatic bad‑block re‑download, and reboot to an alternate partition upon verified completion.",1,43,0,0.0,34,ok
2015,9183393,6,function,"Method for secure wireless firmware upgrade that downloads a signed manifest with hash values, verifies overall and per‑block integrity using cryptographic checksums, writes to a secondary memory partition, rechecks, and reboots only if all verifications succeed, otherwise repeats download or repairs corrupted blocks.",2,44,0,0.0,32,ok
2015,9038757,32,summary,"Search for battery support systems beneath a mobile seat that slides longitudinally, featuring a split service cover with rear and front panels, the front panel detachable via bolts to a floor reinforcement for easy battery access.",2,36,0,0.0,24,ok
2015,9038757,32,keyword,"Search patents for automobile battery support system with dual‑section access panel for maintenance, where the panel’s rear portion bolts to floor reinforcement and the front section attaches to the floor surface, allowing seat sliding longitudinally in a central cavity.",2,41,0,0.0,26,ok
2015,9038757,32,function,"Search for vehicle battery mounting systems using a split cover to seal a service opening in the vehicle floor, where one portion is fixed and the other detachable, enabling seat sliding while permitting battery access and protecting components during operation.",3,40,1,0.037037037037037035,27,failed_constraints
2015,8969647,19,summary,"Search for continuous thermal processing of refinery sludge using sequential drying, oxygen–steam gasification, synthesis‑gas combustion, and plasma‑torch vitrification to immobilize residues while recycling combustion gases for energy recovery.",1,31,0,0.0,24,ok
2015,8969647,19,keyword,"Search for continuous processes that dry refinery sludge at 110–120 °C, gasify it at 750–950 °C with a steam–oxygen mixture to generate CO/H₂ syngas, combust the syngas at 850–1200 °C, recycle the combustion gases, and vitrify the solid residue at 1300–1500 °C using a plasma torch.",3,52,2,0.06666666666666667,30,failed_constraints
2015,8969647,19,function,"Brew continuous thermal treatment of refinery sludge by initial low‑temperature drying (110‑120 °C), followed by high‑temperature gasification (750‑950 °C, 30‑60 min with oxygen‑steam mix) to generate synthesis gas and solid, then recombustion of the gas (850‑1,200 °C) to recycle heat, and final vitrification of the solid with plasma torches (1,300‑1,500 °C) to render inert.",3,65,4,0.09523809523809523,42,failed_constraints
2015,9204744,33,summary,Invention aiming to mitigate sediment ingestion in drinks by incorporating a spiral conical channel within the stem of a cup or mug.,1,22,0,0.0,12,ok
2015,9204744,33,keyword,"design for beverage vessel with bowl, stem, conical helical sediment‑trap cavity, spiral sediment channel, conical corkscrew shape; includes glass or ceramic materials; reduces particulate consumption by retaining sediment within the stem cavity.",1,33,0,0.0,26,ok
2015,9204744,33,function,"Search for drinkware with an interior stem cavity shaped as a conical helix, open to the bowl, that captures and holds sediment, preventing particle ingestion during use.",1,27,0,0.0,16,ok
2015,9027697,35,summary,"Construction vehicle with a rotatable upper housing that integrates an engine and hydraulic pump, a compact tank and control valve module for hydraulic oil and fuel, and an integrated urea‑water reservoir for on‑board NOx reduction.",1,37,0,0.0,22,ok
2015,9027697,35,keyword,"Search prior art for construction machinery with a rotating upper frame on a lower traveling chassis, housing a front‑mounted oil/fuel tank within an equipment enclosure containing a hydraulic control valve array, a urea‑water reservoir, and an NOx catalytic reduction unit with upstream injection valve on the exhaust.",1,50,0,0.0,34,ok
2015,9027697,35,function,"Search for construction equipment featuring a rotating upper frame with an engine‑driven hydraulic pump, a modular housing containing a multi‑valve system for controlling hydraulic fluid, and a urea‑based nitrogen oxide reduction system that introduces a urea solution into the exhaust stream via an integrated tank and valve.",2,50,0,0.0,33,ok
2015,9075996,4,summary,"“Process for authenticating a user’s device to a service by transmitting condition tags, receiving device‑generated verification data, having the stack provider validate those conditions, and granting secure service access only upon successful validation.”",1,35,0,0.0,25,ok
2015,9075996,4,keyword,"Search for protocols where a client device sends conditional tags to a service, receives verification data, then forwards it to an external stack vendor for validation before granting secure network access to protected resources.",2,34,0,0.0,22,ok
2015,9075996,4,function,"Search for methods that evaluate a user device’s compliance with service‑specific security criteria by exchanging tagged condition requests, receiving verification claims, and soliciting a provider’s validation before granting secure network access to protected data.",2,37,0,0.0,25,ok
2015,9036738,4,summary,"Search prior art for receiver that adjusts likelihood ratios for amplitude‑modulated transmissions by estimating a scale factor between implementation and theoretical likelihoods using SNR, averages, and stored format‑dependent correlations, then decodes based on scaled likelihoods.",1,37,0,0.0,27,ok
2015,9036738,4,keyword,"Search for a receiver that computes a scale‑ratio between implemented and theoretical likelihood data for amplitude modulation demodulation, uses SNR estimation and average‑absolute‑likelihood normalization, and maps transmission formats to SNR‑derived lookup tables for decoding.",1,38,0,0.0,26,ok
2015,9036738,4,function,"How does a receiver use a demodulation step to produce likelihood metrics for symbols, then scale those metrics by a processor‑calculated ratio relative to theoretical expectations, and finally decode based on the modulation format while estimating SNR for adaptive scaling?",2,41,0,0.0,28,ok
2015,9141902,6,summary,"Smart card module with a chip and dual laminate layers, using two interleaved conductive layers separated by adhesive, linked via vias to enable robust electrical coupling while maintaining mechanical integrity.",3,30,1,0.043478260869565216,23,failed_constraints
2015,9141902,6,keyword,"Search for an electronic ID card comprising a chip with front-side contacts, a laminate bonded to the chip backside, another laminate, a first conductive layer linking contacts to a second conductive layer on the far side, adhesive interlayers, and via connections.",3,42,3,0.1111111111111111,27,failed_constraints
2015,9141902,6,function,"smart card assembly featuring a microchip with front contacts bonded to a rear laminate, an intermediate conductive film linked to the chip, an adhesive film on either side, and a parallel conductive film on the opposite laminate side, electrically joined by metal via plugs.",2,44,0,0.0,28,ok
2015,9135057,6,summary,"Develop a method to dynamically monitor and optimize performance of a stream‑processing system when jobs connect to another job’s data stream, using metrics such as CPU or tuple rate, and adjusting operator placement, fusion or cloning to reduce resource contention.",1,42,0,0.0,27,ok
2015,9135057,6,keyword,"Search prior art for stream computing platforms that dynamically link jobs via exportable data streams, monitor CPUs/tuple rates, and optimize performance by moving or fusing operators to idle nodes or cloning streams for load balancing.",1,36,0,0.0,26,ok
2015,9135057,6,function,"Search for systems that monitor CPU or tuple‑rate metrics when multiple consumer jobs attach to a streaming producer, and automatically relocate or duplicate operators to improve upstream performance.",1,29,0,0.0,18,ok
2015,8947152,8,summary,"System of stacked slice dies linked by shared vertical interconnects, where each die has separate activation signal paths—one for receipt of external control and another for conditional internal logic triggering—enabling programmable activation modes within the stack.",2,38,0,0.0,27,ok
2015,8947152,8,keyword,"multi‑die module employing through‑vía interconnects between individual die, each die featuring an input interface that forwards a slice enable pulse to a via, a routing stage that delivers the pulse to die circuitry, and a controllable output path for mode‑selective activation.",2,44,0,0.0,29,ok
2015,8947152,8,function,"Multi‑chip packaging employing through‑vias for selective chip activation via trigger signals routed internally, with a controller managing activation modes across the package.",2,24,0,0.0,18,ok
2015,9091234,23,summary,"Search for vehicle component housings that use a pivoting cover with a protrusion fitting into a retainer slot, featuring clearance regions and engaging separators to prevent wear or damage during opening and closing.",1,33,0,0.0,20,ok
2015,9091234,23,keyword,"Pivot‑actuated housing for automotive assemblies featuring an interlocking retainer cavity and a protruding snap‑feature, with clearance gaps and detent strips to cushion the snap surface during opening and closing.",3,31,0,0.0,20,ok
2015,9091234,23,function,"Search for a two‑part vehicle housing where an outer casing with a protruding element pivots against an inner casing's retainer, enabling controlled opening and closing while a clearance zone and a separation latch prevent contact damage during disengagement.",2,40,0,0.0,26,ok
2015,9098224,6,summary,"An apparatus that, after executing different job types, delays shutdown of its memory subsystem by setting task‑dependent grace periods, shutting off the main controller first while keeping memory powered until the period expires.",2,34,0,0.0,25,ok
2015,9098224,6,keyword,"Search for power control logic that schedules shutdown of storage after processing inquiry or print jobs, specifying distinct wait periods and keeping storage powered while control is disabled, in printers and imaging systems.",3,33,0,0.0,23,ok
2015,9098224,6,function,"image processing device that stops control unit power after executing inquiry or print jobs, holds storage unit powered for a job‑dependent waiting period, then shuts down the storage unit.",1,30,0,0.0,23,ok
2015,9098662,6,summary,"Search for methods enabling dynamic insertion of debug taps into programmable logic devices while preserving main logic configuration, using sequential configuration data to add and remove debugging features without altering the core design.",1,33,0,0.0,25,ok
2015,9098662,6,keyword,"search for programmable logic devices enabling tap‑based debugging, where debug logic is inserted into a configurable subset of interconnects, acquisition blocks capture signal traces, and subsequent configuration data modifies or removes debug taps without affecting core logic.",2,38,0,0.0,28,ok
2015,9098662,6,function,"How do you dynamically embed and remove signal probes within a reconfigurable IC, enabling live data capture from internal nets while preserving the original logic, using partial configuration swaps and shared memory acquisition modules?",2,34,0,0.0,26,ok
2015,9016091,26,summary,"laser‑induced fusing of a binder‑laden glass layer on a substrate, using two overlapping irradiation zones moving so that the second zone heats the layer before the first zone solidifies, allowing binder gas to escape and improving glass layer fixation.",1,41,0,0.0,29,ok
2015,9016091,26,keyword,"Search for laser‑assisted glass layer fusion methods employing a binder‑laden overlay with laser light‑absorbing additive and powdered glass; moving illumination zone across the seam in forward–reverse sequence promotes binder volatilization, powder liquefaction and extended solidification.",3,39,1,0.03333333333333333,30,failed_constraints
2015,9016091,26,function,"Search for laser‑based glass joining techniques where a moving laser beam creates overlapping pre‑heating and melting zones to vaporize binders in a powder‑laden glass layer, enabling prolonged melt solidification and enhanced binder escape for stronger fused glass assemblies.",1,41,0,0.0,30,ok
2015,9174267,26,summary,"Search for a hand‑held jewelry wire instrument that simultaneously loops, cuts, and ejects wire waste by means of dual‑arm handles and a hooked‑section design for single‑motion manipulation at any point along the wire.",1,37,0,0.0,24,ok
2015,9174267,26,keyword,"search for a jewelry loop‑cutting instrument featuring dual articulated arms with soft‑grip handles, integrated looping jaws and a hooked cutter with an ejector port, providing simultaneous wire looping and slicing at arbitrary wire lengths.",2,36,0,0.0,25,ok
2015,9174267,26,function,"Searching for a handheld equipment that allows a user to simultaneously form a loop in wire and sever it at a chosen point along its length, using dual arms with handles, a hooked cutting section, and an ejection aperture for safe waste removal.",2,43,0,0.0,24,ok
2015,9075088,10,summary,"Search for devices computing the absolute voltage of mains supply, accumulating over a fixed interval, extracting the peak aggregate value per period, and classifying supply quality based on that peak for rapid quality assessment.",2,34,0,0.0,23,ok
2015,9075088,10,keyword,"Search prior art on systems where a magnitude‑calculation module processes the absolute value of utility voltage, an integration unit accumulates this magnitude over a set interval, a sampling module extracts the peak accumulated value per cycle, and a quality‑assessment engine rates power integrity.",1,45,0,0.0,31,ok
2015,9075088,10,function,"search for methods or devices that compute the absolute voltage of an electric supply, integrate it over fixed intervals to obtain accumulative sums, then sample the peak of those sums per interval to assess power quality in real time.",1,39,0,0.0,25,ok
2015,9059576,1,summary,"search for a secure cable management enclosure that segregates multiple security‑classified networks, using internal barriers, isolated chambers, and lockable access doors to physically and electrically isolate cable paths between security levels.",1,32,0,0.0,24,ok
2015,9059576,1,keyword,"Secure multi-class network cable consolidation enclosure with individual housing, segregated primary and outbound chambers, inter-chamber barriers, selective access doors, lockable interfaces, and staggered connector modules for distinct secrecy levels of primary and secondary cabling.",3,36,2,0.07142857142857142,28,failed_constraints
2015,9059576,1,function,"Search for devices or kits that allow physical segregation of high and low security network cables, with separate internal chambers, access doors, locks, and barriers preventing cross‑communication, enabling secure cable consolidation and clearance‑based connectivity.",2,36,0,0.0,26,ok
2015,9124100,1,summary,"Search for systems that predict startup or shutdown power spikes from generators and loads, and use stored energy to keep grid supply below a tariff‑threshold, switching electric rates from low to high.",1,33,0,0.0,21,ok
2015,9124100,1,keyword,"Does a control logic exist that, during generator start or shutdown, predicts the combined generator ignition load plus external load consumption will exceed a defined power threshold, and if so, commands an energy buffer to supply a portion of power so that grid draw remains below the threshold?",2,48,0,0.0,32,ok
2015,9124100,1,function,control of dispatching stored electric power during generation system start‑up or shutdown to limit grid supplied power below an upper tariff threshold while maintaining low‑rate pricing for external loads.,1,31,0,0.0,24,ok
2015,9110558,6,summary,"Search for systems that automatically reposition nodes in a graphical diagram after user edits by iteratively applying calculated forces until equilibrium, animating the transition to a balanced layout.",1,28,0,0.0,18,ok
2015,9110558,6,keyword,"System and method for a user‑editable graphical program utilizing a force‑directed physics engine to iteratively reposition nodes after edits, simulating forces until equilibrium, and animating the layout change on a display device.",1,34,0,0.0,23,ok
2015,9110558,6,function,"Computer‑assisted graphical diagram editor that automatically repositions interconnected nodes after user modifications, applying iterative force‑directed calculations to balance node repulsion and attraction, animating convergence to an equilibrium layout, and continually updating the visual display in real time.",2,39,0,0.0,29,ok
2015,9086960,6,summary,"Describe a system that merges duplicate incident tickets for a distributed software stack by detecting correlated virtual hosts, aggregating error reports from the same component, and consolidating them into a single ticket when occurrences fall within a defined time window.",3,40,1,0.04,25,failed_constraints
2015,9086960,6,keyword,"Search for systems that automatically aggregate error logs from co‑located virtual machines in a multi‑tier cloud application, evaluating timestamp proximity thresholds to merge distinct trouble reports into a single incident record routed to a ticketing platform.",1,38,0,0.0,26,ok
2015,9086960,6,function,"Search for methods that merge error records from correlated virtual machines in a multi-tier application into a single support ticket, using a time‑based sensitivity window to decide whether to update an existing issue record or create a new entry.",3,41,2,0.07692307692307693,26,failed_constraints
2015,8929578,2,summary,"Search for audio devices that use an elastomerically mounted internal part, like a battery, as a passive radiator to improve low-frequency response and shrink enclosure size while enhancing sound fidelity.",1,31,0,0.0,21,ok
2015,8929578,2,keyword,"Search for active speaker systems using a battery as an elastomerically mounted passive radiator mass within a sealed enclosure, electrically coupled via conductive leads to other circuitry, to reduce woofer size and improve low‑frequency fidelity.",1,36,0,0.0,26,ok
2015,8929578,2,function,"Search for passive woofers integrated into electronic device enclosures that use elastomerically mounted internal battery mass as a sound radiator, coupled to active speaker drivers to shrink enclosure size and enhance low‑frequency reproduction.",2,34,0,0.0,24,ok
2015,9173176,4,summary,"Search for a wireless network architecture wherein a central controller instructs base stations on permissible energy for data and control transmissions per time slot, with stations regulating output within those bounds and reporting actual emission levels back to the controller for optimization.",2,42,0,0.0,29,ok
2015,9173176,4,keyword,"Search for methods and systems where a radio network controller sends maximum transmit‑power limits over the Iub interface to a Node B, which regulates HS‑DSCH and HS‑SCCH outputs, reports per‑slot power, and adjusts HSDPA downlink in TDD or FDD frames.",3,44,4,0.13793103448275862,29,failed_constraints
2015,9173176,4,function,"how to limit and report transmitter power for downlink packet channels and control channels between a mobile network controller and base stations using dedicated signalling interfaces, while enforcing separate thresholds for data and control code sets?",2,36,0,0.0,26,ok
2015,8954304,12,summary,"Search for systems that use neural‑net predictive models and field‑data comparison to design drilling assemblies, placing expandable tools based on simulated performance and vibration metrics to reduce drilling complications.",1,31,0,0.0,22,ok
2015,8954304,12,keyword,"techniques for designing drilling tool assemblies that ingest well data, apply an experiential database and neural network to generate initial configurations, simulate expandable tools in collapsed/expanded modes, evaluate vibrational signatures, and refine stabilizer or reamer placement.",3,37,1,0.037037037037037035,27,failed_constraints
2015,8954304,12,function,"machine learning optimization of drilling tool assemblies using well data and experiential database, neural network design, simulation of expandable tool positions, vibrational analysis, and placement adjustment to reduce vibration and improve drilling performance.",1,33,0,0.0,25,ok
2015,9137222,4,summary,"private network file sharing using a proxy that encrypts client uploads with user keys, stores them in cloud, generates unique public links, verifies requests, retrieves and decrypts files on demand for other users.",1,33,0,0.0,23,ok
2015,9137222,4,keyword,"Search for methods where a gateway in a private network receives client data, generates user‑specific keys, encrypts the data, forwards it to external storage, creates a shareable link pointing back to the gateway, and upon link access retrieves, decrypts, and streams the file to another client.",2,47,0,0.0,30,ok
2015,9137222,4,function,"search for methods where a private‑network proxy encrypts data from a client before uploading to a cloud storage, creates a public access link containing a unique identifier that redirects to the proxy, and upon request decrypts and streams the file to a second client while ensuring link authenticity.",2,49,0,0.0,30,ok
2015,9140529,29,summary,"Search patents for a missile shell design that groups cylindrical front segments with reduced rear fins, arranging one central segment flanked by multiple others, so that when released the rear fins unload and pressure distributes through contiguous cylindrical fronts.",2,39,0,0.0,28,ok
2015,9140529,29,keyword,"Search for fin‑stable warhead penetrators arranged in groups within a missile casing, where the cylindrical front section is flat‑ended, the rear fin portion is recessed, and outer penetrators abut the central unit’s fin faces to reduce inter‑penetrator gaps and stress.",3,44,0,0.0,29,ok
2015,9140529,29,function,"Method for arranging cylindrical front segments and shortened rear fin portions of penetrators into grouped packing units within a shell, allowing load distribution from a central unit through side‑by‑side outer units and minimizing voids upon release.",2,38,0,0.0,27,ok
2015,8932005,27,summary,"Search for patents describing a single tapered‑foil rotor with helical blades inside lightweight structural tubes, arranged in modular 3‑D configurations, producing quiet, bird‑friendly wind power that remains efficient even when shadowed by adjacent units.",1,37,0,0.0,26,ok
2015,8932005,27,keyword,"Search for wind‑driven modular rotor assemblies comprising helical foil blades made from lightweight materials such as fiberglass, nylon, carbon fiber or rigid polymer, mounted on low‑friction structural tubes, forming tetrahedral or 3‑D configurations for quiet, bird‑friendly, shadow‑resilient electricity generation.",3,44,7,0.21212121212121213,33,failed_constraints
2015,8932005,27,function,"Search for modular, Archimedean‑curved foil rotors that generate electricity from airflow, assembled into lightweight 3‑D tetrahedral arrays, featuring quiet operation, bird‑friendly design, and shadow‑resilience by multi‑axis rotation of continuous foils.",2,35,0,0.0,24,ok
2015,9000390,10,summary,search for patents describing methods to rate UV protection of eyewear by combining measured transmission through the lens and reflected UV from the lens backside to calculate an overall protection index.,1,31,0,0.0,19,ok
2015,9000390,10,keyword,"Search for patents describing a UV protection rating system for eyeglasses that measures transmitted UV through the front surface, UV reflected by the back side, and computes an index to compare and rank lenses.",2,34,0,0.0,21,ok
2015,9000390,10,function,"Search for systems that calculate an eye‑wear protection rating by measuring UV transmitted through the front surface and UV reflected from the rear surface, combining values to produce a protection index and sort multiple eyewear options.",3,37,1,0.041666666666666664,24,failed_constraints
2015,9045115,31,summary,"An electronic parking locking system that prevents individual wheel lock when wheel speeds exceed a set limit or when speed discrepancies between the two wheels or against vehicle motion are too great, thus avoiding uneven locking during parking.",2,38,0,0.0,27,ok
2015,9045115,31,keyword,"Search for vehicle parking clamp assemblies featuring independent right‑side and left‑side engagement units, each with a speed sensor that mechanically blocks engagement above a set RPM, governed by an ECU that disables clamping when wheel speed asymmetry or deviation from vehicle speed exceeds a tolerance.",2,47,0,0.0,32,ok
2015,9045115,31,function,"Search for a vehicle parking lock system that uses wheel speed sensors and a controller to block lock engagement when wheel speeds exceed a threshold or differ beyond a set limit, preventing one‑wheel immobilization while the other remains free.",1,40,0,0.0,27,ok
2015,9144897,32,summary,"Develop a vehicle brake cable tensioning system using a rotational driver‑controlled tool that locks the cable end, incorporates load‑cell feedback, and adaptively adjusts tension through real‑time stiffness measurement, enabling precise, repeatable brake installation.",1,36,0,0.0,29,ok
2015,9144897,32,keyword,"Search prior art for a rotationally driven tensioning device for vehicle emergency brake cables, featuring a shaft with a locking recess, an external nut cam, an integrated load cell, gear‑driven thrust bearing, and a programmable drive employing real‑time stiffness measurement via equalizing elements.",2,45,0,0.0,33,ok
2015,9144897,32,function,"Is there prior art for a vehicle brake cable tensioning device that uses a rotational motor, a shaft featuring an engaging recess and a load‑cell bearing thrust mechanism, enabling real‑time stiffness measurement and precise residual tension control?",2,39,0,0.0,27,ok
2015,9219906,2,summary,"Search for a stereoscopic display system that records user‑controlled 3‑D effect parameters, logs differences against previously stored settings, and highlights the overlap area with a color‑coded frame that indicates parallax adjustments.",1,34,0,0.0,22,ok
2015,9219906,2,keyword,"Search for patents on imaging systems that capture multiple viewpoints, generate stereoscopic images, trim the overlapping region by aspect ratio, display a color‑coded frame varying with parallax level, and record control parameters and their difference values.",1,37,0,0.0,25,ok
2015,9219906,2,function,"Search for display systems that allow real‑time user control of stereoscopic depth via adjustable parallax, store the control parameters per image pair, record differences from previous settings, and automatically crop overlapping regions while marking the crop boundary with a color‑coded rim.",2,43,0,0.0,32,ok
2015,9081748,6,summary,"distributed redundancy system using coordinated service managers, a configuration controller, and token‑based message deduplication across redundant network paths for dynamic program allocation on multiple processors grouped in fault‑tolerant clusters.",2,31,0,0.0,24,ok
2015,9081748,6,keyword,"Search for fault-tolerant execution systems featuring multiple processor clusters, decentralized command handlers, a coordination controller, fabric switches, edge network adapters, and duplicate‑message suppression via unique identifier tags.",2,29,0,0.0,24,ok
2015,9081748,6,function,"Search for systems that manage computing redundancy by coordinating multiple processor groups via primary service managers, using unique identifiers to deduplicate messages across network switches, dynamic token-based allocation, and configuration modules controlling command distribution for fault‑tolerant program execution.",3,40,1,0.03125,32,failed_constraints
2015,9094365,4,summary,"Search for prior art on systems that automatically rewrite web resource URLs from non‑secure HTTP responses into secure HTTPS links before forwarding the content to a client, differentiating text versus non‑text responses and applying changes only to textual payloads to enforce secure delivery.",2,45,0,0.0,32,ok
2015,9094365,4,keyword,"Search for methods and systems that intercept HTTP responses, detect non-HTTPS URLs, rewrite them to HTTPS, and forward the edited content over a secure channel while leaving non-textual content transmitted unchanged.",2,33,0,0.0,23,ok
2015,9094365,4,function,"search for systems that modify non‑secure HTTP responses by converting URLs or resource identifiers to secure HTTPS form when the content is text, then forward the changed response through a secure channel to the client, leaving non‑text content unmodified",1,41,0,0.0,27,ok
2015,9062149,17,summary,"Simple method for low‑viscosity naphthalene‑based prepolymer, formed by reacting modest amounts of naphthyl‑isocyanate with NDI and moderate‑molecular‑weight polyols, enabling easier production of high‑performance polyurethane elastomers.",1,31,0,0.0,23,ok
2015,9062149,17,keyword,"Search for low‑viscosity naphthalene 1,5‑diisocyanate‑based prepolymers produced by reacting NDI with a small fraction of naphthyl isocyanate and polyols (850–3000 g/mol, ≤2500 mPas at 120 °C, 1.95–2.15 functionality), NCO/OH ratio 1.5–3.05:1, for high‑performance elastomer synthesis.",3,50,1,0.03333333333333333,30,failed_constraints
2015,9062149,17,function,"Search for processes that generate low‑resistance NCO‑containing prepolymers using naphthalene 1,5‑diisocyanate blended with trace naphthyl 1‑isocyanate and functional polyols of moderate molar mass, controlled NCO:OH ratios, to enable ultra‑flexible polyurethane‑urea elastomers.",2,39,0,0.0,28,ok
2015,9070445,6,summary,Nonvolatile memory cell erase method applying repeated voltage pulses with progressively smaller step‑down increments to adjust transistor threshold until full erasure is achieved.,1,24,0,0.0,19,ok
2015,9070445,6,keyword,"Investigate nonvolatile memory cells employing programmable voltage‑step control to monotonically lower erase bias for threshold‑voltage tuning in rewritable transistors, featuring step‑down logic that reduces applied voltage toward zero over successive write‑erase cycle iterations.",1,37,0,0.0,31,ok
2015,9070445,6,function,"Search for nonvolatile memory erase techniques that iteratively apply voltage to a selected transistor and progressively reduce the decrement step, allowing the erase voltage to approach zero and precisely set threshold voltage, thus minimizing residual charge and improving write endurance.",1,40,0,0.0,28,ok
2015,8939665,28,summary,"Search for a label printer cassette that uses a pivoting side with dual ramped surfaces to mechanically trigger the printer’s switch, allowing distinct cassette types to move the switch in opposite directions, and features the ramp pair symmetrical around a central axis for precise activation.",3,46,1,0.034482758620689655,29,failed_constraints
2015,8939665,28,keyword,"Search for label printer cassettes featuring a hinged housing with a base and top, a side panel incorporating dual ramped surfaces perpendicular to the panel that converge symmetrically, designed to actuate the printer's switch and accommodate multiple cassette types.",2,40,0,0.0,25,ok
2015,8939665,28,function,"label printer cassette with side-mounted dual ramped actuator surfaces orthogonal to side, symmetrical around centerline, used to mechanically trigger a printer switch during cassette insertion, allowing distinct switch movements for different cassette types.",3,34,1,0.037037037037037035,27,failed_constraints
2015,9201304,9,summary,"Develop a chemically amplified resist using an acid‑labile polymer and a photoacid generator to create a negative image, then protect the pattern with a second solvent, coat it with a metal‑containing solution, and dry‑etch to reverse the pattern into a positive design.",3,45,1,0.038461538461538464,26,failed_constraints
2015,9201304,9,keyword,"Search for lithographic processes involving a chemically amplified resist with acid-labile units, photoacid generation, high-energy exposure, negative pattern formation, solvent bake steps, and metal‑oxide (silicon, titanium, zirconium, hafnium, aluminum) precursor solutions for image‑reversal to positive patterns via dry etching.",3,43,4,0.11428571428571428,35,failed_constraints
2015,9201304,9,function,"search for lithographic processes using acid‑labile chemically amplified resists that convert negative patterns to positive through heat‑treatment and metal‑oxide precursor solutions followed by dry etch, focusing on photoacid generators and solvent resistance.",3,35,3,0.11538461538461539,26,failed_constraints
2015,9041754,28,summary,"Search for a dual‑mode printer using an inkjet front and thermal back, where the thermal stage adjusts heat output based on inkjet dot density to improve duplex quality.",1,29,0,0.0,19,ok
2015,9041754,28,keyword,"Search patents for a duplex printer that employs an inkjet first section on a roll‑wound sheet, a downstream thermal second section printing the back surface, and a heat‑adjusting module that varies the thermal drive depending on the inkjet dot count.",1,42,0,0.0,26,ok
2015,9041754,28,function,"Duplex printing system that varies thermal printer heat output in response to inkjet dot counts on the first side of roll paper, enabling precise back‑side printing conditioned by front‑side ink density.",1,33,0,0.0,24,ok
2015,8936923,15,summary,"Search prior art on biodiesel production using a thraustochytrid organism, harvesting its oil rich in mono‑ versus poly‑chain fatty components, then converting these into alkyl esters through transesterification.",2,29,0,0.0,22,ok
2015,8936923,15,keyword,"Search for prior art on biodiesel production via thraustochytrid cultivation, oil harvesting, and transesterification of fatty acid profiles where monounsaturated predominates, including methods for optimizing oil extraction and alkyl ester synthesis.",2,31,0,0.0,22,ok
2015,8936923,15,function,"Search for approaches that cultivate thraustochytrid strains engineered to yield oil containing a higher proportion of monounsaturated over polyunsaturated fatty acids, then collect the oil and conduct enzymatic or base‑catalyzed transesterification to produce alkyl‑ester biodiesel.",3,37,1,0.038461538461538464,26,failed_constraints
2015,9064480,34,summary,"Search for methods and devices enabling adjustable placement of multiple audio clips on a display where playback start times are delayed proportionally to horizontal position, allowing different instrument sounds aligned vertically.",1,31,0,0.0,21,ok
2015,9064480,34,keyword,"Search for interactive audio playback systems where the user can reposition multiple instrument sound clips on a graphical interface, with each clip’s launch delay proportional to its horizontal screen position, while clips share vertical alignment for different instruments, enabling staggered start times.",1,43,0,0.0,31,ok
2015,9064480,34,function,"Search for methods or devices that let users position multiple audio clips on a screen and start each clip with a start delay proportional to its horizontal position, grouping same‑vertical clips to different instrument sounds.",1,36,0,0.0,23,ok
2015,8975707,12,summary,"Search for semiconductor devices that enhance MOS transistor breakdown voltage by integrating a high-doping contact region adjacent to the gate, strategically positioned between source and drain to control PN junction voltage limits while maintaining channel performance.",1,37,0,0.0,27,ok
2015,8975707,12,keyword,"Search for semiconductor technologies that integrate an n‑type potential region with a high‑doping contact zone positioned between a MOSFET gate and source/drain to set PN‑junction breakdown voltage, and simultaneously describe driver transistor designs employing reference voltage generation, a comparison subcircuit, and output drive control.",3,48,1,0.029411764705882353,34,failed_constraints
2015,8975707,12,function,"Search for semiconductor featuring an n-type well between source and drain acting as a substrate potential region, with a highly doped contact near the gate to set PN junction breakdown, plus a driver circuit employing a voltage divider, a generated reference, and a comparator to control an output transistor.",2,50,0,0.0,31,ok
2015,9035597,1,summary,"Looking for compact charging device cooling designs that mount a bent tubular airflow channel between inlet and outlet, with integrated heat sinks wrapped around the tube and circuit board plates attached directly to the cover, eliminating separate seals.",1,38,0,0.0,27,ok
2015,9035597,1,keyword,"Search for charger assemblies featuring a housing cavity with opening, a fastened cover, a bent round heat‑transfer tube with inlet, transverse, outlet segments, planar‑curved heat sinks contacting the tube and multiple PCB assemblies on the cover.",1,38,0,0.0,26,ok
2015,9035597,1,function,"Charger assembly using a bent circular heat‑transfer tube that passes through a cover, with molded heat sinks wrapped around the tube and directly contacting multiple circuit board assemblies, enabling efficient thermal dissipation during battery charging.",3,36,1,0.03571428571428571,28,failed_constraints
2015,8975993,1,summary,"Search for transformers that use a ferrite plate core with two distinct gaps—small between the core and non‑terminal side, larger opposite the terminals—to guide magnetic flux, reduce eddy‑current loss, and enhance DC coupling efficiency.",1,38,0,0.0,27,ok
2015,8975993,1,keyword,"Search for ferrite drum core transformer with a plate‑like core, dual gaps created by spacer and recess, where first gap is smaller than second gap, primary winding larger diameter than secondary, secondary with higher turns, tiered winding arrangement, and terminal electrodes on flanges.",3,44,1,0.03125,32,failed_constraints
2015,8975993,1,function,"Search for transformer designs featuring a dual‑gap ferrite core arrangement that selectively narrows the flux path near the top face to limit leakage to winding terminals while opening a wider gap for non‑terminal regions, thereby improving efficiency and reducing conductive losses.",2,43,0,0.0,31,ok
2015,9114702,32,summary,"Search for a vehicle fuel tank that uses a pump system with a surge tank and level‑dependent jet pumps that selectively drain or fill internal tank chambers via valves switching suction lines, to reduce vapor buildup and ensure continuous supply.",1,41,0,0.0,28,ok
2015,9114702,32,keyword,"Vehicle fuel reservoir with surge chamber, multiple sub‑compartments, delivery pump integrated, jet pump alternating between compartments based on level, level‑sensing solenoid valve switching suction lines, gravity‑fostered return to condensate trap.",2,33,0,0.0,28,ok
2015,9114702,32,function,"Search for a vehicle fuel system that uses a pump capable of alternately draining from multiple internal tank volumes based on fill‑level through a level‑controlled valve, enabling surge‑tank operation and gravity‑driven drainage into a ventilation trap.",2,40,0,0.0,27,ok
2015,9100336,4,summary,"Search methods for distributed network switches that monitor the presence and operational mode of connected service modules, and dynamically enable or disable specific ports on multiple switch chips based on presence messages, to reduce power consumption in the management or data planes.",1,42,0,0.0,27,ok
2015,9100336,4,keyword,"methods for controlling power‑gated ports on a multi‑chip switch array in a distributed networking environment, using presence sensors for expansion modules, transmitting status and mode data to a secondary switch node to enable or disable ports on mode‑specific line‑card chips, thereby reducing active power consumption.",2,49,0,0.0,35,ok
2015,9100336,4,function,"Detects presence or absence of service modules, activates or powers down corresponding switch chip ports on primary and secondary routing chips, sends status and operating mode messages, enabling efficient energy savings and dynamic port management.",3,35,1,0.038461538461538464,26,failed_constraints
2015,8979975,20,summary,"Search for methods producing sub‑5 µm molybdenum powders with ≤3000 ppm oxygen by a two‑stage reduction using calcium powders of different particle sizes in a sealed reactor with a micro‑sieve, aiming to lower oxygen content via controlled temperature reductions.",1,42,0,0.0,28,ok
2015,8979975,20,keyword,"Search for processes forming sub‑5‑µm molybdenum particles with ≤3000 ppm O₂ by reducing MoO₃ using calcium powders of differing particle sizes on a micro‑sieve bracket, with staged internal heating (550–650 °C then 1000–1200 °C).",2,39,0,0.0,25,ok
2015,8979975,20,function,"Search for methods that reduce molybdenum trioxide to <5 µm particles and <3000 ppm oxygen using two distinct calcium powders of differing particle sizes, applied on a micro‑sieve in a sealed vessel, initiating sequential reductions at 550‑650 °C and 1000‑1200 °C.",1,44,0,0.0,27,ok
2015,9080990,10,summary,"A metrology illumination system that generates coherent light pulses, disperses them to reduce coherence by altering spatial and temporal beam characteristics, then further degrades coherence with an electro‑optic modulator that applies rapid aperiodic variation, yielding sub‑femtosecond decorrelation before illuminating a specimen.",3,43,1,0.03225806451612903,31,failed_constraints
2015,9080990,10,keyword,"Search for a metrology illumination unit employing a pulsed coherent light source, a dispersive element to mix space‑time modes, and a high‑speed electro‑optical modulating device providing ≈10³ sub‑cycle variations for ~10⁻¹³‑s decoherence before directing light onto the specimen.",2,44,0,0.0,31,ok
2015,9080990,10,function,"Search for illumination subsystems that generate coherent light pulses, pass them through a dispersive element to mix spatial and temporal modes, then apply rapid temporal modulation to decorrelate the pulses on femtosecond scales for precise metrology of specimens.",3,38,1,0.04,25,failed_constraints
2015,8971239,4,summary,"Search for mobile handset technology enabling simultaneous registration to multiple visited operators by multi‑interface devices, using a selector that lists available PLMNs with technology and priority data, allowing or blocking dual network enrolment per a policy flag, and employing IPv6 home/proxy agents for cross‑network flow mobility.",1,49,0,0.0,36,ok
2015,8971239,4,keyword,"search for mobile handset with multiple radio interfaces, a network selector generating coverage lists for visited public land mobile networks, a selection policy enabling simultaneous registration to multiple PLMNs, IPv6 home-agent gateway, proxy local mobility agent, and cross‑network IP traffic routing",3,43,7,0.20588235294117646,34,failed_constraints
2015,8971239,4,function,"Search for mobile devices that support multiple radio interfaces and can simultaneously register with several operator networks when no single network provides all required technologies, using a coverage list and configurable policy to enable or disable multi-registration, plus IP flow mobility via dual gateways.",3,45,1,0.029411764705882353,34,failed_constraints
2015,9198273,13,summary,"Search patent prior‑art for an optical assembly that positions a laser introduction system in a chamber mounted on a reference member, using multiple legs, mounts, and stoppers to align optical elements so the beam enters through a window for high‑energy UV radiation generation.",2,45,0,0.0,30,ok
2015,9198273,13,keyword,"Search for EUV light generation apparatus featuring a reference member, a vacuum chamber with optical entry window, a laser delivery optics assembly with multiple lenses or mirrors, and an articulated positioning system using support legs, mounting brackets, and alignment stops.",2,40,0,0.0,28,ok
2015,9198273,13,function,"Search for systems that generate extreme ultraviolet radiation by directing a laser beam into a sealed chamber through a window, using a reference structure and a multi‑leg or plate‑mounted positioning assembly to align the optical elements precisely on a defined plane.",1,43,0,0.0,26,ok
2015,9075575,2,summary,"search for detachable media device controller that switches between integrated control panel and remote mode, featuring hand‑holding sensors to alter on‑screen UI windows for single or dual‑hand use, with mechanical joint attachment and interface adaptation.",1,38,0,0.0,27,ok
2015,9075575,2,keyword,"Search for patents on a modular multimedia system where a detachable control module magnetically attaches to a main unit, functions as an on‑body panel when connected and as a wireless remote when detached, with hand‑sensing sensors switching display layouts for single‑hand versus dual‑hand grips.",2,48,0,0.0,29,ok
2015,9075575,2,function,"Search for a detachable handheld controller for a media device that switches between a control panel when attached and a remote when detached, using sensors to alter the user interface for one‑hand or two‑hand operation.",1,37,0,0.0,21,ok
2015,9188064,27,summary,"Search turbojet fuel injection designs featuring a fixed housing with a cavity defined by a base and closure cup, a sliding cross member bearing a flange inside the cavity, and a spring applying axial force to keep the flange in contact, suppressing vibration‑related micro‑movement and reducing injector wear.",3,50,3,0.09090909090909091,33,failed_constraints
2015,9188064,27,keyword,"Search for turbojet engine injection assemblies featuring a fixed housing with an axially defined cavity (base and sealing cup), a movable cross member with an internal flange, and a spring mechanism applying axial load to mitigate vibration‑induced micro‑movement under thermal conditions.",3,43,2,0.06666666666666667,30,failed_constraints
2015,9188064,27,function,"turbojet engine fuel injector featuring a fixed housing with an internal cavity, a sliding flange member, and a spring that presses the flange to eliminate vibration‑driven micro‑movements, thereby reducing wear on the injector.",2,35,0,0.0,22,ok
2015,9185683,4,summary,Search for devices that decode the shared information channel using cell‑based or UE‑based reference bursts depending on whether the subframe is a broadcast‑multicast network or a standard broadcast frame.,2,32,0,0.0,20,ok
2015,9185683,4,keyword,"search for implementations of a UE that decodes PDCCH with Format 1A and obtains PDSCH via single‑antenna or diversity with CRS for non‑MBSFN subframes, and single‑layer UE‑specific reference signalling for MBSFN subframes, including base station scheduling and channel‑specific reference configurations.",1,45,0,0.0,31,ok
2015,9185683,4,function,"Search prior art on methods where a mobile terminal decodes a control message and corresponding data stream, switching between transmission diversity based on cell‑wide reference for non‑broadcast slots and single‑antenna, device‑based reference for broadcast slots, enabling flexible downlink reception without full multi‑antenna decoding.",2,48,0,0.0,37,ok
2015,9067216,23,summary,"Search for systems using a capacitor with spaced electrodes that pass water, powered via a converter that charges, recovers energy, and alternates polarity to regenerate ion‑removed surfaces.",2,28,0,0.0,18,ok
2015,9067216,23,keyword,"Search for ion‑removal devices employing a dual‑electrode capacitor chamber with a water‑permeable spacer, inlet/outlet flow, and a bidirectional power‑converter incorporating inductors and switches for energizing, energy‑recovery, and polarity‑reversal regeneration cycles.",2,37,0,0.0,26,ok
2015,9067216,23,function,"Electrostatic ion‑removal system using a capacitor with two electrodes separated by a water‑permeable spacer, powered by a converter that charges the capacitor, then discharges it to recover energy, with polarity‑reversal regeneration steps to release adsorbed ions.",1,39,0,0.0,25,ok
2015,8960216,31,summary,"Search patents for diaphragm control valves featuring a bonnet and valve body with staggered annular retention surfaces—skirt on bonnet, upturned lip on body—forming a controlled gap, plus a specialized clamping washer having a thinner ledge between the lip and bonnet that compresses the diaphragm.",3,46,2,0.06451612903225806,31,failed_constraints
2015,8960216,31,keyword,"Search patents for a valve assembly featuring a bonnet with a mounting flange and annular skirt, a body containing an upturned lip, an elastomeric diaphragm clamped between surfaces, and a thin ledge washer compressing the diaphragm.",2,36,0,0.0,22,ok
2015,8960216,31,function,"Search for diaphragm valve assemblies where a flexible diaphragm is compressed between a bonnet and valve body using a washer with a thinner ledge, incorporating a skirt on the bonnet and an upturned lip on the body to create a clearance gap and ensure sealing under pressure.",3,47,1,0.038461538461538464,26,failed_constraints
2015,8992823,20,summary,"Investigate a blast furnace arrangement with three or more regenerative heaters that cycle between heating by burner flue gas and absorbing heat from CO‑enriched process gas, using stored heat elements, and purge the heaters with flue gas during transitions to improve thermal efficiency.",3,44,3,0.0967741935483871,31,failed_constraints
2015,8992823,20,keyword,"blast furnace plant with at least three regenerative heat exchangers featuring cold‑blast inlets and hot‑blast outlets, cycled between CO‑enriched gas heating and blast heating using flue‑gas burners to charge internal heat‑storage bricks, and purged with secondary flue gas during changeover.",3,45,9,0.25,36,failed_constraints
2015,8992823,20,function,"Search for approaches enabling a blast furnace system with multiple heat‑storage cylinders that cycle between heating by combustion gases and cooling CO‑rich gas, including methods where transition purge uses combustion gas re‑circulated through prior cylinders.",2,38,0,0.0,29,ok
2015,9105089,2,summary,"Search for image processing systems that detect and store color‑based regions from multiple previous video frames, validate the region, then blend the stored pixels with the latest frame to produce an output frame, enhancing color consistency.",1,37,0,0.0,25,ok
2015,9105089,2,keyword,"Search for image processors that use an extracting unit to isolate color‑specific regions from multiple preceding frames, store validated pixel data and region metadata, and a synthesizer that merges stored region pixels with the latest frame to produce composite output in video recording cycles.",3,45,0,0.0,30,ok
2015,9105089,2,function,"Search for a system that isolates color‑tuned regions across consecutive video frames, validates the extracted zones, stores their pixel data, and then blends this stored data into the current frame to generate a new composite image.",2,37,0,0.0,24,ok
2015,9097760,10,summary,"Search for semiconductor defect detection methods employing comb‑like test patterns with floating and grounded tines, switchable via control pads, enabling inspection tools to identify open or short faults by measuring resistive pathways between probe pads.",3,36,0,0.0,28,ok
2015,9097760,10,keyword,"Search for test structures featuring probe pads, grounded and floating comb/tine arrays, integrated switching elements, voltage contrast measurement, and electron probe inspection for open/short sensing.",3,27,0,0.0,21,ok
2015,9097760,10,function,"Query for structures with multiple probe pads, grounded and floating tines linked by switching elements, where a control pad toggles the switches to enable defect detection via voltage contrast and resistance measurements between probe pads using electron probe inspection.",2,39,0,0.0,28,ok
2015,9040389,8,summary,Search for laser‑assisted groove‑dicing methods that create under‑substrate fracture planes using dual‑wavelength processes to enable tape‑based singulation without damaging device regions.,1,26,0,0.0,21,ok
2015,9040389,8,keyword,"Laser ablation groove in silicon wafer, stealth laser processed dicing trench below groove, using IR light (~1 µm), tape‑assisted cracking for singulation.",3,23,0,0.0,17,ok
2015,9040389,8,function,"Search for methods of singulating silicon chips by laser‑ablation grooves on a wafer surface, forming a stealth dicing layer beneath the groove with another laser, then attaching the wafer to tape and thermally expanding the tape to crack through the groove and dicing layer.",1,45,0,0.0,28,ok
2015,9056981,17,summary,Search for polyamide resin blends improved by adding titanium dioxide and a polyolefin grafted with a partially miscible monomer to enhance dispersion and mechanical properties; seek prior art on grafted polyolefin modifiers in nylon composites.,1,35,0,0.0,23,ok
2015,9056981,17,keyword,Search for patents on polyamide–based composites containing titanium dioxide and graft‐modified polyolefins in which a copolymerizable monomer is incorporated into the polyolefin backbone to improve compatibility with the polyamide resin.,2,32,0,0.0,18,ok
2015,9056981,17,function,"search for polyamide resin composites containing titanium dioxide fillers and polyolefin copolymers prepared by incorporating miscible monomers into the polyolefin backbone, aiming to improve pigment dispersion, mechanical strength, and processability.",3,30,0,0.0,21,ok
2015,9107623,13,summary,"Search for continuous physiological sensor systems that use adaptive pattern recognition on past data to predict future risk events and provide early treatment recommendations, including real‑time estimation algorithms that adjust for sensor lag, validate against reference measurements, and display proactive alerts.",1,42,0,0.0,32,ok
2015,9107623,13,keyword,"Search for continuous glucose monitoring systems with transcutaneous implant sensors, sensing membranes, current‑based data acquisition, time‑lag compensation, statistical/clinical risk prediction, machine‑learning trend extraction, reference calibration, and user display of proactive therapy recommendations.",2,36,0,0.0,30,ok
2015,9107623,13,function,"Search for systems that estimate blood analyte levels from continuous sensor streams by choosing among multiple algorithms, evaluating estimates against reference readings, compensating for latency, providing proactive risk alerts, and delivering personalized therapy guidance based on time‑of‑day physiological patterns.",3,41,0,0.0,31,ok
2015,9118075,1,summary,"Search for lithium‑based cathode powders where ≥40 % of transition metals is nickel, surface‑covered with a lithium phosphate‑like solid to sustain conductivity and thermal stability while boosting energy density in secondary cells.",2,34,0,0.0,23,ok
2015,9118075,1,keyword,"Search for LiNiMnCoO₂ cathode materials with ≥40 % Ni content, ion‑conductive lithium phosphate surface coating, enhanced high‑temperature stability, and preserved electronic conductivity in lithium‑ion secondary batteries.",3,28,2,0.09090909090909091,22,failed_constraints
2015,9118075,1,function,"Identify cathode active materials using lithium nickel‑manganese‑cobalt oxide with ≥40 % nickel, coated with lithium phosphate to preserve electrical conductivity and provide high‑temperature stability for high‑capacity lithium‑ion battery applications.",3,33,6,0.23076923076923078,26,failed_constraints
2015,8982974,4,summary,"Search for OFDM receiver clock alignment methods that use frame‑referenced sub‑clock measurements, dynamic detection delays, and hybrid PLLs for frequency multiplication up to 50,000× to generate a high‑precision clock with minimal jitter.",3,36,1,0.038461538461538464,26,failed_constraints
2015,8982974,4,keyword,"Method to synchronize an OFDM transceiver’s RF local oscillator by extracting timing references from composite frames, measuring symbol‑interval discrepancies via sub‑clock units, computing frequency offset, and using a hybrid PLL‑based software clock synthesizer to produce a low‑jitter, accurate receiver clock independent of reference quality.",2,49,0,0.0,37,ok
2015,8982974,4,function,"Query for prior art of methods that align a receiver’s timing with an OFDM transmitter by extracting frame boundaries, measuring interval discrepancies, estimating frequency and phase offsets, and driving a mixed‑phase‑locked loop to generate a precise low‑jitter synchronous clock.",2,43,0,0.0,28,ok
2015,9188124,27,summary,"Device improves scroll compressor unloading by using a spring with lateral tabs housed in a bushing opening, engaging a drive shaft pin to control orbiting scroll motion.",2,27,0,0.0,18,ok
2015,9188124,27,keyword,"scroll compressor with orbiting and stationary scrolls, a drive bushing housing a longitudinal opening, a spring featuring overlapping tabs to lock it within the bushing, and a crank pin engaging the spring inside; bearing assembly within the shell, describing clearance and locking geometry.",3,43,0,0.0,28,ok
2015,9188124,27,function,"scroll compressor with an unloader bushing that uses an integrated spring mechanism for load control, spring secured by lateral tabs at the bushing ends, crank pin engaged inside the bushing opening to maintain stable scroll orbiting and efficient unloading.",1,39,0,0.0,26,ok
2015,8991672,26,summary,"Search for a portable tool pouch featuring a pivoting cover with flexible strips that secure items in a cavity and remain functional when the pouch is turned, using a hinge attached to side panels.",3,34,0,0.0,19,ok
2015,8991672,26,keyword,"Search for prior art on a tool carrier with a pivoting cover attached to side panels, featuring flexible strips between cover sides and top, a cavity defined by front, back, and side panels, and optionally a rotatable coupler fastened to the back panel.",1,43,0,0.0,27,ok
2015,8991672,26,function,"search for a pouch with a hinged, pivoting cover that uses flexible straps to secure the lid, allowing the cover to rotate over panel corners for easy tool access while maintaining closure in varied orientations.",3,35,0,0.0,22,ok
2015,9208366,35,summary,"An integrated decoding device that captures encoded indicia using a sensor array and optics, stores pixel‑readout data, processes frames to decode features, and incorporates a housing with a specially shaped lock slot for accommodating a T‑beam security lock.",1,40,0,0.0,26,ok
2015,9208366,35,keyword,"Search for a handheld device comprising an optical imaging module with a sensor array, a processor that decodes visual codes from captured frames, onboard memory storing pixel readout data, a light source, a protective housing featuring a T‑shaped lock channel and integrated bracket system for secure lock attachment.",2,49,0,0.0,33,ok
2015,9208366,35,function,"Image sensor array captures encoded indicia, storage of pixel‑readout frames, processor decodes embedded pattern, housing supports illumination and imaging, incorporates a lock receptacle accommodating a security lock with a T‑shaped locking element and lateral braces for secure integration.",3,40,1,0.034482758620689655,29,failed_constraints
2015,8966601,4,summary,"Search for methods enabling a host device to wirelessly relay Wi‑Fi credentials to a peripheral via a temporary peer‑to‑peer link, allowing the peripheral to join an existing wireless network without manual entry, then associate with the access point.",1,41,0,0.0,27,ok
2015,8966601,4,keyword,"Search for techniques where a host device retrieves Wi‑Fi credentials from an access point, initiates a Wi‑Fi Direct peer‑to‑peer link with a peripheral, then forwards SSID/password over that link bypassing the AP, and subsequently registers the peripheral on the network.",1,45,0,0.0,28,ok
2015,8966601,4,function,"Peer‑to‑peer transfer of Wi‑Fi credentials from a host to a peripheral, bypassing the access point, to enable instant network connectivity of the peripheral and subsequent network identification by the host.",1,33,0,0.0,18,ok
2015,9029877,8,summary,"Search for LED packages that position an angled LED within a cavity, placing the non‑lighting side inside a recess so the device aligns with the cavity bottom, enhancing space use and thermal control.",1,34,0,0.0,22,ok
2015,9029877,8,keyword,"Search for LED packages with a cavity-containing substrate, lead frame positioned inside, and a tilted diode comprising light-emitting and non-emitting regions, with a recess or connector region inside the cavity for mounting the diode at a defined inclination.",2,41,0,0.0,25,ok
2015,9029877,8,function,"Search for LED package embodiments where an LED component is positioned at a specific inclination within its housing cavity, supported by a lead frame, with a dedicated recess that aligns the non-emitting portion for electrical contact while the emitting area faces outward.",2,43,0,0.0,26,ok
2015,9086250,29,summary,"Design a telescoping bow stabilizer that mounts near the riser, featuring adjustable rods and detachable weights to shift balance, thus minimizing rotational instability during drawing and firing of an archery bow.",2,31,0,0.0,21,ok
2015,9086250,29,keyword,"Search for a bow stabilization device featuring a modular mounting arm system with adjustable clamping sleeves, slidably positioned weight‑bearing rods, and configurable end weights for balanced weight distribution on a bow riser during draw and release.",2,37,0,0.0,26,ok
2015,9086250,29,function,"search patents for archery bow stabilizers that attach to the riser and employ adjustable sliding rods and clamping mechanisms to redistribute weight, thereby reducing rotational motion (pitch, roll, yaw) during holding, drawing, and firing.",3,34,1,0.041666666666666664,24,failed_constraints
2015,9159633,8,summary,Search for techniques that detect misalignment in sequential lithography steps of an IC test macro by electrically probing unintended connections among gate and source/drain contacts.,1,26,0,0.0,17,ok
2015,9159633,8,keyword,"Method for manufacturing a semiconductor device using a multi‑step lithography technique, forming an active region with distinct gate and diffusion zones, patterned source and drain implants, creating metal contacts to each region, and detecting lithographic overlay errors by probing unintended short circuits between contacts.",3,45,0,0.0,33,ok
2015,9159633,8,function,"Searching for techniques that identify overlay shift during multiple-step lithography by examining shorted contacts between gate and source/drain regions in a test structure, enabling error detection and correction in IC fabrication.",3,33,1,0.043478260869565216,23,failed_constraints
2015,9186273,16,summary,"Search for topical pain relief systems integrating heating to ~35‑47 °C with eutectic local anesthetics, designed for prolonged application (≥2 h) on the skin for extended analgesia.",2,28,0,0.0,16,ok
2015,9186273,16,keyword,Search for topical analgesic platforms comprising a heat‑generating element elevating skin to 35–47 °C coupled with a eutectic lidocaine–tetracaine gel delivered over painful dermal sites and retained for two hours or longer.,2,35,0,0.0,24,ok
2015,9186273,16,function,"methods of applying a skin‑bound heat and local anesthetic system delivering lidocaine and tetracaine, with epidermal temperature elevation to 35–47 °C and at least two‑hour contact for long‑lasting pain relief.",2,34,0,0.0,22,ok
2015,8959812,33,summary,"Search for image display panels that use a central rigid backing sheet with hinged peripheral support strips and an outer backboard creating an internal cavity for added stiffness, where printed image surfaces are bonded to the backing for edge‑reinforced, low‑visibility framing.",3,43,0,0.0,28,ok
2015,8959812,33,keyword,"Printed-image display with a central rigid panel and peripheral side‑strips forming an internal cavity, folded corner flaps, and a backboard cover secured to side and back panels, often using fiberboard core and paperboard skin for support structures.",3,39,2,0.07407407407407407,27,failed_constraints
2015,8959812,33,function,"Search for rigid backing support structures for printed visual substrates, especially where a central panel and angled peripheral elements create an internal cavity to enhance substrate rigidity and visual aesthetics at corner junctions.",3,33,0,0.0,22,ok
2015,9207352,10,summary,"device and method to set a downhole directional sensor’s reference orientation by mechanically aligning the tool with an external reference tracker before casing drop, using angular velocity data to compute tool’s absolute heading after release.",1,37,0,0.0,25,ok
2015,9207352,10,keyword,"Search for prior art on a wellbore tool initialization system that uses a directional reference framework for reference direction data, a separate mounting member that locks the tool externally and releases inside, with sensors for orientation, angular velocity and relative positioning to determine initial borehole alignment.",1,46,0,0.0,30,ok
2015,9207352,10,function,"Search for apparatuses that pre‑position drilling tools outside a borehole with a fixed orientation relative to an external reference, provide orientation data and angular rates for initial alignment, then release the tool once inside, and include movable base structures for tool transport.",2,43,0,0.0,29,ok
2015,9073308,28,summary,"Search for a rectangular solid piezoelectric actuator that stacks sheets with electrodes covering only part of the short and long sides, uses slits perpendicular to the long side for strain‑distribution, and connects end and side electrodes via a conductive film on the outer surface.",1,45,0,0.0,28,ok
2015,9073308,28,keyword,"Piezoelectric rectangular block with stacked electrode layers partially covering short faces, a perpendicular slit array, conductive film linking one long‑face side to opposite short‑face ends and another block face, thus enabling front‑surface‑only electrical drive.",2,38,0,0.0,32,ok
2015,9073308,28,function,"piezoelectric block comprising stacked sheets, partially‑sided electrodes with a front‑side conductive film linking to side‑edge terminations and perpendicular slits, enabling single‑side voltage actuation.",1,27,0,0.0,21,ok
2015,9083021,1,summary,"Search for core‑shell anode materials using a crystalline carbon core coated with low‑crystalline or amorphous carbon mixed with TiO₂ or LiTiO₂ intercalating oxides, prepared by a pitch‑oxide precursor, purification, coating, and calcination.",1,35,0,0.0,24,ok
2015,9083021,1,keyword,"Search for patent disclosures describing a battery anode component featuring a graphitic carbon core enveloped with a coating of low‑crystallinity or amorphous carbon mixed with a hydrophilic oxide that enables ion intercalation, detailing processes of precursor blending, purification via inert‑atmosphere thermal treatment, and subsequent calcination.",2,47,0,0.0,33,ok
2015,9083021,1,function,"Search for processes creating a crystalline carbon core coated with low‑crystalline or amorphous carbon that contains intercalation‑capable titanium or lithium‑titanium oxides, wherein a pitch‑based precursor is blended with the oxide, purified by thermal treatment, combined with the core, and calcined to form anode material.",1,48,0,0.0,31,ok
2015,9052430,1,summary,"Search for edge‑lit panels with LEDs mounted along a side edge of a light‑guide plate, a power connector on the opposite PCB face overlapping the guide entry, and a rear frame that defines connector spacing.",1,37,0,0.0,23,ok
2015,9052430,1,keyword,"Search for illumination devices featuring a side‑entry light guide with LED array mounted on one side of the substrate, opposite‑side connector overlapping the entry face, a secondary power connector, and a rear frame with an opposing contact side.",1,40,0,0.0,26,ok
2015,9052430,1,function,"Search for patents describing a lighting device with a planar waveguide, multiple LEDs mounted along the edge entrance, a supporting substrate with a power connector positioned opposite the LEDs, and a rear enclosure, enabling uniform edge illumination and compact mounting.",2,40,0,0.0,26,ok
2015,9081372,12,summary,"Search for an aircraft actuator management architecture featuring two independent control modules, each powered by distinct energy sources, with separate communication protocols and mutual failure isolation, enabling dual‑set surface actuation without cross‑system dependency.",2,35,0,0.0,28,ok
2015,9081372,12,keyword,"Search for aircraft flight control systems comprising two independent computer subsystems with generic and flight‑specific computation modules, each powered by distinct energy generators of different principles, linked to separate actuator groups via independent networks and differing communication protocols, and providing fail‑safe separation from pilot input and sensor data.",3,50,2,0.05263157894736842,38,failed_constraints
2015,9081372,12,function,"Dual‑phase aircraft flight control architecture featuring independent primary and secondary computers each powered by distinct energy sources, each managing separate sets of aerodynamic effectors, with independent communication networks and protocols to isolate failures between systems.",3,36,0,0.0,28,ok
2015,9185211,3,summary,"Search for communication relay systems that automatically switch between tone and text transmission based on detection of a live person at the far end, sending translated audio or DTMF tones to non‑live recipients.",1,34,0,0.0,22,ok
2015,9185211,3,keyword,"Search for translation systems that transform typed input from a first device into either DTMF tones or synthesized speech, selecting mode based on live‑person detection, employed in hearing‑impaired video‑audio relay services, including speech‑to‑text and tone‑based communication.",2,42,0,0.0,30,ok
2015,9185211,3,function,"Search for systems that provide a relay converting user text input into either audible tones (DTMF) or spoken voice depending on whether the recipient is human, automatically detecting persona via audio analysis and enabling mode switching between tone and text output.",3,41,0,0.0,29,ok
2015,9051242,14,summary,"Search for catalytic processes converting 1,3‑butadiene and HCN to adiponitrile via sequential nickel‑phosphine mediated reactions, including in‑situ ligand degradation, isomerization steps, and recycle of catalyst through separation and extraction of phosphine hydrolysis/by‑products.",1,38,0,0.0,25,ok
2015,9051242,14,keyword,"Process for producing adiponitrile from 1,3‑butadiene and hydrogen cyanide using zero‑valent nickel catalysts bearing monodentate and bidentate phosphorus ligands, with isomerization of 2‑methyl‑3‑butenenitrile, ligand hydrolysis/oxidation, catalyst recycling via distillation and liquid/liquid extraction.",3,40,3,0.1111111111111111,27,failed_constraints
2015,9051242,14,function,"Search for a multistage catalytic route to convert a diene and cyanide gas into adiponitrile, involving Ni-based catalysts with monodentate and bidentate phosphorus ligands, catalyst recycling via distillation and liquid-liquid extraction to remove ligand degradation products, and use of Lewis acid promoter in the final cyanation step.",3,49,3,0.09090909090909091,33,failed_constraints
2015,9077433,4,summary,"Search prior art for a cellular network paging method where a base station issues a paging flag on a shared control channel at the start of a time slot and then transmits detailed page content on the data channel, allowing idle-mode devices to wake briefly.",2,46,0,0.0,29,ok
2015,9077433,4,keyword,"Search for mobile comms techniques employing a base station that broadcasts paging and packet‑call indicator packets over shared control and data channels positioned in the same TTI of a radio frame, while mobiles conduct discontinuous paging reception during idle mode.",1,41,0,0.0,30,ok
2015,9077433,4,function,Search for methods that map a mobile station’s operating frequency slots across a base station’s bandwidth and support packet paging in idle mode by jointly transmitting paging signals and packet information over a single control and data stream during each radio frame.,2,44,0,0.0,30,ok
2015,9184679,27,summary,"Method for dynamically determining the time needed for a rotating engine or motor to cover a fixed arc by combining recent interval measurements and a real‑time sample, forming a derived ratio, adjusting with an error estimate, and applying the result to control component speed.",3,45,0,0.0,27,ok
2015,9184679,27,keyword,"search for predictive control methods of engine or motor with rotating components using past and instantaneous period measurements, calculating ratios of summed interval lengths, factoring in an average error term for future arc‑length timing predictions",2,36,0,0.0,25,ok
2015,9184679,27,function,"Search for methods or systems that predict future rotation periods of engines or motors by combining instantaneous and multiple historical time‑interval measurements, applying a weighted ratio adjustment and error correction factor to forecast a future interval used for speed or torque control.",1,43,0,0.0,28,ok
2015,8959454,6,summary,"Interactive table interface for configuring dynamic object displays, allowing users to select object counts, property sets, adjust visual ratio, highlight a focal row with adjacent entries, and perform actions such as emailing, downloading, or searching the chosen object, all in a single system.",1,43,0,0.0,31,ok
2015,8959454,6,keyword,"Interactive graphical table management system for presenting multiple objects with configurable row/column ratio settings, adjacency‑aware object selection, and action triggers (email, download, network search) driven by user‑specified object count and property set.",1,35,0,0.0,28,ok
2015,8959454,6,function,"Computer‑controlled interface that displays objects in a table with selectable property fields, adjusts the view by selected ratio options, shows neighboring objects relative to a chosen entry, and supports emailing, downloading, or searching that entry.",1,36,0,0.0,23,ok
2015,9079275,26,summary,"Automatic screw feeding system that employs a rotatable arm with a movable suction head to draw a screw from a transfer tube into a tightening tool, reducing tube wall wear and shortening tightening cycle time.",1,35,0,0.0,22,ok
2015,9079275,26,keyword,"Search for automatic screw tightening apparatus utilizing a transfer tube, rotatable arm with movable feed head, air‑suction feed mechanism that positions the screw head against an engagement tool head to apply torque, reducing wall damage and tightening time.",3,39,2,0.06896551724137931,29,failed_constraints
2015,9079275,26,function,"an automatic screw feeding system that uses a rotating arm and suction to move a screw from a transfer conduit to a tightening head, maintaining screw alignment, preventing conduit wall damage, and shortening tightening cycle.",1,35,0,0.0,22,ok
2015,9107945,16,summary,Search for monoclonal antibodies against interleukin‑13 for treating asthma and related diseases combined with chromatography purification steps using sodium acetate buffer at 3.5–7.0 pH.,1,28,0,0.0,17,ok
2015,9107945,16,keyword,"Search for monoclonal antibodies against interleukin‑13, purification via multiple chromatographic stages employing 50 mM sodium acetate/85 mM NaCl buffer at pH 3.5‑7.0, therapeutic applications in cytokine‑driven asthma, dermatologic allergies, fibrosis, COPD, scleroderma, GI inflammation, lymphoma.",3,41,4,0.125,32,failed_constraints
2015,9107945,16,function,"Search for processes purifying monoclonal IL‑13 antibodies via multiple chromatographic steps employing acetate buffer elution at pH 3.5–7.0, enabling therapeutic use against IL‑13–driven conditions such as asthma, dermatitis, fibrosis, COPD, and lymphoma.",2,38,0,0.0,28,ok
2015,9026768,6,summary,"Find prior art on a computer that stores program operations as paired input–output nodes in memory, uses a read/write head to match symbol sequences to execute a single composite instruction, thereby consolidating multiple program steps into one efficient operation.",3,41,0,0.0,29,ok
2015,9026768,6,keyword,"Search for computational architectures featuring memory‑stored execution node pairs as instruction representations, with a read/write head processing symbol sequences, prime directed edge mappings, input‑output node pairing, state updates, and instruction compression within a distributed memory system.",3,39,2,0.06451612903225806,31,failed_constraints
2015,9026768,6,function,"Search for prior art on computing systems that represent machine instructions as linked input‑output symbol structures stored in separate memory locations, enabling dynamic selection of instruction pairs based on read symbol streams and state updates.",3,36,1,0.038461538461538464,26,failed_constraints
2015,9202389,16,summary,"Search for gelatinous vascular phantoms produced by embedding silica particles in high‑molecular‑weight polyvinyl alcohol, then freeze‑thawing the mixture to replicate human vessel compliance for stent graft training.",3,30,1,0.045454545454545456,22,failed_constraints
2015,9202389,16,keyword,"Search for methods of creating a realistic blood vessel phantom using a high‑molecular‑weight, highly saponified PVA gel mixed with silica particles, poured into a mold, flash‑frozen below –10 °C, thawed, and applied to stent graft or vascular anastomosis training.",2,42,0,0.0,29,ok
2015,9202389,16,function,"Find patents on producing a blood vessel phantom by mixing a polyvinyl alcohol solution with silica particles, casting and freezing at −10 °C or lower, then thawing to create a gel model for training stent graft deployment and vessel resection.",3,40,1,0.04,25,failed_constraints
2015,9013815,2,summary,"Methods for determining magnetic cluster size by writing two patterned sequences of differently sized, oriented clusters, then reading the recording medium and comparing the first and second patterns to calculate the switched cluster dimension.",1,34,0,0.0,23,ok
2015,9013815,2,keyword,"Search for publications where a first magnetic cluster pattern of a specific size is written, then a second pattern containing those clusters plus a reoriented cluster is recorded, and a read sensor compares the two patterns to deduce the reoriented cluster’s dimension, using software on a non‑transitory medium.",2,50,0,0.0,31,ok
2015,9013815,2,function,"Search for automated magnetic cluster size estimation methods in recording media that write two distinct size patterns, introduce a switched cluster, and determine the switched cluster size by comparing the two patterns through a reading device.",1,36,0,0.0,25,ok
2015,8976372,2,summary,"Search for a touch‑screen interface in multifunction imaging devices that keeps functional zones fixed across modes, displays a real‑time preview of the output before processing, and lets users toggle preview style and select functions from a consistent menu.",1,40,0,0.0,27,ok
2015,8976372,2,keyword,"image processing device with multi‑mode interface, persistent area layout, preview region for expected output, function‑selection zone, action button region, adaptive preview style controls, copy/FAX/mail/document modes, displayed on touch‑enabled screen",2,35,0,0.0,30,ok
2015,8976372,2,function,"image processing device featuring a multi‑area touch screen that preserves area layout across modes, providing a preview of the expected output, a function selection pane, and a confirm button, with preview style toggles, used in copy, fax, file, and mail modes.",1,42,0,0.0,29,ok
2015,9040124,28,summary,Search for methods that cure printed graphics on golf balls by sequential infrared and ultraviolet exposure to achieve low image loss after repeated ballistic impact testing.,3,26,0,0.0,18,ok
2015,9040124,28,keyword,Search for infrared and ultraviolet dual‑curing processes applying UV‑curable inks to spherical ball surfaces to achieve ≤1% image loss after 100‑cycle cannon durability testing.,3,27,1,0.05,20,failed_constraints
2015,9040124,28,function,Search for dual‑step curing techniques for printed logos on golf balls that use an initial infrared exposure followed by ultraviolet light to enhance durability and reduce image loss during high‑impact abrasion tests.,2,34,0,0.0,24,ok
2015,9037115,4,summary,"How to route incoming voice traffic from a target mobile endpoint through an intermediate device, detect lack of response on the forwarded link, then split the stream into parallel delivery to the original endpoint—with one path automatically routed to voicemail and the other aborted—to ensure efficient message capture.",2,50,0,0.0,32,ok
2015,9037115,4,keyword,"Design a telephony relay module that intercepts inbound calls to a mobile handset, forwards them to a secondary device, monitors for unanswered states, then duplicates the line to the handset where one instance is automatically sent to voicemail while the other is terminated.",1,43,0,0.0,25,ok
2015,9037115,4,function,"Technology for a computing device that receives a call intended for a mobile phone, forwards it to another device, and if unanswered, sends two duplicate calls back to the mobile where one auto‑routes to voicemail and the other is canceled, improving automatic voicemail routing.",1,45,0,0.0,26,ok
2015,9098704,6,summary,"Search for intrusion prevention techniques that intercept application calls, capture arguments, analyze them for malicious content, and if safe, buffer and reinvoke the original function by manipulating the process stack.",3,30,0,0.0,18,ok
2015,9098704,6,keyword,"Search for systems that intercept executable code by splicing and inserting event hooks, capture function parameters onto a stack, forward them to a malware analyzer, terminate on detection, or re‑execute the function with preserved return address and stack state.",3,40,0,0.0,25,ok
2015,9098704,6,function,"Search for methods that intercept and splice application functions, capture parameters, run malware analysis, then re‑invoke the function with the same stack after safe completion in browsers or other apps.",1,31,0,0.0,21,ok
2015,9182145,30,summary,"Solar powered cooking device featuring a transparent collector with an internal heat‑storing core, matched cylindrical cookware that thermally couples via pleated walls to allow air exchange, and incorporating an electric backup heater positioned inside the heat core.",1,38,0,0.0,28,ok
2015,9182145,30,keyword,"solar thermal cooker with transparent outer tube housing an inner heat‑storage tube filled with solid conductive material, a cylindrical pleated removable utensil sealed to the inner tube for thermal coupling, and integrated electric backup heating element.",1,37,0,0.0,27,ok
2015,9182145,30,function,"Solar cooker using a dual‑layer transparent enclosure with internal phase‑change material, snug‑fitting cylindrical pots thermally coupled to the enclosure walls, pleated openings for airflow, and optional integrated electric backup heating to maintain cooking temperatures.",2,37,0,0.0,28,ok
2015,8959536,6,summary,"Search for systems that transform mobile application interfaces into television‑compatible markup, adapt navigation and UI to TV capabilities, and use media caching and transcoding to deliver content to a TV, with input via a virtual keyboard.",1,37,0,0.0,23,ok
2015,8959536,6,keyword,"Search for systems that transform mobile phone web applications into TV‑friendly HTML/XHTML output, incorporating device capability extraction (aspect ratio, resolution, player, browser), adapter classes, media caching/transcoding, and virtual keyboard input handling.",2,34,0,0.0,28,ok
2015,8959536,6,function,"Search for systems that transform a mobile phone web application into a television‑compatible format by receiving a TV request via a virtual keyboard, extracting TV capabilities, converting navigation and UI to TV specifications, generating HTML/XHTML, and delivering media through caching or transcoding.",1,44,0,0.0,30,ok
2015,8936790,16,summary,"Searching for methods that use precisely mapped botulinum toxin injections to forehead, glabellar, occipital, temporal, trapezius and neck muscles, combining fixed and variable dosing across multiple sites to prevent or lessen chronic migraine pain.",1,34,0,0.0,25,ok
2015,8936790,16,keyword,"botulinum toxin local injections for chronic migraine: precise dose distribution to brow, forehead, eye-crease, occipital region, temple, upper trapezius, and neck spine-support muscles; variable dosage and site refinement to maximize therapeutic response.",2,34,0,0.0,27,ok
2015,8936790,16,function,"Identify prior art describing treatments for chronic migraine that employ fixed‑dose botulinum toxin injections into specific facial and neck muscles—frontalis, corrugator, procerus, occipitalis, temporalis, trapezius—with optional variable dosing per site for optimal pain reduction.",3,37,4,0.13793103448275862,29,failed_constraints
2015,9174640,32,summary,"A hybrid driveline controller that, from a torque request, chooses between battery‑powered motoring and combustion, determines a desired engine speed, splits the change time into intervals, computes intermediate speed goals, and incrementally raises the engine to those targets.",2,39,0,0.0,26,ok
2015,9174640,32,keyword,"Search for hybrid drivetrain control algorithms that transition from electric motor to internal‑combustion engine on torque request, calculate the required engine RPM, and execute a staged speed ramp with intermediate RPM targets delivered over defined time phases.",2,38,0,0.0,27,ok
2015,9174640,32,function,"hybrid drivetrain control system that determines when to shift from electric to internal combustion engine based on torque request, calculates a target engine speed, partitions timing into intervals, and incrementally raises engine speed to meet torque demand",3,37,3,0.12,25,failed_constraints
2015,9168213,16,summary,"Search for toothpaste formulations using a balanced ratio of phytic acid and pyrophosphoric acid (0.01–3% each, ratio 0.2–3.0) that achieve tooth gloss at pH 5.5–6.5 without fluoride or excess polyvalent cations.",1,39,0,0.0,20,ok
2015,9168213,16,keyword,"Search for oral remineralization compositions containing 0.01–3 % phytic acid and 0.01–3 % pyrophosphoric acid with a 5.5–6.5 pH, B/A ratio 0.2–3, low fluoride (<500 ppm), and limited polyvalent cations (≤0.1 mol relative to phytic acid).",3,45,2,0.09090909090909091,22,failed_constraints
2015,9168213,16,function,"Search patents describing tooth‑glossing oral products that use a mixture of phytate and pyrophosphate compounds, omit or limit polyvalent cations to below 10% molar of phytate, maintain a neutral‑acid pH around 5.5‑6.5, and exclude fluoride or keep it under 500 ppm.",2,46,0,0.0,29,ok
2015,9000266,18,summary,"Search for methods and materials concerning a purple carrot variety known as Purple Elite, breeding processes to add desired characteristics via cross‑breeding or transgene insertion, and seed or root production from such lines.",1,34,0,0.0,23,ok
2015,9000266,18,keyword,"Search for carrot breeding methods, including Purple Elite variety, conventional crosses, transgene integration, trait selection, self‑pollination cycles, seed progeny analysis, and root yield processes, with emphasis on genetic transformation and selection protocols in Daucus carota.",2,36,0,0.0,28,ok
2015,9000266,18,function,"methods for breeding or genetically engineering a purple carrot variety to incorporate desired traits via conventional crossing or transgene insertion, selecting progeny, and producing seeds or roots for cultivation, thereby enabling controlled trait transmission and improved carrot production.",1,38,0,0.0,27,ok
2015,9139677,17,summary,"Search for methods that copolymerize long‑chain aliphatic olefins with electron‑withdrawing monomers in water, using a polymeric stabilizing resin to yield an aqueous emulsion with high adhesion to polyolefins, acrylic coatings, and wood.",2,34,0,0.0,22,ok
2015,9139677,17,keyword,"Search for aqueous copolymerization of C4‑C28 aliphatic olefins with acrylate or other polar monomers, employing a colloidal stabilizer containing 5‑40 wt % acrylic or methacrylic acid units or 10‑30 wt % unsaturated dicarboxylic acid co‑polymer, for adhesion to polyolefin, wood, and coating surfaces.",2,45,0,0.0,32,ok
2015,9139677,17,function,"Search prior art for aqueous copolymerization of long‑chain aliphatic olefins with polar acrylic monomers using a polymeric support resin to stabilize the emulsion, yielding high‑molecular‑weight adhesive polymer suitable for bonding polypropylene, polyolefins, and wood.",3,37,3,0.1111111111111111,27,failed_constraints
2015,9151988,17,summary,"Search for compounds combining a cyclic olefin component with flexible organic polymer matrices that permit rapid, reversible liquid crystal alignment changes driven by light polarization, featuring high molecular weight repeating units and diverse side‑chain functionalities.",3,36,1,0.03571428571428571,28,failed_constraints
2015,9151988,17,keyword,"Search for polymers featuring cyclic olefin monomers in a photoreactive alignment layer, incorporating repeating units with R1‑R4 radicals, weight‑average molecular weight 91k‑1M, capable of polarization‑dependent orientation, containing alkylidene or aromatic ring linkages, and bearing polar functional groups such as oxygen and nitrogen.",3,46,3,0.08571428571428572,35,failed_constraints
2015,9151988,17,function,"Searching for photoresponsive polymeric layers incorporating cyclic olefin structures that allow dynamic orientation of liquid crystal directors in display devices, enabling light‑induced reorientation of the director axis without mechanical parts, and providing high switching speeds with UV or visible illumination.",2,41,0,0.0,30,ok
2015,9156918,17,summary,"Search for processes that dissolve cellulose in ionic liquids to produce blended‑acyl cellulose esters (degree of substitution below 3, polymerization 5–1,000) which, after bleaching, show a color difference below 30 units.",2,34,0,0.0,22,ok
2015,9156918,17,keyword,"Search for ionic liquid‑mediated esterification of cellulose to non‑random mixed acetyl/propionyl/butyryl esters with DS < 3, DP ≈ 5‑1000, yielding high‑clarity cellulose esters (ΔE < 30) after bleaching, characterized by CIE 1976 L*a*b* values and NMP solutions.",1,42,0,0.0,28,ok
2015,9156918,17,function,"Identify processes that use ionic liquid media to esterify cellulose into tailored, low‑substitution (DS < 3) mixed acetyl/propionyl/butyryl esters (DP 5‑1000), which after bleaching exhibit CIE 1976 ΔE < 30 and high L*, a*, b* color parameters.",1,39,0,0.0,26,ok
2015,8980349,29,summary,"methods for forming a food casing by co‑extruding an alginate paste containing a low‑solubility calcium salt, then immersing it in a calcium‑ion bath to trigger gelation, especially for uncooked sausage products.",1,34,0,0.0,22,ok
2015,8980349,29,keyword,"Search for methods of preparing uncooked sausage casings by co‑extruding an alginate paste with a low‑solubility calcium salt and chelating agent, then treating the coated product with a calcium ion solution to trigger gelation.",2,36,0,0.0,23,ok
2015,8980349,29,function,"Method of producing a calcium‑crosslinked alginate casing on uncooked sausage by co‑extruding a paste containing a low‑solubility calcium compound, then immersing the coated sausage in a calcium chloride solution to induce gelation; salt Ksp ≤10⁻³, 0.1‑10 wt % concentration.",3,44,0,0.0,29,ok
2015,9013313,12,summary,"Search for a bed fall‑prevention system that uses a motorized load‑sensing assembly to lift a single bed wheel, auto‑calibrating between empty/occupied bed states and alerting caregivers when a patient approaches the edge.",1,36,0,0.0,24,ok
2015,9013313,12,keyword,"Search for patents of bed monitoring systems that lift a wheel with dual prong arms actuated by a bidirectional motor, use a load sensor to calibrate empty/full bed thresholds, detect proximity to a bed edge, auto‑calibrate, and trigger alarms.",3,41,0,0.0,27,ok
2015,9013313,12,function,"Self‑installable patient‑edge detection system that monitors load on a single bed wheel using a lift‑sensor pair, auto‑calculates empty and full bed thresholds, flags edge transitions, triggers caregiver alerts, and filters motion to reduce false alarms across multiple wheel sizes.",1,43,0,0.0,34,ok
2015,9077181,32,summary,"Search for a battery‑pack balancing method that correlates individual cell health differences with charge differences and uses this relationship to redistribute energy among cells, aiming to keep charge levels equalized during operation while accounting for each cell’s degradation.",1,40,0,0.0,28,ok
2015,9077181,32,keyword,"Search for methods that use state‑of‑health‑state‑of‑charge correlation to redistribute energy among sections of a multi‑section lithium‑ion battery pack, employing sensor data and balancing algorithms within electric vehicle propulsion systems.",3,36,1,0.038461538461538464,26,failed_constraints
2015,9077181,32,function,"Query for prior art on systems that assess health and charge of separate battery modules, determine correlation between health disparity and charge difference, and redistribute energy to equalize module charges while considering health constraints.",2,34,0,0.0,24,ok
2015,9043438,6,summary,"Search for methods that detect a data source’s temporary unavailability from a remote client, automatically reconnecting via a port layer without resetting other connections or reinitializing the connection manager.",1,30,0,0.0,19,ok
2015,9043438,6,keyword,"Search for systems where a port module linked to a data source dynamically monitors source availability after an initial remote application request and automatically re‑establishes the connection without triggering full connection manager re‑initialization, enabling fast, reliable data transfer across multiple browsers.",1,43,0,0.0,33,ok
2015,9043438,6,function,"Query for systems enabling remote applications to dynamically recognize connection disruptions to a central database, automatically re-establish links without resetting management processes, supporting high-throughput data exchanges.",2,28,0,0.0,22,ok
2015,9073798,19,summary,"Search for plant fertilizer kits using color‑coded concentrates blended on‑demand to produce balanced nutrients while preventing calcium precipitation; innovations include mutually exclusive, single‑ or dual‑component formulas, and color matching guidance for growth stage‑specific formulations.",1,38,0,0.0,30,ok
2015,9073798,19,keyword,"Search for systems blending color‑coded fertilizer concentrates to match target nutrient ratios, avoiding calcium precipitation through dual‑component kits, marking agents for component differentiation, and color‑matching algorithms for complete nutrient profiles supporting plant vegetative and reproductive cycle stages.",2,40,0,0.0,32,ok
2015,9073798,19,function,"Search for methods of color‑coded nutrient concentrate blending kits that adjust fertilizer ratios by visual matching, preventing calcium precipitation, enabling two‑component or multi‑part mixes for plant life cycle nutrient supply.",2,33,0,0.0,25,ok
2015,9056583,32,summary,"Search for a vehicle side‑step control system that links door opening cues to multi‑angle obstacle sensors situated at each corner, opening the steps only when all sensors confirm clearance and issuing a warning if an obstruction remains.",1,39,0,0.0,26,ok
2015,9056583,32,keyword,"Vehicle side step control apparatus employing a door opener sensor and dual-axis obstacle detection (side and bottom sensors) integrated into the side-step actuator drive unit, with microcontroller-based logic for safe step opening and user alarm.",1,38,0,0.0,28,ok
2015,9056583,32,function,"Side steps of a vehicle that unlock when a door is opened, employing side‑and‑bottom sensors to detect obstacles; the step deploys only if clear, otherwise it issues an alarm to prevent collision.",3,34,2,0.10526315789473684,19,failed_constraints
2015,9168198,13,summary,"Linear reciprocating skin percussion apparatus with an elastic hollow striking head fitted with impact‑absorbing protrusions, a sliding cap, and a detachable snap‑engaged connector linking to a power‑driven rod, providing airtight, buffered skin stimulation.",1,36,0,0.0,26,ok
2015,9168198,13,keyword,"search for devices utilizing a slidable striking member with a hollow, elastomeric tip containing protrusions for skin impact, coupled via an airtight connector and groove to a linear reciprocating rod, used in handheld skin‑massage appliances.",1,36,0,0.0,24,ok
2015,9168198,13,function,"Search for devices employing a linear reciprocating striking element with hollow, elastic protrusions that deliver impact to the skin, using a snap‑engaged connector and air‑sealed rod mechanism for controlled buffering and user‑safe skin stimulation.",3,37,1,0.04,25,failed_constraints
2015,8960414,25,summary,"Search for vibratory feeder apparatus featuring a tray that can be locked to a vibration drive by a linear actuator‑actuated cam, employing abutment pins and sockets for secure attachment and easy removal.",1,33,0,0.0,20,ok
2015,8960414,25,keyword,"Search for system comprising tray powered by vibratory drive, a cam‑actuated locking module, abutment pins featuring enlarged heads engaging tray sockets, progressive clamping, vertical cam motion, and removable tray for conveying discrete items.",2,34,0,0.0,27,ok
2015,8960414,25,function,"vibratory feeding apparatus with a tray locked by a cam‑driven linear actuator forming progressive clamp, tray attaching to vibration drive via socket and pin abutment, permitting removal when unlocked while still allowing vibration transmission.",1,35,0,0.0,26,ok
2015,9132892,32,summary,"search for floating vessel designs that integrate submersible pontoons, column‑linked deck, storage tanks partially situated in columns, and a deck‑through tunnel providing side openings, through which liquid‑transport pipes extend to temporarily hold or transfer fluids.",1,38,0,0.0,28,ok
2015,9132892,32,keyword,"Search for floating vessel designs featuring submersible pontoons, vertical columns linking a deck to pontoons, onboard liquid storage tanks, and a tunnel with side openings accommodating at least one pipe extending into the ambient area.",3,35,2,0.08333333333333333,24,failed_constraints
2015,9132892,32,function,"floating vessel with submersible pontoons, vertical columns, a deck, a liquid storage tank positioned in a column, and a passage opening on each deck side that permits a pipe from the tank to extend within the passage for fluid transfer.",2,40,0,0.0,23,ok
2015,8987421,16,summary,"Search for engineered human-like antibodies or fragments designed to bind histone H4, H3, or H2B with unique antigen-binding sequences, for treating autoimmune or inflammatory conditions such as lupus, arthritis, or sepsis.",3,33,0,0.0,22,ok
2015,8987421,16,keyword,"Search prior art for engineered humanized antibodies and fragment formats featuring specific antigen‑binding loop motifs against histone H4, H3, or H2B, with defined variable domain signatures and constant region allotype tags, targeted for autoimmune or inflammatory disease therapy.",3,39,0,0.0,30,ok
2015,8987421,16,function,"antibody fragment with defined heavy and light chain CDR patterns against histone H4 used to neutralize circulating histones in diseases such as autoimmune disorders, sepsis, and cardiovascular complications",3,28,2,0.1,20,failed_constraints
2015,9216305,16,summary,"How to produce uniform core‑shell cerium oxide microparticles (30–200 nm) with a narrow size distribution by precipitating cerium nitrate in a high‑boiling organic solvent containing polyvinylpyrrolidone of 4 k–20 k g mol⁻¹, heating under reflux (110–190 °C) to form polymer‑coated spherical cores?",3,49,6,0.18181818181818182,33,failed_constraints
2015,9216305,16,keyword,"Explore core‑shell cerium oxide microparticle synthesis via refluxing cerium(III) nitrate hydrate with polyvinylpyrrolidone (4–20 kDa) in high‑boiling solvent, targeting 30–200 nm spherical cores, 0–0.25 variance, cross‑linked polymer shells, and dispersion or dry powder forms.",3,42,7,0.21212121212121213,33,failed_constraints
2015,9216305,16,function,"A method for synthesizing uniform core‑shell cerium oxide nanoparticles by reacting a cerium salt with a PVP polymer in a high‑boiling solvent, then refluxing to precipitate cross‑linked polymer‑coated spherical micromaterials of controlled size and narrow dispersion.",3,40,3,0.1111111111111111,27,failed_constraints
2015,9207303,4,summary,Search patent claims on locating mobile devices with beacon signals by transmitting signal strength and device ID to known-location relay nodes that forward this data to a central console mapping the relay ID to its position to estimate the mobile device’s approximate location.,1,45,0,0.0,28,ok
2015,9207303,4,keyword,"device beacon transmission mobile identifier, fixed relay receiver, signal strength, relay‑to‑console message encoding with relay ID, console database mapping relay ID to location, approximate mobile position calculation using signal level and relay coordinates.",3,35,0,0.0,29,ok
2015,9207303,4,function,"systems or methods where a mobile device transmits a beacon carrying its identifier, a nearby relay of known location forwards the beacon’s signal level and its own ID to a central console, which decodes the data to estimate the mobile device’s approximate location.",1,45,0,0.0,25,ok
2015,9079511,32,summary,"Search for an automobile seat adjustment system combining a motor‑driven linear guide with a sensor to align passenger seating to airbag deployment zones, incorporating lateral stability brackets and an integrated shunt for positional feedback.",3,35,0,0.0,23,ok
2015,9079511,32,keyword,"Motorized automotive seat adjustment system employing a threaded drive shaft within dual guide carriages, a mounting bracket providing a collision load path, a shunt for seat position feedback to an airbag control unit, and a surface‑mounted sensor to indicate seat location.",2,42,0,0.0,30,ok
2015,9079511,32,function,"motorized rail system with screw drive and sensor for adjusting a car seat relative to an airbag, featuring a bracket that reduces lateral play and provides a load path for crash force transfer.",2,33,0,0.0,20,ok
2015,9102443,25,summary,"Search for collapsible food containers that employ a segmented twistable hinge in the sidewalls, where a narrow central section allows two wide panels to interlock and lock the opening after the top is removed, improving recloseability.",1,36,0,0.0,22,ok
2015,9102443,25,keyword,"reclosable container with side wall that includes a Y‑shaped twistable interlocking zone, polymer sheet forming separate arms and a leg, sections with greater dead‑fold resistance, width transition for twisting, designed to secure opening after top removal.",3,38,0,0.0,27,ok
2015,9102443,25,function,"search for flexible food packaging incorporating a twist‑activated side‑wall section designed to interlock and restrict access to the opening after lid removal, featuring increased fold resistance versus adjacent wall material, or a Y‑shaped twistable closure portion.",1,39,0,0.0,28,ok
2015,8984669,34,summary,"Legging type footwear that integrates gel cushions within the footed hem, positioning them over load‑bearing regions such as the ball and heel to absorb pressure and reduce muscle tension while remaining fixed inside the fabric.",3,36,0,0.0,25,ok
2015,8984669,34,keyword,"Search for gel‑embedded therapeutic hosiery with integrated sole pads for weight‑bearing zones, footed leggings or stockings, providing muscle tension relief, constructed from flexible polyurethane or silicone, featuring separated toe compartments and non‑removable gel cores.",3,37,0,0.0,28,ok
2015,8984669,34,function,"Device integrating flexible gel panels into lower sections of hosiery that contact a wearer’s foot for cushioning and stress relief during ambulation, enabling improved comfort for load‑bearing regions.",3,30,1,0.05,20,failed_constraints
2015,9032476,4,summary,"Method and device for secure token authentication using hardware variation fingerprints, publicly shared characteristics, and timing‑limited response verification against simulated expectations.",2,22,0,0.0,17,ok
2015,9032476,4,keyword,"Search for patent disclosures that describe secure hardware authentication tokens employing unintentional manufacturing‑variability induced timing differences across cascaded logic gates, with publicly available parameter sets for simulation, challenge‑response timing limits, input/output registers, and methods guaranteeing rapid authenticated output impossible to replicate through simulation.",3,46,3,0.07894736842105263,38,failed_constraints
2015,9032476,4,function,"Searching for secure authentication devices that use manufacturing‑induced timing variations in logic circuits to produce device‑specific responses, where a challenge is issued and the device must produce a correct output within a tight deadline that cannot be emulated by software simulation.",2,43,0,0.0,27,ok
2015,9085248,32,summary,"Search for a vehicle seat recliner system featuring a shaft with coaxial release links that allow adjustable back angles and a fold‑over position for rear access, built using welded connector plates.",2,32,0,0.0,22,ok
2015,9085248,32,keyword,"Search for automotive seat back recliner assemblies: pivot shaft with coaxial continuous/discontinuous release links, welded plates, adjustable tilt range, fold‑back positioning, single‑axis rotation, seat base attachment and release mechanism.",3,32,1,0.037037037037037035,27,failed_constraints
2015,9085248,32,function,"vehicle seat recliner using dual pivot axes and coaxial shafts, adjustable continuous levers and removable discontinuous arms, enabling seat back angle adjustment and forward folding to allow rear access, with welded plates connecting levers for compact design",2,37,0,0.0,29,ok
2015,9011824,16,summary,"Search for low‑RDA toothpaste delivering bright, glossy enamel whitening without silica abrasives, using a sub‑micron calcined aluminium oxide polishing material blended with an alkali metal phosphate salt and suitable excipients.",3,32,4,0.16,25,failed_constraints
2015,9011824,16,keyword,"Search for toothpaste formulations containing a sub‑micron α/γ‑alumina abrasive, an alkali metal tripolyphosphate or another condensed phosphate salt, and a suitable carrier/excipient, with no silica, achieving strong enamel shine and whitening while maintaining low abrasion.",2,39,0,0.0,27,ok
2015,9011824,16,function,"dentifrice containing calcined fine aluminium oxide (α/γ mixture) with condensed phosphate salt, no silica abrasive, yielding low abrasiveness, bright polish, whitening effect.",3,23,0,0.0,18,ok
2015,9065720,13,summary,"A smartphone app automatically links wirelessly to a health monitoring unit, obtains its unique serial info, prompts the user to confirm installation, collects patient identity, then compiles registration data and submits it to the vendor, along with options to sync clocks and enable auto data transfer.",2,46,0,0.0,31,ok
2015,9065720,13,keyword,"Wireless‑enabled medical device setup via a mobile app: establish a Bluetooth link, request the device’s identification data, prompt the user for personal information, assemble a combined registration payload, transmit credentials to a manufacturer server, sync the device clock to the phone, and enable automated data uploads.",2,48,0,0.0,33,ok
2015,9065720,13,function,"Search for automated mobile device application processes that establish wireless links with medical devices, retrieve device identifiers, allow time synchronization, enable automatic wireless data transmission configuration, capture patient identity information, and submit combined registration data to the device manufacturer.",1,39,0,0.0,31,ok
2015,9096234,32,summary,"Find prior art on in‑vehicle systems that link driver identity and behavioral metrics to temporarily block or enable infotainment features, granting rewards when a driver meets preset positive behavior thresholds.",1,31,0,0.0,21,ok
2015,9096234,32,keyword,"Search for systems that use a vehicle onboard computer to evaluate driver behavior via positive/negative metrics, denying infotainment access until a positive behavior count triggers a reward signal, enabling a function or expanded range.",3,35,0,0.0,25,ok
2015,9096234,32,function,"A vehicle system that identifies a specific driver, evaluates driving data against safety metrics, and, upon meeting a set of safe‑driving thresholds, unlocks previously restricted infotainment features to reward the driver.",2,32,0,0.0,22,ok
2015,8960639,31,summary,"A solenoid‑controlled fluid valve in which a thin pole tube featuring an internal reduction and groove magnetically separates coaxial housing sections, guiding an armature while a spring‑driven closing element seals the valve.",1,34,0,0.0,23,ok
2015,8960639,31,keyword,"Search for solenoid valve with a thin‑walled pole tube axially guiding an armature, partially enclosed solenoid, spring‑actuated closure, coaxial inner sleeve, magnetic separation by a wall‑thickness reduction groove.",3,31,1,0.043478260869565216,23,failed_constraints
2015,8960639,31,function,"Search for solenoid‐controlled fluid valves featuring a low‑wall axial guide with a magnetic armature, a coaxial projection that partially contacts the guide, a groove enhancing magnetic separation, and spring‑driven valve closing actuation.",3,35,0,0.0,24,ok
2015,9113982,13,summary,"Search for devices that attach drill guides to oral surgery templates using a cylindrical ring with inwardly extending resilient flanges that insert into a radial recess, temporarily locking the guide axially while permitting rotation without disengagement.",2,36,0,0.0,25,ok
2015,9113982,13,keyword,"Search patents for surgical implant template with cylindrical retention assembly, inward flanges creating an annular recess for a tapered drill socket, resilient deflection, axial engagement, rotational freedom, temporary locking without rotation, template coupling, osteotomy guide, material properties.",2,37,0,0.0,30,ok
2015,9113982,13,function,"search for dental surgical guides with cylindrical positioning rings having inward‑extending flange retention features that temporarily axially lock complementary drill guides for implant osteotomy, allowing free rotation, without screw or rotational fastening, and enabling reusable resilient engagement.",1,38,0,0.0,30,ok
2015,8980400,29,summary,Search for fluoropolymers producing agricultural greenhouse films that scatter >5% of transmitted light at 5.5–10° to reduce leaf burn and increase uniform crop color.,1,26,0,0.0,15,ok
2015,8980400,29,keyword,"Search for fluorinated polymer greenhouse film patents featuring light‑scattering characteristics, specifically those reporting a scattered light ratio of at least five percent within a 5.5° to 10° scattering angle, aimed at reducing leaf scorch and improving crop uniformity.",1,40,0,0.0,28,ok
2015,8980400,29,function,"Search for greenhouse covering films or coatings that scatter incoming light at angles of 5.5 to 10°, delivering at least 5% of transmitted light, to reduce leaf scorch, improve color uniformity, and increase crop productivity.",1,36,0,0.0,21,ok
2015,8925561,33,summary,"A dishwasher provides an auxiliary spray system paired with a compartmentalized dispensing container that directs incoming rinse fluid into a prefill zone, forces overflow into a detergent reservoir, and delivers enriched wash solution when needed, while off‑cycle fluid is simply drained to prevent unintended mixing.",1,46,0,0.0,31,ok
2015,8925561,33,keyword,"Search for dishwasher designs featuring an auxiliary dispensing case partitioned into a prefill and additive chamber, with a calibrated drain opening, inlet for wash fluid, outlet to additive chamber, connected to spray units via pump and filtration, enabling fluid diversion during wash stages.",3,43,1,0.03333333333333333,30,failed_constraints
2015,8925561,33,function,"Search for dishwasher systems where water is temporarily diverted into a partitioned container that first fills, drains, then forces fluid into a detergent chamber before returning to spray units, enabling stage‑specific detergent mixing and intensified wash zones.",3,38,0,0.0,26,ok
2015,8996556,6,summary,"Search for systems that parallelize ordered stream processing using multiple workers that output partial results into buffers, then merge the buffers on‑the‑fly according to ordering keys, employing a mapping structure to track next elements per buffer.",2,38,0,0.0,26,ok
2015,8996556,6,keyword,"Parallel processing of an ordered data stream using multiple workers, buffering result sets per worker, maintaining total order via per‑element identifiers, and coordinating output through a priority data structure that tracks next output positions.",3,35,1,0.03571428571428571,28,failed_constraints
2015,8996556,6,function,"Search for systems that parallelize ordered input sequences, distributing work across multiple workers, storing partial outputs in per‑worker buffers, and emitting a globally ordered output by coordinating buffer elements through key‑based data structures to maintain sequence during concurrent processing.",2,41,0,0.0,32,ok
2015,9083149,9,summary,Hybrid photorefractive cell featuring a space‑charge window and a nanoparticle‑laden gain layer whose coated particles enable electric‑field‑dependent refractive index modulation for improved imaging or data storage.,1,30,0,0.0,23,ok
2015,9083149,9,keyword,"Search for photoactive composite devices featuring a transparent substrate adjacent to a doped nonlinear gain layer that contains coated nanoparticles, where coatings comprise secondary nanospheres or anisotropic organic/inorganic molecules producing electrically modulated refractive indices.",2,35,0,0.0,26,ok
2015,9083149,9,function,"Search for photorefractive hybrid devices featuring a transmission window and adjacent gain medium enriched with coated nanoparticles, where the medium’s refractive index is electrically adjustable and the window material generates an internal electric field to enhance diffraction efficiency.",2,39,0,0.0,25,ok
2015,9170507,9,summary,Searching prior art for a photosensitive coating method that uses a dual‑resin blend—one resin lacking a siloxane end group and another resin incorporating a siloxane or polyacrylate end group—together with a toluene/xylene solvent and a high‑boiling additive to produce a durable electrophotographic surface layer.,1,49,0,0.0,33,ok
2015,9170507,9,keyword,"Search for methods of coating a photosensitive surface layer using a solution of polycarbonate/ polyester resins, some bearing siloxane end groups, solvents like toluene/xylene, and a high‑boiling alkylene compound (formula R‑(CH2)n‑CH3) in electrophotographic imaging members.",2,40,0,0.0,28,ok
2015,9170507,9,function,"Method of fabricating electrophotographic photosensitive members with a surface layer by applying a coating solution containing non‑siloxane polycarbonate/polyester resins, siloxane‑end polycarbonate or polyester resins, polyacrylate resins, toluene/xylene solvents, and a higher‑boiling additive.",3,37,1,0.038461538461538464,26,failed_constraints
2015,9109503,27,summary,"Search for systems combining exhaust‑driven turbines with electric generators that power variable‑speed compressors via rectifier‑inverter control circuits, including rotation‑speed sensing and bus‑voltage monitoring, to recover waste heat for compressed‑gas applications.",1,36,0,0.0,28,ok
2015,9109503,27,keyword,"Search for waste‑heat recovery systems featuring exhaust‑gas‑driven turbines coupled to electric generators, with motor‑driven compressors controlled by rectifier‑smoothing modules and variable‑speed inverter drives; include designs employing rotation‑speed sensing, voltage monitoring and diode‑fed DC power supplies.",3,43,1,0.02857142857142857,35,failed_constraints
2015,9109503,27,function,"How can a turbine powered by exhaust gases drive a compressor using generator‑produced power, with a control system that rectifies, smooths, and inverts the current to regulate compressor speed based on turbine rotation, enabling efficient energy extraction?",2,38,0,0.0,26,ok
2015,9063640,2,summary,"Touching a full‑screen media item on a touchscreen causes it to shrink to the centre while thumbnails from nearby media sets appear around it; dragging in a direction swaps the selected thumbnail into full‑screen playback, enabling seamless navigation across two media sequences.",1,44,0,0.0,29,ok
2015,9063640,2,keyword,"Search for touchscreen-based media navigation where an initial video is shrunk to a central thumbnail while neighboring media from the same and different sequences are previewed on side and top/bottom; swipe gestures move the preview into full display, triggered by lift‑off.",2,44,0,0.0,27,ok
2015,9063640,2,function,"search for touchscreen media playback device that shrinks center playing media on touch, shows thumbnails of adjacent items top, bottom, left, right; allows swipe directions to move current into that side and bring selected neighbor into fullscreen; lift finger to start new video.",1,43,0,0.0,31,ok
2015,9176984,6,summary,"Searching for innovations that weigh advertising anchors within scanned documents by segmenting documents into zones, calculating overlap between probe image and zones, combining zone‑specific preferences, and ranking the resulting ad placements before display on mobile devices.",2,37,0,0.0,27,ok
2015,9176984,6,keyword,"Search for mobile mixed-media publishing platforms that use an MMR gateway to process image queries, segment document portions into zones, retrieve hotspot link data, compute overlap‑based valuations, and rank external media links for mobile presentation.",1,37,0,0.0,28,ok
2015,9176984,6,function,"Search for methods enabling image-based recognition of page sections to compute zone‑specific overlap scores, retrieve associated advertisement links, rank them by weighted overlap‑preferences, and deliver prioritized ad lists to mobile devices within a publish‑advertise ecosystem.",2,39,0,0.0,29,ok
2015,9157398,27,summary,"Search for a temperature‑responsive metal actuator coupled to a load, protected by a temperature‑responsive polymer element that blocks the actuator when load exceeds a threshold, requiring manual reset or replacement instead of automatic recovery.",2,36,0,0.0,22,ok
2015,9157398,27,keyword,"Identify prior art on shape‑memory‑alloy actuator assemblies that incorporate a shape‑memory‑polymer overload protection element which occludes the actuator when load exceeds a preset threshold, requires manual reset or replacement, and uses thermal activation to alter material properties.",3,41,2,0.06896551724137931,29,failed_constraints
2015,9157398,27,function,"Search for actuator assemblies that use an active material for movement, incorporate an overload protection element that changes state under excessive load, and must be manually reactivated or replaced before the actuator can engage again.",2,35,0,0.0,23,ok
2015,9097898,28,summary,"Optical scanner using a rotating polygon mirror that maintains all incident/reflection angles greater than 90°, synchronizes illumination when beams hit adjacent facets, and adjusts source power, avoiding perpendicular incidence, to scan surfaces with uniform intensity and reduced speckle.",1,39,0,0.0,30,ok
2015,9097898,28,keyword,"Rotating polyhedral mirror, obtuse incidence angle, dual parallel beams entering adjacent facets, pulse‑modulated light source synchronized with facet transitions, scanning optics direct deflected beam to target surface—search prior art on rotating polyhedral mirror laser scanning rigs.",3,38,0,0.0,32,ok
2015,9097898,28,function,"Search for optical scanning systems that use a rotating multi‑faceted mirror to maintain always obtuse incident‑reflected angles, employ two parallel beams entering adjacent facets, adjust beam power at facet boundaries, and avoid zero‑degree incidence—used in image forming apparatus.",3,42,3,0.09090909090909091,33,failed_constraints
2015,9092460,4,summary,"How can an application server automatically adjust its connection pool to multiple heterogeneous database nodes in a clustered system by subscribing to database‑generated change notifications, thereby removing manual reconfiguration and enhancing fault tolerance?",1,34,0,0.0,24,ok
2015,9092460,4,keyword,"adaptive connection pooling for application server accessing a clustered database with multiple heterogeneous data providers, using a notification subsystem that broadcasts state change alerts to the server, enabling dynamic reconfiguration of pool connections at runtime.",3,35,0,0.0,24,ok
2015,9092460,4,function,"Search for methods enabling an application server to connect to a distributed database with diverse data providers via a connection pool that subscribes to a change‑broadcast service, automatically reconfiguring the pool in response to real‑time state changes of the database cluster.",2,43,0,0.0,26,ok
2015,9177381,6,summary,"Device and method for generating per‑pixel depth maps from multiple camera views, refining estimates via multi‑resolution propagation and neighbor‑based candidate depths combined with cross‑image consistency scoring, then using the refined depths to trigger device actions.",1,39,0,0.0,30,ok
2015,9177381,6,keyword,"Search for prior art on multi‑view depth estimation engines using parallax, progressive resolution refinement, neighbor‑based candidate depth selection, consistency scoring across perspective images, and device interfaces that trigger actions based on refined pixel depth.",1,36,0,0.0,29,ok
2015,9177381,6,function,"Searching for imaging systems that use multi‑perspective depth estimation with pixel‑level refinement via neighbor consistency scoring, enabling device‑triggered actions based on refined depth per pixel.",1,28,0,0.0,22,ok
2015,9161672,33,summary,"Search for mop systems that laminate a foam layer to a textile fabric using a non‑adhesive join, with the interface allowing moisture absorption and water conveyance.",1,27,0,0.0,16,ok
2015,9161672,33,keyword,"Searching patents for a non‑adhesive lamination technique of a foam cleaning pad with a perforated upper surface bonded to a fabric base via pressure or compression, featuring a permeable interface for liquid retention.",2,34,0,0.0,21,ok
2015,9161672,33,function,"Search for floor cleaning pads featuring foam layers with an opening and a permeable fabric laminate bonded without adhesive, enabling a continuous foam surface for mopping use and minimizing detachment.",1,30,0,0.0,20,ok
2015,9179466,4,summary,"Search patents on coordinated downlink transmission methods for small‑ and macro‑cells sharing spectrum, using subframe time‑shifts and blanked MBSFN subframes to avoid interference on control channels, and allocating user data to non‑blank resources in heterogeneous networks.",1,39,0,0.0,28,ok
2015,9179466,4,keyword,"Search for base station architecture using macro‑cell/pico‑cell heterogeneous deployment where downlink MBSFN subframes are blank‑period coordinated via subframe shifting across shared frequency band to mitigate interference with neighboring base stations, allocating user data on non‑blank resources.",1,41,0,0.0,33,ok
2015,9179466,4,function,"Search for methods where a macro‑ and pico‑cell base station share frequency bands, use subframe‑shifted MBSFN transmissions, configure blank sub‑frames to coincide with another cell’s control channels, and assign user data while avoiding those blank resources to reduce inter‑cell interference.",3,45,1,0.029411764705882353,34,failed_constraints
2015,8959062,6,summary,"System with multiple distributed storage nodes that detect and remove duplicate data before presenting a de‑duplicated view, which a central indexing service crawls to build a search index for efficient retrieval.",2,32,0,0.0,21,ok
2015,8959062,6,keyword,"search index compilation on a virtual file system generated by deduplicated storage units, using networked processors that coordinate duplicate elimination, filesystem assembly, crawling, and indexing control logic on computer‑readable media.",3,31,1,0.043478260869565216,23,failed_constraints
2015,8959062,6,function,"systems for deduplicating stored data across multiple servers and generating a consolidated file hierarchy for centralized indexing, where each server removes duplicates before exposing its file structure to a search engine.",2,31,0,0.0,21,ok
2015,8976381,6,summary,"Printing device that detects whether an update targets GUI software, then switches between its primary or secondary display mode to present update and print job status, guaranteeing the correct interface is shown during firmware changes.",1,35,0,0.0,25,ok
2015,8976381,6,keyword,search for patents describing a printing system with dual display functions that dynamically routes GUI or non‑GUI software updates to appropriate screen modes while showing simultaneous print and update status information,2,32,0,0.0,23,ok
2015,8976381,6,function,"Searching for printer systems that switch between a primary graphical interface and a simplified console display during firmware or driver updates, depending on whether the updated component includes the main user interface, and display real‑time print and update status on the chosen mode.",2,44,0,0.0,29,ok
2015,9099823,1,summary,"Search for systems that secure flexible wiring to a board while permitting relative motion, featuring a sliding mount with movable top and bottom frames and dual cushioning elements that clamp the cable between the frames and the board.",1,38,0,0.0,23,ok
2015,9099823,1,keyword,"Search for cable‑buffering assemblies that use a mount with sliding slots and dual clamps to secure a flexible cable to a PCB, incorporating a movable support with separate top and bottom frames and opposite side cushions that slide back‑and‑forth within the mount for tension relief.",1,48,0,0.0,29,ok
2015,9099823,1,function,"Search for a cable‑buffering assembly that uses a fixed mount with side‑cushions and sliding cavities to clamp one cable end to a board, while a movable support with opposed cushions slides along the cavity, securing the other end.",3,40,0,0.0,25,ok
2015,8988437,6,summary,"search for systems blending live motion capture with pre‑made animations, using gesture telemetry to locate transition moments, alter canned sequence to match user motion, and sequence them smoothly for gaming or VR realism.",1,34,0,0.0,24,ok
2015,8988437,6,keyword,"Search for systems integrating motion capture input with pre‑programmed animation sequences, employing transition‑triggering parameters derived from captured motion, history‑adjusted animation editing, and real‑time blending to enhance fluid motion in gaming or virtual training applications.",2,38,0,0.0,29,ok
2015,8988437,6,function,"A system for seamlessly blending live motion capture with pre‑recorded animation clips by detecting transition cues, adjusting pre‑playback positions using motion history, and displaying combined sequences to enhance realistic representation in sports simulations or interactive media.",2,38,0,0.0,28,ok
2015,9115093,14,summary,"Search for bicyclic dihydropyrimidinone derivatives that reduce elastase activity to treat inflammatory conditions, including lung, GI, urinary disorders, skin, eye inflammation, autoimmunity, transplant rejection, and cancers.",2,26,0,0.0,20,ok
2015,9115093,14,keyword,"Search for bicyclic dihydropyrimidinone derivatives bearing phenyl or heteroaryl substitution, halogen, O2N or NH2 groups, as neutrophil elastase inhibitors for treating inflammatory disorders of skin, eye, lung, gut, kidney, transplant rejection, and cancer.",2,33,0,0.0,24,ok
2015,9115093,14,function,"search for compounds that act as neutrophil elastase inhibitors, particularly bicyclic dihydropyrimidine derivatives with heteroaryl and alkyl substituents, for use in treating inflammatory or autoimmune disorders, transplant rejection, cancer or ocular conditions.",2,32,0,0.0,21,ok
2015,8955321,27,summary,"A method for controlling a two‑stage steam turbine plant on an electric grid, throttling a live steam valve to reserve power, then throttling less during frequency support, while feeding partially expanded steam from the high‑pressure turbine directly into the low‑pressure turbine without reheating for extra expansion.",3,49,2,0.05714285714285714,35,failed_constraints
2015,8955321,27,keyword,"Search for primary frequency control techniques in interconnected steam power plants that throttle a live steam control valve on the feed line to high‑pressure turbines for reserve power, divert partially expanded high‑pressure exhaust directly into the low‑pressure turbine via a bypass line without reheating during frequency drop or boost.",3,52,0,0.0,38,failed_constraints
2015,8955321,27,function,"Search for a method that employs a throttled live steam valve on a high‑ and low‑pressure turbine plant to store reserve power, and on reduced grid frequency, re‑unthrottles the valve and feeds partially expanded high‑pressure steam directly into the low‑pressure turbine without reheating.",3,47,2,0.06666666666666667,30,failed_constraints
2015,9088631,33,summary,"Search for a high‑performance multi‑user gaming server that runs multiple titles on a single machine, displays each in its own screen pane, captures, encodes per‑client resolution, and streams the resulting video and audio in real time to diverse platforms.",2,42,0,0.0,28,ok
2015,9088631,33,keyword,"Search for patents describing a high‑performance game streaming server that executes multiple games per input, displays each in separate screen regions, captures images per region, encodes them at client‑specific resolutions, and streams encoded frames and audio in real time to multiple clients.",3,44,1,0.03125,32,failed_constraints
2015,9088631,33,function,"Search for methods enabling a single high‑performance server to run multiple games simultaneously, capture each game's screen in separate viewports, encode each viewport at the resolution requested by individual remote clients, and transmit the encoded frames in real time to support multi‑user, multi‑platform gameplay.",2,48,0,0.0,34,ok
2015,9061948,19,summary,"Search for methods combining wastewater sludge, nutrients, and recycled granulated biosolids to create uniform, dried fertilizer pellets, involving mixing, granulating, and drying steps with recycling to maintain uniformity.",2,28,0,0.0,20,ok
2015,9061948,19,keyword,"Search for patents detailing a method of manufacturing granular nutrient‑rich biosolids fertilizer by blending wet sewage sludge with nitrogen, phosphorus, and potassium salts, forming a homogenous mixture, then granulating, drying, and reintegrating a fraction of the dried product back into the blend.",3,43,2,0.07142857142857142,28,failed_constraints
2015,9061948,19,function,"Search prior art for a process that mixes wet sewage sludge with plant nutrient compounds, adds recycled dry biosolid granules, granulates the blend, then dries it to produce stable nutrient pellets, enhancing soil fertility while recycling material.",3,37,2,0.07142857142857142,28,failed_constraints
2015,9219500,10,summary,"Explore minimal‑cost link sets from a start node to an endpoint in a region‑subdivided map by testing only segments flagged in pre‑computed optimal paths for any time slot, merging intersecting routes to compute a dynamic cost ranking shown on the display.",3,44,0,0.0,29,ok
2015,9219500,10,keyword,"Search for prior art on navigation methods with time‑varying segment cost functions, utilizing pre‑computed optimal inter‑region routing data to constrain graph search to segments flagged as optimal for given departure times, and generating multi‑period cost profiles by merging intersecting path segments.",2,45,0,0.0,34,ok
2015,9219500,10,function,"Search optimal travel routes on a map segmented into regions by using pre‑computed minimum‑cost connectivity for multiple time slots, then combine time‑dependent cost profiles of intersecting paths to display the cheapest route for a chosen departure time.",3,40,0,0.0,28,ok
2015,9036254,9,summary,"Transmitted‑light microscope illumination system with an axial‑adjustable diaphragm independent of lateral positioning, integrated into a housing that accommodates a detachable sample stage, and includes a sensor‑based controller to reposition the diaphragm according to stage presence and objective entrance pupil.",1,42,0,0.0,27,ok
2015,9036254,9,keyword,"Light source, housing, sample holder, diaphragm aperture adjustable along the optical axis independent of transverse position, separate support table, passage opening, control system responding to table presence, variable effective entrance pupil of objective in transmitted light microscopy.",3,37,2,0.06666666666666667,30,failed_constraints
2015,9036254,9,function,"Search for microscope illumination systems that adapt the diaphragm position along the optical axis independently of its transverse setting, adjust to objective pupil changes, integrate a movable sample table, and automatically reposition the aperture using a sensor detecting the table presence.",2,41,0,0.0,27,ok
2015,9190769,1,summary,"How to design a cable connecting device that groups multiple differential pair cables together and keeps their grounding conductors aligned and spaced by a spring‑based separation element and interlocking members, preventing misalignment during cable‑to‑connector mating.",1,38,0,0.0,26,ok
2015,9190769,1,keyword,"Search for cable joining device that uses multiple grounding pieces each with a mounting body and terminal arm, held by two clamping plates, with a spring‑like elastic spacer and engaging fasteners to keep plate spacing constant during attachment of dual‑wire shielded cables to a connector housing.",2,48,0,0.0,33,ok
2015,9190769,1,function,"Search for cable interconnection system that bundles multiple ground terminals side‑by‑side, using a dual clamp assembly and a spring‑tensioned spacer to keep clamp spacing constant while automatically aligning ground contacts to a common connector ground.",2,38,0,0.0,27,ok
2015,9141388,6,summary,"Search for processors that analyze upcoming instruction segments to identify data‑access and branch operations, build a track table, and prefetch the corresponding data or instruction blocks into a faster secondary cache before execution.",1,34,0,0.0,22,ok
2015,9141388,6,keyword,"Search for processor cores with a dual memory hierarchy (slow main memory and faster cache) where a cache controller pre‑extracts instruction blocks, builds execution tracks, identifies branch and base‑register update points, and pre‑prefills blocks via an intermediate buffer.",1,41,0,0.0,30,ok
2015,9141388,6,function,"processor prefetch system that analyzes upcoming instruction stream to detect data access or branch points, creates track records, then loads required memory blocks into a faster cache only after register updates or branch target resolution to improve execution efficiency",1,39,0,0.0,30,ok
2015,9049814,29,summary,"Seed coatings that combine a selective fungicide with isoflavone or isoflavonoid additives to suppress harmful fungi while preserving or promoting arbuscular mycorrhizal fungi, thereby enhancing seedling growth and reducing fungicide damage to beneficial microbes.",2,34,0,0.0,24,ok
2015,9049814,29,keyword,Search for seed coatings containing fungicidal agents that inhibit quinone oxidoreductase combined with isoflavone or isoflavonoid compounds to suppress pathogenic fungi while promoting arbuscular mycorrhizal fungi growth.,2,27,0,0.0,20,ok
2015,9049814,29,function,"A seed coating that simultaneously combats pathogenic fungi using QoI fungicides while preserving or stimulating arbuscular mycorrhizal fungal growth by incorporating isoflavone or isoflavonoid compounds, thereby enhancing seedling development and reducing negative fungicide effects.",1,34,0,0.0,26,ok
2015,9131499,4,summary,"Method for configuring silent‑subframe schedules in a base station by receiving an inactivity pattern from a neighbor, repeating it over several frames, then updating the schedule from a specified start subframe using an offset that is a tenth‑multiple of the pattern’s period.",2,45,0,0.0,25,ok
2015,9131499,4,keyword,"Method enabling a base unit to obtain a near‑silent subframe bitmap from a neighboring node, reproduce it across fixed-duration frames, and switch to an updated bitmap at a calculated start subframe defined by an offset multiple of one‑tenth the period.",2,43,0,0.0,26,ok
2015,9131499,4,function,"Find prior art on methods to coordinate a sparsely active subframe schedule by receiving a bitmap from an adjacent node, replaying the bitmap across several frames, then applying a new bitmap with an offset that is a multiple of the period divided by ten.",3,44,0,0.0,25,ok
2015,9176805,6,summary,"Search for methods that compress memory‑dump files by ranking stack frames, removing lower‑scored portions, and selecting chunks based on current stack data to reduce file size while respecting a threshold.",1,32,0,0.0,23,ok
2015,9176805,6,keyword,"Search for techniques ranking stack frames in memory dumps to selectively prune high‑size segments, optimizing dump size via threshold comparison, and algorithms determining removable portions based on priority metrics for efficient crash report handling.",2,35,0,0.0,27,ok
2015,9176805,6,function,"Searching for methods that compress memory dump files by extracting and deleting segments from stack frames, using a ranking algorithm to select which portions to remove, evaluating size thresholds, and outputting a reduced dump for debugging or analysis.",1,38,0,0.0,23,ok
2015,9144148,23,summary,"Search for a plasma torch nozzle that uses a cylindrical housing with a circumferential coolant circuit, taking gas in radially and expelling it axially to enhance thermal management in high‑temperature arc systems.",1,33,0,0.0,20,ok
2015,9144148,23,keyword,"Search for nozzle assemblies for gas‑cooled plasma torches featuring a hollow cylindrical body with an axial exit orifice, annular cooling gas channel directed circumferentially, a radially oriented inlet port, and an axially aligned outlet port for the cooling gas.",3,40,5,0.17857142857142858,28,failed_constraints
2015,9144148,23,function,"gas‑cooled plasma torch nozzle with cylindrical body, radial inlet port, axial outlet port, and internal circumferential gas flow pathway for coolant, separating cooling gas from plasma gas in a plenum, enabling efficient thermal management.",3,35,4,0.14814814814814814,27,failed_constraints
2015,8950405,13,summary,"Heat‑based therapy to melt and express meibomian gland obstructions, employing controlled temperature and milking action, followed by optional pharmacologic treatment for conditions such as chalazion and stye.",1,28,0,0.0,19,ok
2015,8950405,13,keyword,"heat‑based treatment of meibomian gland duct blockage using controlled 37–47 °C thermal exposure for 1–60 min, followed by milking to express melted wax, and subsequent topical pharmacological therapy for chalazion, hordeolum, stye, or blackhead lesions.",1,38,0,0.0,27,ok
2015,8950405,13,function,"Search for inventions describing regulated thermal treatment of eyelid meibomian gland obstructions, where heat around 37‑47 °C is applied for 1–60 minutes to melt plugs, followed by expression of melted material with milking action, and optional pharmacologic therapy.",1,40,0,0.0,26,ok
2015,9160764,4,summary,"Real-time evaluation of IP-based threat signals to score and block risky transactions by monitoring inter-device traffic, extracting source IP, scoring against content-driven risk, then suppressing downstream connections.",1,31,0,0.0,25,ok
2015,9160764,4,keyword,"Real‑time network security system with autonomous monitoring agents that extract source IPs from client‑server exchanges, compute a content‑based risk score, classify threat levels, and prevent high‑risk outgoing traffic.",2,32,0,0.0,25,ok
2015,9160764,4,function,"find patents describing autonomous network traffic monitoring extracting IP addresses, computing real‑time risk scores from peer content, and blocking subsequent connections to mitigate high‑risk transactions.",1,27,0,0.0,22,ok
2015,9128728,6,summary,"Search for a static source‑code analysis tool that automatically categorizes method calls by parameter sets, replaces unavailable methods with stubs representing different call types, builds a program‑flow model, and detects security weaknesses early in development.",2,37,0,0.0,27,ok
2015,9128728,6,keyword,"Search for software security tools that perform static analysis of application source, classify method calls into distinct invocation categories, replace unseen calls with stub models in execution graphs, detect vulnerabilities early in development.",2,33,0,0.0,24,ok
2015,9128728,6,function,"Search for methods that automatically analyze software code for security flaws by classifying function calls into categories, generating control‑flow graphs with stub replacements when external code is missing, and detecting vulnerabilities early in the development cycle.",3,37,2,0.08333333333333333,24,failed_constraints
2015,9190242,1,summary,"particle beam microscope with a two‑degree movable sample stage, independently rotatable sample carrier, third independent axis offset from the second, parallel to it, controlled to analysis or treatment positions while maintaining rastered sample during beam scanning.",1,37,0,0.0,27,ok
2015,9190242,1,keyword,"Search for microprobe systems featuring a sample holder movable on two intersecting axes, rotatable about two independent axes with non‑90° angles, and a separate sample mounting device that rotates on a third axis offset from the second, used for particle beam analysis and treatment.",3,45,0,0.0,30,ok
2015,9190242,1,function,"Search for inventions enabling a particle beam apparatus with a dual‑axis movable sample platform that can rotate a sample holder and an attached holder independently around parallel axes, permitting precise steering into analysis or treatment positions while maintaining raster alignment.",2,41,0,0.0,29,ok
2015,9064483,34,summary,"A guitar system with dual pickups—one covering all strings and another for a selected string group—uses a processor to pick the lowest fundamental among the group, generating a tone with a reduced frequency while preserving each string’s full frequency content.",1,43,0,0.0,28,ok
2015,9064483,34,keyword,"Search for electric guitar pickup system with dual magnet coils for subset and full string set, analog signal extraction, lowest frequency selector and sub-frequency conversion, output signal generation, and signal processor circuitry applied to string vibration detection.",2,38,0,0.0,29,ok
2015,9064483,34,function,electrical method for detecting the lowest frequency string of a multi‑string instrument and down‑shifting that string to produce a lower‑frequency output while separately routing higher‑frequency signals unchanged,1,31,0,0.0,21,ok
2015,9127080,16,summary,"Search for nucleic acid therapies that employ protein carriers to deliver signal‑tagged mRNAs encoding mitochondrial proteins, aimed at boosting cellular respiration and diagnosing mitochondrial dysfunction in a broad range of disorders.",1,32,0,0.0,22,ok
2015,9127080,16,keyword,"search for compositions containing signal‑tagged RNA encoding human mitochondrial proteins delivered with protein carriers, for therapy of disorders linked to mitochondrial mutations, including diagnostic kits using recombinant polynucleotides and proteinaceous carriers.",3,32,1,0.041666666666666664,24,failed_constraints
2015,9127080,16,function,"search methods stimulating cellular respiration via protein‑coding RNA complexes with protein carriers for treating mitochondrial mutation disorders, including diagnostic assays for identifying mitochondrial dysfunction and compositions incorporating signal tags for targeted delivery.",3,33,1,0.038461538461538464,26,failed_constraints
2015,9190882,1,summary,"Search for electromagnetic piston engine using ferrous piston head, electromagnet array, crankshaft, pivoting piston head, controlled energization sequence to convert magnetic attraction to reciprocating motion.",1,25,0,0.0,20,ok
2015,9190882,1,keyword,"Electromagnetic engine with ferrous piston heads connected to piston rods that pivot on a support structure, where energized magnetic coils generate attractive forces to pull pistons toward the coils, controlled by a sequence assembly to drive a crankshaft and output shaft.",1,41,0,0.0,26,ok
2015,9190882,1,function,search for electric‑magnet driven pistons for reciprocating motion into crankshaft power; look for ferrous piston heads pulled by time‑sequential energized electromagnets creating angular piston motion and mechanical energy transfer to output shaft.,1,34,0,0.0,25,ok
2015,9147851,1,summary,"Search for variable capacitors employing a nucleic-acid-derived polymer film with an organic surfactant layer, sandwiched between a conjugated polymer and two metal electrodes, to achieve tunable capacitance through compositional adjustments.",3,32,0,0.0,23,ok
2015,9147851,1,keyword,"Search for patents describing variable capacitors that use a DNA-derived biopolymer interlayer containing organic moieties and surfactants, positioned between an initial electrode and a conjugated polymer electret, followed by a second electrode.",1,33,0,0.0,22,ok
2015,9147851,1,function,"Search for variable capacitors that use a metallic electrode, a DNA‑based biopolymer with surfactants as a dielectric, a conductive polymer interlayer, and an upper metal electrode to achieve tunable capacitance for biosensing or adjustable filtering applications.",3,37,1,0.045454545454545456,22,failed_constraints
2015,9119664,13,summary,"Search for a surgical device featuring adjustable seal assemblies within multiple longitudinal ports that pivot instruments, allowing variable positioning and sealed access to a body cavity while protecting the ports from accidental penetration.",2,33,0,0.0,23,ok
2015,9119664,13,keyword,"Surgical port apparatus with adjustable seal housings in dual longitudinal bores, fluid‑tight pivotable chambers, gradually tapering distal openings, and an outer protective sleeve to secure instruments traversing a tissue tract toward an internal cavity.",1,35,0,0.0,26,ok
2015,9119664,13,function,"Surgical device features adjustable, fluid‑tight longitudinal ports that anchor instruments, permitting selective positioning of sealing assemblies along each channel to securely seal instruments during tissue tract access to a cavity, including pivotable mounts and protective sleeves.",1,37,0,0.0,29,ok
2015,9010503,31,summary,"Pneumatic vehicle wheel brake featuring a hand‑operated lever linked to an air cylinder, supplemented by a motor‑driven actuator and external spring accumulator that automatically apply braking pressure when the lever is released for reliable parking.",1,37,0,0.0,24,ok
2015,9010503,31,keyword,"Search for pneumatic wheel brake assemblies featuring a lever‑activated compressed‑air cylinder, a motor‑driven actuating unit applying force to the lever when idle, and an external spring‑accumulator mechanism that automatically engages the braking pair to hold a vehicle stationary.",3,42,2,0.07142857142857142,28,failed_constraints
2015,9010503,31,function,"pneumatic vehicle wheel brake that uses a compressed‑air lever to engage brake pads, an optional motor actuator that can apply force when the lever is released, and an external spring accumulator that also maintains pressure, enabling automatic parking‑brake activation and staged release.",2,44,0,0.0,30,ok
2015,9181052,25,summary,"Searching for a paper‑pickup apparatus employing two rotatable rollers and a sponge to guide a pickup tape, where a sliding cover grips the tape’s free end to pull it between rollers, forming a self‑balancing paper handling device.",1,40,0,0.0,25,ok
2015,9181052,25,keyword,"Paper pickup apparatus featuring a frame‑mounted parallel rotatable release and receive rollers, a lower‑positioned sponge suction element, a movable lifting cover engaging the pickup tape at the release roller, with the tape’s free end navigating the sponge and attaching to the receive roller.",1,46,0,0.0,30,ok
2015,9181052,25,function,"paper pickup device employing two parallel rotatable rollers and a bottom sponge pad, where a tape guided by a sliding lifting cover pulls and transfers paper through the sponge interface, enabling controlled sheet pickup and movement.",1,36,0,0.0,25,ok
2015,9109828,34,summary,"Search for refrigeration units where a single motor‑mounted fan assembly can pivot its cross‑flow blades to switch between top and lateral venting, featuring rotatable covers, angled back plates, and integrated controls.",2,33,0,0.0,24,ok
2015,9109828,34,keyword,"cross‑flow blower wheel fan‑motor unit with rotatable fan cover aligning airflow to either a top or side discharge vent; interchangeable top plate and back plate angled 75‑115°, fastener voids and clips; includes liquid line U‑bend, TXV, and coated evaporator coil in a refrigeration system.",3,48,8,0.2222222222222222,36,failed_constraints
2015,9109828,34,function,"search for refrigeration systems where a motor and multiple rotatable fan elements can be reoriented to direct airflow to either top or side discharge outlets, utilizing adjustable mounting plates and clip‑based fastening to accommodate variable orientation angles.",2,38,0,0.0,26,ok
2015,8972735,4,summary,Search for systems that authenticate digital signatures by comparing a device’s claimed location against a database and matching the user’s biometric data to stored records for validation.,1,29,0,0.0,16,ok
2015,8972735,4,keyword,"Search for devices or systems that use a data transceiver to obtain a request for digital signature confirmation, retrieve device identification geolocation from a database, compare with claimed location, and apply biometric matching before issuing a signed authentication token.",3,39,0,0.0,25,ok
2015,8972735,4,function,"Search for systems that authenticate digital signatures by verifying a device’s claimed geographic location against stored IP or MAC geolocation data, and matching a user’s biometric input (fingerprint, face, voice) with stored biometric templates to attest signature authenticity.",1,40,0,0.0,27,ok
2015,9127373,21,summary,"Search for a melt furnace employing a crucible surrounded by a magnetic induction heater and a movable lateral insulation ring that can shift between continuous and gap states to regulate heat flow while keeping low conductivity, featuring rotating or longitudinal insulation element motion.",1,43,0,0.0,30,ok
2015,9127373,21,keyword,"crucible magnetic induction furnace with sidewall heat shield that relocates ring elements between continuous and discontinuous configurations, enabling controlled thermal leakage; includes low electrical conductivity (<1 S/m) and low thermal conductivity (<15 W/m/K) insulating sub‑components that rotate or slide along the crucible axis.",3,47,1,0.03125,32,failed_constraints
2015,9127373,21,function,"Search for a magnetically heated crucible system featuring adjustable side‑wall barriers that can be toggled between complete cover and partial gaps to regulate heat loss, using low‑conductivity insulating components driven by rotational or translational motions around the vertical axis.",2,41,0,0.0,30,ok
2015,8930971,7,summary,"Method and apparatus for enabling embedded advertisements in nested web documents to retrieve and display target content when parent pages lack cross‑domain support, by launching a chain of helper windows from the advert’s sub‑domain that communicate candidate origins back to the original domain for secure data linking.",1,50,0,0.0,32,ok
2015,8930971,7,keyword,"Search prior art for a web‑page advertising method where an embedded iframe advert from a third‑level domain triggers content loading via multiple temporary windows to resolve cross‑origin access limitations in legacy browsers, mapping origin candidates to the main domain before linking content.",2,45,0,0.0,33,ok
2015,8930971,7,function,"Search for methods enabling ad content loading in a nested document across parent, child, and grandchild domains by launching sequential helper windows to identify the correct document origin for secure content linkage upon viewer interaction.",2,35,0,0.0,25,ok
2015,9092080,2,summary,"Search for OLED display structure employing a shared initialization line routed through a contact-hub electrode surrounded by pixel cells, alongside scan, data, and drive lines, to enhance aperture ratio and simplify pixel voltage delivery.",2,35,0,0.0,26,ok
2015,9092080,2,keyword,"Search OLED displays featuring row‑aligned pixels and a shared pre‑bias conductor positioned between rows and columns that couples through a grounded electrode within the driving layer, delivering a pre‑charge potential to each pixel ahead of the data drive.",2,41,0,0.0,29,ok
2015,9092080,2,function,"Search for OLED display architectures that enable pixel initialization via a shared voltage source routed through a central interconnect, improving pixel density and reducing inter-pixel dead zones in high-resolution panels.",2,32,0,0.0,24,ok
2015,8986940,10,summary,"Systems using vacuum-assisted wound drainage integrated with biosensors to detect infection-related molecules in exudate, including porous pads containing luciferase for pressure distribution and airtight draping for fluid sampling.",1,30,0,0.0,22,ok
2015,8986940,10,keyword,"search for methods or devices for detecting wound infections using vacuum or negative pressure, porous antimicrobial or luciferase‑containing pad, airtight drape, fluid extraction conduit, and sensor detecting microbial metabolites or nucleic acids.",1,33,0,0.0,24,ok
2015,8986940,10,function,"Searching for a negative‑pressure wound monitoring system that uses a porous pad to apply suction, withdraws wound fluid, and senses infection biomarkers or microbial components, possibly employing a luciferase‑containing pad for detection.",1,34,0,0.0,23,ok
2015,9210276,3,summary,"Search for prior art on systems that aggregate VoIP services from multiple vendors, organize them into tiered bundles, rebrand for resellers, and automatically select services within a tier to maximize reseller profit.",1,32,0,0.0,20,ok
2015,9210276,3,keyword,"Search for voice‑over‑IP service aggregation platforms employing database‑driven server modules that group multiple vendor‑supplied VoIP offerings into tiered bundles, automatically selecting services to maximize reseller margin, and exposing branded tiered access to downstream resellers.",1,38,0,0.0,30,ok
2015,9210276,3,function,"Search for systems that aggregate telecom services into tiered bundles, present them with reseller branding, and automatically select from each tier to maximize reseller profit.",1,25,0,0.0,15,ok
2015,8951952,19,summary,"Patent search for a reusable solvent system composed of aromatic and fatty acid esters, optional hydrotrope, terpene, odor‑mask and nonionic surfactant, that extracts asphalt and bitumen from surfaces and can be regenerated using a countercurrent ammonia/carbon‑dioxide column setup.",3,41,1,0.03571428571428571,28,failed_constraints
2015,8951952,19,keyword,"Search for aqueous solvent blends containing aromatic esters (10‑60 wt %) and aliphatic esters (30‑60 wt %), with optional hydrotropic co‑solvents, cyclic terpenes, odor‑silencing additives, and non‑ionic surfactants, used for extracting asphalt or bitumen from solids and recoverable by counter‑current ammonia or CO₂‑assisted separations.",2,49,0,0.0,37,ok
2015,8951952,19,function,"Search for water‑soluble solvent systems that use aromatic and aliphatic fatty acid methyl esters in combination with co‑solvents, terpenoids, and nonionic surfactants to efficiently remove asphalt or bitumen residues from a substrate and then recycle the mixture via countercurrent ammonia or CO₂ stripping.",3,45,3,0.1,30,failed_constraints
2015,9213786,12,summary,"Search for computer‑controlled sacrificial‑material removal methods that generate mating surfaces on two parts, then store updated part definitions for each part to aid assembly.",1,26,0,0.0,19,ok
2015,9213786,12,keyword,"Search for digital fabrication methods where a CAD model of a sacrificial component defines a removable surface, a complementary surface on a second component is generated, and part definitions for both components are stored for assembly planning.",3,37,1,0.047619047619047616,21,failed_constraints
2015,9213786,12,function,"Search for methods enabling a computer‑controlled assembly system that receives binary component geometry files, calculates trimming of a first component’s sacrificial material to expose a joinable face, defines a mating face on the second component, and updates part models to include both joined surfaces.",2,46,0,0.0,31,ok
2015,8969612,19,summary,"Search prior art for innovative surfactants that improve oil recovery or extraction, emphasizing unique chemical configurations that enhance interfacial activity in petroleum dewatering or recovery operations.",1,26,0,0.0,18,ok
2015,8969612,19,keyword,"Surfactant type IIb compounds with amphiphilic architecture—quaternary ammonium or sulfonate head groups, linear alkyl or fatty acid chains, hydrophilic polymeric side chains—for enhanced oil recovery, characterized by low surface tension, micelle formation, aqueous phase solubility, and reservoir compatibility.",1,40,0,0.0,32,ok
2015,8969612,19,function,"novel surfactants enabling efficient oil recovery or extraction by reducing interfacial tension, enhancing emulsification, or stabilizing brine‑oil interfaces in petroleum processes, especially for high‑salinity environments and improved displacement efficiency.",1,31,0,0.0,23,ok
2015,8996509,6,summary,"Search interface that lets users ask agents for more info beyond results; the system selects agents by bid and rank, assigns them to timed batches, sends the request to the first batch, delivers replies to the user, then retries with the next batch if replies are below a threshold.",2,49,0,0.0,30,ok
2015,8996509,6,keyword,"Search methods providing results page with embedded agent request interface, user‑provided inquiry containing contact details and supplementary text, agent selection based on bid and relevance metrics, ranking, time‑slot scheduling for agent dispatch, and retry logic upon insufficient responses.",1,40,0,0.0,32,ok
2015,8996509,6,function,"Query for prior art on systems that display results with integrated agent interaction modules, capture user requests with contact details, match agents based on bids and keywords, rank them, and forward requests sequentially to agents, retrying if not enough responses.",2,40,0,0.0,27,ok
2015,9157149,21,summary,"Search for methods using silicon‑containing reducing agents to convert metal atoms from high oxidation states to zero oxidation in atomic layer deposition, including vapor phase precursor treatment, acid pulsing, and reducing agent exposure for metals in groups 1‑12 and metalloids As, Sb, Bi, Te, Se.",3,47,3,0.08823529411764706,34,failed_constraints
2015,9157149,21,keyword,"Search for catalytic deposition methods using a vapor of a metal oxide precursor containing an element from Groups 2–12 or As, Sb, Se, Te, combined with a bis(trimethylsilyl) cyclic siloxane reducing agent to reduce the metal to zero oxidation state during a single‑cycle ALD process.",3,48,1,0.03225806451612903,31,failed_constraints
2015,9157149,21,function,"Searching for processes that convert oxidized metalloid or metal ions within Groups 1–12, As, Sb, Bi, Se, and Te into a lower oxidation form using organosilicon or heteroatom‑containing reducing agents, enabling thin‑film deposition on substrates after acid‑mediated surface activation.",3,43,2,0.06451612903225806,31,failed_constraints
2015,8998506,9,summary,"An optical fiber connector featuring a bayonet-style housing with an internal collar and retainer that restricts full rotation, a fiber boot with access slots, and a sleeve-actuated buffer clamp for secure cladding engagement and easy repositioning.",2,38,0,0.0,24,ok
2015,8998506,9,keyword,"Search for optical fiber ST format connector housing with bayonet style, collar body and interior retainer preventing rotation, buffer clamp inside collar body clamping fiber buffer cladding, actuated by sleeve with flange, fiber boot restraining lateral movement.",3,37,0,0.0,30,ok
2015,8998506,9,function,"Search for optical fiber connectors with bayonet-style ST housing that prevent full rotation via a collar and retainer, include a fiber boot limiting lateral motion, and integrate a buffer-cladding clamp actuated by a sliding sleeve with access slots.",1,40,0,0.0,27,ok
2015,9184468,1,summary,"Electrolyte for battery cells that combines highly flammable‑resistant fluorinated solvents with imide‑ or methide‑based salts, achieving a single‑phase, wide temperature‑range electrolyte while enhancing safety and ionic conductivity.",2,31,0,0.0,23,ok
2015,9184468,1,keyword,"Search for electrolytes containing fluorinated imide or methide salts with 1–8 carbon fluorinated groups, blended with non‑fluorinated carboxylic acid esters (e.g., methyl/ethyl acetate/propionate/butyrate) and fluorinated solvent mixtures (e.g., perfluorinated ethers/esters ≥30 wt %) forming single‑phase solutions from –30 °C to 80 °C, including phosphazene flame retardants.",3,54,5,0.13513513513513514,37,failed_constraints
2015,9184468,1,function,"Search for electrolytes using fluorinated imide or methide salts in conjunction with fluorinated solvent mixtures that produce a non‑flammable, single‑phase liquid electrolyte stable from −30 °C to 80 °C, enabling safer and high‑temperature electrochemical cells.",1,38,0,0.0,25,ok
2015,9161191,4,summary,"Search for systems that detect when a mobile subscription is inactive, query voicemail to confirm no message, then notify the user after reactivation and repeat notifications until acknowledged, dropping notification if voicemail exists.",2,33,0,0.0,22,ok
2015,9161191,4,keyword,"Search for mobile communications systems employing a processor that detects a missed incoming call while the user’s service account is inactive, queries a voicemail server for a message, and upon voicemail absence triggers a deferred notification once the account re‑activates.",2,42,0,0.0,27,ok
2015,9161191,4,function,"System that monitors failed call attempts for a deactivated account, queries voicemail for recorded messages, stores missed call data, and upon reactivation sends a primary missed call alert to the device; if the alert fails to deliver, it triggers repeated notifications with the same call info.",3,46,0,0.0,30,ok
2015,9193918,19,summary,"Search for integrated processes converting methanol to gasoline while harvesting reaction heat with coolant to create steam, then employing series steam turbines to capture that heat for electricity production.",2,29,0,0.0,20,ok
2015,9193918,19,keyword,"search methanol‑based gasoline synthesis with catalyzed reactor, water‑coolant heat recovery, and multi‑stage steam turbine power loop employing high‑pressure and medium‑pressure turbines from superheated steam.",2,29,0,0.0,23,ok
2015,9193918,19,function,Method combining methanol‑to‑gasoline catalysis with coolant‑vapor heat recovery to drive multi‑stage steam turbines for electricity generation and optimize overall energy efficiency.,1,25,0,0.0,18,ok
2015,9126765,25,summary,"Search for a linear conveyor that uses a single rotating motor mounted on a movable base; the motor drives several eccentric masses linking to the conveyor bed to produce alternating forward–reverse motion and stop product when desired, improving transfer speed and control.",2,43,0,0.0,28,ok
2015,9126765,25,keyword,"Search for prior art of a linear‑motion conveyor with a reciprocating elongated bed and a product‑supporting surface, powered by a selectively energized motor mounted on an adjustable carrier with coupled eccentric masses, drive link, and counterweight system to provide bidirectional travel and product stop control.",3,47,2,0.06666666666666667,30,failed_constraints
2015,9126765,25,function,"Search prior art for a reciprocating conveyor apparatus that uses an adjustable motor support with eccentric flyweights to alternately move items between two ends, reverse direction by repositioning the motor support, and halt items midway, employing a vibrationally driven bed and counterweight frame.",2,43,0,0.0,30,ok
2015,9079518,32,summary,"Automatic vehicle seat system that detects an occupant’s intention to exit and adjusts the seat height based on its front‑rear position, raising or lowering the seat to facilitate safe egress.",1,32,0,0.0,19,ok
2015,9079518,32,keyword,"Vehicle seat control system with hydraulic vertical mover, longitudinal shift assembly, occupant egress intent sensor, and programmable controller that varies seat cushion height according to seat longitudinal position during exit scenarios.",2,31,0,0.0,25,ok
2015,9079518,32,function,"vehicle seat system employing upward/downward actuator and front‑to‑rear motorized seat repositioning, with occupancy intention sensing to automatically adjust seat height corresponding to seat location for safer egress.",1,30,0,0.0,22,ok
2015,9187050,32,summary,"Search for an electric car wiring system that routes cables through a floor opening, connecting a rearward underfloor module to a forward near‑floor unit by placing the passageway centrally along the vehicle length.",2,34,0,0.0,22,ok
2015,9187050,32,keyword,"search for electric vehicle chassis harness routing, involving a floor panel with a cable aperture, a sub‑floor module, a front‑mounted on‑board subsystem, cable connecting the two, routed through the opening positioned axially between rear and forward connector junctions.",2,41,0,0.0,29,ok
2015,9187050,32,function,"Search for electric vehicle harness routed through a floor panel with an intermediate opening that connects a rear‑mounted component below the floor to a forward‑mounted component above the floor, aiming to shorten cable runs and ease assembly.",3,39,2,0.08,25,failed_constraints
2015,8953268,2,summary,"Find prior art on methods that construct and apply narrow servo bands, no larger than 1.2 times the transverse distance between data read/write transducers, to a high‐density recording strip, enabling precise head placement with multiple servo readers.",3,40,4,0.13793103448275862,29,failed_constraints
2015,8953268,2,keyword,"Search for patents describing servo bands on tape or magnetic disc with width proportional to inter‑transducer spacing divided by integer N, multiple servo readers positioned laterally for head calibration, and formatting methods using servo patterns covering at most 1.2×B/N of the band.",2,46,0,0.0,28,ok
2015,8953268,2,function,"Search for methods enabling accurate head positioning on linear magnetic media by utilizing narrow guidance bands less than 1.2 times the transverse transducer spacing, with multiple tracking readers per head that adjust head location during successive write and read operations.",3,41,0,0.0,30,ok
2015,9151620,10,summary,"Search for aircraft navigation system that fuses multiple radionavigation, inertial, and anemometric sensors via redundant processing chains with fault detection and parameter reconfiguration, producing consolidated position and attitude data for enhanced reliability.",2,32,0,0.0,23,ok
2015,9151620,10,keyword,"In aircraft navigation systems, is there prior art on a redundant data consolidation architecture that fuses GPS, inertial measurement units, and anemo‑barometric sensors, using indexed consolidation circuits, fault‑detecting comparison layers, and hybrid integration of position, reference, and airflow parameters?",1,41,0,0.0,30,ok
2015,9151620,10,function,"Search for aircraft navigation devices that fuse radionavigation, inertial, and barometric sensor data using redundant consolidation modules, fault‑detection comparisons, and hybridization techniques to compute precise position and reference parameters.",1,30,0,0.0,22,ok
2015,9151889,9,summary,"Search for large-core optical fibers with rare-earth-doped glass having near-silica index, dual-cladding design with microlayer holes for unwanted modes, reducing inner-core multimode propagation and improving gain uniformity.",3,33,4,0.15384615384615385,26,failed_constraints
2015,9151889,9,keyword,"Search for large‑core, lanthanide‑doped glass optical fibers with low‑index‑contrast first cladding and perforated second cladding providing mode filtering for high‑power fiber laser systems, having refractive index close to silica to suppress secondary waveguides.",2,38,0,0.0,30,ok
2015,9151889,9,function,"Search for large‑core optical fibers where rare‑earth‑doped glass has a near‑silica index, using a multi‑layer cladding filled with holes to suppress higher‑order modes, thereby enhancing gain for fiber laser or amplifier applications.",3,38,6,0.2222222222222222,27,failed_constraints
2015,9200432,35,summary,Methods for estimating bucket load weight in hydraulic lift machines using remote pressure sensor data adjusted for temperature and velocity‐dependent pressure loss via empirical modeling.,1,26,0,0.0,20,ok
2015,9200432,35,keyword,"Find prior art for a hydraulic lift system with a pivoting linkage and a distant pressure sensor, where a load estimator adjusts measured pressure using a temperature‑sensitive, velocity‑dependent pressure drop model derived from experimental data.",2,37,0,0.0,25,ok
2015,9200432,35,function,"Search for hydraulic lift systems that use remotely located pressure transducers to estimate a bucket’s payload weight by correcting for pressure loss that varies with fluid temperature and piston travel speed, employing model‑calibrated loss predictions.",2,37,0,0.0,25,ok
2015,9090846,19,summary,"Search for a driveline lubricating formulation that includes a viscous base oil and a unique antiwear additive created by reacting a glyceric‑derived hydroxy carboxylic acid with a phosphorylating reagent and optionally an amine, aimed at manual and automatic transmissions.",2,40,0,0.0,24,ok
2015,9090846,19,keyword,"Search for lubricating systems combining a lightweight oil with a 0.01–5 wt % additive formulated from glycolic, malic, tartaric, or citric acid derivatives, phosphorylating compounds, optional alcohols, and amine reactions, applied to driveline components or combustion engines.",3,38,0,0.0,25,ok
2015,9090846,19,function,"Search for lubricants containing anti‑wear additives derived from glycolic, malic, tartaric, or citric acid reacting with phosphorous or thio‑phosphorous compounds, used to protect and reduce wear in mechanical driveline or transmission components.",2,34,0,0.0,23,ok
2015,9025049,2,summary,"Search for methods that partition an image into regions, selectively blur background portions while preserving subject edges, and inject consistent synthetic noise only into the similarly blurred areas to yield realistic privacy or stylized results.",1,35,0,0.0,24,ok
2015,9025049,2,keyword,"Search for techniques that segment images into multiple regions, apply selective background Gaussian blur while preserving subject edges, and add statistically consistent noise to the blurred regions to maintain uniform noise levels across background portions.",2,35,0,0.0,26,ok
2015,9025049,2,function,"segmentation of an image into multiple local zones, applying selective background blurring that maintains subject edges, and add synthetic noise to the blurred zones so noise density matches other blurred regions for consistent privacy masking",1,35,0,0.0,25,ok
2015,9016396,26,summary,"Search for rock drilling percussion devices with piston‑cylinder arrangement and impact receiver having shockwave‑modifying element opposite the strike direction, matching piston length, possibly tubular, including a damping piston to improve shockwave transfer.",1,34,0,0.0,26,ok
2015,9016396,26,keyword,"Describe prior art on rock drilling percussion units featuring a reciprocating piston inside a cylinder, an impact receiving sleeve with a front shock surface, an integrated shock‑wave shaping section of matching length, tubular around piston, and a rear damping piston engaging the section.",3,44,2,0.06451612903225806,31,failed_constraints
2015,9016396,26,function,"Search for patents describing a rock‑drilling percussion unit with a reciprocating piston inside a cylinder that forces an impact surface to strike a shock‑wave‑redirecting element of equal length, possibly tubular, followed by a counter‑piston to damp the rear end, thereby delivering energy to a drill bit.",3,50,0,0.0,32,ok
2015,8973571,13,summary,A device that reduces aerosol waste from metered‑dose inhalers by using a flexible duck‑bill valve to block reverse airflow and a rotational flow generator to boost medication delivery.,3,30,2,0.10526315789473684,19,failed_constraints
2015,8973571,13,keyword,"Search patents describing a static-neutral inhalation delivery chamber with a flexible duck‑bill valve that opens centrally to allow aerosol flow while directing exhaled air to a side vent, including patient interface, flexible receptacle for medication loading, and a rotational airflow element to enhance distribution.",2,46,0,0.0,33,ok
2015,8973571,13,function,"A medication delivery assembly containing an antistatic chamber, a movable duck‑bill valve that blocks exhaled airflow yet provides a central longitudinal passage, a patient interface, and a rotating flow generator to increase aerosol utilization while preventing loss or inefficient delivery.",1,41,0,0.0,29,ok
2015,9073341,2,summary,How can a print system compensate for nozzle‑driven color unevenness by generating per‑nozzle‑group correction tables derived from measured ejection characteristics of multi‑color ink heads?,1,28,0,0.0,21,ok
2015,9073341,2,keyword,"search for inkjet printer calibration methods that use correction tables based on nozzle ejection characteristics for multi‑color inks, employ RGB color cube edge sampling excluding interior points, and implement data processing units to derive ink output parameters for uniform color distribution on print media.",1,45,0,0.0,35,ok
2015,9073341,2,function,Search for methods generating nozzle‑array‑specific color‑correction tables in ink‑jet printers by evaluating nozzle ejection characteristics and printing calibration patterns derived from RGB cube edges while excluding interior cube points.,2,33,0,0.0,26,ok
2015,9041514,6,summary,RFID tag featuring an antenna angled relative to the tag case’s rectangular faces to suppress reception nulls and employing slanted linear polarization to produce cross‑polarized reflected components for improved link robustness.,1,33,0,0.0,23,ok
2015,9041514,6,keyword,"RFID tag with oblique long rectangular antenna, linearly polarized transmission slanted relative to environmental reflecting surfaces, cross‑polarized direct and reflected waves, matching polarization planes, same direction slant for reader and tag antennas, reducing null points.",3,36,0,0.0,29,ok
2015,9041514,6,function,"Search for RFID systems employing elongated, rectangle‑mounted antennas arranged obliquely to case edges to suppress null reception points, using slanted linearly‑polarized transmitted waves that produce cross‑polarized direct and reflected components on horizontal/vertical reflecting surfaces for robust reader‑tag communication.",2,43,0,0.0,34,ok
2015,9184676,1,summary,"search for rotating machine using fluid‑suspended, variable‑capacitance plates as non‑contact bearings that generate torque through inter‑plate electrostatic forces, enabling high power density without solid contact.",1,29,0,0.0,24,ok
2015,9184676,1,keyword,"Rotating electric generator with fluid film bearing using floating capacitor plates separated by liquid, generating torque via varying electrode voltage; rotor and stator include plated and non‑plated circumferential regions; liquid as bearing medium; axial motion of plate regions; dynamic capacitive power density.",3,43,0,0.0,35,ok
2015,9184676,1,function,"search for generators or motors using liquid films as non‑contact bearings between moving capacitor plates, where electrostatic forces vary to produce rotation and high power density; include techniques for aligning and misaligning plate regions and fluid‑suspension control.",3,39,0,0.0,28,ok
2015,9153494,8,summary,"Search for semiconductor packaging methods that integrate conductive thermal management vias through encapsulants and TSV structures, forming conductive layers and interconnects for stacked dies while isolating and cooling via peripheral encapsulation.",1,31,0,0.0,23,ok
2015,9153494,8,keyword,"In microelectronics packaging where TSV wafers host stacked die, the query targets methods featuring through‑silicon vias, encapsulants forming peripheral rings during singulation, conductive through‑metal vias (TMVs) embedded in encapsulants, conductive/top‑layer interconnects, and insulating layers for multi‑die stack and internal module integration.",1,46,0,0.0,37,ok
2015,9153494,8,function,"Semiconductor packaging encapsulated assembly featuring a peripheral encapsulant ring, overlying interconnect layers formed after die mounting, TSV channel‑enabled through‑membrane vias, and dual‑side die stacking while preserving encapsulant along the package perimeter.",1,34,0,0.0,29,ok
2015,9105880,1,summary,"A stacked fuel cell array that embeds electron‑conducting interconnects within the electrolyte using a pyrochlore‑based cermet, allowing direct anode‑cathode coupling between adjacent cells for improved electrical integration.",1,30,0,0.0,23,ok
2015,9105880,1,keyword,"Search for fuel cell assemblies featuring interelectrode connectors that channel electrons through cermet pyrochlore alloys (MRE₂Zr₂O₇) with rare‑earth cations, embedded in the electrolyte between anode and cathode layers.",3,29,1,0.045454545454545456,22,failed_constraints
2015,9105880,1,function,"Search for prior art of fuel cell assemblies comprising stacked electrochemical cells linked by embedded conductive interconnects contacting the electrolyte, where the interconnects are cermet materials containing a rare‑earth pyrochlore ceramic phase and provide electron transfer between adjacent cell cathodes and anodes.",3,43,0,0.0,31,ok
2015,8972814,4,summary,Searching for prior art on bit reordering before a two‑part encoding process that enhances the error‑correcting distance of control data transmitted by wireless user equipment.,1,27,0,0.0,18,ok
2015,8972814,4,keyword,"Investigate user terminal algorithms for reordering known and unknown control symbols before dual‑component code generation, enhancing interleaving properties to improve the minimum distance measured at a base station receiver.",3,30,0,0.0,22,ok
2015,8972814,4,function,"Query for prior‑art on techniques that reorder groups of known and unknown data elements before a two‑stage encoding producing two sequential code segments, decode and re‑arrange at the receiver, enabling improved code distance properties.",2,37,0,0.0,26,ok
2015,9107102,4,summary,"Efficient mobile device reporting of drive‑test quality metrics to a base station, using an initial configuration message, followed by a capability check, timers to manage data availability, and conditionally sending presence notifications to minimize overhead during handover or non‑support scenarios.",1,42,0,0.0,30,ok
2015,9107102,4,keyword,"Search for cellular UE protocols that receive base station logging configuration, perform MDT quality measurement, log results per config, trigger timers, and conditionally report presence of logged data via third or fourth messages based on subsequent BS support or handover command indications.",1,42,0,0.0,33,ok
2015,9107102,4,function,"Query for devices reporting network diagnostic logs to a base station: system receives configuration, performs channel performance measurement, logs data per instructions, starts a timer, and notifies the station only when it supports the report, handling handover and timer control.",2,40,0,0.0,28,ok
2015,8947290,5,summary,"Search for improved successive approximation ADCs that use a two-level binary-weighted capacitor DAC—an upper part with correction signaling and a lower part containing variable capacitors controlled by the upper bits, all linked through a coupling capacitor for faster, higher-resolution conversions.",1,44,0,0.0,31,ok
2015,8947290,5,keyword,"Search for a successive approximation analog‑to‑digital converter employing binary‑weighted capacitive DAC arrays with a higher‑ and lower‑order segment, a coupling between common nodes, a variable capacitor controlled by upper‑bit signals, and a control circuit providing correction or bit streams.",3,44,0,0.0,30,ok
2015,8947290,5,function,"Find successive‑approximation ADCs that use a split binary‑weighted capacitor array with a coupling capacitor between common nodes, controlled by separate digital signals for high‑ and low‑bit groups, including variable capacitors driven by higher‑bit logic for fast, high‑resolution conversion.",2,43,0,0.0,32,ok
2015,9015820,4,summary,"methods for authenticating client requests to an electronic service via a content gateway, using a script‑embedded invisible window that exchanges a trust token, validates it, and then authorises the request, ensuring the content provider cannot alter or access the token.",3,41,0,0.0,26,ok
2015,9015820,4,keyword,"Query for prior-art on client‑side scripts creating isolated windows (trusted frames), exchanging trust tokens with an external content host, then validating the token when the host relays user requests to an electronic service, ensuring secure authentication.",2,38,0,0.0,27,ok
2015,9015820,4,function,"Authentication of client requests transmitted via a content platform using an embedded, provider‑unaware script‑generated secure window that retrieves and forwards a trust token to both the platform and the client, then verifies the token before permitting request processing.",2,40,0,0.0,27,ok
2015,9178437,1,summary,A power converter controller modulating switch pulse timing based on DC core currents and their rate of change to generate voltage target profiles that keep transformer core flux near zero and prevent saturation.,2,33,0,0.0,23,ok
2015,9178437,1,keyword,"Search for power converter controllers that adjust switching intervals in bridge networks to suppress transformer core saturation, using DC current detection in transformer windings, rate‑of‑change analysis, and target voltage timing functions to maintain near‑zero DC flux.",2,39,0,0.0,29,ok
2015,9178437,1,function,"Search for power converter controllers that sense DC core‑flux components of both transformer sides, generate target voltage timing functions, and adapt the timing of turn‑on signals to prevent core saturation while keeping average winding currents near zero.",2,39,0,0.0,29,ok
2015,9181796,35,summary,"Wellbore position tracking of a service tool using a wheel‑contact sensor with magnetic roll‑based distance measurement, comparing cumulative wheel revolutions to a fixed completion assembly reference point.",1,29,0,0.0,21,ok
2015,9181796,35,keyword,"Find prior art on downhole service tools equipped with wheel‑based sensor assemblies that roll inside wellbores, use rotating magnets to convert wheel revolutions into magnetic field variations, measure travelled distance, and determine tool position relative to a stationary packer‑mounted completion assembly.",1,43,0,0.0,33,ok
2015,9181796,35,function,How can a downhole service tool employ a wheel‑mounted sensor to track its travel distance by counting wheel revolutions and compare that to a fixed reference point to determine precise wellbore positioning?,2,33,0,0.0,21,ok
2015,9051581,15,summary,"Search for soybean rust resistance peptides from phage-display screens that inhibit urediniospore germination, expressed as fusions with cytokinin oxidase or M13 coat protein to confer transgenic plant immunity.",1,29,0,0.0,20,ok
2015,9051581,15,keyword,"search for transgenic soybean or other crop expressing polypeptide antifungal peptides identified via phage display fused to M13 coat protein or cytokinin oxidase enzyme, polynucleotide constructs, germ tube inhibition, plant pathogen defense, gene transfer vectors.",1,35,0,0.0,29,ok
2015,9051581,15,function,"Transgenic plant expressing a germ‑tube‑inhibiting peptide fused to cytokinin oxidase or M13 coat protein, enabling enhanced resistance to fungal pathogens by localized peptide presentation.",1,26,0,0.0,19,ok
2015,9058622,7,summary,"How can a mobile‑device network preserve each user’s accepted terms version, allow users to revisit that version in their chosen language even after language changes, and deliver those terms as language‑specific packages distributed across the wireless network?",2,40,0,0.0,29,ok
2015,9058622,7,keyword,"Wireless mobile devices receive, accept, and store terms‑and‑conditions in specific language versions, while a server database manages per‑device T&C data and deploys multi‑language resource packages (RDP) over wireless networks for review and updates.",1,38,0,0.0,27,ok
2015,9058622,7,function,"Search for architectures that capture, store, and make available the exact agreed terms version per handset, let the handset display that version at any time—independent of later language or contract updates—and deliver the terms via language‑specific deployment bundles.",1,41,0,0.0,28,ok
2015,9067388,21,summary,"Search for co‑extruded micro‑layered polymer blends, such as polyolefin with polyamide or PET, applied to paperboard to produce a multilayer barrier coating that offers reduced oxygen permeability compared with conventional macro‑layer films.",1,35,0,0.0,24,ok
2015,9067388,21,keyword,"Search for multilayer extrusion polymer films with a barrier structure comprising a paperboard facing layer, a remote polymer coating, and an intermediate microstructured composite of alternating polyolefin and polyamide/PP/PET layers that achieve low oxygen transmission rates.",2,38,0,0.0,26,ok
2015,9067388,21,function,"Search for multilayer composite films applied to paperboard that reduce oxygen transmission by alternating thin layers of polyolefin with polyamide or PET, where the composite includes an inner containment layer, a microlayered interlayer, and an outer containment layer.",2,38,0,0.0,23,ok
2015,9182303,10,summary,"Search for optical fiber strain sensors that use a flexible, low‑shore‑A filler between the fiber and a thin tubular encasing, with fiber diameters above 250 µm and a 40‑200 µm gap, and manufacturing processes feeding fiber into a preform and curing the filler.",1,46,0,0.0,27,ok
2015,9182303,10,keyword,"Search for strain sensors using a tubular protective sheath with an optical fiber core/cladding/coating and a cured, low Shore A (<50) flexible resin filling the annulus; outer fiber diameter ≥250 µm and annular gap 40‑200 µm, produced via preform enclosure and in‑situ curing.",1,47,0,0.0,32,ok
2015,9182303,10,function,"optical fiber strain sensor with a compliant low‑Hardness filler bonded between a thick‑wall fiber (≥250 µm) and a thin encasing tube, creating a 40‑200 µm coupling gap, and a production method that feeds the fiber into a preform, fills the annulus with curable resin, and cures it.",1,50,0,0.0,30,ok
2015,9113748,33,summary,"Search for a hot‑beverage preparation device that cools boiling water by injecting air before it contacts the extract, using adjustable airflow to control temperature, featuring a water‑delivery chamber and spray tray to avoid excess heat during extraction.",1,39,0,0.0,27,ok
2015,9113748,33,keyword,"Search for coffee beverage preparation systems featuring a water reservoir, heat‑generating element, discharge conduit, spray‑tray delivery chamber, and an air‑pump conduit that injects air upstream of the spray outlet to reduce temperature from ≥95 °C, with adjustable flow control.",3,42,1,0.034482758620689655,29,failed_constraints
2015,9113748,33,function,"hot beverage system employing heated water flow through a conduit with vapor propulsion, then cooling mixes with air upstream of delivery opening to temper water before it contacts the coffee puck, with adjustable airflow control.",1,35,0,0.0,25,ok
2015,9073283,28,summary,"Corrugating roller for cardboard manufacturing with radially‑opened air collection grooves intersecting corrugation peaks, side‑wall‑defined oblique air channels, and a suction channel for negative pressure.",1,27,0,0.0,20,ok
2015,9073283,28,keyword,"Search for a corrugating roller featuring radial‑open air‑collection grooves, side‑wall defined airflow channels, oblique‑angled suction conduits, and alternating peaks, troughs, flanks for corrugated board extrusion.",2,29,0,0.0,23,ok
2015,9073283,28,function,"Search for corrugator rollers for corrugated cardboard that use inward‑radial air‑collection grooves intersecting peak regions, with side walls forming oblique channel paths to suction ports under negative pressure, enabling efficient air evacuation, dust control and wrinkle prevention during corrugation.",1,41,0,0.0,33,ok
2015,8988608,2,summary,"Search for solutions that automatically detect and decode multiple closed‑caption formats in a digital broadcast stream by reading service descriptors in transport‑stream tables, then route data to the appropriate digital or legacy caption decoder.",2,36,0,0.0,24,ok
2015,8988608,2,keyword,"Search for systems in which a demultiplexer separates MPEG‑2 transport streams into video, audio, and supplemental data, a controller distinguishes between EIA‑708 digital and line‑21 analog captions per supplementary descriptors, and dedicated decoders extract each caption type.",2,40,0,0.0,28,ok
2015,8988608,2,function,"Search for receivers that demultiplex MPEG transport streams, automatically determine if video contains digital (EIA‑708) or analog line‑21 captions using supplementary tables, then choose the appropriate decoder and output for 16:9 displays.",1,35,0,0.0,25,ok
2015,9161548,29,summary,"Handheld animal underbelly splitter featuring a base with two lateral legs that form a curved slot and cutting edge, a V‑shaped cavity for catching bone, and an ergonomically angled handle for controlled splitting.",2,34,0,0.0,21,ok
2015,9161548,29,keyword,"Search for animal underbelly bone divider with a base plate, long lower bar and shorter upper bar from one base side, cutting edge on lower bar tip, curved ridge joining bars, angled bone slot open at one end, and downward V‑shaped pocket tab for bone lodging.",3,47,1,0.02857142857142857,35,failed_constraints
2015,9161548,29,function,"Search for a handheld bone‑splitting device featuring a sloped cutting edge, an inward‑curved bone slot with a recessed pocket for bone capture, a curved joint between two legs, and an ergonomically angled handle for meat carcasses.",2,38,0,0.0,25,ok
2015,9156035,23,summary,"Developing a multistage mechanical process that shreds residential roofing, screens and reduces material sizes, then uses density‑based air fluidization to separate and recover clean granules, recycled asphalt, and fiberglass powders for reconstitution into asphalt and fiberglass composites.",1,38,0,0.0,27,ok
2015,9156035,23,keyword,"Search for patents describing progressive separation of roof shingles into asphalt‑coated fiberglass chips, limestone powder, and granules using shredding, sizing screens, density air‑fluidized separation, and size reduction to produce reusable asphalt and fiber aggregates.",3,36,2,0.07407407407407407,27,failed_constraints
2015,9156035,23,function,"Methods for shredding, sizing, and density‑separating reclaimed residential roofing chips to recover clean granules and reusable powdered limestone for re‑formulation of asphalt and fiberglass‑reinforced roofing aggregates.",2,29,0,0.0,20,ok
2015,9104694,6,summary,"Search a geographic data set by combining mobile device coordinates and its heading to retrieve items within a directional spatial range, using distance‑based grids, ranking by proximity, and offering scalable display of relevant data types requested by the user.",1,40,0,0.0,27,ok
2015,9104694,6,keyword,"Search for mobile device systems using device orientation and GPS coordinates to perform directional spatial queries with grid‑based indexing, distance‑sorted results, and user‑type filtering, presenting scaled size or resolution overlays for nearby geospatial data.",1,37,0,0.0,28,ok
2015,9104694,6,function,"search for methods or systems that use a mobile device’s GPS coordinates and heading to query a location‑based database within a directional spatial range, apply grid‑based sub‑searches, order results by proximity, and display scaled representations up to a limited distance.",2,44,0,0.0,29,ok
2015,8996110,13,summary,Search for methods that detect physiological signal anomalies in implanted devices by correlating these anomalies with internal patient location data to diagnose electromagnetic interference.,1,24,0,0.0,16,ok
2015,8996110,13,keyword,"implantable cardiac monitor with integrated motion sensor detecting physiological signal anomalies, correlating signal irregularities with patient position data, distinguishing electromagnetic interference artifacts from motion‑related causes through time‑aligned position‑signal analysis.",1,32,0,0.0,27,ok
2015,8996110,13,function,"Develop a system that monitors patient physiological signals, detects anomalies independent of monitored traits, captures patient motion data, correlates signal anomalies with movement, and identifies electromagnetic interference as the underlying cause when motion patterns remain unchanged during the event.",2,39,0,0.0,28,ok
2015,9134496,9,summary,"Search for wall‑mounted modular cable distribution units that provide interchangeable interface plates, snap‑on spools for excess fiber or copper, and hinged covers for easy plug‑and‑play installation of fiber‑optic, network, and data cables.",1,37,0,0.0,25,ok
2015,9134496,9,keyword,"Search for wall-mounted base plate providing an entry conduit for fiber optic cable to an optical network terminal, equipped with an interchangeable interface plate for data distribution modules, a removable fiber spool for excess cable, and a hinged cover featuring latching tabs that encloses the modules.",3,47,5,0.16129032258064516,31,failed_constraints
2015,9134496,9,function,"wall‑mounted modular cable distribution panel with interchangeable front plate, integrated cable storage spool, protective hinged cover, enabling plug‑and‑play connection of fiber, copper, and conversion modules for premises data networks.",1,32,0,0.0,25,ok
2015,9128397,17,summary,"Search for toner resins that blend a polyhydroxy‑carboxylic oligomer and aromatic diol units with a flexible polyether or carbinol‑modified silicone segment to improve print quality, longevity, and formulation stability.",1,31,0,0.0,20,ok
2015,9128397,17,keyword,"Search for toner resins comprising an oligomeric backbone of polyhydroxycarboxylic acid and aromatic diol units, combined with soft segments of polyethylene glycol and carbinol‑terminated silicone, focusing on formulations enhancing charge retention and mechanical stability.",3,35,1,0.041666666666666664,24,failed_constraints
2015,9128397,17,function,"Search for toner formulation compositions comprising polyhydroxycarboxylate oligomer backbone linked to aromatic diol units, combined with soft polyethylene glycol or modified silicone containing carbinol end groups, yielding flexible, low‑friction toner powders for high‑resolution printing.",3,36,1,0.034482758620689655,29,failed_constraints
2015,9184058,8,summary,"Improving lithographic pattern uniformity by applying a polymeric siloxane brush to a first mask, narrowing feature openings to produce a second mask with higher uniformity, then transferring the refined pattern onto carbon or insulative layers with optional oxygen plasma modification.",1,40,0,0.0,28,ok
2015,9184058,8,keyword,"process for forming high‑uniformity mask by brushing polymeric siloxane onto an oxide or oxynitride surface, narrowing lithographically defined openings in a photoresist spacer stack, then transferring the refined pattern into carbon layers of semiconductor structures.",1,36,0,0.0,25,ok
2015,9184058,8,function,"Search for methods that create a nanoscale mask, then coat it with a polymeric siloxane brush layer to narrow features, enhancing uniformity prior to pattern transfer into substrates such as carbon or silicon layers; include techniques with photoresist widening, spacer deposition, and plasma treatment.",1,44,0,0.0,29,ok
2015,9043673,5,summary,"Search for processor architectures employing registers linked to error‑correction detection units, where a syndrome lookup table computes bit‑level fixes supplied to a multiplexer that selects whether the original operand or corrected data feeds the arithmetic engine.",2,38,0,0.0,26,ok
2015,9043673,5,keyword,"Search for processor core architectures that integrate a fault‑aware register feeding a syndrome lookup table, with a select‑controlled multiplexer routing corrected first‑operand data into an operand path before arithmetic logic processing.",2,34,0,0.0,24,ok
2015,9043673,5,function,"Search for processor architectures featuring a logical operation block that receives operand input links, a register with a fault‑detection detector supplying a mismatch syndrome to a lookup table, where the table produces correction data multiplexed with the original operand under a select signal before feeding a logical unit.",2,49,0,0.0,32,ok
2015,9187573,17,summary,"Searching for a method that treats raw starches with high‑temperature superheated steam in a spray dryer, using perforated surfaces and annular steam flow to modify texture for food applications such as infant foods and sauces.",3,36,2,0.08695652173913043,23,failed_constraints
2015,9187573,17,keyword,"Search patents for starch modification by superheated steam in a spray dryer, employing a reaction chamber with inlet/outlet, perforated barrier (plate/mesh), spray nozzle, annular steam path with frustoconical element, inlet temperature 150‑650 °C, outlet 115‑155 °C, targeting infant food additives.",3,44,1,0.030303030303030304,33,failed_constraints
2015,9187573,17,function,"Search for methods that treat unmodified starches using a spray‑drying reactor where a superheated steam stream (150–650 °C inlet, 115–155 °C outlet) homogenously contacts spray droplets and yields starches with altered gelatinization and thickening properties for food applications.",2,41,0,0.0,28,ok
2015,8973831,21,summary,"Look for innovative RFID standoff solutions employing a single‑piece, hollow polymer skeleton with transverse ribs creating voids, bonded to a porous flexible substrate that encapsulates an RFID chip and provides pressure‑activated adhesion to metal or metal‑containing liquids.",3,40,1,0.03571428571428571,28,failed_constraints
2015,8973831,21,keyword,"RFID antenna mounting system featuring a flat, hollow, monolithic polymer frame with transverse ribs creating continuous void shafts, bonded to a porous polymer sheet carrying an embedded tag, and equipped with a removable self‑adhesive backing for attaching to wet or metallic surfaces.",2,43,0,0.0,30,ok
2015,8973831,21,function,"Search for RFID mounting systems that use a non-conductive, hollow standoff member with integrated ribs, bonded to a microporous polymer substrate, encapsulating an RFID inlay, and featuring pressure‑activated adhesive for attachment to metallic or liquid‑containing surfaces.",3,39,2,0.07692307692307693,26,failed_constraints
2015,8936208,12,summary,Locate patents describing irrigation systems that keep mobile pivot towers aligned by selectively turning motors on/off to avoid exceeding a defined power limit while operating only a limited subset of motors simultaneously.,1,33,0,0.0,24,ok
2015,8936208,12,keyword,"Search for pivot irrigation system with multiple mobile tower units, each equipped with drive wheels and motorized wheel actuators, controlled by an embedded computing module that sequences motor activation to align towers, mitigates misalignment, and caps simultaneous motor count under a configurable power budget.",1,44,0,0.0,32,ok
2015,8936208,12,function,"Irrigation system with a central pivot and movable towers equipped with wheel motors, where a controller monitors tower positions, calculates misalignment, prioritizes motor activation, and selectively turns motors on/off to maintain alignment while keeping total motor power below a configurable maximum and limiting concurrent motor use.",1,47,0,0.0,34,ok
2015,9117916,8,summary,"Semiconductor devices with a thin oxide channel on an insulating substrate, where source and drain electrodes extend above the channel and a gate electrode is recessed between them, enabling miniaturization while maintaining high manufacturing yield.",1,35,0,0.0,22,ok
2015,9117916,8,keyword,"Search for oxide‑thin‑film transistors with a recessed gate electrode positioned in the step separating source and drain contact pads, where source/drain metal is thicker than the channel, with no channel overlap, on an insulating substrate.",2,38,0,0.0,24,ok
2015,9117916,8,function,"Search for miniaturized oxide‑based FETs with side‑contact source and drain layers taller than the channel, a recessed gate electrode insulated by a dielectric step, and high‑yield fabrication.",1,30,0,0.0,20,ok
2015,9179374,4,summary,"Search for methods or systems that improve handover success by using beam‑formed random access responses based on terminal location or measured precoding matrices, leveraging information from low‑power nodes in source cells to configure target cell resources during handover.",1,40,0,0.0,29,ok
2015,9179374,4,keyword,"Search for methods controlling cellular handover that acquire terminal coordinates or precoding matrix, perform beamforming on the first uplink grant, and send resource config information for post‑handover communication from a source to a target small cell.",3,37,0,0.0,24,ok
2015,9179374,4,function,"Search for wireless handover techniques where a source base station acquires a terminal’s position or received‑beamforming information, then directs a target base station to beamform a random‑access reply and embed link‑resource configuration for post‑handover performance improvement.",3,41,3,0.10714285714285714,28,failed_constraints
2015,9062915,23,summary,"Search for rotary grain drying systems that use a vertical plenum tower, motor-driven rotation to homogenize moisture, integrated discharge metering, and in-place cleaning to replace fixed catwalk assemblies.",1,30,0,0.0,21,ok
2015,9062915,23,keyword,"Rotating grain‑drying tower featuring an annular plenum, vertical rotary shaft, motor‑driven motion, built‑in metering aperture, and rotary cleaning head to eliminate stationary cleaning mechanisms, providing uniform drying by countering solar and wind‑related moisture gradients.",2,38,0,0.0,30,ok
2015,9062915,23,function,"Search for a vertically oriented grain dryer that uses a motorized inner plenum for rotation, features an opening with a flow meter, provides uniform drying by rotating, includes an integrated cleaning system, and replaces fixed cleaning structures.",1,37,0,0.0,24,ok
2015,9092056,6,summary,"Search for electronic input devices with individually clickable keys, integrated capacitive touch sensors, per-key dynamic illumination via segmented LCD/LED layers for glyph switching, haptic feedback, and semi-transparent displays that change appearance per application or user selection.",1,39,0,0.0,31,ok
2015,9092056,6,keyword,"Search for a keyboard featuring individual clickable keys, each with a capacitive touch sensor, a clear overlay film, an LED backlight, a segmented liquid crystal display that can selectively illuminate glyphs, and a touch‑based haptic actuator.",3,37,1,0.04,25,failed_constraints
2015,9092056,6,function,"Searching for compact keyboard devices with individually actuated keys that combine touch‑sensitive capacitive sensing, per‑key illumination via segmented OLED or LCD backlights, dynamically changeable glyph displays, and built‑in haptic feedback to enable user‑customized visuals and tactile response across multiple applications.",1,44,0,0.0,34,ok
2015,9075627,6,summary,"Search for a remote driver installation system for printers where a central server selects client groups, evaluates each client’s hardware and capacity against driver prerequisites, shows installable machines, and deploys the driver only to eligible clients.",1,37,0,0.0,25,ok
2015,9075627,6,keyword,"Search for a server‑based system that remotely installs printer drivers across grouped client machines, selecting driver types, retrieving client status with capacity and hardware checks, comparing to minimum conditions, filtering installable clients, displaying detailed installation info and triggering automated updates.",1,41,0,0.0,32,ok
2015,9075627,6,function,"Remote driver deployment system for image‑forming devices enabling group selection, status retrieval, compatibility analysis, filtered display of installable clients, and selective installation of drivers across selected machines.",2,28,0,0.0,22,ok
2015,9137765,4,summary,"Search for prior art on base station and user equipment methods that issue an initial timing adjustment command for a primary carrier in a multi-carrier uplink system, then detect timing discrepancies and transmit a subsequent adjustment command to modify relative uplink delays of second carriers.",2,46,0,0.0,31,ok
2015,9137765,4,keyword,"Search for 5G NR base station algorithms that issue an initial timing advance instruction for a primary aggregated subcarrier, monitor uplink on multiple aggregated subcarriers, detect misalignment, and transmit a secondary timing offset command to adjust relative uplink timing across the carriers.",2,42,0,0.0,30,ok
2015,9137765,4,function,"Find technologies where a base station in a carrier‑aggregated system sends an initial timing advance per carrier and later issues a second timing advance that dynamically refines the relative timing of additional uplink components, enabling per‑carrier uplink synchronization.",3,40,1,0.03571428571428571,28,failed_constraints
2015,9020598,13,summary,"Develops non‑invasive devices delivering electrical or magnetic energy to stimulate the cervical vagus and other autonomic nerves, activating inhibitory neurotransmission that reduces glutamate and enhances GABA or dopamine release, to relieve migraine, cluster, and related headache syndromes and associated anxiety.",2,41,0,0.0,29,ok
2015,9020598,13,keyword,"Search for transcutaneous electrical stimulation apparatus delivering impulses to cervical vagus nerve for migraine, cluster headaches, sinus‑like immune‑mediated head pain, focusing on GABA, glutamate, dopaminergic VTA pathways, and non‑invasive electrode placement adjacent to neck skin.",2,38,0,0.0,30,ok
2015,9020598,13,function,"Search for surface neuromodulation systems that position a device on the neck skin to deliver stimulation pulses to the vagus nerve, inducing action potentials that trigger GABA release, reduce glutamate, or activate dopaminergic pathways to alleviate headache pain.",3,38,0,0.0,25,ok
2015,8934257,2,summary,Search for devices coupling dissimilar material substrates—one attached to a high‑speed IC and the other to a low‑speed IC—with a non‑solder mechanical link for alignment and a separate soldered pad coupler providing electrical interconnect.,1,39,0,0.0,25,ok
2015,8934257,2,keyword,"Search for a dual‑substrate electronic interposer comprising a high‑speed substrate with an electrical pad, a low‑speed substrate with a pad, a non‑soldered mechanical coupler, and a soldered two‑end coupler that electrically links both substrates.",2,39,0,0.0,25,ok
2015,8934257,2,function,"Search for techniques that mechanically bond dissimilar substrate materials without solder while providing an electrically wired junction through soldered adapters, enabling high‑speed component integration on one substrate and low‑speed functions on the other with preserved signal integrity.",1,39,0,0.0,29,ok
2015,9188607,10,summary,"Improving MEMS probe alignment by incorporating a recessed groove and a microalignment structure onto a single fabrication plane of a wafer, enabling higher registration accuracy during probe fabrication and subsequent probe card assembly.",3,33,0,0.0,23,ok
2015,9188607,10,keyword,"Search patents describing substrate‑based probe card technology featuring a key‑forming groove and bottom‑surface alignment key on a single lithographic layer for precise micro‐probe placement, MEMS‑compatible micro‑probe alignment and space transformer integration with electrical interface connections.",3,41,1,0.03125,32,failed_constraints
2015,9188607,10,function,"Search for substrates with an integral key recess and a vertical key feature on its base, forming a step profile to improve probe alignment precision in MEMS probe card manufacturing.",2,30,0,0.0,18,ok
2015,8926378,1,summary,"Dual‑housing connector that aligns mating terminals by projecting a reinforced flange from the first housing into a recess on the second housing, with a cut‑out allowing the flange’s extensions to fit into the second housing’s cavity, thereby securing alignment and minimizing assembly play.",1,47,0,0.0,27,ok
2015,8926378,1,keyword,"electrical connector two‑housing unit featuring frame main bodies with accommodation cavities, projecting extensions and reinforcing ribs, interlocking receptacle, recess accommodating the forward projection, and a cut groove providing communication for the reinforcement.",1,33,0,0.0,24,ok
2015,8926378,1,function,"Search for interlocking two‑part connector housings where a forward‑facing projection on a first frame mates with a recess in the second frame, and a cut‑through channel allows a reinforcement to pass while aligning sub‑housings and terminal fittings in each housing.",1,44,0,0.0,27,ok
2015,8988006,9,summary,"Projector system with discharge lamp drive unit using multiple operating modes; control logic shifts modes over a transition, biasing initial half‑frequency higher than later half to reduce flicker and prolong lamp life.",1,33,0,0.0,27,ok
2015,8988006,9,keyword,"Search for projection systems with discharge lamp drivers employing multiple power modes, where a control module adjusts operating mode transitions by varying the average driving current frequency—higher in the first half than the second—to optimize lamp performance.",2,39,0,0.0,27,ok
2015,8988006,9,function,"Projection system with a discharge lamp and a driver that supplies variable driving power across multiple modes, where the controller manages mode transitions by gradually decreasing the average drive‑current frequency, keeping the first half of the transition at a higher frequency than the second half.",1,46,0,0.0,29,ok
2015,8962637,16,summary,"Search for substituted bicyclic aromatic heterocycles that inhibit SRC and JAK family kinases, dual c‑SRC/JAK inhibition blocking STAT3 signaling for treatment of STAT3‑driven cancers or disorders.",3,29,1,0.05,20,failed_constraints
2015,8962637,16,keyword,"Substituted bicyclic heteroaromatic molecules with pyrimidine and pyridine cores, halogen or CF3 side chains, amide or sulfonamide linkages, and heteroatom substitutions act as c‑SRC and JAK2 dual blockers to suppress STAT3 signaling in dysregulated cancers.",2,36,0,0.0,24,ok
2015,8962637,16,function,"Search for substituted bicyclic heteroaromatic compounds acting as dual SRC/JAK kinase inhibitors that block STAT3 activation and regulate abnormal cell proliferation, including analogues with varied aromatic side chains, heteroaryl substitutions and amide linkages.",3,34,1,0.038461538461538464,26,failed_constraints
2015,9137648,3,summary,"Search for an external audio unit that retrieves a phone’s message history through a network connection, displays the conversation, and lets users either play new messages in real‑time via the speaker or rewind and replay previously stored messages while the phone continues transmitting.",1,45,0,0.0,30,ok
2015,9137648,3,keyword,"Search for an external device that interfaces with a primary smartphone or computer, retrieves and visually presents message history, offers real‑time and time‑shifted playback options, streams incoming voice messages to its speaker during reception, and supports progressive storage over a network.",2,43,0,0.0,29,ok
2015,9137648,3,function,"Search for an external audio interface that retrieves call transcripts from a smartphone or laptop, displays them in dialogue form, and optionally streams live voice to a speaker as it is received or replays stored clips.",2,36,0,0.0,19,ok
2015,9078761,13,summary,"Device applying opposing forces on opposite surfaces of a defected tissue, using a dual‑part construct linked by a coupling member, to treat the defect while minimizing stress at the lesion; exemplified for intervertebral disc herniation.",1,36,0,0.0,23,ok
2015,9078761,13,keyword,"intervertebral disc repair apparatus comprising externally positioned annular clamp, internally anchored nucleus pulposus fixation element, connected via tensioned coupling member to deliver inward compression to annulus defect while applying outward tension to adjacent disc surface away from lesion, orthopedic counterforce system",2,41,0,0.0,35,ok
2015,9078761,13,function,Search for devices that treat a tissue defect by engaging one surface with a treatment force while applying a counter‑biasing pull on the opposite surface—such as systems used to close annulus fibrosus herniations.,1,35,0,0.0,22,ok
2015,8966898,27,summary,"Looking for prior art on a closed‑loop thermodynamic system that captures exhaust waste heat, circulates high‑expansion fluid through a turbocharger and condenser cycle, regenerates pressure, and delivers mechanical or electrical output to aid vehicle propulsion.",2,37,0,0.0,26,ok
2015,8966898,27,keyword,self‑contained thermodynamic energy retrieval system with fluid conduits; heat source proximal to exhaust manifold heat transfer; turbo driven by heated fluid; condenser cycle subsystem fluidly coupled for cooling; reservoir subsystem with compressor; one‑way valves; electric generator connected to motor; power‑splitting gearbox for vehicle propulsion; waste heat utilization.,3,50,8,0.1951219512195122,41,failed_constraints
2015,8966898,27,function,"Search for devices that capture waste engine exhaust heat, circulate a high‑boiling‑point fluid through an expansion turbine to generate mechanical work, then cool and compress the fluid in a closed thermodynamic loop, and use the output to drive an electric generator linked to a hybrid power‑splitting transmission.",1,50,0,0.0,33,ok
2015,9013640,2,summary,"Search for vehicle infotainment system that displays a full graphical DVD menu on the rear seat monitor but shows a simplified text‑only menu aligned on the front seat monitor by processing DVD video content, reducing driver distraction while enabling separate controls.",1,42,0,0.0,30,ok
2015,9013640,2,keyword,"Search for automotive infotainment units featuring separate front and rear displays, a DVD playback module, a controller that renders a text‑only DVD‑menu for the front screen to reduce driver distraction while simultaneously displaying full graphic menu on the rear display, with matching control interfaces for seating positions.",2,49,0,0.0,34,ok
2015,9013640,2,function,"Search for automotive displays that separate rear video playback from front menu, presenting a text‑only menu on the driver’s screen while showing full graphical DVD menus to rear passengers, with synchronized controls positioned identically across front and rear displays.",2,41,0,0.0,29,ok
2015,9066366,4,summary,"cellular network flow control per user equipment congestion avoidance with non‑linear bitrate reduction, linear increase, missing frame detection, and down prohibit timing.",1,23,0,0.0,19,ok
2015,9066366,4,keyword,"Adaptive user‑equipment traffic flow management in mobile cellular networks using per‑flow control logic that detects congestion via missed control frames, applies a nonlinear bitrate drop when congested or underutilized, and employs a linear rate increase and a timing guard to limit successive reductions.",2,45,0,0.0,33,ok
2015,9066366,4,function,"Find prior art describing a cellular base station method that senses traffic congestion on each user flow, non‑linearly throttles throughput when congestion or underutilization is detected, linearly ramps it back when traffic clears, and imposes a minimum interval between successive throttle steps.",2,43,0,0.0,31,ok
2015,9177870,8,summary,"Search for semiconductor devices forming NMOS and PMOS transistors on a common high‑k dielectric, where NMOS uses stacked capping films to set its barrier while PMOS employs a single capping layer that contacts these films and replaces a dummy electrode to reduce process complexity.",2,45,0,0.0,30,ok
2015,9177870,8,keyword,"Search for semiconductor devices featuring multi-layer capping structures over high‑k dielectrics, including first and second capping layers with distinct sidewalls, and third capping layers that contact NMOS first capping layers, removing dummy gate electrode to expose second capping layer, focusing on metal oxide and nitride combinations.",3,48,6,0.16666666666666666,36,failed_constraints
2015,9177870,8,function,"search for methods of fabricating complementary MOS transistors by layering a high‑k dielectric with multiple capping and metal layers, where capping layers adjacent to the dielectric are used to adjust gate work‑function, and one transistor’s capping layers are removed to expose a different stack for the other transistor.",3,51,1,0.03333333333333333,30,failed_constraints
2015,9020960,6,summary,"Search for methods that combine social, spatial, temporal, and logical data to build multi‑perspective entity graphs, producing composite objects that enable personalized ranking and automated filtering of network communications.",1,30,0,0.0,21,ok
2015,9020960,6,keyword,"methods for constructing a point‑of‑view relationship between two real‑world entities using multiple state‑defining information objects on a networked graph, with computing devices identifying mutual states and generating an aggregated POV knowledge representation",2,36,0,0.0,26,ok
2015,9020960,6,function,"Search for systems that model dual‑entity relationships by combining multiple information objects from each entity’s perspective, generating a point‑of‑view data object for personalized ranking, filtering, or forecasting within networked data.",1,34,0,0.0,23,ok
2015,9206598,35,summary,"Search for a mortar‑free wall building system that uses modular stone‑shaped blocks with vertical core channels, a tapered pyramid insert that interlocks between adjacent blocks, allowing lightweight, easy assembly and self‑resetting alignment through gravity and core mating.",1,40,0,0.0,30,ok
2015,9206598,35,keyword,"gravity‑aligned interlocking block wall system employing square‑core masonry units and a truncated‑pyramid spacer insert that fits between opposing block cores, enabling mortar‑free stacking, easy disassembly, and L‑shaped multi‑level construction with self‑restoring stability.",1,39,0,0.0,31,ok
2015,9206598,35,function,"Search for prior‑art patents on mortar‑free block wall construction using core‑aligned locking inserts that allow quick, gravity‑stabilized stacking and easy disassembly, enabling temporary or permanent walls with self‑aligning joints.",1,34,0,0.0,26,ok
2015,9073549,32,summary,"How to intelligently prevent vehicle inertia travel in specific road sections by recording and matching prior braking events during inertial driving, so the ECU can selectively shut off power transmission, improving fuel economy without compromising driver comfort?",1,37,0,0.0,30,ok
2015,9073549,32,keyword,"In automotive ECU‑powered system, brake activation triggers logging of vehicle position and speed; the ECU cross‑references entries to identify repeated cases; upon threshold, it disables power transmission for that road segment to prevent repeat inertial driving.",2,38,0,0.0,27,ok
2015,9073549,32,function,"Search for systems that detect braking during a vehicle’s inertial cruise, record position and speed data in memory, match this data against stored entries, and after a set number of similar instances, automatically disable inertia-driven power delivery on that road segment to improve fuel economy without driver discomfort.",1,50,0,0.0,35,ok
2015,8969462,17,summary,"Looking for a rubber blend that uses high‑CTAB‑surface silica combined with polysulfide or thioester coupling agents and a small component of secondary diene rubber, producing low heat during vulcanization by limiting silica aggregate size.",2,36,0,0.0,25,ok
2015,8969462,17,keyword,"Rubber blend of 90–100 % solution‑polymerized diene rubber, silica with CTAB‑adsorption specific area 140–180 m² g⁻¹, polysulfide or thioester silane coupling, a vulcanization accelerator, and post‑cure silica aggregates ≤2200 nm² measured by FIB‑SEM.",3,39,2,0.07142857142857142,28,failed_constraints
2015,8969462,17,function,"Search for rubber composites using solution‑polymerised elastomer, silica with specific surface 140–180 m²/g, polysulfide or thioester coupling agents, accelerated vulcanisation that limits silica aggregate area to ≤2200 nm², achieving reduced thermal buildup during curing.",2,37,0,0.0,28,ok
2015,9211875,32,summary,"Vehicle suspension system that dynamically reallocates wheel load between front and rear during turns by modulating damping forces based on measured lateral acceleration and vertical wheel motion, preventing undesirable load shifts and improving stability.",1,34,0,0.0,26,ok
2015,9211875,32,keyword,"search for vehicle suspension control systems that modulate transverse load distribution during cornering by applying variable damping forces derived from lateral acceleration and vertical wheel motion, incorporating front‑rear differential load transfer algorithms, piston acceleration feedback, and tuning gain parameters.",2,40,0,0.0,32,ok
2015,9211875,32,function,"wheel‑load transfer suspension controller that modulates front or rear wheel damping forces in response to changes in lateral acceleration magnitude, using vertical acceleration signals for selective load increase or decrease to enhance vehicle stability during cornering.",1,37,0,0.0,27,ok
2015,9174477,2,summary,"Search for an ink‑formulation approach that achieves precise full‑tone and undertone color accuracy within the LCH color space, limiting color‑difference metrics, for printed articles using six inks with defined color targets.",1,34,0,0.0,25,ok
2015,9174477,2,keyword,"search for patents on printed materials using six‑color ink formulations defined by L‑C‑H‑a‑b chromaticity, full‑tone and undertone dE limits (≤2 and ≤3), blue wool light‑fastness ≥5 with pigment counts, and Lab value specifications.",2,40,0,0.0,23,ok
2015,9174477,2,function,"Search for processes that define and manage six printed inks where each color’s full tone and undertone values are limited by L‑C‑H‑a‑b color differences ≤2 and ≤3, and each ink meets specified lightfastness and proofing index constraints.",2,42,0,0.0,22,ok
2015,9003781,24,summary,"Search for methods that embed a catalytic substrate directly inside the inlet chamber of a turbine to reduce exhaust emissions while minimizing size and pressure loss, utilizing interference fit and tapered geometry for integration at the turbine–manifold interface.",1,39,0,0.0,25,ok
2015,9003781,24,keyword,"turbocharger turbine with integrated catalyst substrate brick mounted in the inlet, interference‑fitted to turbine walls, top surface below the throat edge at the engine exhaust manifold coupling, tapering diameter toward the turbine, no mantle covering.",3,36,2,0.07692307692307693,26,failed_constraints
2015,9003781,24,function,"Search for designs of integrated catalyst structures positioned inside turbine inlets of turbochargers, employing interference‑fit mounting, tapered dimensions, and placement below throat edges to reduce exhaust emissions while preserving airflow efficiency.",1,32,0,0.0,25,ok
2015,9153035,6,summary,"Find prior art on depth‑map based point tracking that uses flow estimation and velocity prediction, weighting them inversely with an obfuscation metric to maintain robust tracking when occluders appear.",2,30,0,0.0,20,ok
2015,9153035,6,keyword,"search for systems or methods that combine optical flow on depth images with velocity prediction, using weighted integration that increases prediction weight as depth‑map occlusion rises, employing 3‑D box sampling and depth‑dependent grayscale or zebra pattern encoding to improve point tracking.",1,44,0,0.0,30,ok
2015,9153035,6,function,"Search for techniques that estimate motion vectors from depth information, combine them with predictive velocity data weighted by occlusion metrics, and re‑locate depth points within three‑dimensional sampling boxes to achieve robust tracking despite depth map obfuscation.",2,38,0,0.0,28,ok
2015,9081740,4,summary,"A modular signal conversion node linking an external component bus to an internal network, featuring a conditioning engine for analog‑to‑digital conversion, programmable processing with layered instructions, and stored algorithm modules that monitor energy, flow or safety functions.",3,39,2,0.07692307692307693,26,failed_constraints
2015,9081740,4,keyword,"Signal processing system bus node converting internal to external bus signals, featuring a signal conditioning module with analog‑to‑digital conversion, programmable memory storing algorithmic modules, multilevel instruction architecture with a virtual machine, designed for monitoring energy/volume flows and safety functions of connected components.",3,45,8,0.23529411764705882,34,failed_constraints
2015,9081740,4,function,"Search for a programmable signal conversion module that interfaces separate bus networks, applies analog‑to‑digital conditioning, processes raw data in a multi‑tier instruction architecture with a dedicated virtual engine, and outputs real‑time energy or flow status to connected devices.",2,42,0,0.0,29,ok
2015,9067101,33,summary,"Search prior art for an orbital exercise device comprising an upright and rear base frame with pivot‑mounted swing arms, a belt‑driven crank system linking pedals to handles, and rollers sliding along a curved track on a support plate for dynamic orbital motion.",1,44,0,0.0,30,ok
2015,9067101,33,keyword,"Search for elliptical orbiter apparatus with main frame, front upright, rear base with shafts, swingable arm assemblies linked to sliding primary rollers on a support platform, belt‑driven cycle mechanism including wheel, dual cranks, lever/pedal arrangement, handle‑operated driven levers.",2,41,0,0.0,33,ok
2015,9067101,33,function,"Search for exercise apparatus that enables oblong orbital motion via pivotally connected swinging arms, slidable rollers on a support plate, belt‑driven cranks, handle‑operated levers transmitting pedal action, allowing dual‑stroke cardiovascular training.",1,34,0,0.0,28,ok
2015,9154437,4,summary,"Dynamic reconfiguration of physical and logical packet queues in a network switch, enabling traffic management hardware to alter scheduling hierarchy between nodes without emptying queued packets, using stored mapping representations.",1,30,0,0.0,23,ok
2015,9154437,4,keyword,"Search for patents on a network device implementing a hardware traffic manager that reassigns physical queue mappings to logical queues, constructing logical ranges, disabling and enabling mappings without emptying queues, and storing scheduling hierarchy associations in a storage medium.",1,39,0,0.0,27,ok
2015,9154437,4,function,"Query for prior art on a network device that manages physical packet queues, dynamically reorders scheduling hierarchy by repositioning physical queues among scheduling nodes, changing physical‑logical queue associations without draining queues, using hardware traffic controllers and storage mappings.",2,39,0,0.0,31,ok
2015,8987776,8,summary,"Design of a semiconductor LED that uses a branched extension pattern to spread current from a central injection point, with a narrower upper contact and a wider underlying isolation region to reduce loss and improve luminous uniformity.",1,37,0,0.0,22,ok
2015,8987776,8,keyword,"Search for LED devices featuring a semiconductor emitter platform with a central current injection region, branching extension pathways, a tapered contact electrode, and an undersurface current-blocking barrier of larger width than the contact, using GaN/AlGaAs materials.",2,38,0,0.0,27,ok
2015,8987776,8,function,"Search for semiconductor LED devices featuring a central current injection area feeding an branched extension structure that includes narrow-width electrical contacts atop a wider current-blocking layer, allowing controlled current distribution and enhanced emission efficiency.",1,36,0,0.0,28,ok
2015,9159741,8,summary,Search for semiconductor memory structures featuring floating‑gate cells connected to integrated capacitive electrodes formed on identically doped wells in separate substrate regions.,3,23,0,0.0,17,ok
2015,9159741,8,keyword,"Search for semiconductor memory designs featuring a two‑region substrate where a data‑storage stack with a floating gate dielectric contacts a first doped well, and a second identical‑doped doped well forms a coupled capacitor via a gate electrode linked to the floating gate, including third counter‑doped wells.",3,50,4,0.11428571428571428,35,failed_constraints
2015,9159741,8,function,"Search for nonvolatile memory designs featuring a floating‑gate charge‑storage well and a coupled capacitor well of the same dopant type yet isolated, enabling charge retention and electrostatic coupling for data write/read operations.",1,35,0,0.0,25,ok
2015,8974271,29,summary,"Search for a poultry fillet retrieval system on a conveyor line that uses converging guide rails to pull meat away from the internal skeletal ridge, a roller that fully separates the fillets, and a flexible rotor pressing apparatus to support the meat during motion.",2,44,0,0.0,27,ok
2015,8974271,29,keyword,"Search patents for automated poultry filleting systems featuring distal‑proximal guide rails diverging along a conveyor, a roller‑pulling unit that separates fillets from the keel bone, and a flexible‑element or rotor press supporting the fillets during transport.",3,39,2,0.07407407407407407,27,failed_constraints
2015,8974271,29,function,"Search for conveyor‑based poultry filleting apparatus employing diverging guide rails that lift and separate fillets from the keel, a roller that fully pulls fillets off, and flexible press members that keep the fillets attached to the guides during carrier movement.",3,41,0,0.0,27,ok
2015,9099100,2,summary,"A method to uniquely identify a storage disc by matching a distinctive symbol pattern to known format definitions, then retrieving data from a predetermined region—such as directory or file names—to compose a complete disc identification code.",2,38,0,0.0,24,ok
2015,9099100,2,keyword,"Search patents describing a reading system that locates token sequences for disc format recognition, references stored metadata at a designated region, and processes directory or filename data to output a unique disc identifier for multiple format types.",3,37,0,0.0,25,ok
2015,9099100,2,function,"Search for techniques that identify a disk format by matching a specific symbol sequence to stored format data, then use ID‑processing information to locate a predetermined content region for that format and generate a unique disk identifier while also specifying other format locations.",1,44,0,0.0,30,ok
2015,9072458,13,summary,"Search for methods that enable continuous tracking of a predetermined area of an eye while acquiring three‑dimensional retinal images, using a scanning light source together with a front‑view detector that reassesses scan parameters without losing target registration.",1,39,0,0.0,27,ok
2015,9072458,13,keyword,"Search for eye imaging devices combining scanning probe optics, a reflection‑based visual capture module, a configurable acquisition parameter controller, and a dynamic tracking engine that synchronizes the scanner with a live frontal eye map, sustaining target region alignment across parameter shifts.",2,42,0,0.0,31,ok
2015,9072458,13,function,"Eye imaging apparatus uses a measurement‑light scanning unit and front‑light detector, with a condition‑setting module that alters scanning parameters while a tracking controller keeps the scan centered on a predefined retinal area by referencing the front image, ensuring consistent tomographic output.",1,44,0,0.0,31,ok
2015,8939273,25,summary,"A high-speed product-laning device that meters each item using a pitch‑adjusted screw on a pivot arm, then guides the metered item onto a conveyor‑mounted corral equipped with sliding extensions that move in sync to direct products into separate lanes.",1,43,0,0.0,29,ok
2015,8939273,25,keyword,"servo‑controlled high‑speed laner apparatus with pivoting guide, threaded pacing screw (pitch, radius) for product metering, downstream corral channel, extendable dual‑section guiding members, lateral movable portions, and retraction mechanism.",1,31,0,0.0,26,ok
2015,8939273,25,function,"Search for systems that use a pivotable guide linked to a movable carriage and a pacing screw with a carefully selected thread pitch to meter products between adjacent thread sections, directing items onto conveyors through a downstream corral with sliding extendable guides that move synchronously with belt speed.",1,48,0,0.0,32,ok
2015,9193902,1,summary,"Search for hybrid organic‑inorganic luminescent compounds that link fluorescent emitters to phosphorescent metal complexes via divalent linkages, aiming to boost efficiency in light‑emitting electronic devices.",1,27,0,0.0,20,ok
2015,9193902,1,keyword,"Search for organic compounds linking a fluorescent emitter (e.g., styrylamine, fluorene, pyrene) to a phosphorescent metal‑ligand complex (Ir, Ru, Pt, Cu) via a divalent aromatic bridge for OLED or other electronic device applications.",1,35,0,0.0,24,ok
2015,9193902,1,function,"Compounds combining a fluorescent moiety and a phosphorescent metal‑ligand unit linked by a divalent connector for use in electronic optoelectronic devices, enabling efficient energy transfer and enhanced color performance in displays and lighting.",1,34,0,0.0,22,ok
2015,9079193,23,summary,"Search for a centrifugal separator featuring a pivotable rotating assembly elastically linked to a stationary base, where the rotor bearing element is tubular and inlet/outlet passages run through it, enabling variable‑speed separation of liquids or solids.",2,38,0,0.0,24,ok
2015,9079193,23,keyword,"Search for a centrifugal separator incorporating a stationary base, elastically linked non‑rotating frame, a rotor bearing‑receiver tube, disk‑pack rotor, pivotable rotating assembly, inlet/outlet passages through the bearing element, and a single electric motor with rotor‑stator coupling.",1,41,0,0.0,31,ok
2015,9079193,23,function,"Centrifugal separator with an elastically‑mounted rotating rotor and tubular bearing element, featuring a pivoting non‑rotating unit, electric motor drive, inlet and outlet lines through the bearing, enabling medium separation over a wide RPM range.",1,36,0,0.0,27,ok
2015,9090026,29,summary,"Search for a technique that joins two composite cores by overlapping flange extensions, bonding them with adhesive, and using magnetically attracted members to generate pressure for a stronger adhesive joint, thereby improving structural integrity in lightweight panel assembly.",1,38,0,0.0,25,ok
2015,9090026,29,keyword,"Composite core joining method using overlapping flange sections of closed‑cell honeycomb cores, applying adhesive and positioning opposing magnets on interior flange surfaces to magnetically compress and bond the adhesive.",1,30,0,0.0,22,ok
2015,9090026,29,function,"Search for methods of joining two composite cores by aligning interlocking flanges, applying adhesive, and using opposing magnetic forces to press the adhesive during bonding, enabling high‑strength, sealed composite core assemblies without mechanical fasteners.",1,35,0,0.0,27,ok
2015,8959122,6,summary,"Search for systems providing visual interfaces that transform nested hierarchical data composed of mixed-type tuples and nested lists into concise table displays, sampling each depth level for viewport-friendly subsets while enabling user-initiated analysis of the presented data.",2,40,0,0.0,30,ok
2015,8959122,6,keyword,"Searching prior art for a system with a data‑handling module managing nested tuples and lists, a user‑interaction module issuing analytic commands, a visualization engine that samples and shows a table of level and attribute names, and an analysis engine applying user‑defined operations.",2,45,0,0.0,29,ok
2015,8959122,6,function,"A system converting nested data structures comprising tuples and lists into a tabular view, using sampling to fit screen limits, and enabling user‑initiated analysis via a UI that shows level and attribute headers and results.",2,36,0,0.0,24,ok
2015,8954854,6,summary,"Search for systems enabling interactive spatial audio control via touch‑screen location inputs, generating multi‑channel sound correlated with selected map areas and dynamically adjusting channel count based on simultaneous touches.",1,31,0,0.0,25,ok
2015,8954854,6,keyword,"processor, memory, touch‑screen interface, responsive geographic area mapping, user touch‑based interaction parameters, audio event definition, multi‑channel audio output, dynamic channel count controlled by number of simultaneous touches, location‑anchored sound playback.",3,34,0,0.0,30,ok
2015,8954854,6,function,"systems that use touch‑screen interaction to map user touches to geographical zones on a display, then generate multi‑channel audio events tied to those zones, dynamically adjusting channel count and playback parameters as interactions change during playback.",1,38,0,0.0,28,ok
2015,9015912,34,summary,Seeking prior art for a two‑piece quick‑release fastening that uses an interlocking plug with extendable legs and a socket housing with angled guide channels; the design features distinct squeezing and guiding surfaces with varying inclinations and spacings to improve insertion ease and secure engagement.,3,46,0,0.0,30,ok
2015,9015912,34,keyword,"Side release buckle with plug having legs and guide surfaces featuring guiding and squeezing portions, differing inclination angles and spacing, housing space with manipulation openings, sliding engagement, perpendicular plug surfaces to insertion direction, and a belt attachment on plug and socket",3,41,3,0.10344827586206896,29,failed_constraints
2015,9015912,34,function,"Searching for a side-release buckle system featuring a plug with leg ends that fit into a socket housing; guide surfaces inside the housing direct the legs into engaging arms through manipulation openings while maintaining secure lock during belt fastening, yet permitting controlled release.",3,44,1,0.03125,32,failed_constraints
2015,8938464,6,summary,"Search for methods that provide users of graphical devices with geo‑encoded 3‑D models of architectural structures, ranked by popularity, by querying a public database and overlaying a selected model onto the map view.",1,35,0,0.0,20,ok
2015,8938464,6,keyword,"Search for systems that merge user‑submitted geolocated 3‑D architectural models with GIS imagery, rank models by public popularity, and overlay the chosen model onto a mapped visual display via a server‑based query engine.",2,36,0,0.0,24,ok
2015,8938464,6,function,"Search for systems that provide geo‑coded 3‑D models to a graphical device by receiving a user view request, querying a public model database, ranking by popularity, and superimposing a selected model on a geographic view.",1,37,0,0.0,21,ok
2015,9165461,12,summary,"A system that merges mobile device counts, GPS signals, camera‐derived vehicle and pedestrian counts, and operator inputs to compute a weighted travel priority for intersection movements, then schedules the green phase for the highest‑scoring direction.",1,37,0,0.0,25,ok
2015,9165461,12,keyword,"Search for intersection control systems that calculate a weighted travel score from mobile‑device density, GPS signals, vehicle and pedestrian counts via image sensors, and user input, then adjust traffic signals through display units based on the highest score direction.",2,40,0,0.0,30,ok
2015,9165461,12,function,"Traffic signal control system calculates a weighted travel score from smartphone, GPS, camera vehicle, and pedestrian metrics to determine the priority direction and authorize lights, creating adaptive flow cycles while respecting intersection restrictions.",2,33,0,0.0,25,ok
2015,9046610,24,summary,"device to secure a probe measuring ionizing events, includes a holder with a collimator mount, glove‑box attachment, and a locking mechanism to control field‑of‑view while enabling detachable collimator adjustments.",2,32,0,0.0,21,ok
2015,9046610,24,keyword,"Search for glove‑box‑mounted ionizing‑radiation detector standoffs featuring detachable collimators secured by ball‑plunger latches, cylindrical fittings, and swivel attachments to glove ports that allow field‑of‑view adjustment and prevent rotational or sliding motion.",2,37,0,0.0,27,ok
2015,9046610,24,function,"mechanical support system for ionizing radiation probe attachment to glove box port with detachable collimator holder, lock mechanism using ball bearing, allows adjustable field of view, prevents rotation and sliding, used as containment interface",1,34,0,0.0,26,ok
2015,8978816,35,summary,"Sound isolation system for temporary enclosures—portable peaked or flat acoustic canopy suspended near floor to concentrate and confine sound from a source, separating it from adjacent areas.",1,28,0,0.0,18,ok
2015,8978816,35,keyword,"portable acoustic enclosure within a temporary tent structure, featuring a flexible fabric peaked canopy positioned above a floor, designed to concentrate and isolate sound from a source, separating the front area from the rear area, including removable suspension system.",1,39,0,0.0,27,ok
2015,8978816,35,function,"Portable acoustic shell for temporary structures that suspends a peaked or flat canopy over a sound source area, concentrating sound within that sub-area and isolating it from the remainder of the building.",1,33,0,0.0,19,ok
2015,9155997,23,summary,"Developing a flue‑gas mercury abatement system that oxidizes elemental mercury by introducing dissociated halogen derived from a reactive precursor at 60–400 °C, injecting particulate sorbents such as activated carbon or alkaline additives, and trapping the resultant mercury compounds before the downstream pollution control unit.",3,46,1,0.03125,32,failed_constraints
2015,9155997,23,keyword,"Search for prior art on methods for removing mercury from coal flue gas via halogen gas oxidation, using dissociated halogens generated from precursors at 60–400 °C, with particulate injection of activated carbon or alkaline additives, captured downstream before desulfurization or cyclone units.",3,43,2,0.06666666666666667,30,failed_constraints
2015,9155997,23,function,"Search for techniques where dissociated halogen species, produced by activating a halogen precursor at 60–400 °C, oxidize mercury in coal‑fired flue gas, followed by particle injection (activated carbon, alkalis) and mercury capture by downstream pollution control devices.",3,39,0,0.0,27,ok
2015,9211777,32,summary,"An HVAC system for cars that manages cabin climate after engine shut‑down, using a blower and a heater core connected to engine coolant, and a smart control unit that chooses interior or outside air, adjusting outlet volume based on air temperature changes.",2,43,0,0.0,29,ok
2015,9211777,32,keyword,"Search for automotive climate control system integrated with engine stop‑start, including a blower, heater core, ambient temperature sensor, interior/ambient airflow switching, volume‑map selection, temperature‑based flow control, and fan actuation during engine OFF conditions.",2,37,0,0.0,31,ok
2015,9211777,32,function,"Search for automotive HVAC system components that automatically manage engine stop/restart, switching between cabin and outside air paths, controlling blower fan speed based on temperature of pre‑heated air, to maintain interior climate when engine is off.",2,38,0,0.0,28,ok
2015,9182575,9,summary,How can a multi‑element zoom camera lens that moves negative and positive power groups separately along its axis reduce the gap between the first and second unit during wide‑angle to telephoto transition while maintaining a high f‑number ratio and satisfying specific thickness constraints be uniquely achieved?,2,49,0,0.0,35,ok
2015,9182575,9,keyword,"Search for a compact zoom camera lens where the initial negative unit contains two elements (negative then positive) and the subsequent positive unit is moved closer during zoom; the relative distance reduces from wide to telephoto, maintaining fW/D1 > 7.5 and a telephoto coefficient Z > 4.",2,47,0,0.0,29,ok
2015,9182575,9,function,"Zoom lens for cameras, where separate negative and positive power units move linearly to change magnification while keeping inter‑unit spacing small, achieving a wide‑to‑telephoto focal ratio above 4 and a front‑element thickness constraint.",3,37,0,0.0,26,ok
2015,8942226,4,summary,"How can a unified network controller compute routing paths, initiate, reroute, and delete tunnels while also acting as a path request handler, using standard routing calculation interfaces to update topology after connection status reports?",2,34,0,0.0,27,ok
2015,8942226,4,keyword,"centralized routing engine controlling tunnel setup and re‑routing in a programmable network, computing paths from a topology graph with constraints, sending control updates to source nodes and clients, and tracking link state from connection reports, functioning as both path engine and client interface",2,44,0,0.0,30,ok
2015,8942226,4,function,"Centralized network element that computes paths based on current topology, applies constraints, sends path and identifier to source node and PCC, receives creation confirmation, updates the topology, and simultaneously functions as both a PCE and PCC to initiate and manage tunnels.",1,41,0,0.0,27,ok
2015,9159924,1,summary,"Developing a rapid heat‑treating technique to convert polymer‑coated substrates with a thin metal protection into few‑layer graphene films, enabling high‑quality carbon layers for flexible electronic devices.",3,30,0,0.0,22,ok
2015,9159924,1,keyword,"Search for methods of creating carbon thin films through polymer coating, a metal protective layer of nanometric thickness, and rapid annealing to produce monolayer or few-layer graphene on substrates.",3,30,2,0.1,20,failed_constraints
2015,9159924,1,function,"Search for techniques that layer polymer on a substrate, apply a thin metal coating as a shield, then rapidly heat‑treat the assembly to carbonize into a few‑layer graphene film suitable for electronic devices.",1,35,0,0.0,21,ok
2015,8989193,4,summary,"Search for methods solving hash table collisions in shared routing tables of multi‑module switches by relocating conflicting entries to alternate bucket sets or tables to allow insertion, leveraging distinct hash functions and shared bridge elements.",1,36,0,0.0,26,ok
2015,8989193,4,keyword,"multi‑module network switch with shared hash tables, separate bucket sets per distinct hash functions, collision‑resolution via moving entries between tables, first bucket insertion failure triggers relocation of second entry, bridging elements, frame source/destination addressing",2,37,0,0.0,33,ok
2015,8989193,4,function,"Search for methods of resolving routing entry insertion failures in a distributed switch by relocating entries between multiple hash tables, using distinct hashing functions and bucket sets shared among bridge components, and enabling efficient source/destination address handling.",2,38,0,0.0,29,ok
2015,9107370,18,summary,"Search for prior art on a genetically improved soybean cultivar designated A1036375, covering its seeds, plants, regenerated tissue cultures, and breeding techniques that use self‑crossing or hybridization to create progeny with specific genetic characteristics.",2,35,0,0.0,24,ok
2015,9107370,18,keyword,"Soybean A1036375 germplasm, ATCC PTA‑121823 accession, includes transgenic lines via backcrossing or genetic manipulation, tissue culture derivations, seed material, self‑pollinated progeny, and breeding methods for regeneration.",2,28,0,0.0,23,ok
2015,9107370,18,function,"Soybean cultivars produced by self‑crossing or hybridization, encompassing seed, plant tissues, and tissue‑culture‑derived plants, with methods for generating new plants and derivatives by controlled breeding and cellular culturing techniques.",2,32,0,0.0,22,ok
2015,8935653,7,summary,"Method and system to capture website screenshots, match their visual elements to a stored feature database, automatically produce feature requirement specifications, recommend cost‑and‑complexity adjustments, and update the specifications accordingly.",1,31,0,0.0,21,ok
2015,8935653,7,keyword,"computer system based web requirements generation platform employing screen capture matching engine against feature database, cost/complexity recommendation engine, and automated requirements specification linker.",1,24,0,0.0,21,ok
2015,8935653,7,function,"Search for automated systems that capture website screenshots, match UI components to a feature database, generate requirement specifications, and provide cost‑based modification recommendations to refine the specs.",2,28,0,0.0,19,ok
2015,9048880,4,summary,"System that uses a localized base‑station emulator to register a mobile phone within a business premises, transmits its ID to a cloud service, and instantly alerts on‑site staff of the visitor’s identity and availability for interaction.",3,39,0,0.0,22,ok
2015,9048880,4,keyword,"Search for systems where an NFC transceiver interfaces with a mobile handset, a local gateway controller masquerades as a cellular core, a softswitch routes registrations, and a visitor‑management server delivers real‑time arrival notifications to enterprise staff.",2,38,0,0.0,24,ok
2015,9048880,4,function,"Search for solutions employing near-field communication to detect a mobile device at a premises, register it via a micro‑cell base station that impersonates a regular base station, then relay the device’s ID to a backend system that notifies on‑site staff of the customer’s presence and readiness for interaction.",3,53,3,0.0967741935483871,31,failed_constraints
2015,9024125,18,summary,"Soybean cultivar XR31AE13 that preserves core physiological and morphological features after introgression of transgenic or mutant genes, with breeding techniques and nucleic‑acid profiling for trait evaluation.",1,27,0,0.0,18,ok
2015,9024125,18,keyword,"Soybean Glycine max cultivar XR31AE13 transgenic seed retaining phenotype, transgene introgression, cells, plants, breeding lines, germplasm; Agrobacterium‑mediated T‑DNA integration; nucleic‑acid isolation, morphological and physiological characterization, trait stability, ATCC PTA‑13423 deposition.",1,34,0,0.0,30,ok
2015,9024125,18,function,"Search for genetic approaches that enable soybean varieties maintaining core agronomic traits while incorporating transgenes or natural mutations, focusing on breeding methods, genetic isolation, analysis, and recording of nucleic‑acid data for such modified lines.",2,35,0,0.0,26,ok
2015,9019164,3,summary,"Search for a dish antenna incorporating a probe feed, waveguide, dielectric block, sub-reflector, and cylindrical shield where the shield’s radius subtends ≤ 50° from the focal point to suppress side lobes.",2,32,0,0.0,20,ok
2015,9019164,3,keyword,"Search for front‑feed reflector antennas featuring a dish reflector, waveguide aligned along the dish axis, a dielectric spacer connected to the waveguide, a sub‑reflector near the focal region, and a cylindrical perimeter guard with the axis–shield line angle not exceeding about fifty degrees.",3,46,3,0.09375,32,failed_constraints
2015,9019164,3,function,"front‑fed dish antenna using axial waveguide, dielectric, sub‑reflector, and cylindrical shield positioned so the angle between the feed axis and the shield edge relative to the focal point is 50° or less, reducing spillover and enhancing directivity.",1,39,0,0.0,27,ok
2015,8987713,22,summary,"Search: hybrid light‑emitting device with inorganic semiconductor cylinder, lateral doped region adjoining cylinder surface, surrounding organic emissive layer that receives energy via non‑radiative transfer to produce photons.",3,29,0,0.0,24,ok
2015,8987713,22,keyword,"Search for light‑emitting devices comprising an inorganic semiconductor cylindrical core with an adjacent lateral injection region, coupled to an organic emissive ring that accepts charge carriers via non‑radiative transfer, including structures with p‑ and n‑doped layers, weakly doped cores, or quantum‑well band‑gap gradients.",3,48,1,0.029411764705882353,34,failed_constraints
2015,8987713,22,function,Search for devices emitting light by injecting carriers into a semiconductor cylinder with a lateral charge‑injection region where a surrounding organic emissive layer captures carriers non‑radiatively to produce electroluminescence.,1,31,0,0.0,20,ok
2015,9132979,25,summary,"Investigating a shuttle nip system for high‑speed duplex printing that reverses sheet orientation using orbitally rotating rollers which also translate downstream, coupled with a movable diverter gate and associated guides to realign the lead/trail edges during continuous feed.",2,40,0,0.0,29,ok
2015,9132979,25,keyword,"Search for an orbital shuttle nip paper sheet inverter in digital printing, involving forward/reverse rotating rollers that orbit and translate along process direction, with an additional inversion nip, guide plates, funnel plates, and a movable diverter gate enabling duplex sheet flow.",3,42,1,0.03225806451612903,31,failed_constraints
2015,9132979,25,function,"Searching for devices that enable duplex media inversion in digital printing by orbitally rotating and translating dual nip rollers, using an auxiliary inversion nip downstream, and a movable gate to guide the sheet’s trailing edge into the inversion nip, thereby switching lead and trailing edges.",2,46,0,0.0,30,ok
2015,9018550,1,summary,"Find prior art for a lever‑actuated power disconnect device where a cover slides off a housing, disabling a high‑power terminal and an on/off detection switch, and a sliding stopper delays lever motion to avoid sparking during separation.",2,40,0,0.0,26,ok
2015,9018550,1,keyword,"lever‑actuated cover housing power circuit disconnect device with stop mechanism delaying terminal separation to suppress sparking, utilizing detection switch transitioning OFF as cover separates, incorporating restricting walls and movable stopper for heavy current isolation.",1,35,0,0.0,28,ok
2015,9018550,1,function,"search for mechanical power‑switch devices employing a movable lever, cover, and sliding stop that delay disengagement of high‑current contacts until a detection circuit is de‑energized, to avoid sparking during separation of housing.",1,35,0,0.0,24,ok
2015,9193960,15,summary,"By systematic single‑residue changes and high‑throughput fidelity screening, engineered PstI endonucleases with reduced non‑specific cleavage are obtained, focusing on residues 91, 204, 228, and 289.",2,28,0,0.0,20,ok
2015,9193960,15,keyword,"Search for engineered restriction endonucleases—particularly PstI variants with lowered star activity—obtained via systematic site-directed mutagenesis and quantitative screening assays, focusing on residue changes at positions analogous to 204, 91, 228, and 289.",2,35,0,0.0,26,ok
2015,9193960,15,function,"Search for methods that generate restriction enzyme variants with lowered star activity by amino acid modifications at defined positions, using high‐throughput screening to improve fidelity and reduce nonspecific cleavage in DNA processing kits.",2,34,0,0.0,24,ok
2015,8990494,6,summary,"Search for home network storage devices that integrate SSDs and HDDs in a hybrid RAID arrangement with programmable hot‑swap capability, employing DMA‑controlled memory modules and synchronized high‑speed data paths to match host and storage communication rates, supported by dual‑buffered data handling.",1,45,0,0.0,33,ok
2015,8990494,6,keyword,"home storage system comprising main controller, display unit, external memory interface, network interface, PCIe-enabled combined RAID subsystem, SSD and HDD arrays with progressive hot‑swap, DMA and synchronization modules, double‑buffer and circular queue structures for high‑speed data flow",3,41,5,0.14705882352941177,34,failed_constraints
2015,8990494,6,function,"PCIe‑based storage architecture with simultaneous SSD and HDD arrays, featuring progressive hot‑swap of HDDs into a hybrid RAID module, coordinated by a DMA‑controlled main controller that synchronizes data rates between PCIe and mixed media, using dual‑buffer and circular‑queue techniques to maintain high‑speed throughput.",2,49,0,0.0,36,ok
2015,9204239,4,summary,"Search for methods enabling a mobile device to determine bearer link throughput, choose an appropriate server to download a matching segment of a customization file, and apply the downloaded configuration to the device.",2,33,0,0.0,19,ok
2015,9204239,4,keyword,"Mobile device software identifies bearer‑channel bandwidth, selects an appropriate server from a set, requests a segment of a configuration payload, receives the data, and applies in‑device customization, iterating across multiple bearer‑channel switches.",3,35,0,0.0,24,ok
2015,9204239,4,function,"Searching for methods enabling a mobile device to assess its current bearer channel bandwidth, select an appropriate update server based on that bandwidth, download a relevant configuration payload, and apply the configuration in real time.",2,35,0,0.0,22,ok
2015,9093657,22,summary,"Search for prior art of a full-color LED device with patterned semiconductor nanocrystals embedded between hole‑transporting and blocking layers to achieve high external quantum efficiency, using Group II–VI, III–V, and similar compound quantum dots.",3,38,3,0.10714285714285714,28,failed_constraints
2015,9093657,22,keyword,"Locate OLED patents featuring patterned arrays of quantum dot emitters (II–VI, III–V, IV–VI compounds) integrated with hole injection, hole transport, hole blocking, and electron‑conducting layers, delivering >0.20 % EQE and CIE x≈0.34‑0.36, y≈0.40‑0.48.",3,45,1,0.03225806451612903,31,failed_constraints
2015,9093657,22,function,"Search for semiconductor nanocrystal‑based light‑emitting arrays integrated between charge‑transport layers that deliver >0.20 % external quantum efficiency and produce emissions with CIE coordinates x ≈ 0.34–0.35, y ≈ 0.40–0.48.",3,36,1,0.043478260869565216,23,failed_constraints
2015,8958580,2,summary,"Ultrasonic transducer employing a ribbed support that holds the diaphragm, a perforated screen pressed onto the diaphragm with no gap on the ribs yet free to move between ribs, designed to increase output while protecting the emitter.",1,37,0,0.0,24,ok
2015,8958580,2,keyword,"Ultrasonic transducer featuring a ribbed support member carrying piezoelectric elements that can move within inter‑rib cavities, with a perforated protective screen positioned flush against the elements to enforce zero clearance while remaining unattached between ribs for acoustic freedom.",1,39,0,0.0,30,ok
2015,8958580,2,function,"Search for ultrasonic transmitters using rib‑supported emitters held in contact with perforated protective screens that rest on ribs, allowing fluid motion in spaces between ribs while preventing screen movement to boost acoustic output.",1,34,0,0.0,25,ok
2015,8929781,9,summary,"Search for a toner developing system that uses two counter‑rotating carriers with magnetic transfer and downstream poles, a layer‑thickness regulator, and precisely spaced magnetic fields to form a controlled chain‑like developer layer for high‑quality image development.",1,40,0,0.0,28,ok
2015,8929781,9,keyword,"Search for image forming apparatus with dual rotating developer cylinders, each carrying toner‑magnetized developer; a supply zone with layer‑thickness control; magnetic assemblies producing a chain‑like developer film; specified flux densities (50–90 mT transfer, 70–120 mT follow‑on) and angular orientations 0–15 deg and 20–40 deg.",3,52,1,0.024390243902439025,41,failed_constraints
2015,8929781,9,function,"Search for a dual‑rotating developer system with peripheral toner carriers, a supply channel, a layer‑thickness controller, paired transfer and downstream magnetic poles, enabling chain‑style toner transfer between carriers for printing or imaging devices.",3,36,0,0.0,26,ok
2015,9095674,13,summary,"Search for a malleable nose clip that uses an outer rim support, inner sidewall extensions, and a bridging element to create lateral tension, expanding the nasal airway to increase airflow.",1,30,0,0.0,19,ok
2015,9095674,13,keyword,"search for nasal airflow enhancement devices comprising malleable outer support, dual inner lateral extensions, and bridge element that encircle nostril rim, forming a structured nose clip that widens the nasal cavity by tensioning and reshaping the lateral wall.",1,38,0,0.0,27,ok
2015,9095674,13,function,"nose clipping device that expands nasal airway width by employing an outer support pressed against the nose, inner sidewall extensions and a bridging element that together use spring tension to widen the lateral nasal cavity, improving breathing, made of malleable material",1,41,0,0.0,29,ok
2015,9012234,10,summary,"Search for a portable water analyzer featuring a detachable microfluidic cartridge with built‑in reagent, inlet, pumping port and an optical measurement path, where a photometric detector aligns with a measuring window for analyte determination.",1,35,0,0.0,21,ok
2015,9012234,10,keyword,"Portable microfluidic water‑analysis module possessing a test cartridge with inlet port, integral reagent chamber, downstream pump port, and optical measurement window that defines a photometric track; linked to a unit‑level photometer (LED source, photodiode), flow‑actuating pump, and receptacle.",1,41,0,0.0,31,ok
2015,9012234,10,function,"Mobile analyzer that inserts a microfluidic test strip containing an inlet, reagent chamber, and measuring window into a holder equipped with a light source and detector, performing photometric absorbance along the strip length while a pump actuator circulates the sample.",1,40,0,0.0,26,ok
2015,9217861,2,summary,"Search for patent disclosures on electrostatically actuated reflective mirror assemblies in a lens system that provides tunable optical power by grouping mirrors into sections with differing tilt limits, each mirror equipped with opposing actuation, sensing, and limit contacts.",2,38,0,0.0,26,ok
2015,9217861,2,keyword,"Search for patents on micromirror array lenses using dual‑section tilting mirrors, each with actuation, sensing, and stopper electrodes on both sides of the pivot, where the first section allows a smaller tilt range than the second, enabling tunable focus.",3,40,0,0.0,27,ok
2015,9217861,2,function,"Searching for tilt‑actuated mirror assemblies partitioned into distinct sections, each with actuation and sensing electrodes on opposing sides of a pivot, featuring stop mechanisms and differing angular ranges for the lower‑range and higher‑range sections to achieve adjustable optical power.",2,42,0,0.0,28,ok
2015,9167426,4,summary,"Search for mobile devices that bridge a primary network link using one wireless protocol while simultaneously acting as an access point for additional clients via a second protocol, automatically monitoring the main link’s bandwidth and handing off clients to another device when limits fall below a threshold.",1,48,0,0.0,33,ok
2015,9167426,4,keyword,"Search for dual‑radio mobile devices providing a hotspot by linking a cellular connection with a Wi‑Fi client network, where the device monitors bandwidth and triggers handover to another hotspot when capacity drops below a threshold.",2,37,0,0.0,23,ok
2015,9167426,4,function,"Search prior art for a mobile device that uses a primary wireless link to connect to a network, a secondary link to support nearby clients as an access point, dynamically monitoring first‑link bandwidth and handing off clients to another device when capacity falls below a threshold.",1,47,0,0.0,30,ok
2015,9091264,27,summary,"Search for wellbore actuator comprising a lobed rotor inside a matching stator, where one lobe portion incorporates a flexible gasket partially set within a metal sleeve while the opposite portion remains a rigid metal contact for enhanced sealing and longevity.",2,40,0,0.0,28,ok
2015,9091264,27,keyword,"Search for downhole rotating apparatus comprising a stator with inner lobed interface and rotor with outer lobed interface, where a sealing layer is integrated into a metallic face and an additional metallic section contacts fluid; applications in drilling motors or progressive cavity pumps.",2,43,0,0.0,27,ok
2015,9091264,27,function,"rotor and stator with lobed contact surfaces that integrate sealing pads partially embedded in metal, used in downhole drilling motors or progressive cavity pumps to allow fluid‑pressure driven rotation and efficient fluid flow from the wellbore.",1,37,0,0.0,25,ok
2015,8959722,34,summary,"Search for devices that suspend key rings inside clothing pockets to avoid abrasion, featuring a curved hook with a recessed gap that embraces pocket edges, using concave/convex surfaces to secure the key ring and protect fabric.",1,37,0,0.0,25,ok
2015,8959722,34,keyword,"Search for a key‑hook device integrating a key‑ring loop, a curved bridge, and a hook comprising a shank, bend, and point with concave and convex sections, a gap featuring a broad opening and a narrow passage to secure keys inside a clothing pocket without causing wear.",3,48,5,0.16666666666666666,30,failed_constraints
2015,8959722,34,function,"search for designs of retractable key‑hook assemblies that hang key rings inside garment pockets to prevent abrasion, featuring a curved bridging element, a hook with concave shank and point, a gap accommodating the pocket edge, and a rounded tip that protects fabric.",1,43,0,0.0,28,ok
2015,9007453,2,summary,"Method for aligning an image capture field to a specified sample region: capture a smaller reference image and store its position, then repeatedly image the target region at different axial positions, comparing to the reference to fix field placement during time‑lapse imaging.",1,43,0,0.0,29,ok
2015,9007453,2,keyword,"Search for time‑lapse optical microscopy methods that acquire a reference sub‑field image, record its position and dimensions, then sequentially reposition the field of view along the objective’s optical axis to capture comparison images for alignment and drift compensation.",1,41,0,0.0,27,ok
2015,9007453,2,function,"A method for aligning an imaging system’s field of view with a target region on a specimen by capturing a small reference image, sequentially scanning along the optical axis, comparing each image with the reference, and selecting the best match before time‑lapse acquisition.",1,45,0,0.0,27,ok
2015,9108669,32,summary,"Search for EPAS methods correcting steering torque readings by estimating torque from out‑of‑center mass in the wheel, then adjusting motor assistance accordingly, to reduce steering bias caused by wheel weight asymmetry.",3,33,0,0.0,23,ok
2015,9108669,32,keyword,"steering assist system compensating for off‑center weight torque on wheel or column using sensor‑derived torque, corrective algorithm, actuator torque calculation, controller, and weight imbalance modeling for improved torque accuracy.",2,31,0,0.0,24,ok
2015,9108669,32,function,"Find prior art on electric power steering systems that estimate and correct for the influence of asymmetrically placed mass in the steering wheel, using the adjusted torque measurement to calculate the required motor assistance, thereby enhancing steering accuracy and responsiveness.",3,40,0,0.0,26,ok
2015,9135077,6,summary,"Search for GPU load‑balancing methods that redistribute pending wavefront work items among SIMD processor queues after partial execution passes, to equalize queue lengths below a threshold and improve utilization.",1,30,0,0.0,23,ok
2015,9135077,6,keyword,"Methods for GPU wavefront optimization by redistributing queued work items among SIMD processor queues when some queues fall below a processing threshold, performing multiple work passes and rebalancing to improve compute unit utilization.",3,33,0,0.0,25,ok
2015,9135077,6,function,"methods enabling load‑balanced distribution of GPU wavefront work-items across SIMD lanes by threshold‑based redistribution, improving throughput for compute kernels during scheduling",2,24,0,0.0,19,ok
2015,8928674,6,summary,"Methods for aligning and merging motion capture data from two separate sessions by matching surface features, selecting best‑correlated images, computing spatial offsets, and integrating models.",1,26,0,0.0,19,ok
2015,8928674,6,keyword,"Search for methods aligning motion capture sessions using animation mesh to image data correspondence, computing spatial offsets between surface features for merging models, and applying translation/rotation to produce a unified motion model.",1,33,0,0.0,25,ok
2015,8928674,6,function,"Searching for methods that compare a motion model and animation mesh against captured image data to identify corresponding surface features, select the highest‑correlation image, compute a spatial offset, align the two representations, and combine them into an enhanced motion model.",1,41,0,0.0,27,ok
2015,9152325,6,summary,"Search for systems that map multiple logical data blocks to a single physical block using shared pointers, detect frequent access of a logical block, transfer ownership by copying data to a new block and rewriting to maintain integrity while avoiding redundant storage.",1,42,0,0.0,29,ok
2015,9152325,6,keyword,"Search prior art on memory controllers that assign a pointer from multiple logical blocks to a single physical block, then switch ownership during write commands, duplicating the physical page for highly used logical blocks.",3,34,3,0.125,24,failed_constraints
2015,9152325,6,function,"How can a storage system allocate a single physical page to multiple duplicate logical pages, then isolate and copy pages when a high‑usage logical page is updated, enabling efficient space sharing and write‑time duplication?",2,36,0,0.0,26,ok
2015,8946788,8,summary,"Search for vertical GaN‑based JFET fabrication methods featuring a heavily doped n-type substrate, a drift layer doped between specified densities, strictly limited indium and carbon concentrations, and integrated n‑channel and p‑gate layers.",1,36,0,0.0,25,ok
2015,8946788,8,keyword,"Search for methods to grow high‑temperature (>1000 °C) GaN epitaxy on heavily n‑doped substrates, employing Ga‑containing and N‑containing gases with gettering, and to fabricate vertical JFETs featuring GaN drift layers, indium‑controlled doping, carbon‑limited purity, and p‑gate structures.",3,44,1,0.03333333333333333,30,failed_constraints
2015,8946788,8,function,"Advanced III‑nitride epitaxial growth at >1000 °C using Ga‑ and N‑rich gases with supplemental gettering gas, establishing vertically oriented JFET structures featuring highly doped n‑type substrates, indium‑carbon moderated drift layers, n‑channel, p‑gate, and surface contacts.",3,41,0,0.0,30,ok
2015,9182423,10,summary,"Searching for thermal convection accelerometers featuring a heater and two temperature sensors placed asymmetrically on a substrate to detect angular acceleration of a pivot axis, with proximity ends spaced farther apart than distal ends, improving sensitivity.",2,36,0,0.0,25,ok
2015,9182423,10,keyword,"search thermal convection angular acceleration sensor with insulated substrate housing, two temperature sensors positioned asymmetrically around rotation axis, heater between sensors, where proximal sensor ends are spaced farther apart than distal ends, for measuring rotational acceleration.",1,36,0,0.0,30,ok
2015,9182423,10,function,"Thermal convection sensor arrangement uses dual temperature detectors and an intermediate heater, placed on an insulating substrate, to detect rotation-axis acceleration by measuring convective temperature gradients where sensor spacing is unequal relative to the axis.",1,36,0,0.0,24,ok
2015,9172876,2,summary,"Search for methods and devices that measure camera motion blur by vibrating a controlled vibration table, selecting vibration amplitude based on camera mass to capture evaluation images for accurate blur quantification.",1,31,0,0.0,21,ok
2015,9172876,2,keyword,"Search for methods or apparatuses that measure camera motion blur by mounting the camera on a vibrating platform, selecting vibration profiles based on device mass, acquiring evaluation images during vibration, and quantifying blur from the captured image.",1,37,0,0.0,24,ok
2015,9172876,2,function,"Search for methods or systems that vibrate a camera in proportion to its mass, capture a test image under vibration, and calculate motion blur from that image to enable precise blur measurement.",1,32,0,0.0,18,ok
2015,9011952,18,summary,"Search for efficient methods of separating fruit seeds from apple pomace by adding water, agitational dispersion, density‑based settling, and mechanical sieving, focusing on energy‑saving, compact apparatus with vertical cylinders, seed trapping pipes, and reusable filtration systems.",3,38,0,0.0,28,ok
2015,9011952,18,keyword,"Search for patents describing a cylindrical fruit pulp processing vessel equipped with a removable top lid, multiple agitator impellers, vertical baffles, horizontal and inclined outlets, a foldable sieve ring, and a water recycling system that exploits bulk density differences to separate seeds from pomace.",2,44,0,0.0,31,ok
2015,9011952,18,function,"Exploring a vessel‑based system that blends horticultural residues with liquid, agitates to suspend solids, lets denser seeds settle, then uses secondary mixing, inclined outlets, and sieved catch chambers to separate seeds while recovering pulp and reusing wash water.",3,39,0,0.0,30,ok
2015,8982269,9,summary,"Searching for a mechanical fine‑focus system for wafer‑scaled image capture, featuring threaded coupling between a lens holder on the sensor die and a complementary threaded base fixed to an integrated lens stack, enabling rotational depth adjustment for optimal focal registration.",3,42,1,0.034482758620689655,29,failed_constraints
2015,8982269,9,keyword,Search for wafer‑level camera modules featuring a mechanical fine‑focus system with a threaded lens receiver and a complementary threaded lens holder that lock the die‑level lens stack to the sensor via rotational coupling for optimal Z‑height adjustment.,3,41,4,0.14814814814814814,27,failed_constraints
2015,8982269,9,function,"Search for a mechanical fine‑tuning system for wafer‑scale imaging that uses a threaded lens connection to a sensor, rotational alignment to adjust Z‑height for optimal focus, and secure locking, with a wafer‑based lens stack diced into individual dies.",3,42,0,0.0,26,ok
2015,9120269,20,summary,"Search for machines or methods that use a rotating band or belt to scoop or compress powdered material onto a build plate or existing layer, employing a wedge‑shaped contact region and angled band sections to withdraw material from a reservoir and lay it in a linear motion system.",1,49,0,0.0,29,ok
2015,9120269,20,keyword,"Powder handling system employing a rotating band that contacts two mandrels, inclines toward a powder reservoir and build surface, forming a wedge region that strips, transports, and compresses powdered material onto a construction platform during linear motion for additive manufacturing.",3,40,3,0.10344827586206896,29,failed_constraints
2015,9120269,20,function,"Searching patents for a device that feeds a powdered or granular layer onto a construction platform using a movable band that contacts multiple drive bodies, inclines to form an angled wedge for material transfer and compaction during linear motion.",3,39,3,0.12,25,failed_constraints
2015,9095475,13,summary,"Search for machines that insert and orient tampon components by using a cylindrical member with varying diameter, a push rod, and an orienting jig with adjustable protrusions that fit between the member’s narrow and wide sections to guide absorbent insertions.",1,41,0,0.0,24,ok
2015,9095475,13,keyword,"Tampon manufacturing apparatus featuring an orienting mechanism with dual opposing protrusions, a cylindrical accommodating member having a minor‑to‑major diameter flare with petaloid extensions, and independent first and second inserting components that feed a pushing rod and absorbent core into the member.",1,43,0,0.0,28,ok
2015,9095475,13,function,"Searching for tampon production machinery that uses a cylindrical accommodating member with variable diameter, an orienting system having dual protruded gaps to align the member, and sequential insertion mechanisms for pushing and absorbent bodies.",1,34,0,0.0,22,ok
2015,9211740,28,summary,"Printer with dual media feed roller assembly using an elastic tension member that presses counter‑rollers together, enabling controlled tension and smooth media switching by stopping the print head, rotating specific rollers, and releasing tension to separate rollers without slippage.",1,40,0,0.0,30,ok
2015,9211740,28,keyword,"printer sheet feeder employing dual feed ports, separate conveying rollers, elastic tension member linking auxiliary rollers pressed against platen and primary rollers to maintain sheet alignment during feed transitions, with control logic to pause platen motor and rotate second roller during sheet change.",1,43,0,0.0,36,ok
2015,9211740,28,function,"printer having two separate feed ports with an elastic tension member connecting third and fourth rollers to the second feed roller, creating a restoring force that pulls rollers together and opens upstream ends, enabling rapid sheet switching while halting the platen motor.",1,42,0,0.0,31,ok
2015,9210120,4,summary,"Search for systems where a mobile terminal receives a menu of proxy or service identifiers from a DHCP or PDP context, selects one, resolves it via DNS, and initiates an IP session through the chosen proxy, using the access network’s network element database.",2,44,0,0.0,27,ok
2015,9210120,4,keyword,"Search for systems where a mobile terminal obtains a provider‑name list via DHCP or PDP context, selects a service entry, performs DNS resolution to retrieve a proxy IP, and establishes a session through that proxy utilizing network‑element database entries in 5G/LTE access networks.",1,46,0,0.0,32,ok
2015,9210120,4,function,"How can a mobile device automatically fetch a proxy-service list from DHCP or PDP context, select a name, resolve it via DNS, and initiate a session through that chosen proxy, thereby enabling dynamic connection establishment across diverse access networks?",1,40,0,0.0,29,ok
2015,9031491,9,summary,"Search for a powder-removing cleaning blade that contacts a crosslinked acrylic/methacrylic photoreceptor surface, employing layered resin construction to achieve 167‑195 N/mm² hardness and effectively strip toner from the developing stage.",1,34,0,0.0,23,ok
2015,9031491,9,keyword,"Search prior art for an image forming system with a crosslinked acrylic/methacrylic photoreceptor surface layer having hardness 167–195 N/mm² and a strip‑shaped elastic cleaning blade featuring a substrate, a mixed acrylic/methacrylic layer, and a surface acrylic/methacrylic layer.",3,43,1,0.034482758620689655,29,failed_constraints
2015,9031491,9,function,"Search for electrophotographic printers utilizing a crosslinked acrylic or methacrylic photoreceptor surface hardness 167–195 N/mm², coupled with an elastic strip cleaning blade comprising a substrate, a resin‑mixed coating layer, and an outer resin surface for efficient toner powder removal along blade edges.",3,45,1,0.03125,32,failed_constraints
2015,9214701,1,summary,"Lithium‑ion cell with a Mn‑based cathode and graphite anode, using an electrolyte where LiPF6 exceeds LiBF4, that forms a phosphor‑boron oxide coating on the cathode to suppress manganese dissolution and extend cycling life.",1,36,0,0.0,23,ok
2015,9214701,1,keyword,"Mn‑based cathode material, graphite anode, non‑aqueous electrolyte comprising LiBF4 and LiPF6 (LiPF6 in excess), iodide additive, phosphorous‑boron oxide passivation on cathode, B/P ratio exceeding LiBF4/LiPF6 ratio, lithium‑ion rechargeable battery.",2,35,0,0.0,28,ok
2015,9214701,1,function,"search lithium‑ion batteries using a manganese‑containing cathode, graphite anode and a mixed LiPF6/LiBF4 electrolyte (LiPF6 predominant) that promotes phosphorous‑boron oxide film formation on the cathode, thereby inhibiting manganese loss and extending cycle life.",1,37,0,0.0,28,ok
2015,9034478,28,summary,"Search for methods producing absorbable paper sheets using a biodegradable adhesive strip sandwiched between cellulose fiber layers, then hydrated, pressed and dried to yield a water-dissolving sheet for roll-core manufacturing and sanitary applications.",2,35,0,0.0,26,ok
2015,9034478,28,keyword,"Search for methods producing a water‑disintegrating paper sheet using a dry film of hydrophilic binder interleaved between cellulose wadding layers, then humidified, pressed, dried, and helically wound onto cores for roll carriers in sanitary or domestic applications.",2,38,0,0.0,28,ok
2015,9034478,28,function,"Method creating a paper sheet that dissolves in water by sandwiching a dry binding film between cellulose fiber layers, then moistening, compressing, drying, enabling the sheet to be rotatedly wound around a mandrel for disposable roll cores in sanitary products.",2,40,0,0.0,27,ok
2015,9115250,17,summary,"Process to prepare dilute, low‑viscosity polyamic acids with a preset low molecular weight by reacting a diamine with excess dianhydride in a highly water‑containing solvent, partially hydrolyzing terminal anhydrides, then adding stoichiometric diamine and anhydride to form a homogeneous solution.",1,42,0,0.0,29,ok
2015,9115250,17,keyword,"High‑concentration, low‑viscosity polyamic acid solution prepared via two‑step addition of diamine and tetracarboxylic dianhydride in a water‑rich solvent, with initial excess dianhydride hydrolysis followed by balanced reactant blending to maintain a logarithmic viscosity under 0.4 and solid loading 25–50 wt %.",3,46,4,0.12121212121212122,33,failed_constraints
2015,9115250,17,function,"Query for patents on a two‑step method forming a polyamic acid solution from a diamine and a tetracarboxylic dianhydride with added water, producing a high concentration, low-viscosity, water‑controlled polymer suitable for further processing.",3,36,5,0.21739130434782608,23,failed_constraints
2015,9205196,13,summary,"Search for a medication delivery system that uses a piston rod with integrated stop mechanisms to halt dose setting once the internal capacity is reached, preventing over‑delivery by coordinating axial engagement between a movable adjustment element and the rod's stop feature.",2,43,0,0.0,28,ok
2015,9205196,13,keyword,"piston‑rod medication dispenser featuring axial stop elements on a dose‑limiting sleeve and plunger, driven by a motor to deliver prescribed doses while preventing overdose by halting movement when the stop elements engage, making direct contact only at engagement.",1,40,0,0.0,28,ok
2015,9205196,13,function,Search for drug delivery systems that prevent setting a delivery dose beyond the contained medication by using axially movable dose limiters with interlocking stop elements on the piston rod to stop proximal movement during dose adjustment.,1,36,0,0.0,25,ok
2015,9193147,28,summary,"Search for a foil‑transfer system with a drive cylinder moving a printed sheet, a press cylinder applying a multi‑layer foil through a nip, and an endless support belt whose seam stays aligned with the press cylinder’s gap to prevent mis‑registration.",2,44,0,0.0,28,ok
2015,9193147,28,keyword,"Search for foil‑transfer mechanisms featuring a transport cylinder and a pressure cylinder with a multilayered foil web, an endless support belt whose joint aligns opposite the cylinder gap at the transfer nip, and embodiments where belt length is an integer multiple of the pressure cylinder’s circumference.",3,48,3,0.10344827586206896,29,failed_constraints
2015,9193147,28,function,"Device for transferring multi‑layer foil onto moving printed sheet using a transport roller, a pressure roller with a gap, and an endless support belt whose joint aligns opposite the roller gap as the belt traverses the transfer nip.",1,39,0,0.0,26,ok
2015,9135363,6,summary,"Search for systems that automatically detect, locate, and retrieve digital content referenced in messages, copy it to secondary storage or include it in outgoing mail, all executed by a server without manual user input.",1,34,0,0.0,21,ok
2015,9135363,6,keyword,"Automated digital content retrieval from user accounts by parsing incoming messages for location or metadata, automatically associating secondary storage, server‑side authentication and authorization, background access and copy to group destinations, with no user interaction.",1,35,0,0.0,25,ok
2015,9135363,6,function,"Search patents for systems that automatically analyze incoming messages for references to digital files, determine their storage locations, fetch the files without user interaction, and deliver or save them to user accounts or shared storage, enabling seamless cross‑account sharing and integration.",2,42,0,0.0,28,ok
2015,9146645,6,summary,"Search for touch panels that employ orthogonal straight and ladder‑like sensor rows with alternating interconnect bridges, allowing the bridges of one row to cross those of the other, thus enabling independent signal lines and higher touch resolution on a single substrate.",1,42,0,0.0,28,ok
2015,9146645,6,keyword,"Capacitive touch display featuring orthogonal sensing chains: direct‑line series joined via bridge conductors and ladder‑type series with alternating second and third bridge pathways, crossing, with separate first and second signal lines interleaved between adjacent rows. Substrate‑mounted sensor architecture.",3,41,0,0.0,34,ok
2015,9146645,6,function,"Search for systems employing orthogonal series of conductive pads coupled by alternating bridge lines that provide high‑resolution touch detection, permitting signal lines to interleave without shorting, enhancing pixel density and enabling independent readout in capacitive touch panels.",3,38,0,0.0,29,ok
2015,9096811,19,summary,"Search for high‑viscosity lubricants combining bright stock base oil with a hydrocarbon synthesized from synthesis gas, achieving a viscosity index above 95, specifically for marine diesel applications.",3,28,2,0.1,20,failed_constraints
2015,9096811,19,keyword,Search for lubricants composed of naphthenic oil blend and Fischer–Tropsch synthetic oil with ASTM D 2270 Viscosity Index above 95 used in marine propulsion lubrication.,2,26,0,0.0,18,ok
2015,9096811,19,function,"Search patents for a high‑viscosity‑index lubricating fluid that blends a bright naphthene‑rich stock oil with a synthetic oil produced by advanced catalytic hydrocarbon conversion, designed for use between moving surfaces in marine fuel‑cell or diesel propulsion systems.",2,41,0,0.0,29,ok
2015,8934557,3,summary,"Search for methods that jointly precoded multi‑user MIMO transmissions from geographically spread base stations, exploiting channel statistics feedback to iteratively adjust signal covariances for uplink–downlink duality, using SNR‑dependent first or second‑order optimization within a global power budget, then mapping to downlink precoders.",3,46,3,0.08333333333333333,36,failed_constraints
2015,8934557,3,keyword,"Search for distributed base‑station coordinated precoding of multiuser MIMO downlink, using channel‑mean and covariance feedback to iteratively compute uplink input covariance matrices that maximize rate approximations under a global and per‑antenna power budget, with SNR‑driven approximation switching, mapping to downlink precoders.",3,45,3,0.08823529411764706,34,failed_constraints
2015,8934557,3,function,"Search for systems that receive channel mean and covariance feedback from distributed base stations, compute uplink covariance matrices maximizing ergodic capacity through iterative convex optimization under a global transmit‑power sum constraint, map these to downlink covariances, and jointly precoding MU‑MIMO transmissions to mobile terminals.",3,46,8,0.2222222222222222,36,failed_constraints
2015,9218664,13,summary,"How to use paired radiopaque markers attached to a garment on a moving patient to compute changing inter‑marker distances from pre‑operative imaging, then compare those distances with real‑time localization element data during a procedure, enabling on‑the‑fly simulated images of the anatomy’s orientation and shape.",1,50,0,0.0,33,ok
2015,9218664,13,keyword,"System and method for 3‑D motion tracking of two radiopaque markers attached to a garment on a moving patient, using image‑based pose estimation and electromagnetic localization elements to compute vector distances and generate real‑time simulated anatomy images during interventional procedures.",1,43,0,0.0,29,ok
2015,9218664,13,function,"method for tracking motion of a device on a moving body using radiopaque markers, measuring inter‑marker distances across time, later fusing with real‑time localization element data to produce dynamic simulated images of an underlying anatomy during a surgical procedure",1,41,0,0.0,29,ok
2015,9152793,4,summary,"Search for systems that authenticate platform code updates by storing a manufacturer key hash in a policy table, verifying its hash against a TPM, extracting a second key from an embedded block, decrypting an update hash with that key and matching it to PCR measurements for secure authorization.",3,48,0,0.0,28,ok
2015,9152793,4,keyword,"Search patents for methods securing platform code updates by storing a hash of a manufacturer key, comparing it with a TPM hash, extracting a secondary key from a signature, decrypting an embedded integrity hash, and authorizing the update only if the decrypted hash matches PCR measurements.",2,46,0,0.0,28,ok
2015,9152793,4,function,"Search methods that hash a manufacturer cryptographic key into a machine policy structure, later compare that hash to a TPM‑stored value, then extract and decrypt an update code hash with the same key, matching it to PCR measurements to approve the code update.",2,44,0,0.0,27,ok
2015,9171176,6,summary,"Protecting data by storing it unprotected only on designated memory, a trusted OS with a security module logs access, restricts guest OS usage, disables export hardware, and blocks copying to other devices.",3,32,1,0.045454545454545456,22,failed_constraints
2015,9171176,6,keyword,"Search for on‑board trusted OS data storage schemes that log ticket‑based access, disable external memory with tamper detection when a guest OS runs, and deliver decryption tokens to the guest while preventing duplication onto non‑motherboard devices.",2,39,0,0.0,28,ok
2015,9171176,6,function,"Search for systems that operate a secure core OS to enforce ticket‑based data access rules, log user permissions, disable external I/O during guest OS sessions, and securely provision decryption keys while preventing copies of encrypted data to non‑designated memory.",2,42,0,0.0,31,ok
2015,8934828,9,summary,"Search for an image‑forming apparatus that recuperates and re‑stores discarded developer using an integrated waste chamber, a conveying element, and a biasing member that keeps the developing roller pressed against the photosensitive drum.",1,35,0,0.0,22,ok
2015,8934828,9,keyword,"Examine patents for an image‑forming system where a photosensitive drum receives toner via a developing roller, a developer accommodation chamber feeds fresh toner, a recovery chamber collects spent toner, a conveyance unit directs it to the chamber, and a push member applies roller pressure.",2,45,0,0.0,30,ok
2015,8934828,9,function,"Search for image‑forming apparatuses that integrate a waste developer removal unit, an integrated waste storage chamber alongside the developer chamber, a conveying system linking removal and storage, and an urging member that controls roller proximity to the drum.",1,39,0,0.0,25,ok
2015,9224046,6,summary,"Develop a learning algorithm that builds viewpoint‑dependent object models by clustering training images based on motion direction, estimating each cluster’s zenith and azimuth relative to a horizon, and then selecting the model that best matches the observed pose angles during inference.",2,43,0,0.0,29,ok
2015,9224046,6,keyword,"Search for methods that learn camera viewpoint‑specific object detectors by estimating the horizon, computing object pose azimuth and zenith angles, clustering training images by motion pattern similarity, and selecting the best detector set according to pose‑angle matching in video surveillance.",3,42,1,0.03333333333333333,30,failed_constraints
2015,9224046,6,function,"Search for systems or methods that learn and select camera‑perspective object recognition models by clustering motion‑pattern images, computing horizon‑based zenith angles and motion‑direction relative azimuths, then choosing the detector whose angular parameters best match a target video object's pose.",2,44,0,0.0,33,ok
2015,9203593,4,summary,"Dynamic determination of keep‑alive transmission intervals to keep NAT pinholes open for IP telephony, using client‑server feedback loops to adjust intervals until failure, and storing effective intervals per device.",1,31,0,0.0,24,ok
2015,9203593,4,keyword,"Search for IP telephony systems that use a software client to determine optimal liveness‑check intervals, storing per‑NAT‑pinhole timing data in a database to prevent NAT translation timers from expiring for VoIP endpoints, with processor‑driven interval updates and iterative timeout adjustments.",2,44,0,0.0,31,ok
2015,9203593,4,function,How can an IP telephony system dynamically determine and store the optimal keep‑alive interval to keep NAT pinhole timers open during a VoIP session?,1,25,0,0.0,18,ok
2015,9056638,32,summary,"Search patents for tracked vehicles featuring a concave chassis design where the track‑to‑frame clearance is a defined percentage of wheel diameter, and the platform integrates long manipulators aligned with front wheel axes to maintain that spacing.",2,38,0,0.0,23,ok
2015,9056638,32,keyword,"tracked vehicle comprising a concave front and rear chassis, multiple drive wheels and continuous track assemblies, with robotic arms concentrically mounted to the front‑wheel axle, ensuring a 20‑45% wheel‑diameter clearance between the track mid‑line and chassis sides, powertrain integrated on frame.",1,45,0,0.0,33,ok
2015,9056638,32,function,"Search for tracked mobile platforms with concave chassis, integrated powertrain, multiple drive wheels, continuous tracks positioned 20‑45% of wheel diameter from chassis sides, and concentric robotic arms matching platform length for balanced stability and obstacle traversal.",2,37,0,0.0,28,ok
2015,9141504,6,summary,Searching for prior art on systems that centralize vehicle sensor data to adapt device behavior and location‑based advertising while dynamically adjusting data transmission according to device activity metrics.,1,29,0,0.0,21,ok
2015,9141504,6,keyword,"System for aggregating vehicle sensor telemetry onto a mobile computing device, inferring travel intent, presenting a route, publishing proximity‑based service ads through a central interface, and throttling broadcast rate by local bandwidth.",1,33,0,0.0,25,ok
2015,9141504,6,function,"search for systems that collect vehicle status data from automotive sensors, merge it with user device location to anticipate travel, display a route and targeted maintenance advertisements, present collected data in a unified dashboard, and adjust broadcast frequency based on device activity and bandwidth usage.",2,45,0,0.0,30,ok
2015,9148094,5,summary,"Transimpedance amplifiers incorporating an adaptive bias‑correction network that senses unwanted input voltage bias, feeds a reference to a subtractor and removes the bias from the amplified output, thereby eliminating the need for large input devices and reducing noise.",2,39,0,0.0,25,ok
2015,9148094,5,keyword,"Search for transimpedance amplifier architectures incorporating photodiode bias, inverting‐input offset detection, dual‐op‑amp subtraction blocks to null input‑to‑output offset, enhancing receiver noise floor and eliminating false trigger thresholds in optical communication links.",2,36,0,0.0,29,ok
2015,9148094,5,function,"transimpedance amplifier with on‑chip offset sensing and cancellation that measures the input offset voltage and feeds back a correction to the output, eliminating the need for large bias transistors and reducing noise so optical receivers avoid decision threshold errors.",1,40,0,0.0,26,ok
2015,9092332,6,summary,"Search for systems that dynamically enable logging of running tasks by evaluating predefined start events and sampling rates, automatically enabling tracing for task descendants, and recording events only when the task is marked for capture.",1,35,0,0.0,22,ok
2015,9092332,6,keyword,"search for systems that implement diagnostic event logging tied to activity identifiers, using processor-memory interaction, where a logger checks eligibility rules and records events when a start trigger meets a threshold, automatically enabling child activities and integrating with ETW.",2,40,0,0.0,27,ok
2015,9092332,6,function,"Search for methods enabling selective diagnostic logging in software by automatically enabling logging for activities that meet specified sampling schedules, using a logger that tracks thread‑activity associations, logs child activity creation, and activates logging when start events satisfy frequency conditions.",1,41,0,0.0,30,ok
2015,9097862,9,summary,"Connector combining dual‑electrical‑contact surfaces with an integrated vertical optical module where a waveguide has tighter core spacing at the board end and looser spacing toward the coupled fiber, enabling efficient optical‑electrical signal conversion and alignment within a standard connection interface.",1,43,0,0.0,30,ok
2015,9097862,9,keyword,"Search for connectors that integrate a vertical‑mounted optical module on a circuit board, with a clad‑core waveguide featuring opposite end faces toward the module and an external optical cable, differing core pitch, and dual‑surface electrical contact pads on a projecting housing.",1,44,0,0.0,29,ok
2015,9097862,9,function,"connector incorporating an integrated optical module with an electro‑optical converter mounted on a circuit board aligned vertically to the connector axis, and an optical waveguide having a tapered core pitch to couple light between fiber and converter while providing dual electrical contacts at top and bottom surfaces.",1,48,0,0.0,32,ok
2015,9055616,1,summary,"Search for inductive heating systems that use a U‑shaped magnetic core with coils on the legs, a spaced yoke forming a closed loop with an air gap sized to allow a conductive toroidal workpiece to be positioned non‑contactly.",1,40,0,0.0,23,ok
2015,9055616,1,keyword,"Search technologies for inductively heating a conductive toroidal workpiece using a U‑shaped ferromagnetic core with dual legs, a coil on one leg driven by an AC supply, a displaced yoke creating a closed magnetic loop with an adjustable air gap for non‑contact insertion.",2,45,0,0.0,29,ok
2015,9055616,1,function,"Inductive heating system for conductive, ring‑shaped parts that moves the workpiece through a non‑contact, air‑gap magnetic circuit formed by a U‑shaped core, leg coil, and separated yoke.",1,31,0,0.0,21,ok
2015,9087769,6,summary,"Search for magnetic memory devices featuring a substrate with parallel active regions, cross‑aligned word and lower‑level source lines, surface contact pads linked to buried interconnects arranged in hexagonal grids, and variable resistance elements sharing that layout.",2,38,0,0.0,28,ok
2015,9087769,6,keyword,"Search for spintronic memory arrays incorporating planar word lines crossing parallel active cell regions, with low‑level source tracks connecting to first cells, surface contact pads linking to second cells, sub‑surface interconnect arrays arranged hexagonally, and programmable resistance elements in the same geometry.",2,44,0,0.0,35,ok
2015,9087769,6,function,"search for magnetoresistive memory architecture with hexagonally arranged contact plugs and resistive elements accessed via contact pads, where source lines are placed below surface, enabling high‑density storage and low‑power crosspoint switching.",2,33,0,0.0,25,ok
2015,9045136,32,summary,"Hybrid vehicle powertrain control system that switches between charge‑depleting and charge‑sustaining modes based on battery state of charge, vehicle speed, and engine temperature, using dual clutches to engage prime mover, motor‑generator, and motor.",1,36,0,0.0,27,ok
2015,9045136,32,keyword,"Search for hybrid powertrain control systems using two electric propulsion units, a prime mover, and separate clutch mechanisms, where a controller selects charge‑depleting or charge‑sustaining modes based on battery state‑of‑charge, vehicle speed, and engine temperature thresholds, with all‑electric, series, and parallel hybrid options.",3,48,1,0.02857142857142857,35,failed_constraints
2015,9045136,32,function,"Hybrid vehicle powertrain controller that dynamically switches between all‑electric, high‑traction, series, and parallel hybrid modes based on SOC thresholds, vehicle speed, and engine temperature, coordinating dual clutch operation for charge‑depleting or sustaining behavior.",1,36,0,0.0,28,ok
2015,9178840,6,summary,"Search for methods enabling multi‑processor devices to assign unique memory addresses to incoming data fragments, dispatch each fragment to a designated engine using that address, and store processed results in the corresponding memory location, with output processors reusing addresses for packet fragments to preserve order.",1,46,0,0.0,32,ok
2015,9178840,6,keyword,"Search for network packet processing devices with input and output units that assign memory addresses to data fragments, dispatch to multiple processors, store processed fragments to distinct output memory locations, and differentiate addressing based on same or separate packet fragments.",1,40,0,0.0,28,ok
2015,9178840,6,function,"What prior art exists describing multi‑processor memory allocation schemes that assign identical addresses to packet fragments destined for reassembly while reserving separate addresses for independent fragments, and manage processing engines’ identity recording and storage of processed data?",1,38,0,0.0,28,ok
2015,9058218,6,summary,"Search for prior art on dynamically allocating idle processing resources in a partitioned multiprocessor architecture by monitoring release commands in one partition, predicting future under‑utilization, and launching an application on another partition to utilize the foreseen idle capacity.",2,39,0,0.0,26,ok
2015,9058218,6,keyword,"processor-driven method for dynamic resource reservation in multiprocessor systems with logical partitioning, where command-based release signals in a primary partition forecast idle intervals enabling secondary applications to be scheduled with presumed resource availability",2,35,0,0.0,24,ok
2015,9058218,6,function,Automatically reallocate underutilized hardware resources across logically partitioned processor domains by monitoring release command patterns and launching applications in a secondary partition during predicted idle periods.,1,26,0,0.0,20,ok
2015,9167169,2,summary,"Search for sensor systems that simultaneously sample ambient and flash light, apply multiple programmable gains to each analog stream, convert them to digital signals of varied sensitivity, and blend the results to produce multi‑exposure high‑dynamic‑range images.",1,39,0,0.0,27,ok
2015,9167169,2,keyword,"Looking for sensor systems that concurrently store ambient and flash photodiode samples, apply multiple programmable gains to each analog channel, convert to separate digital outputs with distinct light sensitivities, and blend them algorithmically.",1,33,0,0.0,23,ok
2015,9167169,2,function,"Search for a system that simultaneously stores ambient and flash samples from an image‑sensor photodiode, applies multiple gain stages to each analog output, converts them to digital signals with distinct exposure, and combines them to form a single image.",2,40,0,0.0,24,ok
2015,8956214,12,summary,"Search for patent methods that schedule winning outcomes of electronic gaming units by predefining ranges of trigger numbers for each win type and using counters to display results when thresholds are reached, applicable to slots, poker, keno.",1,37,0,0.0,24,ok
2015,8956214,12,keyword,"Search patents describing a system where an automated gaming machine uses predetermined numeric ranges to schedule multiple winning outcomes, updates an outcome counter upon each player action, logs the next winning point in an outcome table, and may display proximity indicators for the results.",2,44,0,0.0,31,ok
2015,8956214,12,function,"Search for techniques that schedule winning results in electronic gaming machines by assigning specific numeric ranges to each possible win type, monitoring a counter, and revealing the outcome once the counter reaches a randomly chosen trigger within the range.",1,39,0,0.0,26,ok
2015,8967476,6,summary,"Search for dynamic coordination systems that use control tokens to schedule multiple RFID readers with differing protocols in a shared space, adjusting active time based on real‑time interference and historical usage.",1,32,0,0.0,22,ok
2015,8967476,6,keyword,"Search for systems that coordinate multiple RFID readers in one zone using a control token, dynamically adjusting active periods based on real‑time RF monitoring and protocol differences like modulation, encoding, error correction, and carrier frequency to avoid cross‑talk.",2,40,0,0.0,30,ok
2015,8967476,6,function,"Search for methods where a central coordinator dynamically allocates active periods for multiple wireless identification readers, monitors area RF traffic, adjusts protocol activation times based on current and historical usage to prevent interference.",2,33,0,0.0,24,ok
2015,8993867,34,summary,"Search for wearable mobile phone equipped with integrated touch‑sensor musical interface, network data transmission, and embedded DSP that mixes user‑generated instrument sounds with playback tracks, possibly controlled by a detachable remote sensor worn on body.",2,37,0,0.0,27,ok
2015,8993867,34,keyword,"mobile phone with integrated multi‑instrument digital audio interface, elastic body‑mounting belt, wearable touch‑sensor remote controller, DSP mixing live rhythmic inputs with pre‑loaded tracks, network‑connected performance analytics, audio/video adapter for external playback, designed for therapeutic use",1,41,0,0.0,35,ok
2015,8993867,34,function,"Search for a mobile phone integrated with touch‑sensor percussion and keyboard modules that syncs with live music, mixes sensor‑generated sounds into playback, and remotely monitors the user’s musical execution for therapeutic purposes.",2,35,0,0.0,22,ok
2015,9174084,13,summary,"Find prior art for a wearable system that segments continuous sensor signals into overlapping windows, extracts features, applies a trained classifier to identify active activity periods and their types, and communicates these activity classifications to the wearer.",1,37,0,0.0,24,ok
2015,9174084,13,keyword,"Search for wearable motion trackers with an accelerometer sensor array, a controller that segments acceleration data into overlapping windows, extracts predefined motion features, classifies physical states via a supervised machine‑learning model, identifies active periods, labels specific activity types, and reports to the wearer.",2,44,0,0.0,32,ok
2015,9174084,13,function,"Search for wearable physical‑activity trackers that segment sensor data into overlapping windows, extract defined motion features, classify those windows with a trained supervised model to detect activity periods and label the activity type for user display.",1,37,0,0.0,26,ok
2015,9078693,13,summary,"aspiration needle with a conical guide and sliding tubular members; multiple size‑varying, angled apertures in the needle wall form discrete, non‑overlapping harvest volumes, with flow rate tuned by aperture spacing and orientation for controlled bone marrow extraction.",1,39,0,0.0,28,ok
2015,9078693,13,keyword,"Search for a surgical aspiration device comprising a conical stainless‑steel guide with distal lumen openings and a sliding needle array having tapered tubular walls, multiple sequentially sized apertures for controlled bone‑marrow aspiration under negative pressure, featuring adjustable aperture spacing and angular orientation to minimize overlap.",2,47,0,0.0,36,ok
2015,9078693,13,function,"Search for needle‑based aspiration devices with tapered, conical apertures arranged to regulate vacuum flow, produce controlled volumetric harvest, minimize overlap, and enable adjustable bone marrow extraction volumes using variable aperture spacing and orientation.",1,34,0,0.0,27,ok
2015,8979887,13,summary,"search for implantable stomach balloon with biodegradable hydrogel layers that swell or collapse based on glucose and pH, releasing hunger‑suppressing compounds to shrink gastric capacity and curb appetite.",1,29,0,0.0,19,ok
2015,8979887,13,keyword,"Search for a gastric capacity‑reducing implant device comprising biodegradable multi‑layered expandable housing, glucose‑responsive pH‑sensitive hydrogel reservoirs with appetite suppressant, ports for controlled release, and circuitry that modulates expansion in response to gastric pH or glucose levels.",3,40,3,0.10344827586206896,29,failed_constraints
2015,8979887,13,function,"Search for systems that employ a reversible, biodegradable expandable shell with glucose‑sensitive pH hydrogel reservoirs delivering appetite suppressants, modulating gastric capacity via responsive expansion and contraction under gastric pH or glucose cues, to control hunger.",2,36,0,0.0,27,ok
2015,9217470,31,summary,"Search for bearing cages that use a threaded assembly wire to join multiple cage segments in a circumferential line, including a conveying mechanism that routes the wire from the installation point to the opposite‑end coupling of each segment, forming rolling‑element pockets.",3,43,2,0.07407407407407407,27,failed_constraints
2015,9217470,31,keyword,"Search for prior art of a rolling-element bearing cage comprising segmented components that are threaded onto an assembly wire via coupling arrangements, including a guide with axially oriented through openings, and an installation device that routes the wire across inner ring segments.",3,43,2,0.06896551724137931,29,failed_constraints
2015,9217470,31,function,"search for bearing cage designs where multiple cage segments are threaded onto an assembly wire that follows the bearing’s inner contour, enabling sequential coupling along the circumference with an installation mechanism guiding the wire through axially positioned segments for continuous assembly.",2,42,0,0.0,28,ok
2015,9215011,3,summary,Search for optical receiver that monitors polarization channel equalization stability by measuring frequency offsets from signals split before and after adaptive filtering; compares the offsets to trigger re‑calibration of the equalizer filter coefficients when discrepancies exceed a threshold.,1,39,0,0.0,26,ok
2015,9215011,3,keyword,"Search for receivers employing adaptive equalizers that compare dual frequency offset estimates from pre- and post-compensation branches, trigger coefficient updates when offsets diverge, and process polarization‑diversified optical links.",3,30,0,0.0,22,ok
2015,9215011,3,function,"Search for optical receiver adaptive equalization with filter coefficient control, dual stage frequency offset detection, and trigger for coefficient recalibration system.",2,21,0,0.0,15,ok
2015,9050320,16,summary,search for methods to restore gut immune balance by inducing isolated lymphoid follicles through CCR6-binding therapeutics such as defensins or chemokine CCL20,3,23,1,0.0625,16,failed_constraints
2015,9050320,16,keyword,"Search for patents concerning modulation of intestinal homeostasis via intestinal mucosa delivery of CCR6‑binding agents such as β‑defensin peptides (β‑defensin‑2, β‑defensin‑3) or CCL20 to promote isolated lymphoid follicle formation or NOD1‑mediated signaling.",1,39,0,0.0,25,ok
2015,9050320,16,function,"Search for methods to modulate gut immune equilibrium by delivering compounds that interact with CCR6 to expand intestinal lymphoid follicle assemblies, enhancing adaptive immunity against microbiota.",2,26,0,0.0,18,ok
2015,9091598,10,summary,"Search for resistive temperature sensing with dual-branch bridge, constant current source, providing differential and average voltage outputs for temperature gradients in gyro sensor modules.",2,25,0,0.0,18,ok
2015,9091598,10,keyword,Search for bridge‑sensor circuits using a constant current source and parallel resistive temperature elements within a ring laser gyroscope to derive differential and average temperature signals from a laser block sensor.,3,32,3,0.13636363636363635,22,failed_constraints
2015,9091598,10,function,"Searching for bridge‑based circuits that use constant current sources and parallel resistive temperature sensors to generate differential voltage signals for detecting temperature gradients and absolute temperatures in high‑precision rotational sensing assemblies, particularly those integrated within optical gyroscope packages.",2,40,0,0.0,31,ok
2015,9044758,23,summary,"Method to produce ultrafine powders with enhanced solubility and purity by suspending multi‑component materials in a liquid inert gas, grinding with dry ice beads, then removing the medium by sublimation and vaporization.",3,33,1,0.047619047619047616,21,failed_constraints
2015,9044758,23,keyword,"Methods for producing sub‑micron or nano‑sized powders by suspending multi‑component solids in a liquefied inert gas slurry, adding granular dry‑ice beads as grinding medium, stirring with a pulverizer, then sublimating the beads and venting the gas to retrieve a fine, soluble, impurity‑free powder mixture.",3,49,5,0.14705882352941177,34,failed_constraints
2015,9044758,23,function,"Method for converting a blend of materials into a fine, highly soluble powder using a cryogenic fluid suspension and pulverizing with chilled particulates, then removing the medium by sublimation and vaporization, producing a homogeneous, high‑activity product.",2,37,0,0.0,23,ok
2015,9107734,13,summary,"Search for embolic protection devices that form a debris‑capturing chamber by placing a conical filter inside a cylindrical mesh, featuring an open catheter inlet at the narrow tip, radial supports to keep the tip centered, and a retrieval bar for removal.",1,42,0,0.0,26,ok
2015,9107734,13,keyword,"Search for intra‑vascular filter systems comprising a cylindrical outer mesh and a conical inner mesh, forming a collection chamber, with a narrow upstream catheter port, downstream retrieval hook, and optional self‑supporting or inflatable mesh framework.",2,37,0,0.0,26,ok
2015,9107734,13,function,"Search for embolic prevention devices comprising a cylindrical mesh outer tube with a conical inner mesh inside, forming a capture chamber; includes a distal port for catheter insertion and a retrieval handle for device removal after emboli trapping.",2,38,0,0.0,26,ok
2015,9085589,14,summary,"Novel cephem antibiotic featuring engineered side‑chain substitutions that deliver broad Gram‑negative, beta‑lactamase‑resistant activity through enhanced enzymatic stability and improved antibacterial spectrum.",1,25,0,0.0,21,ok
2015,9085589,14,keyword,"Search for beta‑lactamase‑resistant cephem compounds with a 7‑side chain containing CH2, S or O linkages, a benzene or N‑containing heteroaromatic ring, optional oxime or carbocyclic substitutions, and quaternary ammonium side groups for broad Gram‑negative activity.",1,40,0,0.0,25,ok
2015,9085589,14,function,"Search for a cephem antibiotic with structural diversity enabling broad‑spectrum antibacterial activity, especially targeting Gram‑negative bacteria that produce beta‑lactamases, including variants with substituted amino acids, heterocyclic side chains, and quaternary ammonium groups for enhanced potency and pharmacokinetics.",3,40,2,0.06666666666666667,30,failed_constraints
2015,9222730,30,summary,"Search for high‑temperature metal product moving apparatus featuring a roller assembly with a helical shaft‑offset wear surface and integrated cooling channel positioned radially outward by a spiral support plate, enabling coolant supply and return along the shaft to mitigate wear and heat buildup.",1,45,0,0.0,32,ok
2015,9222730,30,keyword,"helically wound furnace roller shaft featuring a shaft‑offset wear element and metal contact surface, a radially positioned cooling element with an internal coolant passage, a helical support plate linking the roller to the cooling assembly, axial coolant supply and return passages, and transition fittings for coolant flow in metal‑forming furnaces.",3,52,4,0.10810810810810811,37,failed_constraints
2015,9222730,30,function,"Method for fabricating helical roller with integrated coolant passage to rotate and guide metal pieces in furnaces; involves winding a wear and cooling element around a shaft, connecting coolant supply and return slots, and offsetting the cooling channel via a helical support plate.",2,43,0,0.0,29,ok
2015,9171424,12,summary,"“Wagering device that computes several possible card outcomes after a bet, displays a set of concealed hands when predefined criteria are met, allows player selection, thereby creating the illusion of frequent high‑value opportunities while keeping the overall odds unchanged.”",2,40,0,0.0,29,ok
2015,9171424,12,keyword,"gaming device with wagering input, credit system, processor, and display that constructs multiple poker hand outcomes, conditionally shows selectable hands satisfying payout thresholds, allowing player to choose hidden‑value options to create perceived higher value plays.",1,36,0,0.0,29,ok
2015,9171424,12,function,"Gaming device or system presenting multiple concealed outcomes, allowing a player to choose among alternatives satisfying a payout threshold while restricting display of non‑qualifying hands, enhancing perceived value and frequency of favorable results without altering underlying probabilities.",1,38,0,0.0,29,ok
2015,9154020,1,summary,Axial‑gap electric motor with stator cores featuring protruding parts that engage a separate conductive element for grounding to reduce electrical noise and improve reliability.,1,25,0,0.0,17,ok
2015,9154020,1,keyword,"Axial‑gap motor featuring a stator with circumferentially arranged cores, winded coils, resin‑molded joints, and axial protrusions that contact a conductive grounding element within the housing to ensure electrical return, all in an air‑gap configuration.",3,37,0,0.0,26,ok
2015,9154020,1,function,"rotating electric device with stator cores that extend from coils and contact conductive members to provide ground connection, optimizing insulation integrity and reducing stray magnetic interference while enabling high torque density.",2,31,0,0.0,23,ok
2015,9140005,35,summary,"Self‑aligning V‑shaped steel corner bead using a welded wire strip fastened only on one wing, with a substrate on the opposite wing to achieve uniform fire‑proofing thickness for structural steel corners.",1,34,0,0.0,23,ok
2015,9140005,35,keyword,"Search for patents describing an obtuse V‑shape fireproofing corner device comprising a long metal mesh strip bent into two wings, with a plastic edge nose and substrate coating area; fastened only on one wing using pneumatic or screw anchors on steel framing.",3,43,0,0.0,30,ok
2015,9140005,35,function,"Search for fireproofing corner devices employing a longitudinally bent welded wire strip forming an obtuse V, fastened to one side while the other side provides a planar substrate for uniform fireproofing layer application in structural steel joints.",2,37,0,0.0,26,ok
2015,9165544,34,summary,"Search for an electronic cymbal consisting of a rigid circular main drum with a separate inner disk of specific stiffness, using a flexible film‑based sensor system that captures displacement or vibration transmitted through a swingable support.",1,37,0,0.0,24,ok
2015,9165544,34,keyword,"Search for patents describing an electronic cymbal with an annular rim and a separate central head, where a flexible film links the head to a displacement sensor mounted on a swingable support, and striking causes the head to press the sensor via that film.",2,44,0,0.0,24,ok
2015,9165544,34,function,"Electronic cymbal featuring a rigid annular rim and inner central plate, with a displacement or vibration sensor situated beneath the central plate and activated by an elastic film that transmits bending or impact forces to generate electronic sound.",1,38,0,0.0,24,ok
2015,8989268,2,summary,"Find prior art on adaptive motion estimation for video coding that selectively skips fractional refinement when integer-level motion matches upper-layer modes, using directional half- and quarter-pixel searches to locate subpixel motion with reduced computational load.",3,38,2,0.06896551724137931,29,failed_constraints
2015,8989268,2,keyword,"Search for patents on integer motion estimation with macroblocks followed by selective fractional motion refinement using half‑pixel and quarter‑pixel searches directed by predicted motion vectors, with directional half‑pixel search sets (bottom‑right, top‑right, top‑left, bottom‑left) and parallel half‑/quarter‑pixel processing.",3,47,10,0.2702702702702703,37,failed_constraints
2015,8989268,2,function,"Search for earlier technologies that use integer motion vectors per macroblock to determine the necessity of fractional refinement for smaller block modes, applying directional half‑pixel and quarter‑pixel estimation while skipping redundant half‑pixel passes when block vectors match larger‑scale neighbours.",3,43,1,0.030303030303030304,33,failed_constraints
2015,9174014,13,summary,"Devices that retain a guide element within a tubular passage and automatically eject it when a larger tube passes through, using a tapered contact section that deflects the tube to dislodge the guide – prior art.",1,35,0,0.0,21,ok
2015,9174014,13,keyword,"search for devices comprising an introducer guide with an open channel that holds an introducer and features a tapered segment at the upstream end that deflects an advancing intubation catheter to release the introducer, thereby facilitating tube navigation during airway management.",3,41,0,0.0,25,ok
2015,9174014,13,function,"search for devices with an open channel that temporarily secures an introducer and lets the introducer detach as a medical tube is advanced through the channel, enabling seamless intubation",2,29,0,0.0,16,ok
2015,9092263,6,summary,Automatic mapping of real‑time embedded tasks onto multiple processors by iteratively assigning tasks based on output event density thresholds with cost optimization until timing and cost targets are achieved.,1,30,0,0.0,22,ok
2015,9092263,6,keyword,automated synthesis of distributed embedded architectures AND task assignment to multiple processing units WITH outgoing event density thresholding AND cost‑based solution verification AND real‑time constraint evaluation,3,28,1,0.05,20,failed_constraints
2015,9092263,6,function,"search for computational task allocation techniques for heterogeneous multi-core embedded platforms that use output data density thresholds to cluster tasks, iteratively evaluate cost versus timing constraints, and optimize processor assignment for real‑time performance.",2,35,0,0.0,27,ok
2015,8991110,35,summary,"Search for interior‑side wall/roof insulation assemblies that use girt clips and air‑gap channels to eliminate thermal bridges, support paneling from inside, and enable solar‑driven heat exchange and HVAC integration.",1,33,0,0.0,24,ok
2015,8991110,35,keyword,"Search for insulated roof and wall construction systems using interior‑supported insulation panels with rafter‑mounted girt clips, tensioned sheet materials, internal void spaces for passive solar heat capture, integrated dehumidification ducts, louvers and condensate collection to eliminate thermal bridges.",2,40,0,0.0,32,ok
2015,8991110,35,function,"search for systems that provide interior‑supported roof or wall insulation using non‑penetrating fasteners, create continuous air cavities for solar gain and energy collection, incorporate tensioned sheet materials, gutter clips, and duct or louver networks for heat/air distribution",1,40,0,0.0,30,ok
2015,8999441,20,summary,"Search for processes that coat a substrate with a metal catalyst layer derived from platinum/palladium‑based complexes and then grow a composite of coiled carbon nanotubes and fibers by thermal chemical vapor deposition, yielding at least 30 % of coiled structures in the final material.",3,45,0,0.0,28,ok
2015,8999441,20,keyword,"search prior art on producing coiled carbon nanotubes/fibers via thermal chemical catalytic vapor deposition on substrates pre‑coated with a noble‑metal catalyst crystallite nucleus from solutions of platinum, palladium, or rhodium chelated compounds, achieving >30% coiled carbon yield",3,40,4,0.12903225806451613,31,failed_constraints
2015,8999441,20,function,"Search for methods producing coiled nanocarbon structures via noble metal catalyst deposition followed by thermal chemical vapor deposition, yielding at least 30% coiled nanotube and fiber content suitable for surface scraping extraction.",3,32,1,0.04,25,failed_constraints
2015,9149754,23,summary,"Search for dust suppression methods using aqueous mist containing aromatic slow‑evaporating solvents that capture airborne particles, settle them via gravity, and allow subsequent mechanical removal from surfaces in enclosed spaces.",2,31,0,0.0,23,ok
2015,9149754,23,keyword,"Search for patents describing a water‑based fogging system using semi‑volatile aromatic compounds and surfactants for airborne particulate capture, atomized mist to induce sedimentation, and subsequent removal of settled liquid‑contaminant mixtures from surfaces within enclosed buildings.",3,38,0,0.0,28,ok
2015,9149754,23,function,"Search for dust‑removal systems that atomize a water‑based mist containing low‑evaporation aromatic or essential oil compounds, allow droplets to capture suspended particles, then use a secondary water mist to promote settling, and finally vacuum or wipe the deposited material from floors or walls.",2,46,0,0.0,32,ok
2015,9178801,4,summary,"Search for routers that auto‑detect and advertise built‑in services through routing protocol extensions, then redirect traffic to separate service planes that process and return it, enabling dynamic service discovery and real‑time service application in inter‑router architectures.",1,40,0,0.0,28,ok
2015,9178801,4,keyword,"Search for methods where a router’s control plane identifies services in its service plane, injects service metadata into a routing protocol update, and network nodes configure paths to redirect traffic to the service plane before forwarding.",3,37,1,0.043478260869565216,23,failed_constraints
2015,9178801,4,function,"Discovering and advertising network service capabilities via routing protocol messages that include service descriptors, enabling downstream devices to establish paths to a dedicated service processing component for traffic manipulation before standard forwarding, with control plane detection, routing updates, and traffic redirection.",2,41,0,0.0,31,ok
2015,8959280,6,summary,"Search flash memory device with a DRAM buffer acting as an endurance layer, categorizing host writes, shielding temporary paging files from flash write, using sub‑sector mapping, RAID distribution, and power‑loss protection to extend flash device life.",3,38,1,0.034482758620689655,29,failed_constraints
2015,8959280,6,keyword,"Search for flash memory storage devices using a DRAM-based temporary write buffer, RAID data distribution across multiple flash channels, and a host‑attached controller that implements smart data classification and error‑correcting mapping tables for wear‑leveling and power‑loss protection.",2,42,0,0.0,32,ok
2015,8959280,6,function,"Search for flash storage devices that cache host writes in a volatile buffer, selectively avoid writing paging and temporary data to flash, distribute surviving data across multiple channels using a RAID‑like scheme, compress partial‑sector writes, and employ backup power to preserve data during outages.",2,46,0,0.0,35,ok
2015,9073198,26,summary,"Search for an adjustable flexible utility tool featuring interlocked upper and lower tubes, a coiled spring and a tension cable that modify axial force and flexibility as the handle turns, changing spring compression and altering the tool’s overall length.",1,40,0,0.0,25,ok
2015,9073198,26,keyword,"Search for rotatable grasping apparatus comprising a male‑threaded shaft, a female‑threaded collar, recessed housing cavities, a coil‑spring joint, and an axial cable that modulates rigidity through shaft rotation.",2,31,0,0.0,22,ok
2015,9073198,26,function,"Search for a utility handle that uses a rotatable handle engaging a threaded upper tube, a coiled spring linking upper and lower tubes, and a tension cable applying axial compression so that rotating the handle lengthens or shortens the assembly and changes the spring flexibility.",1,45,0,0.0,28,ok
2015,9038056,6,summary,"Search for systems that enable remote, secure automatic updates of enterprise software on client machines through an agent that authorizes a central server, downloads via an encrypted channel, verifies, and installs updates.",1,32,0,0.0,21,ok
2015,9038056,6,keyword,"Search for prior art involving a remote installer agent on an enterprise application server that authenticates a central management node, fetches an upgrade bundle via Secure Shell, validates the payload, and deploys it to the target system using an agent process.",2,41,0,0.0,26,ok
2015,9038056,6,function,"Method and system for remotely authorizing a target computer, securely downloading and verifying enterprise software updates from a centralized controller, and installing them using an install agent over an SSH connection.",1,31,0,0.0,19,ok
2015,8952742,10,summary,"A fully analog circuit that computes the real RMS level of an analog input by squaring the signal with MOS devices and extracting its square root via a differential amplifier, using programmable filtering and offset compensation for precise power measurement.",3,40,1,0.04,25,failed_constraints
2015,8952742,10,keyword,"true root‑mean‑square analog power detection using an analog squaring network of MOSFETs, followed by a programmable analog low‑pass filter and two feedback amplifiers feeding a differential stage, with DC offset compensation for authentic RMS output.",3,38,5,0.17857142857142858,28,failed_constraints
2015,8952742,10,function,"Search for electronic circuits that compute true RMS power from an analog input using an analog squaring stage and an analog square‑root stage, employing MOSFETs, feedback‑based amplifiers, differential processing, and bias‑current compensation with programmable filtering.",3,38,2,0.07407407407407407,27,failed_constraints
2015,9187495,16,summary,"Search for novel antibacterial compounds comprising structural formula (I) that inhibit bacterial growth, investigating unique chemical scaffolds and their therapeutic applications against bacterial infections.",1,24,0,0.0,17,ok
2015,9187495,16,keyword,"Search for patent literature on pharmaceutically acceptable salt of a molecule defined by structural formula (I) with antibacterial activity against bacterial infections, including analogs of formula (I), related antimicrobial compounds, and salts for infectious diseases.",3,35,1,0.045454545454545456,22,failed_constraints
2015,9187495,16,function,"search for antibacterial agents containing core structure I, including salts, that inhibit growth of pathogenic bacteria by disrupting cell wall synthesis, targeting Gram-positive and Gram-negative microorganisms.",2,28,0,0.0,20,ok
2015,9177397,10,summary,"How does an imaging system reconstruct a composite image by transforming energy‑dependent projection data into component ray values using basis‑function blends that depend on energy measurements and the ray length through an inserted beam‑shaper, thereby improving decomposition accuracy?",2,41,0,0.0,30,ok
2015,9177397,10,keyword,"Search for imaging systems that reconstruct object images by calculating component‑specific ray data using energy‑dependent projection values, where combination weights are modulated by ray length in a beam‑modifying device and energy characteristics, enabling orientation‑dependent decomposition.",2,39,0,0.0,28,ok
2015,9177397,10,function,"Search for imaging systems or methods that decompose energy‑dependent projection data into component images using orientation‑dependent weighted basis functions, where basis weights depend on ray energy and the ray’s path length through a beam‑shaping element preceding the object.",1,42,0,0.0,29,ok
2015,9225364,3,summary,"Search for systems that dynamically adjust amplifier nonlinearity parameters based on signal power thresholds, employing a lookup table that maps power and phase candidates to coefficients, but only recalculating the table when power exceeds a predetermined limit.",2,37,0,0.0,24,ok
2015,9225364,3,keyword,"search for nonlinear distortion compensation schemes in RF power amplifiers using power‑level‑dependent update control, coefficient tables referenced by address‑phase mapping, memory‑based processor updating only above a threshold, implementation of address correspondence tables for phase‑power candidate mapping.",1,41,0,0.0,33,ok
2015,9225364,3,function,"system for compensating amplifier nonlinear distortion with a coefficient table updated only when input signal power exceeds a threshold, using input‑output signal correlation and address‑mapping tables to retrieve correction factors",1,32,0,0.0,23,ok
2015,9155792,16,summary,"Search for patents describing flavonoid‑derived or synthetic RecA protein inhibitors incorporated with conventional antibiotics for enhanced antibacterial therapy, detailing compositions, pharmacological carriers, and therapeutic methods targeting bacterial DNA repair mechanisms.",1,31,0,0.0,24,ok
2015,9155792,16,keyword,"Search for patents on pharmaceutical formulations combining RecA enzyme inhibitors—such as amentoflavone, hinokiflavone, quercetin derivatives, or synthetic heteroaryl‑containing compounds—with conventional antibiotics, focusing on structures that directly bind the RecA protein, employing acceptable excipients or delivery systems.",2,39,0,0.0,28,ok
2015,9155792,16,function,"Search for molecules that bind the bacterial RecA protein to inhibit recombination, allowing their inclusion in pharmaceutical compositions with carriers/excipients alongside existing antimicrobials for enhanced bacterial killing.",2,28,0,0.0,18,ok
2015,8944978,33,summary,"Search for a pull handle that uses a flexible element and rotating grip to enable natural arm and wrist movement during pulling exercises, improving comfort and range of motion compared with rigid handles.",1,33,0,0.0,21,ok
2015,8944978,33,keyword,"Search for exercise pull handle apparatus featuring ergonomic design with a flexible member, rotatable hand grip containing a bore, rod connecting terminal ends, shroud separation, bracket for travel and attachment to a resistance source.",1,34,0,0.0,24,ok
2015,8944978,33,function,"search for pull handles or exercise grips allowing a rotatable hand connection to a flexible member, enabling ergonomic joint bending, wrist rotation, or leg movement with reduced stress during resistance exercises, featuring a shrouded grip and bracket attachment to a resistance source",1,42,0,0.0,29,ok
2015,8984019,6,summary,"How to generate a compressed graph representation of an RDF dataset that groups entities by shared class types, builds disjoint subgraphs limited by hop count, constructs covering trees and derives minimal core structures using homomorphisms for efficient keyword search pruning and incremental updates?",2,43,0,0.0,31,ok
2015,8984019,6,keyword,"Search for methods that condense large RDF‑style semantic graphs into type‑only vertex partitions, construct non‑overlapping predicate subgraphs within each partition, build covering trees and core extraction, then use graph homomorphisms to generate a minimal set of type‑centric summarizing structures for efficient incremental keyword querying.",2,48,0,0.0,38,ok
2015,8984019,6,function,"How can one construct a condensed graph representation of an RDF dataset that groups and removes specific content nodes, creating type‑based partitions and minimal covering trees for efficient keyword‑driven exploration and incremental updates?",2,35,0,0.0,25,ok
2015,9152864,6,summary,"Method for a mobile device to capture an image, identify the object, locate nearby merchants that match the captured item and user preferences, then display customized address or contact information for those merchants.",1,33,0,0.0,21,ok
2015,9152864,6,keyword,"Search for mobile phone image‑based object detection systems that identify nearby commercial entities, apply user‑specific criteria, and deliver location‑matched provider information via on‑screen markers or links.",3,30,0,0.0,23,ok
2015,9152864,6,function,mobile device image capture and object recognition for providing customized nearby service provider results based on user preferences and displaying location indicators,1,22,0,0.0,16,ok
2015,9021426,6,summary,"System retrieves a device boot script from one storage location and separate failure‑handling routines from another, converts those routines into macro code, replaces placeholders in the script, recompiles the firmware, and executes it to activate error actions on startup failure.",2,41,0,0.0,27,ok
2015,9021426,6,keyword,"Search for systems that retrieve a hardware start routine and fault handling macro definitions from distinct storage sectors, translate the fault definitions into macro code, substitute placeholders in the routine with macro expansions, compile into firmware, and execute to respond to initialization failures.",2,43,0,0.0,27,ok
2015,9021426,6,function,"Searching for systems that retrieve separate initialization code and failure action definitions, convert them into macros, match placeholders, replace them in the code, and compile firmware that performs failure actions during device initialization.",1,33,0,0.0,21,ok
2015,8940643,8,summary,"Looking for lithographic methods that employ sequentially stacked dielectric strata with differing silicon content to achieve controlled, stepped etch rates for creating high‑aspect‑ratio patterns without abrupt sidewall roughness.",2,30,0,0.0,23,ok
2015,8940643,8,keyword,"Method for lithographic patterning of a dielectric substrate comprising deposition of a silicon‑enriched layer, successive etch‑stop interlayers with progressively lower silicon concentrations forming a compositional gradient, and two‑step plasma etch steps that exploit distinct etch rates to generate etched features with smooth, vertical sidewalls beneath the hard‑mask layer.",3,52,3,0.07894736842105263,38,failed_constraints
2015,8940643,8,function,"Find lithography patterning methods employing multiple etch‑stop layers with graded silicon concentration to create intermediate etch rates, enabling sequential etching steps that produce controlled sidewall profiles using hard mask layers.",3,31,2,0.07692307692307693,26,failed_constraints
2015,9164336,9,summary,"Liquid crystal display that places dummy pixels outside the main panel, with adjacent dummy pixels connected by gate lines of unequal width to reduce voltage mismatch and improve overall image fidelity.",1,31,0,0.0,22,ok
2015,9164336,9,keyword,"Search for electro-optical displays where adjacent dummy pixels along the X direction have gate lines such that the segment between the first dummy pixel’s transistor and the second dummy pixel’s transistor is wider than the next segment to the third transistor, impacting scan line routing.",3,48,3,0.10344827586206896,29,failed_constraints
2015,9164336,9,function,"search for liquid crystal display devices that use dummy pixels positioned outside the active region and vary gate line widths between dummy transistors and adjacent active transistors to reduce voltage drop, minimize crosstalk, and improve display uniformity.",1,37,0,0.0,28,ok
2015,8968906,1,summary,"Battery modules with rectangular repeating frames and planar cells sealed in flexible heat‑conductive pouches featuring edge extensions that mate with a heat sink, incorporating foam expansion units for spacing and improved thermal management during high‑power operation.",3,38,1,0.03571428571428571,28,failed_constraints
2015,8968906,1,keyword,"Battery module featuring rectangular repeating frames along a stacking axis, planar cells enveloped by flexible heat‑conducting pouches with edge fins folded over frame side edges, foam expansion layers interposed, and a heat sink in intimate thermal contact for circulating coolant.",3,41,6,0.1875,32,failed_constraints
2015,8968906,1,function,"Identify inventions featuring stacked rectangular frames supporting planar energy cells wrapped in a pliable thermal pouch whose extended side folds back over a frame edge to engage a heat sink located between the frame and sink, combined with a foam spacer, and cooling methods using fluid through the sink.",2,49,0,0.0,36,ok
2015,9070862,23,summary,"Integrated ultrasonic piezoelectric array with on‑chip flexible electrodes and vertically stacked interconnects for simultaneous driving and signal processing, reducing footprint by placing control ASIC beneath vibrating elements for compact, high‑performance pressure‑wave generation.",1,35,0,0.0,26,ok
2015,9070862,23,keyword,"Micromachined ultrasonic transducer with handle, array of vibrating elements featuring drive electrode, common reference electrode, piezoelectric film split into flexible membrane and stationary frame, suspended over ASIC base with vertical interconnects and integrated circuitry for excitation and signal readout.",3,39,4,0.13793103448275862,29,failed_constraints
2015,9070862,23,function,"handheld ultrasonic transducer featuring a vibratory array of piezoelectric membrane elements each driven by individual electrodes, integrated onto a miniature base wafer with embedded driving and signal‑processing circuits linked through vertical interconnects, enabling precise wave emission via synchronized membrane motion.",3,41,0,0.0,33,ok
2015,9045947,35,summary,"Search for a subsea winch that boosts the pulling ability of a cable run from surface to well, using multiple powered sheaves inside a housing to increase tension on the cable at the inlet versus the outlet.",2,37,0,0.0,20,ok
2015,9045947,35,keyword,"Subsea winch housing with inlet/outlet, powered friction sheaves arranged along well axis, cable engagement surface, increasing downhole pull force on tool string exceeding upstream force, used in well intervention systems, torque transfer through roller bearings.",3,36,2,0.06451612903225806,31,failed_constraints
2015,9045947,35,function,"subsea winch with powered sheaves that amplify pull on a cable during tool descent, generating a greater downhole force at the inlet than the outlet, using friction‑engaged sheaves positioned along the well axis.",2,34,0,0.0,23,ok
2015,9009736,6,summary,"Search for a software architecture that coordinates function execution through a management component, an intermediary component, and a function repository, mapping use cases to functions, selecting those supported by the runtime environment, and handling setup, run, and cleanup steps.",1,39,0,0.0,25,ok
2015,9009736,6,keyword,"controller layer handles function definition and execution requests; wrapper layer resolves supported functions per database environment, routing requests to a function layer with reusable feature functions; step execution sequences include setup, execute, finalize stages; wrappers map to distinct use cases, enabling shared function invocation across contexts",1,46,0,0.0,39,ok
2015,9009736,6,function,"Framework for orchestrating function execution with separate controller, wrapper, and function layers, where wrappers map use cases to supported functions based on environment, generate step sequences (setup, execute, finalize) and coordinate results.",1,32,0,0.0,23,ok
2015,9133343,10,summary,"Search for kits with S25 and TOL‑3 dyes for detecting/probing protein aggregation, plaque analysis, thermal shift, stability, and nucleic acid detection.",1,23,0,0.0,15,ok
2015,9133343,10,keyword,"Protein aggregation monitoring kit containing fluorescent dyes S25 and TOL‑3.3 or Yat2150, for detecting amyloid plaques, assessing formulation stability or thermal shift assays, and enabling nucleic acid detection with chaperone activity analysis.",1,34,0,0.0,24,ok
2015,9133343,10,function,"search for fluorescent or colorimetric dyes and reagent kits that enable monitoring of protein folding intermediates, aggregate formation dynamics, and assessment of protein stability or chaperone function, including applications in neurofibrillary plaque imaging and thermal shift analysis.",2,37,0,0.0,25,ok
2015,9202697,8,summary,"Search for a gate fabrication process that places an interfacial film on a substrate, then layers a high‑k dielectric, coats it with TiN, treats the TiN with nitrogen or argon to create a protective barrier, and finally anneals the gate.",2,41,0,0.0,22,ok
2015,9202697,8,keyword,"nanometer‑scale gate stack comprising an interfacial film on a substrate, a high‑κ dielectric, a TiN capping layer, nitrogen or argon induced barrier formation on TiN, followed by post‑deposition annealing for oxidation suppression",1,35,0,0.0,23,ok
2015,9202697,8,function,"Search for methods producing high‑k gate dielectrics with a TiN passivation layer and nitrogen/argon‑treated thin barrier that suppresses interface states and leakage, followed by post‑anneal, applicable to MOSFET scaling and reliability improvements.",1,36,0,0.0,24,ok
2015,9079353,31,summary,"How to form a pultruded composite tape with longitudinal fiber clusters of varying diameters for armor layers in flexible pipes, where nub and valley cross‑sections concentrate high‑stress fibers.",1,30,0,0.0,20,ok
2015,9079353,31,keyword,"Look for patents describing pultrusion of composite armor strands with alternating fiber diameters forming nub‑and‑valley cross‑sections for high‑stress zones in subsea flexible pipeline walls, where fibers are resin‑impregnated.",2,33,0,0.0,23,ok
2015,9079353,31,function,"What pultrusion methods generate a composite tape armor for flexible pipe, arranging longitudinal fibers in clusters of differing diameters—forming nub and valley cross‑sections—to concentrate reinforcement in high‑stress regions and enhance pipe durability?",1,36,0,0.0,25,ok
2015,9053378,6,summary,"compact laser barcode reader using a single-layer PCB that integrates an on-board laser, reflective optics, and reverse-facing photodiode to suppress stray light, built on a flexible substrate to drop complex optomechanics while featuring built-in alignment cues for assembly.",1,42,0,0.0,29,ok
2015,9053378,6,keyword,"Search prior patents for laser barcode scanners using a single PCB with a semi‑flexible substrate, single‑layer surface‑mount photodiodes and a forward‑scattering light‑deflecting assembly, non‑retroreflective beam paths, and stray‑light baffling via board separation.",3,39,3,0.1,30,failed_constraints
2015,9053378,6,function,"Search prior art for a compact barcode reader that integrates a single board with an emitter, a reflector, and a detector positioned on opposite sides to reduce stray light, while eliminating alignment steps and additional soldering, and enabling simplified assembly through a flexible base structure.",2,45,0,0.0,29,ok
2015,8989928,27,summary,"An adaptive throttle control system for watercraft that selects between stored throttle‑response tables using accelerator input and data‑point verification, enabling appropriate valve actuation during idle and propulsion.",1,29,0,0.0,22,ok
2015,8989928,27,keyword,"Search for marine vehicle throttle management system featuring embedded memory with primary accelerator‑to‑throttle map, optional secondary map transferred via communication module, data‑point validation circuitry, idle‑position based map selection, and actuator circuitry translating computed throttle command to valve motion.",2,42,0,0.0,35,ok
2015,8989928,27,function,"search for systems in watercraft that store multiple accelerator-to-throttle mappings, dynamically download secondary mapping, compare data point counts, and switch to secondary mapping during idle to compute throttle valve opening",2,32,0,0.0,23,ok
2015,9033259,23,summary,"Search for feeding systems that use dual-port injectors: a first set of concentric annular channels delivering fuel straight along the central axis into a gasification zone, and a second set of circumferential ports with surrounding auxiliary channels linked through a toroidal conduit to produce multi-directional flow before exit.",2,50,0,0.0,35,ok
2015,9033259,23,keyword,"Search for patents describing a gasifier fuel injector tip with concentric annular channels delivering axial fluid to the reactor, and a circumferentially spaced secondary port assembly featuring auxiliary orifices fed through a toroidal conduit producing axial, inward, and circumferential discharge paths, all integrated within a plenum‑covered injection tip.",2,49,0,0.0,37,ok
2015,9033259,23,function,"Search for a gasifier fuel‑injection system that uses concentric annular channels for axial delivery from multiple sources and secondary circumferential ports linked to a toroidal conduit directing fluid axially, radially inward, and circumferentially to improve mixing before discharge.",1,39,0,0.0,27,ok
2015,9043885,4,summary,"Search for methods that provide single-device access to digital content or applications by generating a dynamic authentication token derived from stored credential fragments and linking it to device identification, then updating token storage after authorization to prevent use on unauthorized devices.",1,42,0,0.0,28,ok
2015,9043885,4,keyword,"Search for secure content access frameworks that enforce single-device usage through rolling authentication tokens where a client generates a new token from a stored seed, transmits a unique device ID and token to a server, which validates, grants access, and rotates the token.",2,44,0,0.0,28,ok
2015,9043885,4,function,"Search for systems enabling single-device access to digital content by generating a temporary credential from stored authentication fragments, sending it and device ID to a server, having the server verify and permit use, then rotating the credential for future sessions.",2,41,0,0.0,26,ok
2015,9103085,23,summary,"Vessel‑mounted oil spill remediation apparatus featuring a cascade of interconnected sedimentation tanks, a vacuum‑operated pump, and tethered floating probes that gather oil‑water mixtures, allowing gravity separation and incremental oil overflow while evacuating water through a bottom valve with filtration.",1,42,0,0.0,32,ok
2015,9103085,23,keyword,"Search for subsea oil spill remediation platforms featuring multi‑tank gravity separators, vacuum pumps, floating intake probes with hose arrays, and lower tank water‑evacuation valves coupled to filtration units for progressive oil‑water segregation.",1,35,0,0.0,28,ok
2015,9103085,23,function,"Search for mobile oil spill recovery system with vessel, multipurpose separator using progressive tank overflow to concentrate oil, vacuum pump, and floating probe collection hoses for efficient oil extraction and water discharge.",2,32,0,0.0,24,ok
2015,8990690,2,summary,"Method and apparatus for progressive refinement of selected media segments: initial low‑res stream with index and descriptor data, user selects a segment, system requests a higher‑resolution version of that segment, which is streamed separately, enhancing that navigable portion.",1,40,0,0.0,26,ok
2015,8990690,2,keyword,"Search for media streaming systems that use index and manifest files to describe navigable segments, sequentially deliver descriptor data via a multi‑layered approach, enable higher‑resolution requested substreams, and translate user actions into queries for ancillary data.",1,38,0,0.0,28,ok
2015,8990690,2,function,"Search for systems that enable users to select high‑resolution sub‑segments within a video stream sent at lower quality, using structured index and descriptor files transmitted in layers, allowing dynamic retrieval and playback of enhanced‑resolution parts.",1,38,0,0.0,27,ok
2015,9060224,6,summary,"Search prior art for a voice‑activated assistant featuring a cylindrical housing that mounts the input microphones at the upper part and positions the output speakers at the lower part, emitting sound downward and laterally symmetric, possibly with separate frequency ranges or a built‑in sound‑distribution cone.",3,48,1,0.03333333333333333,30,failed_constraints
2015,9060224,6,keyword,"Search for cylindrical voice‑assistant housings with top‑mounted microphones and base‑mounted coaxially aligned speakers emitting directional sound opposite the microphones, incorporating dual‑frequency speaker arrays, integrated processors, memory modules, and network interfaces for voice‑command processing.",1,38,0,0.0,30,ok
2015,9060224,6,function,"Cylindrical voice assistant housing with top‑mounted microphones and bottom‑mounted two‑frequency speakers aligned coaxially, processing audio for information queries, reducing double talk, and projecting sound downward via a radial cone, enabling symmetric, directional audio output for interactive voice control.",1,41,0,0.0,33,ok
2015,9008459,6,summary,"Search for methods that modify per‑pixel image‑detail settings based on each pixel’s distance from the image’s center, adjusting sharpening or smoothing parameters before applying the overall processing step.",2,32,0,0.0,21,ok
2015,9008459,6,keyword,"Search patents describing per‑pixel adaptive detail enhancement in image processors, where a detail weight factor is modified in relation to radial distance from image centroid and applied during convolution or filtering operations.",2,33,0,0.0,22,ok
2015,9008459,6,function,"Search for image‐processing methods that dynamically adjust per‑pixel detail enhancement or suppression based on radial distance from the image center, applying positive or negative correlation to achieve spatially varying detail control.",1,33,0,0.0,23,ok
2015,9062868,1,summary,"Search for ceiling or wall luminaire featuring LEDs mounted on a heat‑conductive housing that directs light through apertures, uses a stand‑off‐supported electrostatic fan to evacuate heat, and incorporates phosphor coatings for color conversion without a traditional heat sink.",2,41,0,0.0,29,ok
2015,9062868,1,keyword,"Search for ceiling‑mounted or wall‑mounted light fixture featuring a thermally conductive housing with a vent aperture, an LED mounted on an intermediary plate with a phosphor coating, and an electrostatic air‑flow actuator positioned on the plate via stand‑offs to provide direct cooling.",2,46,0,0.0,29,ok
2015,9062868,1,function,"Search for ceiling or wall luminaire employing a metallic heat‑dissipating enclosure with openings, positioning LEDs with phosphor layers inside, and a housed ionic wind fan that directly cools the LEDs via air movement, using stand‑offs to isolate LEDs from the enclosure.",3,43,1,0.034482758620689655,29,failed_constraints
2015,9090113,29,summary,"Search for 3‑D printer jet‑fault detection using pneumatic impedance sensing, test pattern deposition, and automated cleaning to identify clogged or inactive material ejection heads and reduce print defects.",1,30,0,0.0,21,ok
2015,9090113,29,keyword,"search for 3D printer failure detection system employing pneumatic flow impedance sensing to locate non‑functional inkjet ejectors, integrating printhead test patterns, surface pressure sensors, cleaning subsystem, and controller logic.",1,30,0,0.0,25,ok
2015,9090113,29,function,"Search for methods that use a pressure source and impedance sensor to identify failed ejectors in 3D printers by projecting a test pattern, measuring pneumatic flow resistance, cleaning the substrate, and detecting nozzle failures or substrate noise.",1,37,0,0.0,24,ok
2015,8964693,4,summary,"Method for informing a neighboring base station of serving cell parameter changes over an X2 interface, enabling real‑time updates of local cell lists, simplifying cell list management, and improving handover decisions without requiring a cell identifier broadcast.",2,38,0,0.0,29,ok
2015,8964693,4,keyword,"Search for patents describing X2 interface based notification of serving cell modifications between eNodeBs, including updates of cell identifier, physical address, frequency, TAC, PLMN ID, and neighbor list information for dynamic neighbor management.",1,33,0,0.0,26,ok
2015,8964693,4,function,"How can a primary base station convey updated cell configuration—identifier, physical address, frequency, or alternate area code—to a secondary base station over an X2 link, enabling the second station to refresh its local cell database and enhance handover planning?",2,41,0,0.0,30,ok
2015,8956367,13,summary,"Search for systems or methods that use an applicator and controller to deposit controlled‑thickness material layers directly onto a living anatomical structure, enabling in‑vivo 3‑D reconstruction of its shape and partial functional restoration.",2,36,0,0.0,21,ok
2015,8956367,13,keyword,"Search for in‑situ 3‑D additive manufacturing apparatus that deposits layered biomaterial onto an existing anatomical surface, with controller‑guided thickness control, to reconstruct solid, porous or fibrous structures, using polymeric, ceramic, or metallic composites for functional restoration.",3,39,1,0.038461538461538464,26,failed_constraints
2015,8956367,13,function,Methods for in‑vivo additive manufacturing of a damaged organ by guiding a dispensing tool to lay controlled‑thickness layers over the existing anatomy in order to reconstruct desired geometry and restore part of its function.,2,36,0,0.0,21,ok
2015,9039030,33,summary,"Search for a ski incorporating a heel fastener and a forward toe fastening assembly whose opposed sidewalls and inner lips create a sliding channel for a support plate, enabling hand‑released interchange of pivoting or alpine toe bindings.",2,38,0,0.0,25,ok
2015,9039030,33,keyword,"manual handle‑actuated quick‑release toe binding system for alpine skis with top surface attachment featuring a dual‑sidewall channel mount, inner lip, slidable support plate, free‑pivoting uphill binding and rigid alpine binding, releasably engaged by hand.",1,38,0,0.0,31,ok
2015,9039030,33,function,"How does a ski system employing a heel and forward‑mounted toe attachment, where the toe plate slides within an upward sidewall channel and is hand‑released, improve uphill and downhill skiing performance compared to conventional fixed setups?",2,38,0,0.0,26,ok
2015,9129510,1,summary,"How to use ambient temperature, load currents, and regression‑derived temperature thresholds, along with Euclidean distance or correlation analysis of multichannel sensor data, to predict conductor failure in power switchgear?",1,30,0,0.0,21,ok
2015,9129510,1,keyword,"Search patents describing systems that monitor electrical switchgear using temperature sensors, applying linear regression to ambient and load current data to produce predicted temperature profiles, generating deviation thresholds with initial standard deviation, and employing Euclidean distance or correlation coefficient models to flag conductor connection faults.",3,45,1,0.02857142857142857,35,failed_constraints
2015,9129510,1,function,"methods for detecting early conductor failure in switchgear by deriving expected temperature curves from ambient temperature and load currents via linear regression, generating warning thresholds from first standard deviation, then comparing real sensor data to thresholds, and using distance or correlation models to pinpoint faulty connections",3,46,2,0.058823529411764705,34,failed_constraints
2015,9161400,1,summary,"Search for a system that reduces voltage ripple in a power‑factor‑corrected LED lighting device by inserting a controllable linear current regulator whose impedance tracks ripple, plus a valley‑voltage detector feeding back to the driver for DC modulation.",3,40,2,0.07407407407407407,27,failed_constraints
2015,9161400,1,keyword,"Search for LED lighting driver systems that incorporate a continuous current regulation element between a PFC‑enabled stage and the LED array, employing a low‑point voltage sensing node to dynamically adjust the regulation device’s impedance and reduce ripple.",2,40,0,0.0,27,ok
2015,9161400,1,function,"How does a LED lighting system achieve reduced drive current ripple by using a series regulator that dynamically adjusts its impedance to match a ripple pattern from its AC‑to‑DC conversion stage, and employs valley voltage detection to refine the regulator’s drive output?",2,45,0,0.0,29,ok
2015,9176157,10,summary,"Search for MEMS acceleration sensor that reduces manufacturing‑induced thermal‑mechanical displacement by configuring mirrored elastic supports around a movable proof mass, adjusting spring geometry to balance tilt and bias.",3,30,0,0.0,22,ok
2015,9176157,10,keyword,"Search for MEMS out‑of‑plane accelerometers that employ mirrored elastic spring networks, including T‑shaped elements, to counter thermo‑mechanical stress‑induced displacement of the suspended proof mass relative to its rotational axis.",3,34,2,0.08695652173913043,23,failed_constraints
2015,9176157,10,function,"Search for MEMS accelerometer designs that use adjustable support elements to counteract thermally induced stress, preventing proof‑mass drift and preserving tilt response by tailoring element geometry on opposite sides of the rotational axis.",3,34,0,0.0,24,ok
2015,9199050,13,summary,"Search for ventilatory system that directs exhaled gas through a filter housing with two alternative routing paths, allowing reverse flow between entry and exit ports to optimize removal of unwanted components before inhalation.",3,33,0,0.0,24,ok
2015,9199050,13,keyword,"Search for systems directing exhaled ventilatory flow through a dual‑port CO₂‑removal chamber, including a dual‑channel routing unit that switches between two routing options to redirect expired gas through the filter housing before delivering fresh gas to the patient.",2,41,0,0.0,31,ok
2015,9199050,13,function,"search for adjustable gas‑routing system in ventilatory circuits that directs expired breath through a two‑port housing to filter components, with selectable paths that switch flow direction before inspiration.",1,30,0,0.0,21,ok
2015,9021565,4,summary,"Search for voice‑based authentication systems using device‑specific audio markers inserted during enrollment to verify identity, incorporating challenge‑phrase prompts and undisclosed artifacting schemes that change frequently to counter spoofing.",3,31,1,0.041666666666666664,24,failed_constraints
2015,9021565,4,keyword,"Search prior art for biometric voice‑based access control systems that embed dynamic microphone‑specific audio artifacts into spoken challenge responses, using rephrased interrogative prompts with blanks, and transmit encrypted voice samples over network sessions to a remote authentication server.",3,40,1,0.03225806451612903,31,failed_constraints
2015,9021565,4,function,"Search for systems that enroll users by capturing voice responses to a re‑phrased challenge, automatically adding an undisclosed microphone signature to the recording, and transmitting it to a remote server for verification.",2,33,0,0.0,18,ok
2015,9212412,20,summary,"Search for low‑carbon duplex stainless grades that sustain corrosion resistance and mechanical toughness after welding by restricting C, Si, Mn, Cr, Ni, Mo, Cu ranges and enforcing design indices that limit austenite to 40‑70 % and require a 2×Ni+Cu ratio over 3.5.",1,46,0,0.0,31,ok
2015,9212412,20,keyword,"search for lean duplex stainless steel compositions post‑welding with ≤0.06 % C, 0.1–1.5 % Si, 2–4 % Mn, ≤0.05 % P, ≤0.005 % S, 19–23 % Cr, 1–4 % Ni, ≤1 % Mo, 0.1–3 % Cu, 0.05–0.5 % V, 0.003–0.05 % Al, ≤0.007 % O, 0.1–0.25 % N, ≤0.05 % Ti, Md30 ≤80, Ni‑balance −7.1 to −4, austenite ratio 40–70 %.",3,72,3,0.09090909090909091,33,failed_constraints
2015,9212412,20,function,"Search literature on lightweight dual‑phase stainless alloy designed to maintain oxidation durability and impact resilience adjacent to welded joints, using specific carbon, silicon, manganese, nitrogen, chromium, nickel, copper balances, and prescribed martensitic percent limit, nickel‑balance, and austenitic fraction constraints.",2,41,0,0.0,33,ok
2015,9208686,32,summary,"Search for systems that auto‑switch rear‑camera views when reverse gear engages, offering selectable overhead, angled, or custom rear displays, and restoring the prior view when reverse is disengaged or re‑engaged depending on forward speed.",2,37,0,0.0,25,ok
2015,9208686,32,keyword,"search vehicle back‑view display system with rear camera generating top‑down or perspective images, gear‑sensing unit for reverse shift, image switching controller that selects alternate rear views based on reverse gear status and forward speed thresholds.",3,38,1,0.03333333333333333,30,failed_constraints
2015,9208686,32,function,"Search for systems providing a vehicle rearview display that automatically selects and switches between various rear image views, such as bird‑eye, angled, or user‑chosen, based on reverse gear engagement, gear release, and vehicle speed thresholds.",2,37,0,0.0,27,ok
2015,8926145,1,summary,"Search for LED lighting modules that use a nonmetallic substrate to thermally isolate diodes from electronics, channel diode heat to integrated cooling plates, and attach those plates to a thermally conductive housing for efficient heat dissipation.",2,36,0,0.0,24,ok
2015,8926145,1,keyword,"LED light engine utilizing a nonconductive substrate partitioned into a contact-pad zone and a thermally conductive plate zone, with electronically isolated components, where heat from LEDs preferentially transfers to plates and into a thermally conductive housing aperture for dissipation.",1,40,0,0.0,25,ok
2015,8926145,1,function,"Search for LED light engines featuring non‑conductive substrates with isolated zones, where LEDs are coupled to heat‑conductive plates that direct heat through the module into a thermally conducting housing, while electronics remain thermally insulated from LED heat to improve light output and reliability.",1,45,0,0.0,31,ok
2015,9178466,1,summary,"Transportable, ground‑free solar array system comprising modular panels on a composite frame that attaches via a variable‑angle pivot mount to a hollow base box, allowing swift deployment, on‑the‑go orientation changes, and retracted protection without permanent anchoring.",1,40,0,0.0,29,ok
2015,9178466,1,keyword,"Search for transportable photovoltaic array with composite frame, base unit as hollow box, variable‑angle pivot mount enabling two‑axis rotation, modules embedded in retracted position, ground‑free mount, rapid deployment, storm‑safe retraction.",1,34,0,0.0,28,ok
2015,9178466,1,function,"mobile photovoltaic array that detaches from a non‑fixed base, uses a variable‑angle pivot mount for dual‑axis orientation control, embeds panels within a hollow box when stowed, and allows rapid on‑site deployment without ground anchoring or extensive preparation.",1,41,0,0.0,29,ok
2015,8954017,5,summary,"Search for a communications system that uses a PLL to multiply a clock into a higher frequency, generating a power supply whose harmonic components are shifted out of the RF transmission channel to reduce noise on the carrier.",1,38,0,0.0,21,ok
2015,8954017,5,keyword,"Search for devices that use a phase‑locked loop to generate an integer‑multiplied clock, drive a power regulator with the derived signal, and employ an RF transceiver where the resulting harmonics are shifted away from the data channel to reduce transmission noise.",3,43,1,0.04,25,failed_constraints
2015,8954017,5,function,"search for communication devices that multiply a clock by a variable integer using a phase‑locked mechanism to produce a secondary clock for a power unit, ensuring harmonics fall outside the transmission channel to reduce interference.",2,36,0,0.0,22,ok
2015,8971889,4,summary,"A technique enabling a secondary access node to estimate the distance to a mobile device by comparing transmit and received uplink power, then trigger a handover to a suitable base station, accounting for backbone delay so the node receives necessary data before uplink.",2,43,0,0.0,28,ok
2015,8971889,4,keyword,"Search for methods enabling a relay node to estimate its distance to a mobile terminal by overhearing uplink transmissions, comparing the terminal’s reported transmit power with measured receive power, and then initiating a hand‑over using this distance while compensating for backbone latency.",2,44,0,0.0,28,ok
2015,8971889,4,function,"Search for mechanisms that compute distance between a mobile device and an intermediate access point by comparing the received power of an uplink transmission with the device’s reported transmit power, and use that distance to initiate a handover decision in a wireless network.",3,44,1,0.041666666666666664,24,failed_constraints
2015,9063807,6,summary,Search for methods that incorporate a fairness‑verification and correction unit to guarantee a statistically complete sequence—where every possible symbol appears at least once—within a fixed time window in a stochastic output device.,2,35,0,0.0,22,ok
2015,9063807,6,keyword,"Random number generator system featuring an output interface and a fairness verification logic module that validates and enforces full coverage of all admissible values within a specified time interval, generating a complete uniform sequence upon termination.",3,36,1,0.038461538461538464,26,failed_constraints
2015,9063807,6,function,"Search for methods or systems using a fairness checking and correction logic to guarantee that within a set time window every possible outcome from a uniformly distributed source occurs at least once, enabling bounded‑time exhaustive random sampling for cryptographic or gaming applications, ensuring time‑constrained completeness.",2,47,0,0.0,33,ok
2015,8990118,7,summary,"Handheld laser‑based device that identifies products on a digital display, retrieves user billing info from the signal, and transmits purchase details to a retailer through a sensor‑equipped display.",1,30,0,0.0,19,ok
2015,8990118,7,keyword,"Search for handheld laser‑based object‑identification systems that use unidirectional electromagnetic tags, a sensor‑array display linked to a database, and transmit authenticated user data (name, address, billing) for retail product recognition and transaction processing.",1,36,0,0.0,26,ok
2015,8990118,7,function,"In systems where a handheld laser scanner transmits authenticated user data, a display with a sensor grid decodes the signal to locate the selected item, retrieves product information, and forwards the item and user details to a vendor database.",1,39,0,0.0,23,ok
2015,8996690,4,summary,"search for methods that compare multiple data streams from different devices or applications over time to detect correlated content patterns, and then dynamically mask or block parts of the streams to enforce network policy before transmission.",1,36,0,0.0,24,ok
2015,8996690,4,keyword,"Searching for systems that analyze synchronized data flows from multiple source devices and applications, evaluate temporal correlations with content and contextual similarity, detect policy violations in network traffic, and modify or suppress correlated segments via masking or blocking before ingress or egress, implemented on a CPU‑memory architecture.",2,48,0,0.0,33,ok
2015,8996690,4,function,"Searching for methods or systems that analyze multiple data streams over time to detect correlated content patterns indicating policy violations, then preemptively adjust the streams—by modification or privacy enforcement—before they enter or exit a network environment.",3,38,0,0.0,26,ok
2015,9086769,6,summary,Techniques for eliminating ghosted finger signals on capacitive touch panels by short‑edge aperture probing and selecting the strongest response to locate true finger positions for reliable two‑finger gestures.,1,30,0,0.0,21,ok
2015,9086769,6,keyword,"Search for touch sensor de‑ghosting methods that use edge‑aperture scanning to determine real finger coordinates for two‑finger rotational gestures, selecting the maximum signal intensity and applying weighted deviation algorithms to reject ghosted positions.",2,36,0,0.0,27,ok
2015,9086769,6,function,"How to locate true finger positions on a ghost‑prone touch panel by measuring from a sensor edge, selecting the strongest signal, and applying weighted averages to detect multi‑finger gestures without needing absolute coordinates?",3,35,1,0.041666666666666664,24,failed_constraints
2015,9202489,2,summary,"Search for an integrated laser source on a data‑recording slider where a side‑mounted diode emits perpendicularly to the slider’s back surface, then a turn‑plate redirects the beam by 90° into the slider’s optical channel for high‑density playback.",2,43,0,0.0,25,ok
2015,9202489,2,keyword,"slider platform with opposite media face, laser diode flush mounted on trailing side, active region perpendicular to slider mounting base, integrated optical deflector turning TE‑mode beam 90°, near‑field transducer coupled to output, wafer stack perpendicular to mounting plane.",3,40,1,0.030303030303030304,33,failed_constraints
2015,9202489,2,function,"Searching for methods of mounting a laser diode with an active region oriented perpendicularly to a slider’s mounting plane, where its output is bent by an integrated reflector to couple TE‑mode light into a media‑facing optical pathway for high‑speed data acquisition on hard disk drives.",3,49,2,0.06896551724137931,29,failed_constraints
2015,9033195,34,summary,"search for glove drying apparatus featuring a basket, finger‑aligned holders with spaced openings allowing ventilation to palm and fingers, a handle, and biasing support.",1,25,0,0.0,16,ok
2015,9033195,34,keyword,"Search for patent embodiments of a drying basket with an integrated handle, a palm‑shaped holding member comprising finger projections and an open bottom, arranged to provide ventilated airflow through spaced apertures and coupled biasing arms.",3,36,0,0.0,24,ok
2015,9033195,34,function,"search for devices holding disposable gloves with open‑bottom holders providing spaced airway openings around the palm and finger segments, including biasing elements to secure gloves, a perforated lower panel, and a central handle arrangement for efficient airflow drying.",2,39,0,0.0,28,ok
2015,9054987,4,summary,"SIMD technique for processing arrays of captured network packets, updating TCP flow states using parallelized data structures and occupancy flags.",3,20,0,0.0,15,ok
2015,9054987,4,keyword,"Search for prior art on using SIMD vectors to process IPv4 packet headers in an NIC with a DMA engine, where each vector element represents one packet, a second vector flags vector occupancy, and a third vector holds TCP connection state updated by single‑instruction parallelism.",2,46,0,0.0,32,ok
2015,9054987,4,function,"Identify prior art that describes SIMD-based bulk processing of network packet vectors for TCP flow state updates, including DMA buffer arrangement, vectorized packet header subsets, and parallel instruction execution on network interface controllers.",3,34,2,0.07407407407407407,27,failed_constraints
2015,9057374,27,summary,Search for an oil‑free screw compressor employing dual water‑cooled stages with plate‑type cooling assemblies whose coolant flow is variably controlled by inlet/outlet pressure or coolant outlet temperature to prevent overheating during load/unload cycles.,3,38,0,0.0,29,ok
2015,9057374,27,keyword,"Search for water‑cooled, contactless oilless screw compressor with dual‑stage low/high pressure rotors, adjustable flow cooling using multi‑plate counter‑flow exchanger, controlled by inlet/outlet pressure or outlet coolant temperature, positioned in separate heat‑loss zones.",3,39,1,0.03125,32,failed_constraints
2015,9057374,27,function,"Oil‑free twin‑stage screw compressor featuring two sequential plate heat‑exchangers with water cooling, where water flow is varied or stopped according to inlet/outlet compressed‑air pressure or cooling‑water temperature to limit temperature differentials and avert cooling unit damage.",1,42,0,0.0,32,ok
2015,9074812,25,summary,"Search for a multi‑riser, unibody sump designed to house and support an HVAC condensation system, featuring tapered sidewalls, integrated drainage lip, rib‑reinforced flanges, and stackable geometry that directs overflow to the base without allowing air ingress.",2,38,0,0.0,27,ok
2015,9074812,25,keyword,"Search for HVAC condensate drainage pan featuring a unibody molded base and lip, multiple upward‑extending frustoconical risers with integrated support ribs, air‑tight side walls, nestable configuration, and load‑bearing rib‑enhanced structure for unit support and overflow prevention.",1,40,0,0.0,31,ok
2015,9074812,25,function,"Search for a secondary drainage pan for HVAC units that uses a base with an upward lip, integrated vertical risers forming support surfaces, rib‑reinforced to bear load, limits airflow, allows overflow to exit through the lip, and nest‑stackable in a unibody molded design.",1,45,0,0.0,30,ok
2015,8952291,26,summary,"Search for integrated power source combining arc and laser modules that synchronize outputs through real‑time two‑way data exchange, enabling concurrent operation and mutual feedback control to improve weld performance.",3,31,0,0.0,24,ok
2015,8952291,26,keyword,"Search patent documents describing an integrated hybrid arc and laser welding power source with bidirectional communication, concurrent power supplies, feedback control and mutual status sharing between arc and laser outputs via a high‑speed interface.",3,35,4,0.14814814814814814,27,failed_constraints
2015,8952291,26,function,"Search for systems enabling simultaneous arc and laser welding with real‑time synchronized output control, using bidirectional data exchange to share arc and laser feedback for dynamic adjustment during concurrent operation.",2,31,0,0.0,23,ok
2015,9196235,34,summary,"A system that uses instrument pickups and a microcontroller to route and merge multiple audio signals, while a computer‑based program dynamically alters sound properties through electronic switching, enabling custom composite signal generation and real‑time instrument control.",2,38,0,0.0,28,ok
2015,9196235,34,keyword,"Locate prior art for a switchboard system combining multiple instrument pickup outputs, using a controller port to send a digital control word to a programmable analog multiplexer, with firmware and host software enabling real‑time routing of combined audio streams.",2,40,0,0.0,28,ok
2015,9196235,34,function,"Search for systems that route and combine analog guitar pickups through a software-modifiable analog switching network, where a microcontroller merges signals independently of the digital command from a host computer, enabling real‑time alteration of tone and effects.",2,39,0,0.0,25,ok
2015,9221291,34,summary,"Search for automatic sheet binder that can process and bind pre‑stacked bundles on a processing tray and manually placed bundles, featuring a movable binding head with dual binding positions and a controller to idle when no tray present.",1,39,0,0.0,25,ok
2015,9221291,34,keyword,"sheet bonder employing an automated processing tray for stack binding and an external manual tray for user‑placed bundles, featuring a moving portion that positions a binding head between primary and secondary binding stations, with a controller that pauses when tray input is absent.",3,44,0,0.0,28,ok
2015,9221291,34,function,"Search for a sheet binding apparatus that moves a binding head between an internal processing tray for automated sheet stacks and an external manual tray, pausing when the internal tray is empty to prevent interference, and facilitating rapid binding for printed booklets.",1,42,0,0.0,26,ok
2015,9002182,2,summary,"Search for a system integrating playback media with embedded program modules whose run state is governed by metadata indicating title‑bound or title‑unbound status and ejection behavior, allowing automatic start‑stop of supplemental functions when a title changes or the media is removed.",1,44,0,0.0,29,ok
2015,9002182,2,keyword,"Search for digital media storage systems and playback platforms that embed title‑bound and title‑unbound application modules, use runtime‑management metadata to coordinate auxiliary software with moving‑image playback, and enforce automatic shutdown rules when titles switch or the media is ejected.",1,43,0,0.0,30,ok
2015,9002182,2,function,"Search for a system that reads title‑based management data from a storage medium to control supplementary program applications, distinguishing title‑bound versus title‑unbound functions, automatically terminating or persisting apps upon title changes or media ejection.",1,37,0,0.0,27,ok
2015,9174919,23,summary,"High‑selectivity synthesis of biodegradable lubricant esters via a recyclable solid phenyl‑phosphonate catalyst bearing metal ions (e.g., Zr) in an alcohol‑fatty acid reaction, achieving complete conversion at 110–200 °C over 0.5–8 h.",3,38,0,0.0,24,ok
2015,9174919,23,keyword,"Solid phenyl phosphonate catalyst with metal ion for 100‑% selective esterification of fatty acids or vegetable oils using hydroxylic alcohols (C6‑C22) at 110‑200 °C, 0.5‑8 h, 3‑10 % catalyst, molar ratio 0.3‑9, catalyst separation.",2,40,0,0.0,24,ok
2015,9174919,23,function,"Search methods for synthesizing fully selective fatty acid ester lubricants using solid phenyl phosphonate catalysts (Zr, Zn, Cd, Al, etc.), reacting fatty acids or oils with monohydric alcohols (C6–C22) at 110–200 °C, 0.5–8 h, 0.3–9 molar ratio, 3–10 % catalyst, recyclable, yielding biodegradable base oils.",3,51,3,0.08333333333333333,36,failed_constraints
2015,8974936,1,summary,"Thin‑walled metal‑cased energy storage unit incorporates a slender, line‑shaped vent groove that thins toward the center, opening when internal pressure reaches about 40 % of its maximum, offering pressure relief while preserving form integrity.",1,36,0,0.0,28,ok
2015,8974936,1,keyword,"Search for prismatic secondary cells with a thin metal enclosure, vertical‑center‑axis case, integrated electrode terminal cap, and a line‑shaped, stress‑optimized safety vent that tapers thickness toward its midpoint, rupturing under high pressure during thermal runaway.",3,39,1,0.03333333333333333,30,failed_constraints
2015,8974936,1,function,"Search for prismatic Li‑ion batteries with thin (<0.4 mm) metallic casings that include line‑shaped, gradually narrowing safety vents intersecting the top, engineered to rupture at <40 % of maximum internal pressure to vent gases while preserving structural integrity.",1,40,0,0.0,28,ok
2015,8932856,15,summary,"Search for techniques that enhance somatic cell competence for reprogramming by delivering Oct4‑encoding nucleic acids with regulatory elements, thus raising Oct4 expression and fostering cellular transformation into pluripotent or multipotent states, and identify agents promoting such dedifferentiation.",1,38,0,0.0,27,ok
2015,8932856,15,keyword,"Method to increase somatic cell predisposition for pluripotent reprogramming by introducing Oct4 encoding DNA with regulatory promoter to raise Oct4 protein, facilitating conversion to pluripotent state.",2,26,0,0.0,18,ok
2015,8932856,15,function,"Search for approaches that raise somatic cell reprogramming sensitivity by delivering Oct4-encoding nucleic acids with regulatory elements to boost Oct4 protein levels, enabling generation of pluripotent or multipotent cells for therapeutic use.",1,33,0,0.0,23,ok
2015,9061939,20,summary,"Search for glass compositions that produce red coloration using copper and neodymium oxides, tin oxide as reductant, antimony oxide as stabilizer, and a copper oxide fraction in the low‑hundreds‑per‑thousand range for improved color stability.",3,37,0,0.0,25,ok
2015,9061939,20,keyword,"Search patents for red glasses containing copper and neodymium oxides as pigments, tin oxides as reducers, antimony oxides as stabilizers, with copper oxide level between two hundredths and eight hundredths weight percent in the base glass.",3,36,0,0.0,25,ok
2015,9061939,20,function,"Search for glass compositions that use copper and neodymium oxides as colorants, tin oxides as reducing agents, and antimony oxides as stabilizers to achieve a specific red hue with copper content 0.02‑0.08% by weight.",3,37,2,0.09090909090909091,22,failed_constraints
2015,9192733,13,summary,"Search for needle puncture devices featuring an axially movable protective sleeve that covers the needle tip, an integrated elastic locking element engaging the sleeve, and a removable cap whose design mechanically prevents the lock from disengaging until the sleeve is deliberately advanced.",1,42,0,0.0,28,ok
2015,9192733,13,keyword,"needle catheter device comprising a stainless steel needle tube with a tapered tip, a retractable safety sheath that slides axially, a cap with an interlock preventing sheath retraction when closed, and an elastomeric latch engaging during loading, search for related patents.",2,41,0,0.0,27,ok
2015,9192733,13,function,"Search for puncture needles with axial sliding protective sleeve that engages a spring‑like locking element, release by sleeve movement, and cap‑mounted safety to prevent lock disengagement; focus on mechanism and safety features preventing accidental needle exposure.",2,38,0,0.0,27,ok
2015,9091502,29,summary,"search for firearm suppressors that include a housing with an inner cavity holding a baffle, an endcap and a second cap that carries integrated lighting and power, and attachment mechanisms that secure the unit to a weapon barrel.",1,38,0,0.0,20,ok
2015,9091502,29,keyword,"Search for firearm suppressor designs featuring a housing with a baffle, lead and trailing caps, integrated lighting (LED/laser) powered by a battery, and attachment brackets connecting to a barrel, combining acoustic attenuation with illumination.",1,35,0,0.0,22,ok
2015,9091502,29,function,"Search for a firearm suppression device integrating a sound‑reducing baffle within a housing, attachable to a gun barrel, and equipped with a power‑powered lighting system at the muzzle ends for illumination during operation.",1,35,0,0.0,21,ok
2015,9078280,4,summary,"Search for wireless mesh networks in which a relay node transmits to a mobile device on a resource set distinct from its forwarding resources, and a neighboring node acquires relay-area knowledge to prioritize those resources for data placement, using a central server to disseminate and coordinate this information.",1,49,0,0.0,29,ok
2015,9078280,4,keyword,"multihop wireless network comprising first and second base stations with distinct relay and access frequency allocations, a centralized management server exchanging relay‑area metadata, and dynamic slot‑based scheduling that preferentially uses relay channels for mobile terminals while reporting node proximity.",1,41,0,0.0,32,ok
2015,9078280,4,function,"Search for communication networks that separate resource blocks for terminal access from those used between relay nodes, with a central server sharing relay‑area information among terminals to enable prioritized scheduling in non‑overlapping channels.",2,35,0,0.0,25,ok
2015,9081087,10,summary,"Searching for a system that uses transmitted high‑frequency radio pulses reflected from interface layers, records echo times, constructs a time‑depth curve, and applies a built‑in search algorithm to identify and classify partial, full, or empty fill states in containers.",2,42,0,0.0,28,ok
2015,9081087,10,keyword,"Searching literature for ultrasonic electromagnetic level sensors that emit high‑bandwidth EM pulses, receive distinct surface and interface echoes to build travel‑time curves, use onboard search algorithms to classify partial/full/empty fill states and compute dielectric constants of layered liquids.",2,42,0,0.0,33,ok
2015,9081087,10,function,"Search for methods that use rapid electromagnetic wave emissions to detect return echoes from container interfaces, process echo curves with a pattern‑matching algorithm to determine liquid levels or layer boundaries, and relate travel times to stored reference states for fill‑condition classification.",2,43,0,0.0,30,ok
2015,8996216,32,summary,"Hybrid vehicle controller that activates regenerative braking when brake pedal is partially actuated, then switches the motor to regeneration upon accelerator input for driver‑initiated braking while keeping engine fuel injection, only if converter or engine temperature is below a set threshold, limiting torque to prevent added fuel.",1,48,0,0.0,35,ok
2015,8996216,32,keyword,"Vehicle powertrain control system switching electric motor to regenerative mode during partial brake pedal actuation, increasing generator torque above threshold while maintaining combustion engine fuel injection under low catalytic converter or engine temperature, with accelerator pedal inferred driver request.",2,39,0,0.0,34,ok
2015,8996216,32,function,"Hybrid powertrain controller enabling regenerative braking triggered by partial brake‑pedal actuation, simultaneously preserving combustion‑engine fuel injection during low catalytic‑converter or engine temperatures, through torque‑thresholding of the electric motor to avoid injection increase.",1,36,0,0.0,29,ok
2015,9214492,2,summary,"Design of a single‑pixel multispectral sensor combining two photodiodes with adjacent contact control and wavelength‑selective filters, enabling depth, reflectance, and color data acquisition for 3D imaging in a TOF camera.",1,32,0,0.0,22,ok
2015,9214492,2,keyword,"Search for a semiconductor pixel array with lateral contact elements, dual selectable detection regions featuring adjustable detectivity, stacked optical filters for distinct IR and visible wavelength bands, enabling depth, reflectance, and color data acquisition in time‑of‑flight camera systems.",2,40,0,0.0,30,ok
2015,9214492,2,function,"Search for a dual‑wavelength pixel detector incorporating two photodiodes with adjacent contact pads and separate optical filters—one for visible or near‑IR and one for far‑IR—designed for depth sensing, reflectance, color measurement, and 3‑D image generation in time‑of‑flight cameras.",2,46,0,0.0,30,ok
2015,9203082,1,summary,Search for high‑capacity battery systems using iron‑oxyfluoride nanocrystals in the cathode with hybrid conductive matrices and related metallolyte composite fabrication.,1,22,0,0.0,15,ok
2015,9203082,1,keyword,"Iron oxyfluoride nanocrystalline phase (FeOxFy) incorporated within an ion‑conducting or mixed ionic‑electronic binder in lithium‑ion battery cathodes, including methods of synthesizing such nanostructured iron oxyfluoride active material for high‑energy density cells.",3,35,0,0.0,28,ok
2015,9203082,1,function,"Search for electrochemical energy storage devices employing a positive electrode that incorporates iron oxyfluoride nanocrystallites embedded within a conductive matrix to achieve enhanced redox kinetics, high capacity, and improved cycle life in rechargeable batteries.",3,34,1,0.04,25,failed_constraints
2015,9009772,2,summary,"Search for a telecom infrastructure that hosts localized content distribution nodes, letting third‑party publishers upload, manage quality, pricing and ad options, and deliver media to subscribers over a private network, while protecting user personal data.",1,36,0,0.0,27,ok
2015,9009772,2,keyword,"processor‑controlled memory and network interface for telecom distribution nodes hosting multiple content stores, enabling providers to upload via Internet, set QoS, fee, and advertising rules, while subscribers download over a provider‑controlled network and personal data is restricted.",1,39,0,0.0,30,ok
2015,9009772,2,function,"Distributed node network system for an ISP that hosts multiple content‑provider stores, allows providers to set QoS, fees, and ad display, while enabling subscribers to download content via the ISP‑controlled network without traversing the public Internet, preserving subscriber privacy.",1,41,0,0.0,31,ok
2015,9139779,19,summary,"search for catalyst separation system for Fischer‑Tropsch slurry, using sequential filtration with progressively finer membranes, nitrogen pressurization, and agitation to remove solid catalyst from liquid hydrocarbons.",3,27,1,0.05263157894736842,19,failed_constraints
2015,9139779,19,keyword,"Search technologies for a Fischer‑Tropsch catalyst separation unit that uses a slurry reservoir, serial filtering stages (31‑63 µm then ≤10 µm pores), nitrogen pressurization feeding the first filter, and an agitator for solid‑liquid separation.",2,37,0,0.0,25,ok
2015,9139779,19,function,"Search for systems that sequentially filter Fischer‑Tropsch catalyst slurries using a 31‑63 µm filter followed by a ≤10 µm filter, applying nitrogen pressure and agitation to separate solids, recover filtrate, and improve catalyst retention.",1,36,0,0.0,24,ok
2015,9216379,23,summary,"Search for compressed‑air moisture removal systems that use pressure‑reduction‑induced adiabatic cooling and internal labyrinth structures to condense and collect water droplets, allowing gravity‑driven drainage of condensed water.",1,31,0,0.0,23,ok
2015,9216379,23,keyword,"Search for methods and devices that reduce compressed‑air moisture via a pressure‑drop induced adiabatic cooling chamber comprising a nested inner‑outer cylinder with labyrinth coil screens, micro‑droplet condensation, collection assemblies and drain port valves.",2,37,0,0.0,28,ok
2015,9216379,23,function,"Find prior art describing a compressed‑air moisture‑removal system employing pressure‑drop induced adiabatic cooling, with a dual‑cylinder labyrinth assembly that condenses water into micro‑droplets and gravity‑drains large droplets.",3,33,0,0.0,25,ok
2015,9080729,1,summary,"High‑power A‑19 LED lamp using one integrated emitter comprising stacked diodes in a recessed substrate covered by a single wide‑angle lens, delivering ≥30 W output and 130° beam without extra optics.",1,34,0,0.0,25,ok
2015,9080729,1,keyword,"Search patents for single‑lens high‑power LED lamp A‑19 style with integrated multi‑LED array, recessed substrate, phosphor‑coated diodes, wide‑angle 130° distribution, 30‑40 W drive, using a single driver circuit, lamp envelope and base conforming to A‑19 dimensions.",3,44,0,0.0,34,ok
2015,9080729,1,function,"High‑power LED lamp featuring a single‑lens, wide‑angle emitter with multiple phosphor‑coated LEDs mounted in a recessed substrate, designed for 30‑40 W drive to produce >130° beam at 50% intensity without secondary optics, A‑19 compatible.",1,40,0,0.0,29,ok
2015,9077861,2,summary,"Search for vehicle peripheral imaging systems that synthesize panoramic views from multiple cameras by rotating a virtual viewpoint above and around the vehicle, generating sequential images in a circular motion to display on a single screen.",1,36,0,0.0,22,ok
2015,9077861,2,keyword,"Vehicle‑mounted panoramic display system generating sequential synthetic views from a 360° camera array, with virtual viewpoints orbiting above the vehicle, controlled by an instruction signal, and outputting a continuous moving perspective to a single screen.",1,36,0,0.0,24,ok
2015,9077861,2,function,"How can one produce and display a sequence of synthetic images depicting a vehicle’s full circumference from rotating virtual viewpoints derived from 360° multi‑camera input, enabling drivers to monitor surrounding obstacles from a single screen?",1,37,0,0.0,25,ok
2015,8996895,6,summary,"Dynamic selection of CPU idle power states based on real‑time interrupt frequency and workload bursts, overriding OS requests, to adapt core C‑state depth when sudden changes in interrupt rate are detected, improving energy efficiency during varied activity intervals.",2,40,0,0.0,30,ok
2015,8996895,6,keyword,"Search for processor cores with dynamic C‑state adjustment logic that overrides OS power‑state requests by demoting to a lesser C‑state during low activity/high interrupt bursts, and un‑demoting to a greater C‑state when interrupt rate falls, based on idle residency statistics.",2,46,0,0.0,30,ok
2015,8996895,6,function,"Dynamic CPU power state control that overrides OS requests, selecting intermediate power‑saving levels during low‑activity/high‑interrupt bursts and higher power‑saving states when interrupt rates fall below a threshold, based on real‑time interrupt measurement and idle residency estimation.",1,42,0,0.0,34,ok
2015,9118926,2,summary,"Search for video decoding techniques that choose a motion vector reference for a current macroblock by selecting among collocated block’s list‑0 or list‑1 references, then use the chosen vector to drive inter prediction.",2,36,0,0.0,22,ok
2015,9118926,2,keyword,"video decoding system using a processor to retrieve motion vector predictor candidates from collocated blocks, selecting between reference lists L0 and L1, storing reconstructed frames, choosing motion vectors based on reference list availability, for inter prediction of image blocks.",3,39,1,0.03333333333333333,30,failed_constraints
2015,9118926,2,function,"Search for a video decoding method that selects motion‑vector predictors from a collocated block’s L0 and L1 reference lists, evaluates both lists, chooses a single reference list, and then uses the chosen motion vector to determine a reference block for efficient inter‑block reconstruction.",3,46,2,0.06451612903225806,31,failed_constraints
2015,9055000,4,summary,"Search for methods that let separate LAN backbones share a common IP subnet via virtual routing‑bridging interfaces, using a shared gateway MAC to translate Layer‑2 traffic into routed packets.",1,31,0,0.0,22,ok
2015,9055000,4,keyword,"Search for methods and devices where separate switches each implement a virtual routing‑and‑bridging interface tied to a common L3 subnet, using a centrally allocated shared MAC endpoint to relay L2 traffic across distinct bridge domains and deliver L3 packets.",2,41,0,0.0,29,ok
2015,9055000,4,function,"Search for methods that enable distributed routing and bridging across independent control planes by deploying virtual routing interfaces tied to shared gateway MAC addresses, allowing separate layer‑2 domains to connect within a common subnet for inter‑subnet traffic forwarding.",3,40,1,0.034482758620689655,29,failed_constraints
2015,9139279,32,summary,"Search for methods and systems enabling autonomous, long‑duration lightweight airships that integrate a high‑lift payload vessel with a detachable logistics complement, whereby the combined craft remains aloft for over a month without ground support, adjusting propulsion, lift, or fuel reserves mid‑flight.",3,44,0,0.0,32,ok
2015,9139279,32,keyword,"Search for long‑endurance free‑flying airships with modular payload and logistics units that mechanically couple and decouple at altitude, featuring double‑capacity power/propulsion/lift, >30‑day aloft endurance, tethered upper/lower configuration, and automated resource monitoring with in‑flight rendezvous support.",2,43,0,0.0,32,ok
2015,9139279,32,function,"Searching for free-flying buoyant aircraft that combine multiple lift vessels for sustained over‑30‑day missions, autonomously monitoring fuel, gas, and energy reserves, predicting weather, and dispatching detached support vessels to rendezvous, reconfigure, and augment thrust, lift, or endurance.",2,40,0,0.0,30,ok
2015,9056262,23,summary,"Search for a liquid recirculation system that uses a multi‑inlet/outlet contactor to purge gas from ozonated streams, drain excess liquid, and provide ambient‑pressure release for the feed source, thereby improving ozone treatment efficiency.",1,36,0,0.0,25,ok
2015,9056262,23,keyword,"Search for patent claims describing an ozonated liquid recirculation system featuring a contactor with multiple inlets/outlets, a gas purge inlet that removes bubbles from an incoming ozonated solution, an ambient‑pressure release inlet, and a drainage outlet draining liquid back to the source.",1,44,0,0.0,29,ok
2015,9056262,23,function,"search for systems or apparatuses that recirculate ozonated liquids by contacting a gas‑purged liquid stream, draining and re‑circulating the liquid through multiple inlets and outlets, and allowing ambient‑pressure liquid release to maintain continuous operation.",1,37,0,0.0,25,ok
2015,9061231,23,summary,"System for cleaning gas in pipelines using a pressure vessel with sequential separation and filter assemblies removable via a cover, isolating solids and liquids in mounted shells.",1,27,0,0.0,17,ok
2015,9061231,23,keyword,"Patents for a gas pipeline pressure vessel featuring sequential gas purifiers with removable separator housings and shells for trapping liquid/solid debris, an openable top cover for servicing, filter elements, and defined inlet/outlet flow paths.",2,36,0,0.0,26,ok
2015,9061231,23,function,"Search for gas pipeline purification systems enabling particulate removal by sequential separator assemblies within an interchangeable pressure vessel that uses removable shells for collected solids, allowing maintenance through an openable cover while maintaining continuous gas flow and isolation of contaminants.",1,40,0,0.0,30,ok
2015,9032402,6,summary,"Search for prior art on automatically creating a lightweight virtual machine to host and manage an isolated virtual disk when it is detached from a host VM, controlling the disk via this temporary machine.",1,34,0,0.0,19,ok
2015,9032402,6,keyword,"Search for systems that automatically generate a shell VM to host an unattached independent virtual disk and control it, using event‑driven creation and management of the disk resource in a virtualized environment.",3,33,2,0.10526315789473684,19,failed_constraints
2015,9032402,6,function,"Search for techniques that automatically create a dedicated shell VM to host a detached virtual disk, then control and manipulate that disk through the shell VM in a virtualized infrastructure.",1,30,0,0.0,18,ok
2015,9095008,1,summary,"Search for blankets featuring a carbon‑filled polymer mesh element bonded to the outer layer, paired with a thermostat‑driven power system that provides uniform heating while keeping a target item within a set temperature range.",1,36,0,0.0,25,ok
2015,9095008,1,keyword,"Search for patent documents describing woven carbon‑polymer heating blankets with integrated mesh‑grid elements, adjustable outer panels, and thermostat‑controlled power regulation for uniform article warming or cooling.",1,29,0,0.0,22,ok
2015,9095008,1,function,"heating blanket with a carbon‑polymer mesh heating element under dual outer panels, where a thermostat monitoring an article’s temperature electronically controls power, completing or cutting supply to keep the article within a preset temperature band.",1,37,0,0.0,25,ok
2015,8979688,31,summary,Investigate sprocket cushioning designs with sliding annular wire rings that flex to absorb chain impact noise and extend life in roller or bush chains.,1,24,0,0.0,16,ok
2015,8979688,31,keyword,"Search for annular wave‑shaped single‑wire cushion rings on a sprocket with circumferential grooves, where the first ring has projections, the second ring is continuous, both move relative to each other upon roller chain contact, reducing impact noise.",2,39,0,0.0,27,ok
2015,8979688,31,function,"search for sprocket noise‑reduction features using sliding annular elastomeric or wire cushion rings that deform sequentially during roller chain engagement, reducing impact and wear.",1,25,0,0.0,19,ok
2015,9048270,8,summary,"Microwave wafer heating system using a movable grounded metal ring to dynamically adjust edge power distribution with closed‑loop temperature feedback, compensating for edge‑effect temperature nonuniformity while supporting the wafer mechanically.",1,32,0,0.0,25,ok
2015,9048270,8,keyword,"Search for microwave heating systems for semiconductor wafers featuring dielectric support fixtures, adjustable conductive rings adjacent to the wafer, and closed‑loop temperature‑sensing feedback to correct edge‑temperature deviations during RF processing.",2,33,0,0.0,25,ok
2015,9048270,8,function,"Describe a microwave reactor that employs a movable, electrically‑grounded metal ring to reshape power delivery while sensors track surface temperature, allowing dynamic adjustment to correct uneven heating of a semiconductor crystal.",2,32,0,0.0,23,ok
2015,9166693,6,summary,"Search for prior art on controlling a controller that upon an external reset completes pending I2C transactions, deactivates an optical transceiver, and then issues an internal reset to a connected circuit while ensuring bus integrity.",3,35,0,0.0,23,ok
2015,9166693,6,keyword,"search for electronic sensor system controller with I2C interconnect, optical emitter, external reset handling, internal reset sequence, bus completion before reset, optical unit deactivation, microcontroller reset architecture.",1,27,0,0.0,23,ok
2015,9166693,6,function,"Search for a method where an external reset triggers the completion of pending I²C bus transfers, disables an on‑board optical emitter, and then issues an internal reset to a peripheral, ensuring uninterrupted communications during resets in mixed electrical‑optical systems.",1,41,0,0.0,25,ok
2015,8932051,13,summary,"Method for affixing a compliant metallic overdenture to cattle with worn incisors, employing drilled anchorage screws, surgical wire restraint, a support plate, adhesive bonding, and transverse retention pins for secure placement.",1,31,0,0.0,22,ok
2015,8932051,13,keyword,"cattle dental prosthesis mounting method involving drilling incisor holes, inserting self‑tapping metallic fasteners, tying teeth with wire, attaching a perforated support member, applying a bonding agent, placing a malleable metal overdenture with through holes, and inserting transverse retention pins.",3,40,0,0.0,32,ok
2015,8932051,13,function,"cattle incisor prosthesis mounting method using drilled anchoring pins, surgical wire bonding, support plate, adhesive-coated malleable metal overdenture with transverse retention pins and flaps for secure immobilization of worn incisors.",1,31,0,0.0,25,ok
2015,9041422,10,summary,"Search for integrated circuit designs with multiple on‑chip parameter sensors linked by a controller that cross‑validates calibration using supervisory monitors measuring distinct parameters, flagging calibration as invalid when supervisory data falls outside specified limits.",1,36,0,0.0,26,ok
2015,9041422,10,keyword,"Search for semiconductor chip circuits integrating multiple on‑chip monitoring sensors that evaluate process or operating parameters, with a supervisory sensor controlling calibration of a secondary sensor; where the calibration is invalidated if the supervisory measurement deviates beyond a set deviation or measures a different parameter.",1,46,0,0.0,28,ok
2015,9041422,10,function,"Searching patents for integrated systems using multiple in‑chip diagnostic sensors, where a control unit receives sensor data and triggers recalibration of other sensors, marking calibrations invalid if a supervising sensor reports out‑of‑spec on a different parameter.",2,39,0,0.0,26,ok
2015,9008174,2,summary,"Develop methods and hardware for video encoding/decoding that correct brightness differences in predicted frames when using cross‑region intra‑frame prediction, employing linear‑regression‑derived illumination models passed implicitly between encoder and decoder.",2,34,0,0.0,26,ok
2015,9008174,2,keyword,"Search for video encoding techniques that perform light level correction on motion-intra predictions derived from non-adjacent decoded blocks, employing linear regression to compute a luminance–chrominance adjustment model and transmitting the parameters to the decoder.",2,37,0,0.0,25,ok
2015,9008174,2,function,"Search for image compression methods that adjust color and brightness of motionless prediction data derived from non‑local blocks in a current frame, applying a statistical model to align luminance‑chrominance of predicted blocks with decoded regions, and signaling model parameters to the decoder.",2,44,0,0.0,28,ok
2015,8948320,4,summary,Searching for algorithms that estimate frame boundaries and carrier offsets in continuous‑phase modulation signals by cross‑correlating repeated preamble patterns and using phase‑slope methods to lock symbol timing and detect payload start.,1,34,0,0.0,24,ok
2015,8948320,4,keyword,"Search for prior art on algorithms for frame and symbol synchronization using known preambles with repeated base patterns under continuous‑phase constant‑amplitude modulation, involving cross‑correlation maximization over shift indices, CFO estimation via magnitude spectra, and payload onset detection.",1,40,0,0.0,32,ok
2015,8948320,4,function,"Search for methods that locate the beginning of a transmitted data packet using a repeated preamble, estimate carrier frequency offset by correlating magnitude spectra, compute phase slope for fine CFO, then extract payload start by demodulating the aligned samples.",3,39,1,0.037037037037037035,27,failed_constraints
2015,9195134,9,summary,"Search for integrated circuit lithography methods that insert sub‑resolution assist shapes linking orthogonal main trenches, ensuring mask‑rule compliance while improving print fidelity for narrow features in high‑density layouts.",2,31,0,0.0,25,ok
2015,9195134,9,keyword,"Searching for integrated circuit mask designs that employ sub‑resolution assist features to join orthogonal line pairs, enforce fabrication rules, and apply proximity‑effect correction algorithms during layout optimisation and mask rule checking.",3,33,1,0.038461538461538464,26,failed_constraints
2015,9195134,9,function,"Search for methods that receive an integrated circuit layout, insert a sub‑resolution assist feature to split a main line into two orthogonal sections, and then refine the geometry to reduce lithographic proximity errors while ensuring mask compliance rules are met.",2,41,0,0.0,28,ok
2015,8991205,34,summary,"Search for refrigerator door designs that integrate a foam‑filled cavity, an ice‑making unit secured by a support bracket, and a fixed water supply tube, enabling ice dispensing while maintaining the unit’s position during foam injection.",3,38,2,0.07692307692307693,26,failed_constraints
2015,8991205,34,keyword,"Search for refrigerator door designs featuring dual‑layer outer and inner cases separated by foamed insulation, integrated ice‑production module, structural mounting brackets, water supply conduits, and sealing elements that hold the ice module during foaming liquid expansion.",3,38,0,0.0,30,ok
2015,8991205,34,function,"Dual‑sealed door housing with a foaming‑liquid spacer, integrated ice maker next to inner chamber, mounting bracket that fixes the ice module and routes a fixed water supply line, preventing tube relocation during foam injection, and a supporter with an uneven contour for foam flow.",3,46,0,0.0,32,ok
2015,8972988,6,summary,"Search for network‑enabled live migration of virtual machines that remaps storage port access across sites without moving the actual storage data, using a network device to manage coupling info and convert access requests.",1,34,0,0.0,25,ok
2015,8972988,6,keyword,"search for systems or methods enabling live migration of virtual machines across multiple data center sites without moving storage data, using network devices with access processing modules that translate VM access requests via coupling management tables and conversion information between storage ports.",1,42,0,0.0,34,ok
2015,8972988,6,function,"How can a distributed system perform live VM migration between remote sites without copying the related storage, by leveraging network devices that maintain coupling data and redirect I/O requests to the original storage portals?",1,35,0,0.0,24,ok
2015,9183105,6,summary,"How to create a test methodology that flexibly rearranges scan sequences for a target device by evaluating metadata stored in a device model, enabling a control component to update test data distribution in real time based on segment characteristics?",2,39,0,0.0,25,ok
2015,9183105,6,keyword,"Search for prior‑art on dynamic timing adjustment of scan sequences in a target silicon array, where a scheduling engine evaluates a stored logic graph with annotated performance metrics to reorder test vector application via a TAP controller.",3,38,0,0.0,25,ok
2015,9183105,6,function,"Search for systems that dynamically rearrange scan sequences for integrated circuits by interpreting a stored representation, which includes performance modifiers, to generate tailored input data for a test access interface that optimizes verification timing and resource utilization.",2,37,0,0.0,24,ok
2015,9170577,1,summary,Search for integrated circuit pulse generator that uses digital multiplication and division stages with registers to calculate new rise/fall counts for phase adjustment and reduce CPU workloads and memory use.,1,31,0,0.0,21,ok
2015,9170577,1,keyword,"Search for semiconductors with integrated pulse generators using counter-based timing, rise/fall counting, and programmable phase shift via multiplication/division circuits, enabling phase delay/advance by precise count adjustments in a cycle register.",2,34,0,0.0,26,ok
2015,9170577,1,function,"digital pulse timing adjustment using lightweight arithmetic circuits that compute phase shift without heavy CPU processing, reducing memory requirements for phase registers, enabling real‑time programmable delay/advance of pulse edges in PWM or clock generation systems.",1,37,0,0.0,30,ok
2015,9071493,4,summary,"Search for methods that split a carrier‑frequency offset estimate between a radio‑frequency synthesizer and a digital phase shifter, while simultaneously adjusting a resampler to correct sampling timing errors in a wireless receiver.",2,34,0,0.0,22,ok
2015,9071493,4,keyword,"Wireless receiver frequency offset correction by estimating carrier‑LO difference, applying part to an RF PLL and part to a digital phase‑shift element, simultaneously configuring a sample‑rate adjustment block, all in a mobile device architecture.",2,37,0,0.0,26,ok
2015,9071493,4,function,"Find prior art describing a wireless receiver that estimates carrier‑to‑local oscillator frequency offset, partitions the correction between an RF oscillator tuning loop and a digital phase shift unit, and reconfigures its sampling module using the residual offset simultaneously.",2,40,0,0.0,28,ok
2015,9048442,17,summary,"Search for hybrid organic–metal compositions where density‑functional calculations show the difference between the lowest unoccupied molecular orbital energies of the metal complex and the organic ligand is less than 0.40 eV, employing B3LYP with LANL2DZ/6‑31G* bases.",3,41,5,0.18518518518518517,27,failed_constraints
2015,9048442,17,keyword,"Search for heteroleptic metal–organic complexes with M=Ru, Rh, Pd, Ir, Pt featuring octahedral coordination and ligands R1–R8 substituted with alkyl, aryl, or heteroaryl groups, where TDDFT B3LYP calculations show ΔLUMO energy difference <0.4 eV between metal center and attached donor, using LANL2DZ/6‑31G* basis set.",2,50,0,0.0,37,ok
2015,9048442,17,function,"Search for transition‑metal organometallic hybrids with computed LUMO energy gaps below 0.4 eV, enabling efficient charge transfer in catalysis or photovoltaics, using B3LYP/DNA with LANL2DZ and 6‑31g* methods.",2,32,0,0.0,21,ok
2015,9032914,27,summary,"Integrated water‑cooling system for a supercharged engine intake manifold using a downstream surge chamber, branch passages, and port‑level cooling loops to lower intake air and recirculated EGR temperatures, enhancing thermal efficiency.",1,33,0,0.0,25,ok
2015,9032914,27,keyword,"Search for design of a water‑cooled intake manifold with a downstream surge chamber, branching passages, a front cooling section for supercharged air, individual port modules for EGR cooling, interconnected tube networks, and opposed wall construction to optimize coolant thermal exchange.",2,41,0,0.0,29,ok
2015,9032914,27,function,"Engine intake system with a downstream reservoir behind a turbocharger, using water‑cooled chambers to chill high‑pressure air before port distribution, and separate cooling units in each intake port to reduce temperature of recirculated exhaust gas.",2,37,0,0.0,27,ok
2015,9052651,9,summary,"Search for a fusing apparatus featuring a rotating heat belt, a dedicated nib‑forming contact, end‑guide units, and a central ribbed guide with ribs perpendicular to belt rotation to improve contact, heat transfer and rapid temperature rise in electrophotographic printers.",1,41,0,0.0,28,ok
2015,9052651,9,keyword,"Electrophotographic fusing system featuring a heated rotating belt, nib‑forming roller against the belt’s inner surface, end guide rollers, and a central ribbed guide perpendicular to rotation to secure belt alignment and enable rapid temperature rise.",1,37,0,0.0,27,ok
2015,9052651,9,function,"Search for patent documents describing a fusing apparatus that uses a heating belt guided by axial ribbed rollers, a nib-forming contact that creates a nib at the belt‑pressing interface, enabling rapid thermal rise and precise toner fusion in electrophotographic printers.",1,42,0,0.0,28,ok
2015,9196679,8,summary,"A GaN‑based vertical diode comprising an n‑type base, stacked p‑type pillars, a covering n‑type layer, and a Schottky metal whose lateral edge aligns with a pillar boundary to provide contact to both buried p‑type and surface n‑type layers, thereby reducing series resistance.",1,48,0,0.0,31,ok
2015,9196679,8,keyword,"Search for manufacturing steps of GaN‑based lateral Schottky diodes employing n‑type GaN substrate, followed by successive n‑ and p‑type epitaxial layers, selective etching to create p‑type mesas, overgrowth of n‑type passivation, and metal contacts coincident with mesa edges.",3,43,1,0.03571428571428571,28,failed_constraints
2015,9196679,8,function,"Search for semiconductor device fabrication processes including n‑type GaN substrates, multilayer epitaxial growth, selective etching of p‑type layers, and lateral metal contacts coinciding with device edge, enabling GaN diode or transistor structures with integrated Schottky barriers.",3,38,0,0.0,28,ok
2015,8928803,2,summary,"Search for a solid‑state imaging device that mounts a sensor on a front PCB surface, uses a two‑region sealing resin and translucent cover, and places a back‑side interconnect only inside the sensor’s edge region, optimizing electrical routing and mechanical stiffness ratios.",1,45,0,0.0,30,ok
2015,8928803,2,keyword,"Search for camera sensor assemblies featuring a PCB with dual‑sided terminals, an imaging semiconductor mounted on one surface, a two‑layer sealing resin with distinct modulus values, and a translucent cover, where the rear terminal is only in the inner sensor region and satisfies prescribed thickness‑modulus constraints.",2,49,0,0.0,32,ok
2015,8928803,2,function,"Search for imaging sensor modules where back‑side PCB traces terminate only inside the sensor pixel area, with a hard/soft resin dual‑layer encapsulation, and a translucent cover whose thickness and bending modulus satisfy tp*3Ep < tt*3Et for optical‑mechanical integration.",1,43,0,0.0,32,ok
2015,9112207,1,summary,Search for battery holder design with sliding barrier panels engaging frame grooves to enable stacked arrangement and directional alignment of multiple cells.,1,22,0,0.0,15,ok
2015,9112207,1,keyword,"Search for battery housing systems where a frame with opposed side panels contains longitudinal guide channels, and sliding barriers with peripheral protrusions fit into those channels to allow axial movement, with interleaved dividing partitions mounting cells in alternate rows.",2,39,0,0.0,27,ok
2015,9112207,1,function,"Search for battery housings featuring a frame with side plates that contain parallel guide grooves, where modular barriers fitted with protrusions slide lengthwise along those grooves to stack batteries in alternating layers, each barrier linked by split panels for efficient parallel access.",1,42,0,0.0,30,ok
2015,8984045,7,summary,"Search for methods that use personal identifiers to calculate an affinity score between a prospective candidate and an organization, evaluating relationships such as known employees or shared education, then selecting candidates above a threshold to improve recruitment efficiency.",1,38,0,0.0,25,ok
2015,8984045,7,keyword,"Search for methods that identify candidate pools for firms by collecting a unique identifier, retrieving or generating a social profile, computing an affinity score from staff acquaintances or shared alumni ties, and adding applicants to a potential candidates list when the score surpasses a preset threshold.",2,46,0,0.0,28,ok
2015,8984045,7,function,"search for systems that compute candidate affinity scores by linking a person's identifier to pre‑existing profiles, counting organizational employees with social or educational ties, and automatically adding those exceeding a threshold to a prospective talent pool.",1,38,0,0.0,24,ok
2015,9093175,6,summary,"How can a memory array precharge its bitlines and use a multiplexer‑controlled sense node to bias the read voltage symmetrically around a reference switching point, thereby balancing charge‑induced voltage shifts for two polarities in a single‑ended amplifier?",2,40,0,0.0,28,ok
2015,9093175,6,keyword,"Search patents describing dynamic RAM read circuits that precharge two bitlines to distinct voltages, use a CMOS multiplexer to route cell output to a single‑rail sense amplifier, employ an inverter pair with a read‑enable transistor driven from a third voltage, and center signal levels around the inverter’s switching threshold.",3,52,1,0.027777777777777776,36,failed_constraints
2015,9093175,6,function,"search for technologies that use a multiplexer‑driven single‑ended sensing element with adjustable bitline voltage to center readout signals around a reference switch point, employing a precharged bitline and complementary CMOS transistors for margin centering in DRAM arrays.",2,39,0,0.0,27,ok
2015,9214844,1,summary,"Crimped split annulus motor housing: shaping a metal sheet into a split tube with deformable ends, inserting the motor, then welding the edges to create a tightened housing that clamps the motor to its stator, forming a unified support structure.",1,40,0,0.0,25,ok
2015,9214844,1,keyword,"Search for patent literature on methods securing electric motor housings by forming a deformable metal ring around a motor assembly, using a longitudinal slit in a tubular shell, elastic manipulation of edge portions, and welding to join the housing and motor stator.",2,42,0,0.0,27,ok
2015,9214844,1,function,"Search for techniques that form a split annular metal housing by incrementally rolling and elastically deforming its ends to fit a motor assembly, then securing the motor by welding the ends together and optionally to the stator.",1,37,0,0.0,21,ok
2015,8985509,27,summary,"Search for an aircraft engine mounting assembly that employs a customized beam with axial and radial fastener openings, a radial flange, and distinct linkages for each engine attachment point to achieve optimal load distribution.",2,34,0,0.0,22,ok
2015,8985509,27,keyword,"look up turbine engine mounting assemblies featuring an axial fitting beam with a radial flange, distinct radial and axial fastener holes, and separate linkages for a central engine attachment surrounded by peripheral attachments on a pylon.",1,36,0,0.0,24,ok
2015,8985509,27,function,"Search for turbine engine mounting assemblies that use a beam with an axial fitting and a radial flange, featuring apertures for bolts that attach to both ends of a pylon, and linkages connecting the beam ends to multiple engine mounts.",3,40,0,0.0,23,ok
2015,8970057,1,summary,"Wind turbine system with DC‑to‑AC converter monitors grid line voltage, and when the voltage rises above a set threshold, injects calculated reactive current to keep the converter’s output within a specified voltage band.",2,36,0,0.0,24,ok
2015,8970057,1,keyword,Search for patents describing wind turbines with DC‑to‑AC converters that monitor grid line voltage exceeding a predefined threshold and compensate by injecting reactive power to maintain converter output voltage within acceptable limits.,3,34,2,0.08333333333333333,24,failed_constraints
2015,8970057,1,function,"Search for methods that regulate DC‑AC converter output voltage by measuring grid line voltage, using reactive power compensation when voltage exceeds a threshold to maintain converter output within a specified range.",2,32,0,0.0,23,ok
2015,9099504,21,summary,"Device for applying etchant to wafer surface where a moving nozzle with two flexible sheets on opposite sides spreads and simultaneously removes liquid to achieve uniform coverage, addressing uneven etch application and residual rinse films on semiconductor wafers.",1,38,0,0.0,26,ok
2015,9099504,21,keyword,"Search for substrate cleaning equipment featuring a movable spray head delivering etchant to the top surface, with a pair of bow‑shaped flexible membranes mounted on the head that contact opposite sides of the substrate to distribute and remove the liquid efficiently.",2,42,0,0.0,25,ok
2015,9099504,21,function,"Search prior art for substrate processing device that holds a substrate, moves a spray head that releases etching fluid, and uses two flexible panels pivotally contacting the substrate on opposite sides to evenly spread and remove liquid while moving.",2,39,0,0.0,27,ok
2015,9041375,1,summary,"Search for controllers that select between multiple configuration signal sets for a switching supply, using a selector coupled through a precision forwarding stage that generates refined enable and abort signals for the converter's switch operation.",2,36,0,0.0,23,ok
2015,9041375,1,keyword,"Search for prior art of a power conversion controller using two independent logic blocks each outputting enable and reset signals, a selector network selecting one set, a control signal generator, and a high‑resolution timing path refining the signals for converter switching.",2,42,0,0.0,30,ok
2015,9041375,1,function,"Control circuitry enabling a regulated power converter to select between two operational modes, generating a high‑precision switching waveform from set and clear signals, enabling precise duty‑cycle adjustment and reduced ripple in a variable‑output DC–DC stage.",2,39,0,0.0,29,ok
2015,8995829,3,summary,A method that dynamically discovers neighboring network devices and exchanges power level data over Layer‑2 or Layer‑3 protocols to compute fiber link attenuation between transceiver interfaces.,2,28,0,0.0,19,ok
2015,8995829,3,keyword,"Optical link loss measurement via dynamic neighbor discovery between optical transceiver interfaces, exchanging local and remote optical power metrics using a point‑to‑point Layer‑2/3 control protocol, then computing loss based on received Layer‑1 parameters.",3,38,1,0.034482758620689655,29,failed_constraints
2015,8995829,3,function,How can a network interface determine loss on an optical link by exchanging local Layer‑1 light‑level measurements with a discovered peer through a dynamic L2/L3 protocol during runtime?,2,31,0,0.0,21,ok
2015,9107947,16,summary,"Searching for selenium-based COX‑2 inhibitor anticancer agents, especially selenocoxib‑1‑glutathione, and associated pharmaceutical compositions that use the selenium moiety to inhibit COX‑2 activity for tumor treatment.",1,30,0,0.0,19,ok
2015,9107947,16,keyword,"Selenium‑substituted COX‑2 inhibitor, specifically selenocoxib‑1‑glutathione conjugate, in compound form, pharmaceutical composition with excipients, delivery for oncology treatment, anticancer pharmacology, non‑steroidal anti‑inflammatory agents, glutathione adducts.",1,30,0,0.0,23,ok
2015,9107947,16,function,"Search for prior art on therapeutic selenium‑based COX‑2 inhibitors, specifically selenocoxib‑1‑glutathione formulations for cancer treatment, focusing on pharmaceutical compositions with drug carriers and methods of administration to reduce tumor growth.",3,34,0,0.0,22,ok
2015,8971967,6,summary,"Search for handheld mobile devices that integrate a touch‑screen and an add‑on interface capable of routing the UI to an external high‑resolution display, switching between single versus dual display output modes controlled by the device’s processor to separate input and output conveniently.",1,46,0,0.0,29,ok
2015,8971967,6,keyword,"Search for a mobile computing unit that integrates a touch panel and an external display interface, offering dual control modes that route rendering data to the internal screen or an external output and relay touch input from either surface back to the central processor.",2,44,0,0.0,27,ok
2015,8971967,6,function,"Search for mobile devices with touch panels that can switch between internal and external visual display modes, using a control module that routes interface signals to either the device screen or an attached external display while managing input gestures.",2,39,0,0.0,27,ok
2015,9153164,2,summary,"Searching for OLED display drivers that monitor temperature differences across multiple regions of a pixel and modify pixel grayscale output when a preset temperature disparity is reached, producing a compensated data set.",1,32,0,0.0,21,ok
2015,9153164,2,keyword,"Search for OLED display inventions that use on‑chip temperature sensors for each subpixel, and when a temperature differential exceeds a preset threshold, automatically remap the drive data’s grayscale to equilibrate local heat output through thermal‑bias compensation.",2,39,0,0.0,26,ok
2015,9153164,2,function,"Identify OLED driving techniques that sense temperature variations across multiple areas within a pixel and modify grayscale levels of image data when temperature differences exceed a threshold, enabling temperature‑balanced display output.",1,32,0,0.0,24,ok
2015,8974411,13,summary,"Search for infusion catheters featuring a tapered diffuser tip that expands the exit opening, reducing fluid velocity and back‑pressure to permit increased flow rates, with a detachable introducer needle for vascular deployment.",2,33,0,0.0,22,ok
2015,8974411,13,keyword,"Search for medical infusion catheter with tapered diffuser element that flares outward to decrease infusion velocity, reducing back‑pressure and enabling higher flow rates; includes detachable introducer needle and variable wall thickness along diffuser length.",3,35,0,0.0,27,ok
2015,8974411,13,function,"An infusion catheter system featuring a tapering diffuser tip that enlarges toward the distal exit, slowing delivered fluid speed, reducing recoil force, and permitting accelerated administration rates through vascular lines.",3,30,0,0.0,23,ok
2015,9035090,23,summary,Process and apparatus that isolate aromatic acid from solvent slurry by directing split streams through multiple rotating pressurized filtration vessels in parallel while sequentially introducing gas in a closed‑loop arrangement.,2,31,0,0.0,22,ok
2015,9035090,23,keyword,"continuous solvent filtration of benzoic acid utilizing spinning pressure filter units, parallel slurry feeds, gas‑driven series filtration in an open‑loop configuration, pressure filtration apparatus for aromatic carboxylate removal from solvent slurry.",2,33,0,0.0,26,ok
2015,9035090,23,function,How can one remove aromatic carboxylic acids from a solvent slurry by using multiple parallel filtration units and successive gas flow to purge the filters?,3,25,1,0.058823529411764705,17,failed_constraints
2015,8942987,6,summary,"Search for systems that use multiple microphones to isolate and time‑segment speaking turns by comparing amplitudes across channels, creating real‑time speech block timelines for each mic, allowing dynamic speaker identification and display.",1,34,0,0.0,25,ok
2015,8942987,6,keyword,"Multiple‑microphone speech diarization system identifying amplitude‑threshold signals, selecting the loudest among overlapping detections, segmenting into channel‑specific speech blocks with intra‑block timing rules, and rendering a real‑time interactive timeline for meeting transcription and participant speaker tracking.",3,40,0,0.0,31,ok
2015,8942987,6,function,"Search for systems that isolate and label individual speakers from overlapping audio channels by threshold‑based signal detection, cluster qualifying sounds into temporal speech blocks, and present synchronized timelines for each microphone in real‑time multi‑speaker conferences.",1,38,0,0.0,27,ok
2015,9224711,8,summary,"Device fabrication method that mounts electronic components onto a substrate, inserts a metallic interlayer between a component and an attached heat dispersing element, fuses them by thermal melting of the metal, then mounts a second component and attaches its cooling element with a polymer adhesive.",2,45,0,0.0,28,ok
2015,9224711,8,keyword,"Search for methods that mount a semiconductor die onto a circuit tray, apply a copper thermal interface material over the die, reflow the metal, then place a second die and bond a resin-based heat spreader to it.",2,38,0,0.0,24,ok
2015,9224711,8,function,"Search for processes that attach multiple semiconductor components to a substrate using a metallic interlayer melted by heating for the first heat sink, then applying a resin‑bonded second heat sink to additional elements, improving thermal management and simplifying assembly.",3,40,2,0.07407407407407407,27,failed_constraints
2015,9064876,8,summary,"How to manufacture a low‑profile multi‑die semiconductor package that uses a recessed substrate, a separate substrate hosting a through‑silicon via, a notch‑cut encapsulation, and stacked dies connected to the via to shorten device height?",1,38,0,0.0,25,ok
2015,9064876,8,keyword,"Search for semiconductor packaging patents describing a recessed substrate with through‑silicon vias, encapsulant notch, die stack mounted inside cavity, interposer, heat sink, and height‑reduction techniques.",1,27,0,0.0,21,ok
2015,9064876,8,function,"search technologies for embedding a via-filled substrate within a cavity of a second substrate, encapsulating with resin, creating a notch to expose the via, attaching a die to the via, and thereby enabling a reduced-height semiconductor module.",1,39,0,0.0,23,ok
2015,9051459,17,summary,"thermoplastic blend incorporating core/shell additives with crosslinked cores composed of acrylic monomers and graft‑linking agents; the additives lower surface gloss below 65° at 75° while preserving specified surface roughness, enabling improved appearance without compromising processability.",3,37,2,0.06666666666666667,30,failed_constraints
2015,9051459,17,keyword,"search for melt‑blended thermoplastic compositions containing core/shell additives with crosslinked (meth)acrylate copolymers (Tg ≥ 10 °C, 50–95 % MMA, 5–50 % ethylacrylate), shell Tg ≥ 60 °C, surface roughness Ra > 0.6 µm, low gloss < 65° at 75°.",3,39,1,0.03571428571428571,28,failed_constraints
2015,9051459,17,function,"Search for thermoplastic blends comprising polymeric additives with glass transition ≥40 °C that reduce surface gloss below 65‑75°, provide surface roughness Ra ≥ 0.6 µm, Rz ≥ 6 µm, Rmax ≥ 7 µm, and include core/shell architectures with crosslinked cores and thermoplastic shells.",2,43,0,0.0,27,ok
2015,8990836,6,summary,"Method of integrating independent software modules by creating a parallel proxy transaction session, retrieving and mapping associated business objects across systems, allowing execution while preserving the original module’s transactional integrity.",1,31,0,0.0,23,ok
2015,8990836,6,keyword,"Search for systems that create a virtual transaction session in one application, retrieve counterpart business entities from a second application, map those entities to the original session, and execute the mapped operations within a secondary synchronized session to integrate services without interrupting the primary workflow.",2,45,0,0.0,30,ok
2015,8990836,6,function,"techniques for integrating disparate enterprise applications by creating a proxy transaction context that establishes a parallel server session, remotely retrieves matching domain objects from a secondary system, assigns them to the original system's objects, and returns control to the main transaction without altering the initial session.",3,47,0,0.0,30,ok
2015,9197613,4,summary,"Search and retrieve encrypted documents while preserving privacy by separately encrypting page fragments and keyword indices with distinct keys, mapping relevant terms to page positions, and comparing dual-result sets to detect server dishonesty during keyword queries.",1,37,0,0.0,28,ok
2015,9197613,4,keyword,"Search for systems that encrypt document segments with separate keys, extract significant and relevant keywords, build per-page encrypted keyword sets, store on a remote server, and allow encrypted keyword queries where the client verifies result completeness to detect server cheating.",1,41,0,0.0,29,ok
2015,9197613,4,function,"Search for prior art on client‑side document partitioning into encrypted pages, multi‑key secure indexing of significant and relevant terms with page references, and server‑side retrieval using dual encrypted keyword queries with result comparison to verify server honesty.",2,40,0,0.0,29,ok
2015,8926802,21,summary,"Search for concrete steel protection systems featuring a sacrificial anode unit combined with a separate electrolyte‑filled viscous filler, where the unit includes a less noble metal, an activator, a spacer to keep it from cavity walls, and a connector facilitating shelf‑life packaging.",1,44,0,0.0,28,ok
2015,8926802,21,keyword,"Search for prior art on sacrificial anode assemblies with non‑noble metal elements, electrolyte‑containing viscous backfill, spacer coupling mechanisms, and oxygen‑free packaging to protect internal steel in concrete anode cavities such as cored, drilled, or cut chases.",2,39,0,0.0,29,ok
2015,8926802,21,function,"Search for prior art on a sacrificial corrosion‑protection system for concrete cavities, comprising a low‑nobility metal element, an activator, a spacer that prevents contact with cavity walls, a coupling mechanism, and a pliable electrolyte backfill that embeds the assembly.",3,41,2,0.08,25,failed_constraints
2015,8982412,2,summary,"How can a system analyze color reproduction workflows by statistically modeling each process’s variability, aggregating random errors from multiple steps, and generate likely output colors, while automatically adjusting out‑of‑gamut hues using a database of vector adjustments to map them back inside the gamut?",3,46,0,0.0,33,ok
2015,8982412,2,keyword,"Search patents describing statistical error propagation in color reproduction pipelines that utilize probability distribution modeling of color rendering stages, simulate multiple possible output hues based on modeled variability, and employ vector‑based artistic adjustment databases for gamut‑mapping and color correction.",2,41,0,0.0,32,ok
2015,8982412,2,function,"Method for assessing color reproduction workflows by statistically modeling each stage, calculating combined error probabilities, and mapping out-of-gamut colors using adjustment vectors stored in a database to predict realistic output variations.",3,33,2,0.08333333333333333,24,failed_constraints
2015,9087588,6,summary,Search for a programmable memory cell that uses a dual-anti-fuse transistor and series-connected diodes to store and access two separate binary states.,2,25,0,0.0,16,ok
2015,9087588,6,keyword,"Search for two-bit programmable nonvolatile memory cells using a transistor‑as‑anti‑fuse with series‑connected source and drain diodes, metallic source and drain contacts, oxide insulating layers between source/drain and gate, and substrate back‑gate coupling.",3,39,1,0.034482758620689655,29,failed_constraints
2015,9087588,6,function,"Programmable memory cell employing a transistor with dual anti‑fuse oxide layers and serially connected source and drain diodes for accessing both anti‑fuses, enabling independent binary state retention for each side.",3,32,0,0.0,24,ok
2015,9033405,32,summary,Vehicle body panel reinforcement through embossed geometry that merges a central round section with peripheral radial ribs forming a single flat surface and projecting from one side to the other.,3,30,2,0.1,20,failed_constraints
2015,9033405,32,keyword,"Keyhole‑shaped automotive body panel reinforcement using continuous flat surfaces comprising circular and radially outward elongated embossments forming a protrusion across panel thickness, with rearward‑most curved segment of the circular portion for structural support.",1,35,0,0.0,27,ok
2015,9033405,32,function,"Search for vehicle body reinforcement structures featuring a keyhole-shaped raised area formed by a circular core and outward-extending rib, creating a continuous planar surface that projects through the panel thickness to improve rigidity and weight distribution.",3,38,0,0.0,26,ok
2015,8945494,19,summary,"Microwave-assisted synthesis of calcium sulfide nanoclusters from calcium acetate dissolved in dimethyl sulfoxide, employing intermittent heating cycles to control particle size and yield.",1,24,0,0.0,17,ok
2015,8945494,19,keyword,"Search for patents describing the creation of calcium sulfide nanoparticles using calcium acetate dissolved in dimethyl sulfoxide, with microwave‑assisted intermittent heating for controlled synthesis.",1,25,0,0.0,17,ok
2015,8945494,19,function,"Exploring microwave-driven, time-controlled heating of a calcium acetate in dimethyl sulfoxide solution to yield nanoscale calcium sulfide crystals, focusing on intermittent energy pulses, precise dwell times, and scalable production of calcium sulfide nanoparticles for advanced electronic or biomedical applications.",2,41,0,0.0,30,ok
2015,8946560,1,summary,"Search for electric conductors employing an aluminum core, a copper cladding, and a thin ferromagnetic shield layer to suppress external magnetic interference, with defined thickness, diameter, core area ratio, permeability, and operating frequency ranges.",1,34,0,0.0,24,ok
2015,8946560,1,keyword,"Search for insulated low‑diameter electric wire featuring an aluminum core, copper cladding, and an ultra‑thin ferromagnetic shield (~0.04–14 µm) whose permeability ranges 5–10 000 and operates from a few hundred hertz to several megahertz, suitable for transformers or motor windings.",3,45,0,0.0,30,ok
2015,8946560,1,function,"Search for power‑transmission wires featuring an aluminum core with copper cladding shielded by a thin ferromagnetic skin, where the core occupies most of the cross‑section, the magnetic layer has high permeability and thickness between 0.04‑14 µm, operating across a wide frequency band for reduced electromagnetic interference.",3,50,0,0.0,32,ok
2015,9127736,31,summary,"Search for devices that use a movable component powered by a drive and recover kinetic energy by compressing a gas chamber, sealed via an oil‑filled annular space and a gas seal between the oil gap and the gas volume.",2,40,0,0.0,24,ok
2015,9127736,31,keyword,"Search for hydraulic mechanisms where a pistonic element is driven by a motor, includes a gas‑filled recuperation chamber with an annular oil‑filled clearance and a gas‑seal between the chamber and the clearance.",2,35,0,0.0,19,ok
2015,9127736,31,function,"Search for a mechanical system that captures kinetic energy from a moving component using a gas-filled chamber with an oil-filled annular seal, featuring a gas seal between the annular oil space and chamber, to enable efficient energy reclamation.",2,40,0,0.0,26,ok
2015,9223972,4,summary,"Lightweight, processor‑based system for real‑time malware detection and analysis, where modular detection engines can have their rules and behavior dynamically reconfigured through small, externally supplied configuration files, enabling on‑the‑fly adjustment of security policies.",1,37,0,0.0,26,ok
2015,9223972,4,keyword,"processor‑memory architecture with software detection modules dynamically reconfigurable by tiny configuration files that modify rule sets for network traffic analysis, including virtual machine sandboxing for behavioral monitoring of suspected exploit.",1,31,0,0.0,23,ok
2015,9223972,4,function,"Search for systems with a processor and memory containing configurable detection software modules that analyze incoming network objects for malicious behavior, whose rule sets can be altered by a small configuration file, enabling real‑time updates, including virtualized execution for behavioral analysis.",1,42,0,0.0,30,ok
2015,9084105,4,summary,"Search for systems that reduce cellular traffic by having one nearby device retrieve a requested data item from a server once and then redistribute it to other users via local wireless links, employing proximity or social relevance filters and cache invalidation rules.",3,42,0,0.0,29,ok
2015,9084105,4,keyword,"mobile devices sharing a single content poll over cellular LTE 4G, caching response for subsequent users, Wi‑Fi/Bluetooth/NFC transfer, spatial and social proximity criteria, local proxy cache invalidation.",1,30,0,0.0,25,ok
2015,9084105,4,function,"Identify when distinct users’ phones request the same content over a cellular network, issue one poll to the source, and forward the retrieved data to nearby devices via Wi‑Fi or Bluetooth, caching it locally and invalidating the cache when proximity or relevance criteria change.",3,45,2,0.06896551724137931,29,failed_constraints
2015,9177440,12,summary,"Search for systems that analyze a player's past gaming activity to identify predicted termination triggers, then offer adaptive incentives displayed on the device to postpone session end, with dynamic adjustment based on effectiveness of earlier rewards.",1,37,0,0.0,24,ok
2015,9177440,12,keyword,"Electronic gaming apparatus employing predictive analytics of prior session records to infer termination triggers and supply dynamic incentives that encourage continued play, integrating acceptor, validator, credit management, wagering controls, display output, and incentive tuning.",1,34,0,0.0,27,ok
2015,9177440,12,function,"gaming system that monitors prior session data, detects termination triggers, offers incentives after a set number of triggers, and tailors incentive type based on past effectiveness to encourage players to extend their gaming session.",1,34,0,0.0,24,ok
2015,9144763,23,summary,"Search for a filtration system with a housing that separates incoming dirty flow from a clean outlet, using a cartridge whose barrier splits an internal clean volume from an external dirty chamber and a sliding, latch‑attached liner near the outlet that collects trapped particulate.",1,45,0,0.0,28,ok
2015,9144763,23,keyword,"housing with untreated inlet and clean outlet, filter insert attaching to outlet, two parallel base discs joined by perpendicular wall, opening to outlet with flange plate; detachable lining or drawer positioned at outlet end, forming dust collection chamber for filter dust, slidable into guide slots and latched by flange",3,49,2,0.05714285714285714,35,failed_constraints
2015,9144763,23,function,"Search for filter assemblies that separate clean and dirty chambers using a removable liner or drawer positioned at the outlet, forming a collection zone for particulate captured by the filter walls, within a housing having separate inlet and outlet ports.",1,40,0,0.0,25,ok
2015,9169552,21,summary,"Search for low‑temperature (≤500 °C) single‑step gas‑phase chemical deposition of ceramic/organoceramic coatings on metal substrates using fully back‑mixed reactors, where precursor residence time is matched to the rate‑determining reaction to yield 10–2000 nm/h growth.",3,42,2,0.06666666666666667,30,failed_constraints
2015,9169552,21,keyword,"Search for vapor‑phase, sub‑500 °C chemical deposition recipes forming ceramic or organoceramic coatings on metal or semi‑metal surfaces, using tetraethyl orthosilicate, an organic acid, and moisture in a fully back‑mixed gas stream with residence time matched to the rate‑determining step, 10–2000 nm h⁻¹.",3,50,3,0.08823529411764706,34,failed_constraints
2015,9169552,21,function,"Search for chemical vapor deposition processes that apply silicon‑based ceramic or organoceramic coatings to metal or metal‑compound surfaces at ≤500 °C and ≤1 atm, using a back‑mixed gas stream and residence‑time control to achieve rapid film growth rates.",2,42,0,0.0,28,ok
2015,9181543,15,summary,"Search for engineered, soluble RNA‑binding modules derived from Pyrobaculum aerophilum proteins, with multiple amino‑acid substitutions in beta‑strand and loop regions that alter binding specificity and yield new interaction partners, as created by random mutagenesis library screening.",2,39,0,0.0,28,ok
2015,9181543,15,keyword,"Search patents for engineered β‑strand and loop‑region mutants derived from Pyrobaculum aerophilum aspartyl‑tRNA synthetase or IF‑5A that provide soluble, selective recognition of alternate nucleic acid or protein ligands, generated by random mutagenesis and displayed for high‑affinity screening.",2,42,0,0.0,28,ok
2015,9181543,15,function,"Search for engineered OB‑fold protein domains with altered amino acids in beta strands and loop regions that confer new binding specificities, methods to generate combinatorial libraries via randomized mutagenesis, and selection strategies for soluble variants enriched for novel partner interactions.",1,41,0,0.0,30,ok
2015,9157075,15,summary,"Search for prior art on engineered microbial expression systems that produce recombinant cellobiohydrolase polypeptides with ≥92% identity to SEQ ID NO:2 residues 19‑455, using heterologous promoter sequences, nucleic acid constructs, and methods for harvesting the active enzyme.",3,39,2,0.07142857142857142,28,failed_constraints
2015,9157075,15,keyword,cellobiohydrolase polypeptide 92% amino acid identity 19‑455 encoded by heterologous promoter vector expressed in recombinant host for production and purification from host culture,2,24,0,0.0,17,ok
2015,9157075,15,function,"Search for engineered cellulolytic enzymes, specifically cellobiohydrolase polypeptides encoded by synthetic nucleic acids in expression vectors, heterologous host cell transformations, and methods for cultivating recombinant cells to produce these catalytic proteins.",3,31,0,0.0,23,ok
2015,9086458,10,summary,"Search for techniques establishing a scan path that couples a shared clock to multiple flip‑flops, uses a conditioned enable to allow data launch, and connects a separate enable to each Q‑output that bypasses intermediate logic for efficient shift testing.",2,41,0,0.0,26,ok
2015,9086458,10,keyword,"Search for methods of implementing a Q‑gating architecture for off‑shift launch scanning on multiple flip‑flops, using a shared clock, a gated scan control, and routing a dominant enable directly to Q gates while bypassing intermediate combinational logic.",2,40,0,0.0,26,ok
2015,9086458,10,function,"search for an architecture that supports scan testing of multiple flip‑flops with a shared clock, individual scan enable, and a scan control applied directly to each Q gate to bypass combinational logic between sequential elements for post‑latch launch sequencing",2,41,0,0.0,27,ok
2015,9170956,6,summary,"Hardware‑based memory guard reads virtual CPU or task identifiers, maps safety tiers, and grants or denies bus‑slave access—distinguishing virtual IDs from the underlying physical CPU IDs while enforcing protection.",1,32,0,0.0,25,ok
2015,9170956,6,keyword,"Search for memory protection units that use hardware logic to evaluate bus master transactions directed at bus slaves, employing a virtual processor identifier to signal safety levels and decide access, with the identifier differing from the physical CPU's identity.",3,40,1,0.038461538461538464,26,failed_constraints
2015,9170956,6,function,"The system evaluates requests from a virtual processor, uses its distinct ID indicating safety level, and conditionally allows or blocks bus communications to peripherals on a shared physical core.",3,29,2,0.1111111111111111,18,failed_constraints
2015,8949327,7,summary,"Search for methods that recommend website ratings to a user by selecting ratings from raters belonging to shared groups with the user, weighting by proximity, trust, category preferences, and group rating density, while limiting influences from distant raters.",1,38,0,0.0,24,ok
2015,8949327,7,keyword,"search for group‑based rating retrieval systems that weight recommendations by trust level derived from user‑group overlap, utilizing degree of connection to determine trust radius, and applying maximum degree constraints in collaborative filtering engines.",1,35,0,0.0,25,ok
2015,8949327,7,function,"Search for systems that recommend websites to a user by retrieving category‑specific ratings from raters who share group memberships with the user, applying trust‑weighted scores based on relational distance, user group ratings, and rating volume.",2,37,0,0.0,24,ok
2015,9027367,28,summary,"Knitted sleeve material featuring hook‐like connections on one edge and looped attachments on the opposite edge; the interlocking connectors form a seamless, self‑fastening tubular wrap without additional closures.",1,30,0,0.0,22,ok
2015,9027367,28,keyword,"Search for knitted single-layer garment sleeve fabric with opposing edge connectors: warp and weft yarn construction, external hooked tape on one side, raised looped edge on the opposite, interlocking hooks and loops to form tubular wrap.",3,37,2,0.07407407407407407,27,failed_constraints
2015,9027367,28,function,"Knitted garment fabric featuring hooking and loop fastening at opposing sides, where a woven tape with hooks attaches to one edge and raised loops on the other, allowing the material to form a seamless tubular sleeve for adjustable wrist coverage.",2,40,0,0.0,25,ok
2015,9163138,17,summary,"search for hybrid resin systems where a chlorinated or brominated thermoset is blended with trace quantities of polyvinyl alcohol of moderate molecular weight, low‑molecular‑weight multifunctional polyols, and zinc salts or oxides to improve adhesion and flame retardancy.",2,39,0,0.0,25,ok
2015,9163138,17,keyword,"Search for polymer blends of halogen‑rich acrylates incorporating 0.01–2.5 % polyvinyl alcohol (saponification 60–99 % and Mw‑average degree 100–1000), 0.01–2.5 % polyols (Mw ≤2000, ≥10 % OH), and 0.01–5 % zinc salts or oxides.",3,41,0,0.0,26,ok
2015,9163138,17,function,"search for halogenated resin blends containing 0.01–2.5 wt % polyvinyl alcohol (60–99.9 % saponification, Mw 100–1000), 0.01–2.5 wt % low‑molecular‑weight polyol (≤2000 Da, ≥10 % hydroxyl), and 0.01–5 wt % zinc salt/oxide, aimed at enhancing film properties or flame retardancy.",1,49,0,0.0,34,ok
2015,9177671,6,summary,"A memory circuit that enhances detection of weak storage cells by using a selectable capacitance load at the sense amplifier input, allowing per‑cell or per‑test load adjustment to improve read margin during sensing of data cells.",1,38,0,0.0,26,ok
2015,9177671,6,keyword,"Search for nonvolatile memory cells with dynamically selectable capacitive loads in sense amplifier input, integrated column multiplexer, differential output encoding, and test signal controlled load circuit for weak cell detection in sub‑array architectures.",1,34,0,0.0,26,ok
2015,9177671,6,function,"Search for memory systems that enable detection of weak data storage cells by using a selectable column selector, sense amplification with adjustable gain, and a controllable capacitive load circuit to tune sensitivity during read operations.",3,35,3,0.125,24,failed_constraints
2015,9085908,35,summary,"Search for a vertical siding fastening assembly that uses a strip perpendicular to panels, with spaced, flexible braces that swing to hold panel edges, enabling quick, secure, and screw‑free attachment.",1,31,0,0.0,20,ok
2015,9085908,35,keyword,"fastening strip with spaced braces featuring flexible and engaging portions, concave/convex surfaces, planar push segment, for attaching vertical siding panels to a surface, installation method using rotational push to secure panel edges into braces.",3,35,1,0.038461538461538464,26,failed_constraints
2015,9085908,35,function,"fastening vertical siding panels with a perforated strip having flexible braces that engage panel edges through concave/convex surfaces, allowing rotational sliding and planar push during installation to secure panels to a surface",1,33,0,0.0,24,ok
2015,9090446,25,summary,"Search for a cabinet‑mounted machine combining a user touch screen, a computer‑controlled valve or pump system that selects from multiple liquid containers, delivers chosen beverages to the user’s cup, and records dispensing amounts for monitoring.",1,38,0,0.0,24,ok
2015,9090446,25,keyword,"Search for countertop beverage dispenser with housing and door, touchscreen interface for image‑based drink selection, multi‑reservoir liquid supply, valve‑actuated dispensing, computer‑controlled dispense timing, and data logging of dispensed volumes.",1,33,0,0.0,25,ok
2015,9090446,25,function,"Search for smart beverage dispensing devices that use a touch‑screen interface to select drinks displayed as images, with a computer‑controlled valve or pump system drawing from multiple drink containers and directing portions onto a user vessel, while logging dispense amounts.",1,42,0,0.0,29,ok
2015,8997075,6,summary,"Search for virtual‑machine dynamic module loading that uses a lightweight “skeleton” engine, tracks class dependencies in a graph with timestamps, maintains an object reference table, and prunes unused classes based on runtime heap activity.",1,35,0,0.0,24,ok
2015,8997075,6,keyword,"Search for inventions on dynamic class loading in a virtual machine that use a skeleton application framework, local storage retrieval, class dependency graphs, object table updates, timestamped directed edges, heap analysis, and automated pruning of unused class nodes.",2,38,0,0.0,28,ok
2015,8997075,6,function,"Search for systems that dynamically load application modules at runtime, detect inter-module dependencies, maintain a graph of module relationships, timestamp dependency edges during object allocation, and prune unused module nodes based on runtime metrics.",2,35,0,0.0,26,ok
2015,9105063,7,summary,"Query for prior art of a system managing a benefit plan that ensures a baseline payoff by recording contributions through multiple independent savings entities, calculating a secured minimum payment schedule via an income processing hub that transforms contribution data into future payout amounts.",2,43,0,0.0,30,ok
2015,9105063,7,keyword,"Systems and methods for a benefit product guaranteeing minimum income via a primary processor recordkeeper communicating with multiple external savings recordkeepers, monitoring transactions, calculating guaranteed income factors, and converting dollar flows to future payout amounts.",3,35,1,0.038461538461538464,26,failed_constraints
2015,9105063,7,function,"systems that compute a guaranteed minimum payout from a benefit plan by tracking contributions via independent savings recordkeepers, using a processing core to monitor deposits, derive a guarantee factor, and calculate future minimum income during the payout phase.",1,38,0,0.0,26,ok
2015,9164542,6,summary,"Mobile device interface that assigns orientation‑based sensory commands to icons, filters available orientations to prevent command interference, and activates functions via motion sensors.",1,24,0,0.0,18,ok
2015,9164542,6,keyword,"Search for prior art on mobile devices with orientation‑sensitive command icons, where a sensor‑derived device orientation disables conflicting command selections via a filtered icon library in the UI.",1,30,0,0.0,20,ok
2015,9164542,6,function,"Search for mobile device interfaces that display command icons linked to device orientation, where an orientation sensor activates commands and an icon library is filtered to exclude conflicting orientations, preventing overlap between operations.",2,33,0,0.0,22,ok
2015,9080406,35,summary,"Search for systems that monitor gases emitted during subsea drilling by collecting drilling mud returns, establishing a stratified flow, and detecting dissolved gas in real-time using underwater sensors linked to surface control.",1,33,0,0.0,24,ok
2015,9080406,35,keyword,"Subsea gas sensor array mounted on drill string integrates a collector chamber to separate drilling fluid, producing stratified flow; a pressure‑regulated conduit delivers the dissolved‑gas phase to the sensor face, enabling real‑time detection of free and dissolved gases during offshore well logging.",2,45,0,0.0,34,ok
2015,9080406,35,function,"Search for prior art on underwater systems that continuously sample and analyze drilling fluid returns for dissolved and free gas in real time, using a stratified discharge conduit and submerged gas sensor integrated with remote seabed survey rigs.",3,38,1,0.038461538461538464,26,failed_constraints
2015,9030000,8,summary,"Search for a semiconductor packaging structure featuring a substrate with die, solder mask, and a molded cap that incorporates chamfered corners and edge extensions to prevent cracking, while internal vias link top traces to bottom contacts.",3,36,0,0.0,24,ok
2015,9030000,8,keyword,"search for prior art on semiconductor packaging that uses a molded cap structure with chamfered or clipped corners and peripheral extensions to reinforce dielectric substrate and reduce crack propagation, including conductive trace layout, solder mask coverage, via interconnects, and die placement.",1,41,0,0.0,29,ok
2015,9030000,8,function,"search for semiconductor packages where a mold cap features chamfered corners with extensions from each corner extending toward but not reaching substrate edges, covering die and traces, designed to mitigate cracking during thermal cycling.",1,34,0,0.0,24,ok
2015,8954339,13,summary,"Search for a patient‑outcome predictive engine that uses expert‑rule software to generate treatment recommendations, incorporates outlier detection of abnormal outcomes or treatment discordance, stores findings in a database, outputs a report, and triggers a revision package to remove rule mis‑codings.",2,43,0,0.0,29,ok
2015,8954339,13,keyword,"Inference engine applying expert‑coded clinical logic, off‑line outlier detection identifying erroneous algorithmic recommendations from patient outcomes, a data repository storing anomalies, a report module summarizing deviations, and an update module patching rule implementations to correct software miscodings.",2,39,0,0.0,31,ok
2015,8954339,13,function,"Search for systems that use rule‑based patient‑care engines to generate treatment recommendations, detect inconsistent cases or outcomes as outliers, log them in a database, produce a diagnostic report, and trigger automated updates to correct rule faults based on the outlier data.",2,43,0,0.0,28,ok
2015,9074178,15,summary,"Search for engineered alkane‑hydroxylating enzymes with specific sequence changes at positions 82, 78, and 328 that enable cellular conversion of hydrocarbons into primary alcohols.",1,25,0,0.0,16,ok
2015,9074178,15,keyword,"Search for alkane‑oxidizing polypeptides with to 50 changes, preserving positions 47, 52, 74, 94, 142, 175, 184, 188, 205, 226, 236, 252, 255, 290, 353, 366, 443; at 82, 78, 328 incorporating residues from glycine, asparagine and glutamine, serine, threonine, tyrosine, cysteine, tyrosine, phenylalanine, tryptophan, histidine, converting alkanes to alcohols.",3,51,22,0.5238095238095238,42,failed_constraints
2015,9074178,15,function,"Search for engineered hydroxylase enzymes that oxidize alkanes to alcohols, including recombinant cell expression systems and novel residue modifications that improve substrate conversion efficiency.",3,24,0,0.0,17,ok
2015,8974430,13,summary,"Search for an absorbent protective garment featuring a chassis with inward‑folded lateral panels, waist‑region stretch elements generating circumferential tension, and a textured activation zone consisting of parallel ridges and troughs overlapping the stretch zones.",3,36,0,0.0,25,ok
2015,8974430,13,keyword,"Search for absorbent hygiene article featuring a chassis made from a web incorporating a water‑tight back layer and side flaps, with a circumferential waist opening, continuous active ridges and valleys overlapping an expandable waist panel and elastic cuff flaps for contractive support.",2,43,0,0.0,29,ok
2015,8974430,13,function,"search for disposable absorbent garment having integrated absorbent core on chassis formed by water‑impermeable film and side panels, including waist region with stretch panel that generates circumferential tension when pulled, plus a textured ridge‑valley area overlapping the stretch panel for enhanced pressure and fluid transfer",3,47,2,0.058823529411764705,34,failed_constraints
2015,9140574,10,summary,"Search for systems providing a central point map overlay with concentric distance rings and directional lines, allowing single‑tap selection of a point to pan map to a specified bearing and radius, or to define ranges or highlight POIs at that distance.",1,42,0,0.0,25,ok
2015,9140574,10,keyword,"Mobile map interface using central reference point with concentric radius circles and directional lines; touch‑based displacement detection calculates distance and direction on screen, updates map tile, supports multiple‑touch range selection, POI overlay and variable circle scaling.",1,38,0,0.0,31,ok
2015,9140574,10,function,"Search technologies where a map interface displays a central reference point with concentric distance rings and direction lines, and user touch on the mark determines a direction and distance to auto‑pan the map or show POIs, with the rings scaled independently of map zoom.",1,45,0,0.0,27,ok
2015,9206305,17,summary,"Developed a biodegradable film material where a polypropylene polymer is blended with polylactic acid and processed by injection molding followed by stretching and biaxial blow molding, yielding a semi‑opaque, high‑haze packaging component with improved impact strength and reduced weight.",2,41,0,0.0,27,ok
2015,9206305,17,keyword,"search for patents on injection stretch‑blow molded articles comprising blends of propylene‑based polymers and polylactic acid with ≥40 % haze, melt‑flow rates 1–50 dkg, and at least 30 % propylene content.",3,33,5,0.21739130434782608,23,failed_constraints
2015,9206305,17,function,"Search for prior art on making polymer blends of propylene and polylactic acid, molded into preforms and then blown into articles exhibiting ≥40 % haze and capable of ≥150 N top load or ≥100 N bumper compression at 23 g, using 30–95 wt % propylene with 5–35 wt % PLA.",2,49,0,0.0,31,ok
2015,9058265,6,summary,"Method for detecting resource failures in a managed environment, choosing corrective actions from rule-derived sets by evaluating impact indicators that rise with impacted tenants or applications across hardware, virtualization, OS, and middleware, and executing the selected action.",1,38,0,0.0,25,ok
2015,9058265,6,keyword,"Incident detection algorithm in cloud‑managed infrastructure, selector of mitigation actions based on rule set, evaluation of impact metrics across hardware, hypervisor, VMs, OS, middleware components, tenant and application propagation impact, priority execution of chosen remediation step.",3,37,0,0.0,29,ok
2015,9058265,6,function,"Search for methods in distributed systems that detect resource failures, use rule‑based action sets, rank possible responses by impact metrics on related hardware, VMs, or applications, and automatically execute the selected resolution to contain cascading outages.",2,37,0,0.0,26,ok
2015,9072806,13,summary,"Hemostatic dressings employing a clotting clay fixed to a substrate with a water‑insoluble polymer binder that immobilizes the clay while allowing rapid absorption of blood, resulting in accelerated coagulation.",2,30,0,0.0,19,ok
2015,9072806,13,keyword,Search for hemostatic wound dressings comprising a porous textile or sponge substrate combined with a kaolin clay component and a high‑G cross‑linked alginate matrix that immobilises the clay during drying and retains it upon exposure to saline or blood.,2,41,0,0.0,25,ok
2015,9072806,13,function,High‑guluronate crosslinked calcium alginate binder anchoring kaolin clay onto gauze produces a wound dressing that absorbs fluid and releases binder‑clay interaction to induce rapid clot formation during surgical bleeding.,3,31,2,0.08,25,failed_constraints
2015,9210772,1,summary,"A control system for series LED strings uses parallel units that redirect current during rectified supply to engage specific LED groups, alternately connecting a storage component to the first or second group for charging and discharging operations.",2,37,0,0.0,25,ok
2015,9210772,1,keyword,"Search for LED series-driver circuits employing parallel electronic switches controlled by rectified supply voltage, with an energy storage device sequentially connected to separate LED groups during charge and discharge phases, enabling rapid and synchronized LED activation.",2,37,0,0.0,28,ok
2015,9210772,1,function,"Search for LED driver circuitry that uses parallel-switching elements triggered by rectified voltage to dynamically connect an energy store alternately in parallel with separate series LED groups during charge and discharge phases, optimizing power distribution and illumination control.",2,39,0,0.0,28,ok
2015,9176079,10,summary,"Search for X‑ray inspection systems that feed pharmaceutical capsules nondeterministically, align them end‑to‑end, use an upstream stop to simultaneously position at least two capsules in the exposure zone, and capture transmitted radiation for image evaluation.",1,38,0,0.0,24,ok
2015,9176079,10,keyword,"X‑ray based inspection system for pharmaceutical capsules comprising an uncontrolled hopper, conveyor arranging capsules end‑to‑end, upstream stop‑ring that separates and aligns at least two capsules, simultaneous placement in the X‑ray beam, and a detector array coupled to image‑processing electronics.",2,45,0,0.0,30,ok
2015,9176079,10,function,"Search for a system that transports pharmaceutical capsules in a row, uses a preceding stop to split and concurrently expose at least two capsules to X‑ray radiation, capturing transmitted image data for product inspection.",1,35,0,0.0,21,ok
2015,9042508,2,summary,"Dual‑edge counter latching scheme with a second‑stage latch and an LSB flip‑flop performing on‑the‑fly addition or subtraction corrections between consecutive counts, enabling high‑precision ADC conversion in imaging sensors.",2,34,0,0.0,24,ok
2015,9042508,2,keyword,"Search for dual‑edge triggered counter with latch‑based state capture and flip‑flop holding least‑significant bit, providing addition/subtraction correction logic, used in ADCs employing comparator thresholding for pixel array signals in imaging sensors.",2,36,0,0.0,28,ok
2015,9042508,2,function,"dual‑edge synchronous counter that emits the incremental or decremental value between consecutive counts by locking the clock state, retaining the least significant bit, and applying correction derived from current and prior count states—ideal for high‑speed ADCs in imaging sensors.",1,42,0,0.0,29,ok
2015,8980657,8,summary,"Search for a technique producing GaN/InGaN LEDs with highly doped thin p‑layers, using a stepwise temperature decrease and carrier gas transition to nitrogen for Mg activation, followed by low‑temperature InGaN insertion to lower contact impedance.",2,38,0,0.0,26,ok
2015,8980657,8,keyword,"Search for MOCVD processes forming Mg‑doped GaN p‑contact layers on sapphire that employ a high‑temperature growth (~1000 °C), a controlled cool‑down to 700 °C, a temporary nitrogen‑only atmosphere to activate Mg, followed by low‑temperature InGaN Mg doping and ITO electrode deposition.",3,47,0,0.0,32,ok
2015,8980657,8,function,"Search for MOCVD processes that grow a GaN Mg‑doped p‑contact layer, activate Mg by cooling and switching to nitrogen at ~700 °C, then deposit an InGaN Mg‑doped p‑layer and ITO electrode for low‑resistance LEDs.",1,39,0,0.0,24,ok
2015,8965868,7,summary,Search for systems that automatically gather candidate background data via online questionnaires and forward responses to external verification services or regulatory authorities for credential confirmation and compliance reporting.,1,28,0,0.0,19,ok
2015,8965868,7,keyword,"Search for systems enabling electronic pre‑employment verification where a web portal displays profile, ID, employment, regulatory, and policy questions to candidates, captures answers, commits them to a relational store, forwards selected data to independent compliance services or licensing bodies, and logs activities.",2,43,0,0.0,30,ok
2015,8965868,7,function,"How to design an online pre‑employment screening system that gathers applicant data via web forms, stores it in a database, and automatically forwards selected data to third‑party verification services or licensing authorities for validation or reporting?",1,38,0,0.0,25,ok
2015,9049657,4,summary,search for methods enabling mobile devices to receive network‑directed state‑change instructions while suppressing interim measurement reports before completing the state transition to reduce reporting overhead and ensure seamless handover.,1,31,0,0.0,24,ok
2015,9049657,4,keyword,"System and method for a mobile terminal that receives infrastructure instructions signalling a desired state transition, suppresses upstream reporting messages—particularly RRC measurement reports—until the terminal changes to the instructed state, and then proceeds to that state.",3,38,1,0.04,25,failed_constraints
2015,9049657,4,function,"Find prior art on wireless devices that receive state-change commands from a network, suppress outbound status reports before state transition, and then change operational mode accordingly.",3,27,0,0.0,20,ok
2015,9007444,2,summary,"Autostereoscopic display that adjusts a virtual curved surface by individually rotating mirror elements via microcontrollers guided by 3‑D eye‑tracking, enabling accurate light delivery to moving viewers without bulky optics or image‑generating modules.",1,35,0,0.0,25,ok
2015,9007444,2,keyword,"autostereoscopic display array of rotatable mirror micro‑mirrors driven by microcontrollers, two orthogonal tilt axes, eye‑tracking 3D positioning, concave surface mimic, projector illumination with image reflection, light‑emanating reflective elements, independently adjustable tilt, concave viewport, viewer‑dependent perspective correction",1,40,0,0.0,35,ok
2015,9007444,2,function,Search for display systems using electronically driven mirror arrays steered by eye‑tracking sensors and microcontroller‑controlled bi‑axial rotation to create a virtual concave reflective surface for dynamic stereoscopic imaging.,1,31,0,0.0,23,ok
2015,9194902,4,summary,"Develop a technique for an OFDM receiver that classifies pilot tones into frequency (and optionally time) bands, derives per‑band background power by averaging pilot metrics, interpolates these values to data subcarriers, and locally adjusts the background power estimate when sub‑band energy indicates interference for improved demodulation.",2,48,0,0.0,34,ok
2015,9194902,4,keyword,"Search for prior art on OFDM receivers that employ pilot‑driven noise variance estimation using band‑wise averaging and interpolation, together with interference detection via sub‑band power comparison and subsequent dynamic adjustment of noise levels for data subcarriers.",3,39,2,0.06896551724137931,29,failed_constraints
2015,9194902,4,function,"Estimate noise for each pilot in OFDM symbols, group pilots into frequency or time‑frequency clusters, compute the average noise per cluster, store values, interpolate for data subcarriers, and adjust estimates based on detected interference by comparing cluster averages to overall mean.",2,42,0,0.0,30,ok
2015,9011651,21,summary,"Search for highly integrated micro‑electrode arrays on lithographically fabricated, semiconducting substrates that enable independent voltage control of numerous nanoscopic anodes or cathodes for water electrolysis, including gas collection and dual‑compartment cell designs.",2,34,0,0.0,25,ok
2015,9011651,21,keyword,"search for lithographically patterned semiconductor substrate with microscale anode/cathode catalytic electrodes, independent addressing of each electrode, counter electrode on separate surface, aqueous electrolyte chamber, gas collection system for water electrolysis, separating compartments, pores connecting substrates.",3,36,0,0.0,29,ok
2015,9011651,21,function,"Search for electrolysis systems employing lithographically patterned substrates with microscale catalytic electrodes independently voltage‑controlled, separate anode/cathode compartments, and integrated gas collection to enhance hydrogen/oxygen generation efficiency and reduce crossover in aqueous electrolytes.",2,35,0,0.0,27,ok
2015,9021536,2,summary,"Secure subtitle generation and synchronization for streaming video, stored in a separate subtitle database, with a user‑selectable multi‑language captions workflow that combines machine translation, editing, and translation memory, delivered via a distribution server and supporting optional billing.",1,39,0,0.0,27,ok
2015,9021536,2,keyword,"Search for patent disclosures concerning secure subtitle generation, translation using statistical machine learning, a separate subtitle database, synchronized playback with streaming video, consumer-language selection, quality auditing, geographic restrictions, and billing mechanisms for subtitle delivery.",1,35,0,0.0,28,ok
2015,9021536,2,function,"securely generate, translate, synchronize, and store subtitle files in a separate, protected subtitle database for streamed video, enabling end‑users to choose and view real‑time subtitles while the content owner can maintain secure access, support billing and rental limits.",1,40,0,0.0,30,ok
2015,9101924,23,summary,"A chip interface comprising a sealed tripartite unit with instrument contact, a fluidic conduit, and a sample port, connecting sample to instrument via a hollow channel that isolates the instrument from sample through gas or liquid, preventing contamination and simplifying cleaning.",1,41,0,0.0,26,ok
2015,9101924,23,keyword,"Search for microfluidic bio‑chip assemblies featuring a sealed multilayer housing with an instrument connection layer, a hollow passageway, and a sample reception layer, where the passage isolates reagents via gas or liquid to prevent contamination and eliminate post‑use cleaning.",2,41,0,0.0,27,ok
2015,9101924,23,function,"Search for a bio‑chip interface comprising a sealed instrument contact surface, a fluidic channel forming a gas or liquid barrier that isolates sample entry from the instrument, thereby preventing contamination and eliminating post‑analysis cleaning steps in chemical or biomedical assays.",1,42,0,0.0,28,ok
2015,8928416,5,summary,"Transceiver employing a PLL‑generated reference signal to constrain a CDR oscillator’s frequency, with a comparator aligning the data recovery clock to the PLL output for improved synchronization in high‑speed serial links.",3,34,1,0.047619047619047616,21,failed_constraints
2015,8928416,5,keyword,"Search for prior art involving a transceiver with a PLL containing a first KVCO that outputs a control voltage, a CDR using a second KVCO driven by the PLL, a comparator aligning their oscillation frequencies, and adjustable control loops for clock lock stability.",3,43,0,0.0,26,ok
2015,8928416,5,function,"Search for compact frequency‑tunable transceiver incorporating two KVCO stages where a first KVCO generates a control signal tied to a reference voltage, and a second KVCO, coupled through a comparator, matches its output frequency to the first, enabling precise data‑clock synchronization over a wide tuning range.",2,48,0,0.0,33,ok
2015,9110771,6,summary,"Search for inventions that use multiple propagating signals in a ferromagnetic medium, where the relative arrival timing between waves activates transponder nodes that generate memory pulses, enabling computation, storage, or Boolean logic through time‑delay based interference in magnetically coupled nano‑oscillators.",2,42,0,0.0,31,ok
2015,9110771,6,keyword,"Search for prior art on reverberating magnetic memory systems employing spin-wave transponders and initiators in ferromagnetic media, where simultaneous pulse reception and propagation‑time offsets in a nano‑scale spin torque array encode Boolean outputs, memory values, and energy interference patterns controlled by circuitry.",2,45,0,0.0,33,ok
2015,9110771,6,function,"Search prior art for a system utilizing relative timing between waves propagating through a ferromagnetic medium with spin‑torque nano‑oscillators, where synchronized pulse receptions generate memory states and delay‑based computations in control circuitry.",3,35,3,0.11538461538461539,26,failed_constraints
2015,8979936,13,summary,"Search for orthopedic knee prosthesis designs that alter a standard tibial tray shape to fit patient anatomy from preoperative 3‑D imaging while maintaining an unchanged, universal locking attachment mechanism.",2,30,0,0.0,20,ok
2015,8979936,13,keyword,"orthopedic tibia implant with patient‑specific plate derived from 3‑D imaging, incorporating a standard bone‑contact surface and unchanged fixation interface, using pre‑operative modeling to tailor a tray profile to a patient’s tibial morphology.",2,37,0,0.0,24,ok
2015,8979936,13,function,hip or knee implant where a patient‑specific tibial tray is fabricated from a 3‑D digital joint model and coupled to a pre‑existing generic locking mechanism to allow customized joint geometry without altering the locking interface.,2,38,0,0.0,23,ok
2015,9193106,29,summary,"Searching for methods to mix high‑percentage plant‐based fibers with plastic via extruder having planetary rollers and separate feed lines, where fiber particles ≤1 mm are fed separately from melted polymer and blended inside the roller.",1,37,0,0.0,25,ok
2015,9193106,29,keyword,"Explore extrusion techniques generating wood‑polymer composites with ≥60% lignocellulosic content, featuring a feeding chamber, melt zone, centrifugal pump, and rotary roller system with central spindle and orbiting gear‑bearing cylinders, employing ≤1 mm particle size and internal gear meshing for homogenization.",2,42,0,0.0,32,ok
2015,9193106,29,function,"How can a planetary roller extruder be configured to mix plastic melt with sub‑1 mm wood particulates, ensuring at least 60 % wood by weight while maintaining uniform blending and preventing agglomeration?",1,32,0,0.0,22,ok
2015,9160570,4,summary,"System and method enabling a non‑IP device to obtain an Internet‑protocol packet by having a serving node transmit a non‑IP trigger over a circuit‑switched link, prompting the device to initiate an IP connection and pull the message from the packet‑switched network.",1,46,0,0.0,29,ok
2015,9160570,4,keyword,"System enabling an initiator to send an IP packet over a packet‑switched network to a non‑IP receiver via a circuit‑switched link, where a serving node emits a non‑IP trigger instructing the receiver to establish a packet‑switched connection and retrieve the message.",1,46,0,0.0,29,ok
2015,9160570,4,function,"Searching for methods enabling a non‑IP device to receive packet‑based data by converting a trigger sent over a circuit network into a connection request to a packet network, allowing the device to retrieve the original packet data.",2,39,0,0.0,24,ok
2015,8951688,1,summary,"Fuel cell operation method that tracks performance and dynamically switches anode/cathode orientation, triggering a reversal at a set threshold, with monitoring frequency guided by inlet gas purity.",1,28,0,0.0,19,ok
2015,8951688,1,keyword,"Search for methods of operating a polymer electrolyte cell with electrode polarity reversal during operation, including anode‑cathode swap, performance monitoring, impurity‑dependent monitoring frequency, and performance‑threshold‑based polarity change in PEM technology.",2,34,0,0.0,26,ok
2015,8951688,1,function,"Does any technology enable continuous performance monitoring of a polymer‑electrolyte fuel cell, with automated electrode polarity reversal triggered by a performance threshold, and adaptive monitoring frequency based on inlet gas purity?",2,32,0,0.0,23,ok
2015,9143600,4,summary,Search for wearable‑sensed event classification used in one‑button mobile telephony to automatically route incoming communication to an appropriate destination selected based on user event type.,1,27,0,0.0,19,ok
2015,9143600,4,keyword,"Searching for systems that receive sensor data from a wearable during an event, classify the event type upon a user‑initiated signal, then select and forward the communication to a predetermined contact or service using centralized processing nodes.",2,38,0,0.0,24,ok
2015,9143600,4,function,"single button communication device receives sensor data from wearables, determines user event type, selects an appropriate recipient or service, and routes the call or message to that destination.",1,28,0,0.0,18,ok
2015,9087561,6,summary,Search for cache architecture that dynamically reconfigures cache rows between a wide-line mode with a single tag and a narrow-line mode including a page identifier to increase processor workflow efficiency.,3,32,0,0.0,21,ok
2015,9087561,6,keyword,"Search prior art for a processor cache system that dynamically reconfigures cache rows between an un-split format with a single tag and data field and a split format featuring a second tag, smaller data field, and page mapping to reduce access latency.",3,43,4,0.13793103448275862,29,failed_constraints
2015,9087561,6,function,"Search for dynamic cache row mode switching that alternates between whole-line and partial-page storage, enabling improved processor workflow throughput by adjusting tag and data fields per row to support efficient page-level data retrieval.",3,36,0,0.0,28,ok
2015,8971503,3,summary,"Voice‑enabled call‑center system that lets agents toggle speech recognition with a switch, uses agent‑specific voice training to transcribe spoken order terms into the ordering system, and optionally incorporates gesture cues to edit or refine entered commands.",1,39,0,0.0,28,ok
2015,8971503,3,keyword,"Search for systems integrating call center agent speech models with a telephone‑linked voice recognition module activated via a physical switch, translating spoken and gesture‑based commands into an enterprise ordering platform.",1,32,0,0.0,23,ok
2015,8971503,3,function,"Personalized agent‑controlled voice‑activated order entry system for call centers that uses agent‑specific phrase model, toggle‑activated recognition, gesture‑based command refinement, and location‑aware role assignment.",3,29,0,0.0,24,ok
2015,9042442,2,summary,"Search for invention concerning adaptive weighted prediction in image coding, where weight coefficients vary with bit depth and predicted pixel values are derived from similar blocks of preceding images, using additive terms tied to pixel bit depth, for efficient compression and reconstruction.",1,42,0,0.0,29,ok
2015,9042442,2,keyword,"Search for image compression systems using adaptive weight calculation based on pixel bit depth, block‑level weighted prediction from previous frame blocks with similar intensities, multiplicative weight and offset derived from 2^(N−M), and decode using restored weighted prediction.",2,40,0,0.0,28,ok
2015,9042442,2,function,image compression technique that adapts prediction weights to the bit depth of each pixel and uses reference blocks from previously decoded pictures to predict and encode blocks during encoding and decoding.,1,31,0,0.0,20,ok
2015,9194267,23,summary,"High‑temperature engine exhaust liquid injection system featuring an upstream chamber spraying finely divided fluid into a mixing duct; the duct forms an inner swirling flow that centers the spray, and an outer swirl of opposite direction that improves dispersion and cooling.",1,42,0,0.0,28,ok
2015,9194267,23,keyword,"looking for prior art on combustion engine exhaust gas liquid injection systems with a mixing duct forming a first vortex to centralize a fine spray, surrounded by a second opposite‑rotating vortex, using a casing with guide flaps and an upstream injection chamber.",1,43,0,0.0,28,ok
2015,9194267,23,function,"Search for a system that injects a finely divided liquid into combustion exhaust by creating nested counter-rotating vortices in a mixing duct, using flow guides and a central injection chamber to enhance atomization and control gas swirl.",2,38,0,0.0,24,ok
2015,9004347,7,summary,"Conveyor-based system measuring stack dimensions against label data to detect mislabeling, triggering alarms, redirecting stacks, and reapplying correct labeling for accurate customer shipping.",1,24,0,0.0,19,ok
2015,9004347,7,keyword,"Search for conveyor‑based paperboard stack dimension verification systems that compare measured stack length and width to label data, trigger alarms or display notifications, and redirect stacks for label correction.",2,30,0,0.0,21,ok
2015,9004347,7,function,"Method for detecting mismatches between a label's printed length/width data and the actual dimensions of a conveyor‑moving box stack, triggering an alarm or redirection, and applying a new label with proper customer details before shipment.",2,38,0,0.0,24,ok
2015,9172899,2,summary,"Method and device for assigning identical channel identifiers to identical programs transmitted on separate broadcast streams using summary metadata, enabling user to switch between streams via channel number input.",1,29,0,0.0,22,ok
2015,9172899,2,keyword,"receiving broadcast streams via dual input ports, channel number extraction, content summary comparison, channel allocation for duplicated content, user‑selected channel‑based switching between primary and alternate broadcast signals",1,29,0,0.0,25,ok
2015,9172899,2,function,"Search patents for methods that cross‑reference channel identifiers from one broadcast feed to assign identical identifiers to matching content in a second feed, enabling dynamic switching between input sources based on user channel selection while preserving content continuity.",3,39,0,0.0,29,ok
2015,9085291,32,summary,"Vehicle engine start system combining a dedicated starter motor and an auxiliary motor that provides both startup and running torque, using a controller that activates the starter only when the combined required drive and start torque exceeds the second motor's maximum output.",1,43,0,0.0,28,ok
2015,9085291,32,keyword,"Vehicle engine starting system utilizing two electric motors—one dedicated to initial starting torque and the other providing both starting and running torque—supplyed by an electrical storage unit, with a controller activating both motors when total required torque surpasses the second motor’s maximum output.",1,46,0,0.0,33,ok
2015,9085291,32,function,"Vehicle powertrain controller using dual electric motors—one dedicated to engine start, the other for both start and propulsion—draws battery power to provide combined torque when required drive plus engine‑starting torque exceeds the single motor’s maximum output.",2,40,0,0.0,30,ok
2015,8956521,23,summary,"Search for an electrical purification device featuring a modular cell stack of ion-dilution and ion-concentration chambers separated by anion and cation exchange membranes, opposing flow paths, end electrodes, housing with a frame, and a blocking spacer combining a permeable screen and solid support contacting the housing.",2,48,0,0.0,32,ok
2015,8956521,23,keyword,"Search for patents on electrochemical purification devices featuring a cell stack of alternately arranged ion diluting and ion concentrating chambers separated by anion and cation exchange membranes, counter‑flow fluid streams, end electrodes, a housing‑mounted modular framing, and a blocking spacer comprising a screen and solid element contacting the housing.",3,51,4,0.1111111111111111,36,failed_constraints
2015,8956521,23,function,"Search for electric electro‑purification devices that use modular stack cells with alternating diluting and concentrating chambers, dual‑direction flow, ion‑exchange membranes, and blocking spacers to enhance current efficiency and membrane utilization.",1,33,0,0.0,24,ok
2015,8946792,8,summary,"A method for selectively converting silicon fin elements into isolated dielectric fins in a FinFET array by ion bombardment, enabling distinct N‑and P‑type epitaxial merges while maintaining fin structure and interleaving isolation layers.",2,35,0,0.0,23,ok
2015,8946792,8,keyword,"Search for FinFET structures where semiconductor fins are partially converted to silicon nitride using a gas cluster ion beam, forming interleaved dielectric isolation while remaining silicon fins are merged with n‑type and p‑type doped epitaxial silicon layers.",3,39,4,0.14814814814814814,27,failed_constraints
2015,8946792,8,function,"Searching for methods that use a gas cluster ion beam to transform silicon fin structures into dielectric fins, enabling isolation between fin groups on an IC while permitting subsequent epitaxial growth of doped silicon on the remaining semiconductor fins.",3,39,3,0.1111111111111111,27,failed_constraints
2015,9087082,6,summary,"Search for methods that segment high‑throughput data streams into multiple partitions, retain per‑partition processing histories, estimate each partition's impact on final results, and selectively continue or stop processing partitions based on estimated contribution thresholds.",2,37,0,0.0,27,ok
2015,9087082,6,keyword,distributed stream processing tuples partitioning performance metrics thresholding selective execution processing elements history based on input output values and adaptive load balancing in parallel computing cluster.,1,26,0,0.0,21,ok
2015,9087082,6,function,"A method to split streaming tuples into partitions, retain per‑partition input‑output history, estimate each partition’s contribution to a collective result, and dynamically continue or skip partitions when a performance metric deviates beyond a threshold, improving resource efficiency.",1,40,0,0.0,27,ok
2015,9007855,6,summary,"Search for calibration schemes for multi‑bit serial receivers that align data strobe edges by measuring pattern transitions, computing midpoints per bit, then applying per‑bit timing shifts and strobe delays to align samples.",1,34,0,0.0,26,ok
2015,9007855,6,keyword,"search for calibrating a multi‑bit data receiver that uses a strobe transition to define sampling, samples a reference pattern per data bit, computes start/end/mid‑point timing per bit, and applies adjustable bit and strobe delays to synchronize mid‑points.",3,42,2,0.06451612903225806,31,failed_constraints
2015,9007855,6,function,"Search for methods and devices that calibrate data receivers by sampling a predefined pattern, determining start and end timing offsets per bit, aligning intermediate sample points via bit delay, and synchronizing a strobe signal to these offsets for accurate sampling.",2,40,0,0.0,28,ok
2015,9043629,6,summary,"Search for prior art on systems employing heterogeneous core clusters that dynamically shift tasks when CPU load exceeds a threshold, using a controller to enable less powerful cores and swap in more powerful cores to enhance computational efficiency.",1,38,0,0.0,26,ok
2015,9043629,6,keyword,"Searching patents for a multi-cluster processor featuring a basic core cluster and a high‑performance core cluster, where a control module monitors core usage, activates dormant basic cores when load exceeds a threshold, then switches to the high‑performance cluster while deactivating the basic one, ensuring higher throughput.",2,49,0,0.0,35,ok
2015,9043629,6,function,"Search for a dynamic multi‑cluster processor that monitors core utilisation, activates disabled low‑power cores until a threshold, then migrates workloads to a higher‑performance core cluster, shutting down the low‑power cluster to boost per‑second computation.",1,39,0,0.0,29,ok
2015,9081926,6,summary,"A layout design for CMOS logic that counters soft‑error pulses affecting multiple nodes by arranging dual‑interlocked inverter cells with strategically coupled gate‑to‑output interconnections and drain‑contact lines of complementary polarity, thereby isolating event‑induced faults in high‑density sub‑90 nm circuits.",1,46,0,0.0,35,ok
2015,9081926,6,keyword,"CMOS sequential logic cell with four inverters interlocked as an interlock structure, employing p‑MOS and n‑MOS transistors interconnected to create complementary voltage nets, enabling layout‑based protection against soft single‑event multiple‑node pulses in sub‑90 nm devices.",3,41,2,0.06451612903225806,31,failed_constraints
2015,9081926,6,function,"Search for logic cell layouts that interconnect four inverter stages with mutually coupled gates, arranging p‑type and n‑type transistor drain regions along a linear sequence to create complementary voltage nets, enabling protection against single‑event induced multi‑node soft errors in sub‑90nm CMOS circuits.",3,47,1,0.027777777777777776,36,failed_constraints
2015,9214791,1,summary,"Develop a search for a power‑supply isolation system that uses stepwise‑locked switches on the outside and inside of an enclosure door, with the door‑handle interlocked to allow opening only after external switches are opened to disconnect active circuits before accessing or replacing fuses.",1,46,0,0.0,29,ok
2015,9214791,1,keyword,"Search for safety disconnect systems featuring sequentially interlocked load‑break and non‑load‑break switches, where an exterior handle mechanically couples to an outer access panel, ensuring that outer switches actuate before the inner panel opens and fuses are isolated.",3,40,3,0.10714285714285714,28,failed_constraints
2015,9214791,1,function,"Search for systems enabling controlled de‑energization of power panels using interlocking switches that must operate in a fixed order, with exterior and interior controls and a door handle that only releases after pre‑conditions are met, to isolate fuses safely.",2,41,0,0.0,27,ok
2015,9111381,6,summary,"GPU‑accelerated tomographic reconstruction that classifies projection rays by orientation to use axis‑aligned slicing, reducing thread divergence and memory traffic while retaining image accuracy—specifically for PET and time‑of‑flight data processing.",1,34,0,0.0,25,ok
2015,9111381,6,keyword,"Seek prior art of GPU‑accelerated positron emission tomography reconstruction employing axial line‑segment classification into X, Y, Z subsets, slice‑by‑slice backprojection and forwardprojection, using shared memory, atomic operations, and reduced thread divergence, with performance metrics against CPU baselines.",3,41,3,0.1,30,failed_constraints
2015,9111381,6,function,"Search for methods that classify tomographic line data by orientation into subsets aligned with X, Y, Z axes and perform slice‑by‑slice back‑ and forward‑projection to accelerate GPU‑based PET reconstruction while reducing memory divergence.",1,37,0,0.0,23,ok
2015,9158347,2,summary,"Search for screw‑free mounting system for a disk storage device that uses a bracket with a locating aperture, a sliding carrier housing the unit, a spring‑loaded connector, an abutment plate that engages an external pin, and a rotating latch linking carrier to bracket and internal rack.",2,48,0,0.0,29,ok
2015,9158347,2,keyword,"Find patent documents for a bracketed mounting system featuring a shell, resilient connector, abutting plate engaging a protruding pin on a storage module sidewall, a sliding carrier, and a rotatable latch linked to a connecting rack.",2,36,0,0.0,23,ok
2015,9158347,2,function,"non‑screw mounting system for a data storage unit with a pin‑hole interface, featuring a bracket with a locating aperture, a caged carrier shell, a resilient latch plate against the pin, and a rotating latch‑rack assembly enabling quick, detachable installation within a chassis.",3,45,0,0.0,30,ok
2015,8961847,34,summary,"Search for methods creating 3D visual effect inside a clear stone by curving interior, layering transparent infill and engraved patterns, attaching miniature objects, and sealing the cavity to produce an internal sculpture.",2,32,0,0.0,22,ok
2015,8961847,34,keyword,"Search patents describing procedures for sculpting three‑dimensional images inside glass or crystalline monoliths by forming an inner cavity, applying successive translucent coating layers, etching or imprinting patterns on each layer, mounting miniature objects inside, and sealing the lower section.",2,40,0,0.0,30,ok
2015,8961847,34,function,"Method for embedding a sculpted object within a glass-like crystal by forming an interior cavity, applying sequential translucent coatings with engraved patterns, affixing the 3D element at the base, and sealing the lower section.",2,35,0,0.0,22,ok
2015,9096707,17,summary,"Search for paper mill roller coatings that achieve reduced hysteresis and permanent set by using a polyurethane layer formed from a urethane prepolymer—reacted with polycarbonate diol—curated with an amine curing agent, targeting high durability and low deformation in aggressive environments.",2,42,0,0.0,28,ok
2015,9096707,17,keyword,"Search for patents describing paper mill roller coatings with a polyurethane layer exhibiting ≤70% hysteresis and ≤30% permanent set, formed by reacting a urethane prepolymer containing terminal isocyanate groups (from polyisocyanate and polycarbonate diol, Mw ≥ 1500 g/mol) with an amine curing agent; include specified first and second isocyanate indices.",3,50,1,0.027777777777777776,36,failed_constraints
2015,9096707,17,function,"Search for polyurethane‑coated paper mill rollers or steel pickling rollers that exhibit low hysteresis and reduced permanent set, using urethane prepolymers derived from polyisocyanates and high‑molecular‑weight polycarbonate diols cured with amine-based agents.",3,36,0,0.0,27,ok
2015,9031019,4,summary,"Search for methods that let a base station transmit a synchronization signal, a low‑band master message defining subframe support for narrowband users, and a low‑band user information packet, while enabling both wideband and narrowband terminals to attach via a random‑access step.",3,44,2,0.06451612903225806,31,failed_constraints
2015,9031019,4,keyword,"Search for methods in base stations that broadcast a synchronization channel, transmit low‑band Master Information Block and low‑band System Information Block, and execute random access procedures for co‑existing wideband and narrowband terminals with sub‑band configuration.",3,39,7,0.25,28,failed_constraints
2015,9031019,4,function,"Transmitting a base station that emits a synchronization signal, issues a master control packet describing a low‑rate subframe layout for a second terminal type, provides a system data packet with downlink/uplink settings, supporting both wideband and narrowband terminals, and initiates a random‑access response when any terminal submits a preamble request.",3,53,4,0.10810810810810811,37,failed_constraints
2015,9194757,10,summary,"A device that measures steering torque with a magnetostrictive shaft uses a separate DC bias winding to apply a steady magnetic field, eliminating hysteresis, while distinct AC excitation coils detect torque‑induced property changes, enhancing accuracy for power‑steering systems.",1,40,0,0.0,30,ok
2015,9194757,10,keyword,"Search for automotive torque measurement devices using a shaft with an anisotropic magnetic film, multiple winding excitation and measuring coils, a separate high‑turn bias coil supplying DC bias to suppress hysteresis, and methods applying AC excitation to detect torque changes in steering systems.",2,44,0,0.0,32,ok
2015,9194757,10,function,motor shaft featuring a magnetostrictive coating and independent bias coil producing a steady magnetic field; surrounding excitation‑detection loops supply AC to sense torque‑induced magnetic property changes of the coating while a DC bias avoids hysteresis.,3,37,0,0.0,28,ok
2015,8951742,10,summary,"Finds heart‑failure patients suitable for intervention by measuring a growth‑differentiation factor and related cardiac markers in blood, using labeled antibody capture and signal readout to compare against a reference threshold, enabling risk prediction devices and kits.",3,38,1,0.037037037037037035,27,failed_constraints
2015,8951742,10,keyword,"Search for methods and kits that use labeled antibodies against growth differentiation factor 15 combined with natriuretic peptide and cardiac troponin assays, quantifying signals in patient samples to compare levels against a 1200 pg/mL threshold for predicting mortality or adverse cardiac events.",3,43,5,0.16129032258064516,31,failed_constraints
2015,8951742,10,function,search for methods using a labeled antibody to detect a serum biomarker (GDF‑15) for determining suitability of cardiac therapy and for combining the biomarker measurement with levels of natriuretic peptide and troponin to diagnose increased risk of further cardiac events or mortality.,3,43,1,0.038461538461538464,26,failed_constraints
2015,9019250,9,summary,"Search for patents on display panels where driver circuitry is positioned behind a patterned light‑blocking mask with a grid of windows in the peripheral region, keeping the driver encapsulated while maintaining pixel illumination and reducing edge glare.",1,38,0,0.0,24,ok
2015,9019250,9,keyword,"display panel incorporating a light‑blocking element with matrix‑arranged apertures in a peripheral non‑display zone, driver stages positioned between adjacent apertures and housed under horizontal blocking strips, while transmission lines run interposed among vertical and horizontal openings.",1,39,0,0.0,31,ok
2015,9019250,9,function,"Searching for display panels where drivers are positioned in peripheral non‑display zones behind grids of light‑blocking openings, enabling pixel illumination while preserving edge aesthetics and reducing cross‑talk in high‑resolution displays.",2,34,0,0.0,25,ok
2015,9167815,19,summary,Search for a combined fluazinam‑strobilurin fungicide formulation and application method that synergistically enhances durable control of crop pathogens in both plant and soil environments.,1,25,0,0.0,16,ok
2015,9167815,19,keyword,"Search for compositions comprising fluazinam and a strobilurin family pesticide, targeted at controlling oomycetes in tomato and cereal crops, including soil and foliar application methods, focusing on synergistic activity and formulation stability.",2,32,0,0.0,21,ok
2015,9167815,19,function,Search for agricultural fungicide formulations that combine fluazinam with a strobilurin compound to achieve enhanced suppression of plant fungal diseases or soil pathogens when applied to plants or soil in horticultural or crop settings.,1,34,0,0.0,20,ok
2015,9022646,10,summary,"Vehicle interior temperature measurement system employing a combined thermal and irradiance sensor module coupled to a carrier PCB, where radiance data and a secondary air‑stream temperature sensor in a sealed enclosure refine the core temperature reading.",1,37,0,0.0,25,ok
2015,9022646,10,keyword,"Search for vehicle interior temperature sensor modules integrating an IR‑based radiation sensor for insolation correction, sharing a common printed‑circuit carrier board, hermetic housing with an air‑gap, and a secondary airflow temperature probe in a sealed cavity.",1,39,0,0.0,27,ok
2015,9022646,10,function,"Search for vehicle interior temperature sensing systems that combine a primary thermistor with an infrared radiation sensor to compensate for sunlight, using matched carrier boards and dual housing to isolate sensor contacts and sealed airflow loops for enhanced accuracy.",1,39,0,0.0,26,ok
2015,9025601,4,summary,"Search for methods and ASICs that adjust multicast egress port sets by looking up operand values and applying Boolean comparisons to frame fields, dynamically filtering or discarding frames based on evaluated operations.",1,32,0,0.0,22,ok
2015,9025601,4,keyword,"Search for techniques that associate operand values with ingress and egress ports, select operators from packet data, perform comparative Boolean logic to alter forwarding decisions, filter multicast frames, and implement ASIC‑based hardware lookup engines in network switches.",2,38,0,0.0,28,ok
2015,9025601,4,function,"Search for network switching techniques that dynamically adjust egress port sets by using packet contents to select operators, perform operand comparisons, modify forwarding sets, and optionally discard frames via ASIC‑based Boolean logic for multicast traffic.",1,36,0,0.0,28,ok
2015,8930394,6,summary,"Method for retrieving specific sensor readings by converting each sample’s attributes into logical predicates, constructing a shared decision graph for all samples, building a separate graph for the desired attribute conditions, and intersecting them to identify matching measurements.",2,39,0,0.0,25,ok
2015,8930394,6,keyword,"Search engine extracts sample patterns from sensor readings by translating each measurement into logical minterms, builds a compact Boolean representation, applies user‑specified query minterms via logical AND to isolate matching samples and outputs annotated results.",2,36,0,0.0,27,ok
2015,8930394,6,function,"Searching sensor measurement samples for requested parameter values using logical minterms, constructing query and data function graphs, AND‑ing the query graph with the sensor data graph to retrieve matching samples.",2,31,0,0.0,22,ok
2015,9042236,4,summary,"Automatic detection and pinpointing of fault locations in a distributed network by analyzing pre‑equalization coefficient data from adaptive front‑end equalizers, determining excessive equalization levels, and applying a distinct estimation method based on whether the leading or trailing tap contributes most.",3,42,1,0.034482758620689655,29,failed_constraints
2015,9042236,4,keyword,"Search for methods that automatically locate network faults by analysing pre‑equalization coefficient data from terminal units, comparing negative and positive delay tap totals to the main tap level within a tree‑branch node network architecture.",3,36,3,0.11538461538461539,26,failed_constraints
2015,9042236,4,function,"Search for systems that automatically locate network faults by analyzing compensation‑filter coefficient data, comparing cumulative delay‑shift effects from the negative and positive branches against thresholds, and deducing defect position based on which branch dominates, across multiple terminal devices connected through a shared node structure.",2,46,0,0.0,34,ok
2015,9076425,34,summary,"Search for digital audio noise suppression techniques that apply a clarity‑enhancement kernel to raise early‑reflection energy, then convolve with early‑reflection and late‑reverberation filters, mixing the results to attenuate digital noise.",1,34,0,0.0,24,ok
2015,9076425,34,keyword,"Search for apparatuses featuring a clarified signal generator that produces a clarity enhancement kernel to increase the energy ratio of early reflections, an early reflection engine convolving with reflection masks, a late reverberation processor generating noise‑suppressing tails, and a mixing stage that combines signals to reduce electronic interference.",3,49,3,0.09090909090909091,33,failed_constraints
2015,9076425,34,function,"Search patents describing systems that generate a clarity enhancement pattern to boost early reflection energy, convolve with input audio, produce early and late reverberation components, and combine them to improve signal clarity and reduce background interference.",2,36,0,0.0,25,ok
2015,9010387,25,summary,"Search for inventions providing container filling systems with independent filling heads on a rotating carrier, using a common rotating reservoir, liquid property sensors, and control algorithms that adjust each fill head based on reservoir characteristics and inter-head flow differences.",1,40,0,0.0,29,ok
2015,9010387,25,keyword,"Rotating carrier equipped with multiple tunable dispensing heads, a shared liquid reservoir fitted with sensors monitoring viscosity or temperature, and a control unit that dynamically adjusts each head’s flow rate based on real‑time liquid parameters while the containers travel along a circular conveyor for continuous filling.",1,48,0,0.0,34,ok
2015,9010387,25,function,"How can an automatic liquid filling system use a rotating reservoir and carrier equipped with multiple independently controlled filling heads, where sensor readings of liquid properties guide adaptive filling rates, to improve precision and accommodate variations between different fill heads?",1,40,0,0.0,30,ok
2015,9140216,27,summary,"Method for controlling an interlinked compression turbine system by switching off the bypass ports of the upper pressure‑raising compressor whenever the exhaust temperature, fuel‑air ratio, inlet pressure ratio approaches surge, the engine braking is engaged, or the operating speed drops below a set value.",2,46,0,0.0,32,ok
2015,9140216,27,keyword,"Prior art search: turbo‑compound engines with an internal combustion unit having intake and exhaust ducts, a downstream air compressor coupled to an upstream turbine and a secondary turbine‑driven compressor, featuring a bypass that disengages when exhaust temperature, air‑fuel ratio, intake pressure ratio, brake activation, or engine speed exceed thresholds.",3,52,0,0.0,38,failed_constraints
2015,9140216,27,function,"Searching for technology that disables a high‑pressure compressor bypass when exhaust temperature exceeds a limit, lambda value drops below threshold, low‑pressure compressor surge risk arises, engine brake is engaged, or engine speed falls below setpoint.",3,37,3,0.10714285714285714,28,failed_constraints
2015,9152844,6,summary,"3D shape measurement of specular surfaces using a fixed camera and mirrored pattern, comparing inclination angles from pre‑ and post‑movement captures to determine true height, applied to real‑time glass ribbon quality control.",1,34,0,0.0,25,ok
2015,9152844,6,keyword,"Stereo 3‑D shape measurement of specular glass surfaces using a fixed‑position camera and a reflected pattern, determining height coordinates by comparing pre‑ and post‑movement image angles, for real‑time cooling control of continuous glass ribbons.",2,38,0,0.0,26,ok
2015,9152844,6,function,"Search for techniques that use a stationary camera and a reflected positional pattern to capture before‑ and after‑motion images of a highly specular surface, calculate surface inclination angles, and determine true height coordinates by comparing the angles.",2,38,0,0.0,24,ok
2015,8959402,6,summary,"How can a mobile phone manage subsystem health by precomputing a safe restart interval, soliciting consent from related components via periodic requests, and triggering a refresh only when all agree or the window expires, without affecting other processes?",2,38,0,0.0,27,ok
2015,8959402,6,keyword,"schedule‑based subsystem restart in mobile devices with execution‑time thresholds, inter‑subsystem dependency voting, restart timer windows, coordinated restarts without full system reboot, adaptive request message rates.",1,28,0,0.0,24,ok
2015,8959402,6,function,"Search for mobile devices that schedule timely restarts of a core component, computing minimum and maximum restart windows based on usage, soliciting agreement from dependent components before reboot, and automatically restarting at the latest allowed time.",2,36,0,0.0,24,ok
2015,8980881,16,summary,"Crystalline form of a chloromethyl benzazepine used to treat obesity by reducing caloric intake and promoting satiety, enabling weight control therapy.",1,21,0,0.0,14,ok
2015,8980881,16,keyword,"Crystalline hemihydrate forms of (R)-8‑chloro‑methyl‑2,3,4,5‑hexahydro‑1H‑3‑benzazepine hydrochloride, including polymorphic derivatives, solid‑state characteristics, solubility profiles, and therapeutic efficacy for obesity and appetite suppression.",3,33,2,0.1,20,failed_constraints
2015,8980881,16,function,"Search for non‑peptide small molecules that activate satiety pathways, reduce caloric intake, treat obesity, or prevent weight gain by modulating central nervous system signals, with potential crystalline forms for pharmaceutical use.",2,32,0,0.0,24,ok
2015,8978936,25,summary,"Search for mechanisms that dispense a precise volume from a pressurized reservoir using a cap‑adaptor assembly that connects to a valve stem, forming a metering chamber and allowing single‑pressure release with automatic reset, and extensions for dual‑container, multi‑chamber configurations.",1,43,0,0.0,27,ok
2015,8978936,25,keyword,"Search for inventions featuring a pressurized container dispensing system that uses an actuator head with a metering volume, an adaptor engaging the valve rod via a friction collar and sealed ring, a stop ledge, and a dual‑channel assembly actuated by a lever or finger protrusion to release precise quantities.",2,50,0,0.0,31,ok
2015,8978936,25,function,Search for valve‑actuated dispensing systems that deliver a precise volume from pressurized containers using an actuator cap with a sealed metering chamber and a snug adapter that couples to the valve stem and retracts after pressure release.,2,38,0,0.0,23,ok
2015,8928963,9,summary,"Inquire about laser light‑scanning assemblies that achieve high resonance and wide sweep by mounting a vibrating mirror on a structured beam‑support system with symmetry about its motion axis, including multiple arms and a dedicated frame.",2,37,0,0.0,25,ok
2015,8928963,9,keyword,"high-frequency laser scanning mirror system with arbitrary line rotational axis, symmetrical dual beam supports, arm and frame mounts, large aperture, beam-splitter and laser source control, composite or aluminum frame for vibration isolation, resonant mirror holder, laser projector.",1,39,0,0.0,32,ok
2015,8928963,9,function,"Search for laser beam deflection systems using a mirror that oscillates about a linear pivot, with symmetrical beam‑support arms for stiffness, enabling high resonant frequency and wide angular range for display or projection applications.",2,35,0,0.0,24,ok
2015,9086500,10,summary,"High-fidelity method for determining subsurface property by integrating neutron-pulsed gamma‑ray responses with dual predictive models that separately represent matrix and shale compositions, selecting best‑matching scenarios to generate a combined formation model for property estimation.",1,38,0,0.0,28,ok
2015,9086500,10,keyword,"Search for methods integrating pulsed neutron gamma‑ray logging with matrix and shale predictive models to estimate formation properties such as porosity or trace element concentrations, focusing on carriers with neutron sources, gamma detectors, and processor‑based model comparison.",1,39,0,0.0,28,ok
2015,9086500,10,function,Search for techniques that combine pulsed neutron gamma‑ray measurements with computational matrix and shale models to infer geological properties by selecting the best‑correlating hypothetical mixture and merging predictions in subsurface exploration.,3,33,1,0.045454545454545456,22,failed_constraints
2015,9145820,24,summary,"Device for vehicle engine exhaust, featuring dual‑shell housing forming a cavity packed with stable porous insulation, equipped with adjustable‑pressure control and inlet/outlet ports for a heat‑transfer fluid.",2,31,0,0.0,22,ok
2015,9145820,24,keyword,"Search for a vehicle engine exhaust component that includes a tubular inner chamber, an outer housing creating a cavity, porous dimensionally stable molded foam insulation, a pressure‑control mechanism, and a fill/vent system for a heat‑conducting fluid.",3,39,3,0.11538461538461539,26,failed_constraints
2015,9145820,24,function,"search for exhaust system elements with double-shell design creating a cavity containing porous, rigid insulation, equipped with mechanisms to regulate internal cavity pressure or to inject and evacuate heat‑conduction fluid, enabling dynamic thermal management of engine exhaust gases.",3,40,0,0.0,29,ok
2015,9131631,8,summary,"Search patents for power‑electronics cooling assemblies combining finned target surfaces, microslot matrix arrays, and jet‑impingement passages from micro‑orifices, designed to align impinging jets over fin and slot zones to improve heat transfer efficiency.",1,36,0,0.0,28,ok
2015,9131631,8,keyword,"Search prior art for thermal management assemblies with finned target surfaces, microslot matrix arrays, and synchronized coolant jet orifices creating aligned impingement zones in high‑power electronics modules, including fluid inlet/outlet channels, microchannel heat exchangers, and integrated heat‑transfer chambers.",3,41,1,0.029411764705882353,34,failed_constraints
2015,9131631,8,function,"Design a finned surface array combined with microscopic slot grids and jet orifices to form a chamber where aligned coolant jets impinge through slots, enhancing the cooling of power electronics modules.",3,31,1,0.047619047619047616,21,failed_constraints
2015,8947955,6,summary,Search for a memory scheme where a controller requests timing offset data from a semiconductor DRAM that records the offset during a diagnostic test and supplies it later to adjust read/write timing.,1,33,0,0.0,19,ok
2015,8947955,6,keyword,"Search for semiconductor memory systems storing DQS‑clock skew parameters in a dedicated storage unit, retrievable via a parameter request signal, where a memory controller queries, receives, and configures timing; includes DLL‑generated data strobe generation.",3,36,3,0.1111111111111111,27,failed_constraints
2015,8947955,6,function,"memory device that stores timing offset data during test mode, retrieves it on demand to adjust DQS‑clock skew, allowing a controller to calibrate memory timing.",1,26,0,0.0,18,ok
2015,9221900,10,summary,Search for methods assessing microglial uptake of beta‑amyloid oligomers and intermediate kinase signaling to identify anti‑amyloid antibodies that are neuroprotective yet safe for treating amyloid disorders like Alzheimer's.,3,31,2,0.09523809523809523,21,failed_constraints
2015,9221900,10,keyword,"search for antibodies targeting amyloid‑beta aggregates that enhance microglial uptake and moderate p38 MAPK activation as a biomarker for neuroprotective safety, comparing to human IgG1 Fc domain controls, focusing on therapeutic and diagnostic applications for Alzheimer’s disease.",2,39,0,0.0,26,ok
2015,9221900,10,function,"Identify antibodies that bind amyloid aggregates, enhance microglial phagocytosis, and trigger an intermediate intracellular kinase activation, thereby differentiating protective from overly reactive variants; measure uptake and signaling shifts in cultured cells.",2,31,0,0.0,23,ok
2015,9122659,6,summary,"System for lowering document page count that lets users mark certain blank spaces as non‑deletable, then automatically removes other blanks, shrinks the protected margins to meet a target page total while repositioning remaining content.",1,35,0,0.0,27,ok
2015,9122659,6,keyword,"search for software methods that display multiple whitespace regions between document objects, allow the user to lock specific blank areas, set target page counts, and automatically prune or shrink unprohibited blank spaces during page‑count reduction",2,36,0,0.0,28,ok
2015,9122659,6,function,"Search for software that shows gaps between elements in a document, lets a user lock specific blank spaces from deletion, then automatically deletes non‑locked gaps and shrinks the locked gaps to a minimum size to bring the total page count to a user‑defined target.",2,46,0,0.0,30,ok
2015,8978100,4,summary,"Search for systems that mediate application‑access authentication by a central dispatcher evaluating user‑and app‑specific policies, optionally using stored tokens, and orchestrating authentication requests to dedicated enablers before returning success or failure to an application server.",1,38,0,0.0,26,ok
2015,8978100,4,keyword,"Search for authentication gateway methods that evaluate user and application policies, retrieve or validate access tokens, forward authentication requests to enabler devices, and return user authentication status to an application server hosting the app.",1,34,0,0.0,23,ok
2015,8978100,4,function,"Device receives an application authentication request, evaluates user and application policies to determine the required authentication type, checks or validates tokens, forwards an authentication context to an authentication enabler, and returns the authenticated or rejected result to the application server.",1,40,0,0.0,25,ok
2015,8939213,35,summary,"search for devices that provide axial alignment and spacing between modular hole‑making templates and their wells, using a mounting frame with guide funnels and an elongate arm to position secondary template wells accurately.",2,34,0,0.0,22,ok
2015,8939213,35,keyword,"subsea multi‑well modular drilling template spacer alignment device comprising cylindrical main body with frustroconical centering ring, sliding‑bore for low‑pressure housing, elongated spacing arm, guide tube for third well insertion, angular alignment of well funnels.",3,37,6,0.1935483870967742,31,failed_constraints
2015,8939213,35,function,"Search for subsea drilling well‑array systems employing a spacer device that includes a centering ring and guide funnel to align and space multiple low‑pressure well housings, enabling precise third‑well placement.",3,33,1,0.041666666666666664,24,failed_constraints
2015,9201760,6,summary,"Search for automated detection of memory leaks in distributed applications that reconstruct object graphs from a heap dump, compute per-class usage, rank top consumers, score suspects relative to others, and use learned signatures to match repeated out‑of‑memory incidents.",1,41,0,0.0,29,ok
2015,9201760,6,keyword,"Search for heap‑dump analysis techniques that compute object‑level memory usage, rank top consumers, derive relative consumption ratios, assign suspect scores, and compare resulting signatures to detect duplicate memory‑leak events in shared‑resource software systems.",3,37,0,0.0,30,ok
2015,9201760,6,function,"Search for methods that analyze heap dumps to compute per‑object memory usage, rank top consumers, compare consumption ratios, calculate a suspect score to predict which class causes out‑of‑memory in shared multi‑tenant systems, and match signatures across incidents.",1,41,0,0.0,30,ok
2015,8990337,7,summary,"Search for systems that detect whether web content requested by a browser is delivered without user interaction, using client‑side triggers that notify a server of successful content fetch to compute abandonment rates.",1,33,0,0.0,22,ok
2015,8990337,7,keyword,"track abandonment of delivered web content units by sending a first request message to a server, delivering a content unit with a client‑side communication beacon that reports completion independent of user action, and marking the unit abandoned when the completion report is not received.",1,45,0,0.0,28,ok
2015,8990337,7,function,"Method for detecting delivery completion of web content by having a client send a completion message to a server after consuming a content unit, enabling abandonment analytics independent of user actions.",1,31,0,0.0,20,ok
2015,9121636,23,summary,"Distillation-based system removes impurities from LNG cycle refrigerant by withdrawing liquid/vapor streams, employing facility heat exchange, and returning cleaned refrigerant to the cycle.",2,25,0,0.0,18,ok
2015,9121636,23,keyword,"Search patents describing a closed‑loop LNG refrigeration cycle featuring a distillation column that separates contaminant‑rich and contaminant‑depleted refrigerant streams, using indirect heat exchangers, reboilers, and condensers powered by facility process streams for heat exchange.",3,37,3,0.10714285714285714,28,failed_constraints
2015,9121636,23,function,"Identify prior art describing a closed‑loop natural‑gas refrigeration system that isolates impurities from a refrigerant by withdrawing multiple liquid portions, applying two indirect heat exchanges in a distillation column, and re‑introducing cooled, impurity‑free streams into the cycle.",3,41,0,0.0,29,ok
2015,9113240,6,summary,Search for audio source separation using multi-device microphones with distance‑based algorithm selection over wireless links to improve voice quality and reduce background noise.,1,25,0,0.0,19,ok
2015,9113240,6,keyword,"Search for patents describing cross‑device audio capture using first and second microphones on separate communication devices, where a wireless interface exchanges signals and distance information selects among multiple source‑separation or beamforming algorithms to enhance voice quality and reduce background noise.",1,42,0,0.0,31,ok
2015,9113240,6,function,"Methods for using paired microphones on separate wireless devices to record ambient audio, dynamically selecting a source‑separation algorithm based on inter‑microphone distance, then processing combined signals to isolate a target speaker for clearer communication.",1,36,0,0.0,26,ok
2015,9110894,6,summary,"Developing a mobile-enabled service that recommends nearby venues by computing similarity between textual descriptions of places through concept vectors derived from aggregated web content, then ranking recommendations combining spatial proximity, place similarity, and user preference.",1,36,0,0.0,28,ok
2015,9110894,6,keyword,"Search for systems that use concept or content vectors derived from aggregated web documents and user reviews to compute similarity between physical venues, then rank recommended venues by geographic proximity and user preference, displayed on mobile applications.",2,37,0,0.0,26,ok
2015,9110894,6,function,"search for patents describing a system that, upon receiving a first location, extracts textual descriptors of that place and other venues, constructs vector representations, computes similarity scores, and presents similar venues prioritized by proximity and relevance to the user.",2,39,0,0.0,25,ok
2015,9033183,25,summary,"Thermoplastic expandable pallet frame featuring two fixed longitudinal rails, two fold‑down crossbars, and integrated angle brackets that create self‑locking hinges at the transition, allowing easy collapse or extension to alter container volume.",1,34,0,0.0,26,ok
2015,9033183,25,keyword,"thermoplastic extension frame for pallets or transport boxes with two longitudinal sides, two foldable transverse sides, integrated angle brackets forming hinge axes, lockable hinge mechanism in open and collapsed positions.",1,30,0,0.0,23,ok
2015,9033183,25,function,"collapsible thermoplastic frame for pallets or shipping containers employing integrated hinge‑angle pieces that lock adjacent long and transverse sides into open and folded states, allowing volume expansion and secure assembly during transport.",1,33,0,0.0,24,ok
2015,9077388,3,summary,"Search for integrated switchable NFC and FM transceiver system with shared antenna matching circuit controlled by microcontroller, enabling dual‑mode near‑field and radio‑frequency communication in portable devices.",2,29,0,0.0,21,ok
2015,9077388,3,keyword,"portable device with antenna, dual‑frequency matching network, NFC and FM transceiver chips, central control IC, multi‑pin switching element, pin‑selectable path for frequency‑specific impedance tuning, fifteen‑pin switch, ground‑connected unused pins.",3,35,0,0.0,30,ok
2015,9077388,3,function,"Portable device featuring a controller‑driven switchable matching module that tunes a common antenna for short‑range RF and FM frequency‑modulated communication, enabling dual‑mode operation and efficient band adaptation.",2,31,0,0.0,23,ok
2015,9162673,31,summary,"Search for systems enabling an automatic gearbox to hold or delay upshifts when braking by calculating vehicle deceleration from speed and braking force, adjusting thresholds by speed, and integrating engine or regenerative braking contributions.",2,34,0,0.0,21,ok
2015,9162673,31,keyword,"Search for automotive transmission control systems that use vehicle speed‑dependent deceleration thresholds to prevent upshifts during braking, integrating accelerator pedal input, engine and regenerative braking force calculations, and electric generator with storage battery energy management.",3,36,1,0.03571428571428571,28,failed_constraints
2015,9162673,31,function,"Search for systems that compute vehicle deceleration from speed and braking force to dynamically adjust upshift limits in an automatic transmission, preventing upshifts during high deceleration and combining engine/regen braking torque control.",1,33,0,0.0,23,ok
2015,9002378,4,summary,"Search for mobile velocimetry that leverages time‑frequency signal analysis combined with a geographic map to model ray paths, extract scatterer contributions, estimate Doppler shifts, perform matched filtering, and compute a robust velocity via weighted least‑squares fitting.",3,38,2,0.06896551724137931,29,failed_constraints
2015,9002378,4,keyword,"Search prior art for mobile station velocity determination in cellular systems that integrate geo-database driven ray tracing, time‑frequency signal processing, Doppler matched filters, range‑gate selection, and regression‑based bias reduction.",3,33,2,0.07407407407407407,27,failed_constraints
2015,9002378,4,function,"Search for systems that estimate mobile vehicle speed by integrating geographic map data, ray‑tracing models, and Doppler‑based filter matching to identify reflective scatterers, calculate velocity, and fit biases for signal component analysis.",2,34,0,0.0,25,ok
2015,9202872,21,summary,"Ammonothermal growth of a III‑nitride ingot on a dual‑face seed, producing a thicker first wafer for structural integrity and enabling reuse of this wafer as a subsequent seed; the seed layers share aligned crystal orientation across both faces.",3,40,0,0.0,26,ok
2015,9202872,21,keyword,"Ammonothermal double‑face growth of GaAlInN ingots using a multi‑layer seed assembly of aligned wafer edges forming identical lattice orientations, where a thicker seed wafer protects the initiating crystal during slicing and serves as recycle seed for subsequent growth.",2,40,0,0.0,29,ok
2015,9202872,21,function,"Method to grow a nitride semiconductor ingot via ammonothermal crystal‑growth on dual seed faces, using a multi‑layer wafer stack to align crystal planes, ensure seed stability, and allow wafer reuse for subsequent growths.",3,35,0,0.0,26,ok
2015,9120919,17,summary,"Search for a high‑strength, biodegradable segmented copolymer using high‑molecular‑weight polyol blocks linked by acetal bonds, designed to remain insoluble in physiological environments with polyester, carbonate or amide polymer subunits.",1,32,0,0.0,23,ok
2015,9120919,17,keyword,"Search for biodegradable segmented block copolymers comprising high‑molecular weight polyol segments linked via acetal bonds, featuring polyesters, carbonate polyesters, or polyamide chains, that remain insoluble under physiological conditions.",3,29,3,0.125,24,failed_constraints
2015,9120919,17,function,"Search for high‑molecular‑weight polymeric materials featuring acetal linkages that generate mechanically robust, physiologically insoluble networks incorporating polymers such as polyesters, degradable carbonate backbones, or polyamides, aimed at biomedical scaffold or drug‑delivery applications.",2,35,0,0.0,27,ok
2015,9171543,13,summary,"Search prior art for a voice‑guided task assistant that retrieves pre‑stored care directives from a database, opens a spoken dialog on a handheld device, uses RFID tags tied to individual patients to pull data, and remotely controls ancillary equipment.",2,41,0,0.0,28,ok
2015,9171543,13,keyword,"mobile device with microphone and speaker, speech‑based dialog system linked to resident care protocols, using NFC to capture item data for resident identification and initiating task instructions, integrating with distributed peripheral control via network interface.",2,36,0,0.0,27,ok
2015,9171543,13,function,"voice‑guided caregiving system employing mobile audio dialog, resident care programs, RFID tag capture to associate equipment with residents, and remote control of peripheral devices to support personalized task execution.",3,30,0,0.0,23,ok
2015,9112007,8,summary,"Search for stacked‑via structures where a conductive bottom and sidewalls enclose a dielectric core, with sidewall terminations bonded to top metal layers, fabricated by photoresist masking and dielectric filling of the upper opening.",1,34,0,0.0,21,ok
2015,9112007,8,keyword,"Through‑vía comprising conductive bottom and sidewalls separated from substrate by dielectric, formed via electroplating into a substrate opening with liner, barrier, and seed layers, while the upper portion is filled with dielectric; interconnect trenches are patterned in photoresist and filled with conductive material; interlayer dielectric atop first side.",1,49,0,0.0,32,ok
2015,9112007,8,function,"search for methods of fabricating conductive through‑via structures in substrates with dielectric‑filled upper regions, using photoresist patterning, conductive sidewall filling and dielectric capping to create electrically isolated via walls while enabling top metal line integration.",1,37,0,0.0,29,ok
2015,9128730,6,summary,"Method enabling BIOS utilities to run outside of SMI by transmitting event signals between an ACPI component, an intermediary service layer, a device driver, and a real‑time BIOS module for event processing and result exchange.",3,36,2,0.08333333333333333,24,failed_constraints
2015,9128730,6,keyword,"Method to execute a BIOS utility outside SMI by sending event data from an ACPI handler to a layered service tier, forwarding through a device driver to the BIOS real‑time module, which processes the event and returns results through the same path back to ACPI.",2,46,0,0.0,29,ok
2015,9128730,6,function,"Search for methods enabling a BIOS utility to run outside standard System Management Interrupts by passing trigger events through an ACPI subsystem, intermediary service layer, and driver to a BIOS real‑time component, then returning processed results back through the same pathway.",3,42,1,0.03225806451612903,31,failed_constraints
2015,8976432,6,summary,"Query for prior art: a label integrating a holographic identification pattern visible only from a specific viewing angle and additional non‑holographic data, where authentication is performed by comparing an image of the hologram under controlled illumination with stored non‑holographic information in a database.",1,45,0,0.0,28,ok
2015,8976432,6,keyword,"Integrated holographic-label with dual identification layers—holographic content visible from limited incidence angle and embedded non‑holographic security data; method of authentication using angle‑dependent illumination, hologram imaging, cross‑correlation of holographic and metadata stored in a verification database.",1,40,0,0.0,30,ok
2015,8976432,6,function,"Search for methods authenticating security labels that embed a holographic element viewable only from a defined angle, record conventional data by observing that hologram, then compare overlapping segments of holographic and conventional data during verification in a database.",2,38,0,0.0,25,ok
2015,9017235,33,summary,"multi‑strap wearable elastic resistance device with integrated rest surfaces for limbs, enabling shoulder and lower‑body stretches through handheld grip and body‑supported positioning, including collapsible storage case for compact portability.",1,32,0,0.0,25,ok
2015,9017235,33,keyword,"Multi‑strap elastic resistance apparatus for shoulder and hamstring stretching featuring a handle strap, connecting straps, resting straps with ankle/wrist contact surfaces, elastic bands, a gripable holding section, and a foldable storage case attached to a central strap.",1,39,0,0.0,28,ok
2015,9017235,33,function,"Search for multi‑strap stretch device with elastic rings providing resistance, where straps have grip handles, ankle, wrist and foot/elbow rest surfaces, allowing shoulder, hamstring and hip stretching by pulling a handle while other body part engages the rest, and device collapses into a compact case.",1,47,0,0.0,33,ok
2015,9209632,1,summary,"Search for battery cell attachment systems that use a single n‑FET with a back‑gate drive, selecting the lower of cell and system voltage to gate the transistor, enabling simultaneous charging and fault protection without dedicated ICs.",2,38,0,0.0,24,ok
2015,9209632,1,keyword,"Search for patents describing direct attachment of power cells to charger systems using an external single-channel field-effect transistor with back-gate control to suppress body-diode conduction, employing switching regulators and pass devices for normal charging while comparators, level shifters, and switches protect the load during fault scenarios.",3,50,5,0.13157894736842105,38,failed_constraints
2015,9209632,1,function,"Directly attach battery cells to a system with an external n‑channel FET, whose back‑gate is driven by comparators and level shifters applying the lower of system or battery voltage to block reverse conduction, facilitating fault isolation while permitting normal charging and load operation.",3,45,1,0.03333333333333333,30,failed_constraints
2015,9065584,3,summary,"Search for methods that dynamically adjust a femto cell transmission limit based on comparing device path losses to a macro base station and to the femto, while considering maximum macrocell uplink interference, to mitigate cross‑cell interference.",2,37,0,0.0,25,ok
2015,9065584,3,keyword,"Adaptive femto‑node uplink interference mitigation macrocell based on differential device‑to‑macro vs. device‑to‑femto path loss, interference budget, attenuation measures, and computing an adaptive threshold.",2,28,0,0.0,21,ok
2015,9065584,3,function,Searching for adaptive interference limiting techniques in femtocell networks that compute threshold levels using the difference between device-to-macrocell and device-to-femtocell pathlosses under maximum macrocell interference constraints.,2,30,0,0.0,21,ok
2015,9146238,16,summary,Search for non-invasive assays that detect AR‑V7 protein in patient samples via antibodies targeting epitope CKHLKMTRP to predict resistance to androgen‑based treatments in prostate cancer.,1,28,0,0.0,20,ok
2015,9146238,16,keyword,androgen receptor splice variant diagnostics with specific epitope CKHLKMTRP antibodies for detecting treatment resistance in prostate cancer using immunoassay to quantify variant protein levels.,2,24,0,0.0,18,ok
2015,9146238,16,function,Search for methods that use specific antibodies to detect androgen receptor splice variant protein expression as a biomarker for predicting failure of androgen deprivation therapy in prostate cancer.,1,28,0,0.0,18,ok
2015,9009503,1,summary,"Method and system for detecting a modulating signal within the electrical supply used by a computing device by mixing device and modulation signals, evaluating amplitude variations, and using logic to determine modulation presence before linking the device to the power network.",2,41,0,0.0,26,ok
2015,9009503,1,keyword,"Search for techniques that combine a computing unit’s power consumption with a modulating load signal, compute the amplitude of each composite waveform via processor memory, apply discriminating logic to detect the modulating presence, and then associate the unit with the main supply.",3,43,0,0.0,27,ok
2015,9009503,1,function,"A method for linking a computing unit to a power distribution network by combining input signals with a shared electrical supply signal that includes both the unit’s consumption and a modulating signal, then measuring signal amplitudes, discriminating the presence of the modulator, and establishing a connection upon detection.",2,49,0,0.0,29,ok
2015,8931146,34,summary,"Search for footwear laces combining an elastic core with a braided outer cover that intermixes two thread materials—one thinner, one larger and higher‑friction—where the larger threads protrude and occupy 14–24 % of the braid to resist untying.",1,40,0,0.0,26,ok
2015,8931146,34,keyword,"Search prior art for a footwear tying lace with an elastic core and braided outer cover that interweaves a primary thread of polymer such as polyethylene or nylon with a secondary thread (200‑400% larger cross‑section) of polyurethane‑polyurea or synthetic rubber, comprising 14–24 % of the heavier threads and offering high friction.",3,54,0,0.0,35,failed_constraints
2015,8931146,34,function,"Search for footwear lacing solutions incorporating an elastic core and a braided cover of mixed‑material threads, where a larger cross‑section elastic/high‑friction thread constitutes about 14–24 % of the braid to enhance resistance to untie and slippage.",1,40,0,0.0,26,ok
2015,8964215,6,summary,"Software‑based device controller retrieves predefined configuration value sets for each setting, constructs selectable lists per setting item, communicates these lists to an application, and applies the user‑chosen value set back to the device.",1,35,0,0.0,26,ok
2015,8964215,6,keyword,"Search for device‑control software that retrieves a setting‑value batch, generates a selectable list for a specific setting item, serves the list to an application, and accepts a batch selection for printer control.",3,34,1,0.05,20,failed_constraints
2015,8964215,6,function,"computer‑controlled device, especially printer, that retrieves stored configuration batches, dynamically generates selectable value lists for individual setting items upon API request, transmits these lists to an application, and applies a chosen value batch to configure device operations.",1,38,0,0.0,29,ok
2015,9096951,14,summary,"Search method: generating a high‑diversity encoded chemical library via split‑mix synthesis with primer tags encoding reactants, partitioning to select molecules with desired property, decoding tags to identify key reactants, then recombining those reactants in a focused split‑mix library for further selection.",2,44,0,0.0,34,ok
2015,9096951,14,keyword,"DNA‑encoded split‑mix combinatorial library synthesis using oligonucleotide tags linking reactants and priming sites, partitioned selection of encoded molecules with desired chemical properties, and iterative generation of focused second‑generation libraries from identified codons.",1,35,0,0.0,27,ok
2015,9096951,14,function,"Search for methods that produce a focused combinatorial library by linking each molecule to an oligonucleotide tag recording its reactants, separating the library based on functional property, identifying contributing reactants, and reconstructing a lower diversity library using those tags.",2,39,0,0.0,26,ok
2015,8944095,21,summary,"Compact gas delivery system for multiple semiconductor reactors using one pressure‑controlled main pipe and branch units with integrated pressure, temperature and flow sensors to adjust valves and maintain set flow rates without individual controllers.",1,35,0,0.0,27,ok
2015,8944095,21,keyword,"semiconductor processing gas supply system with a pressure‑controlled flow regulator comprising main and branch lines, upstream pressure sensor, temperature probe, thermal flow detector, control valve and orifice, arithmetic controller computing Qc=KP1, set flow signal Qs, and constraint P1≥2×P2.",3,42,0,0.0,34,ok
2015,8944095,21,function,"Search for compact gas supply systems that use a single pressure-controlled flow regulator, integrating one pressure sensor, multiple orifices and valves, with a control circuit computing flow from pressure and a setpoint, for semiconductor reactor arrays.",1,37,0,0.0,25,ok
2015,8998473,1,summary,"Wire‑frame horticultural lamp reflector featuring inward‑opening hook brackets that attach reflective panels, with selected brackets extending top over the lamp enclosure cover to improve light distribution.",1,28,0,0.0,22,ok
2015,8998473,1,keyword,"Search patents describing rectangular wire frame reflectors for horticultural lamps with hooked supports, inward‑facing reflective panels engaging hooks, and extended members projecting over the lamp enclosure cover.",3,28,0,0.0,22,ok
2015,8998473,1,function,"Search for horticultural lamp reflector assemblies that use separate upper and lower rectangular wire frames joined by transverse brackets with inward‑opening hooks engaging inset reflective panels, and brackets having upper extensions that project over the lamp enclosure cover to redirect light.",1,42,0,0.0,31,ok
2015,9111945,8,summary,"Find prior art on semiconductor packages featuring a substrate that integrates ground and I/O structures, a semiconductor element atop it, a covering encapsulant, and an insulated metal shielding layer bonded to the encapsulant and substrate sidewalls to mitigate ESD/EMI while remaining electrically separated from ground.",1,47,0,0.0,29,ok
2015,9111945,8,keyword,"integrated circuit packaging with a substrate that has ground and I/O structures, a die on the opposite side, an encapsulation covering, a metallic shielding layer on the encapsulant sidewalls electrically isolated from the ground, and ESD/EMI protection pads linked by conductive interconnects.",1,44,0,0.0,24,ok
2015,9111945,8,function,Search for semiconductor packages that use an insulated metal shield on the encapsulant and sidewalls to protect devices from electrostatic discharge and electromagnetic interference while integrating with substrate ground and I/O connections to improve yield.,3,36,0,0.0,20,ok
2015,9093465,8,summary,"Developing a fin‑based semiconductor process that planarizes an overcoat, coats it with a temporary oxide, strips the oxide, then redeposits the same material in‑situ to create a uniform second layer.",1,32,0,0.0,19,ok
2015,9093465,8,keyword,"Method for creating fin‑based transistor: deposit material film over fin substrate, planarize, coat with oxide, strip oxide entirely, then deposit an identical material film directly onto the exposed surface in‑situ, ensuring same composition.",2,35,0,0.0,28,ok
2015,9093465,8,function,"Search for semiconductor fabrication methods that planarize a material layer over a fin substrate, deposit and fully etch an oxide layer, then in‑situ redeposit the same material to create atomically flat interfaces for high‑performance finFET devices.",1,38,0,0.0,26,ok
2015,9191754,2,summary,"Automatic configuration of devices by extracting signal features, positioning movable and fixed cluster points in a multidimensional space, shifting movable clusters toward the feature vector, and computing a setting output to adjust equipment—applicable to hearing aids and smart‑grid transformers.",1,41,0,0.0,28,ok
2015,9191754,2,keyword,"Search for automatic tuning methods of hearing devices employing feature extraction from acoustic signals, adaptive classifier with fixed reference point and movable prototype in high‑dimensional feature space, assigning control parameters and computing output for device configuration.",2,37,0,0.0,27,ok
2015,9191754,2,function,"Search patents describing an automated procedure that extracts signal characteristics, then moves a movable reference point toward a fixed point in a feature space to compute control settings for devices such as hearing aids or grid transformers.",3,37,0,0.0,25,ok
2015,9145206,32,summary,"Search for a high‑pressure water‑jet powered personal flight board featuring swivel foot platforms, a pivoting inlet, and remote engine control, allowing a rider to lift off the water, glide, and perform underwater maneuvers without a tether.",3,38,1,0.037037037037037035,27,failed_constraints
2015,9145206,32,keyword,"Search for a high‑pressure waterjet powered launch board featuring an integrated inlet nozzle with swivel joint, foot‑platform thrust nozzles, a quick‑disconnect hose coupling, and a wireless engine control system, used for rider elevation and underwater dolphin‑style propulsion from a jet‑ski‑driven pump.",1,47,0,0.0,34,ok
2015,9145206,32,function,"Water‑powered jet propulsion board with a central swivel inlet housing and independent left and right foot platforms featuring downward thrust nozzles, enabling free‑hand steering, quick‑disconnect mounting, and high‑pressure hose lift from a jet ski for airborne and underwater rider traversal.",3,44,4,0.12121212121212122,33,failed_constraints
2015,8994504,6,summary,"Search for systems integrating motion sensing with RFID tag detection to distinguish tags that are attached to moving loads versus independent tags, using comparative motion analysis between reader‑mounted sensors and tag signal changes.",2,34,0,0.0,25,ok
2015,8994504,6,keyword,"search for systems that detect RFID tags linked to forklift or cart loads using an attachment sensor that supplies motion data, comparing it with tag location to determine integration with the vehicle load space, focusing on RFID detection, motion‑based association, and load identification.",2,44,0,0.0,29,ok
2015,8994504,6,function,"Query for patents describing a vehicle-mounted identification sensor that scans tags and compares tag motion data with vehicle or load motion from sensors to determine if the tag is part of the moving load or extraneous, enabling dynamic load space monitoring.",2,42,0,0.0,26,ok
2015,9217577,30,summary,"Inline condensation drain accessory featuring a sealed port, removable over‑cover, and cavity‑mounted level switch that disables HVAC condensate production when internal water breaches a threshold.",2,27,0,0.0,20,ok
2015,9217577,30,keyword,"inline condenser drain line access kit with sealed port, snap‑fit top cover, concealed overflow switch, self‑positioning bracket, conductive wiring access, level‑sensing sensor, electronic shut‑off relay, removable mounting, HVAC condensate protection.",1,34,0,0.0,31,ok
2015,9217577,30,function,"Inline condensation drainage unit with sealed inlet port, internal cavity, removable top cover, and interior overflow switch that senses liquid level to send an electronic shutdown signal to the HVAC system, using a snap‑fit bracket for replaceable switch access.",1,40,0,0.0,29,ok
2015,8930951,6,summary,"A method for categorizing running processes by power need, then moving a system into a connected standby mode so only essential tasks continue, while other tasks are paused or throttled according to those categories, allowing quick return to full operation when required.",2,42,0,0.0,29,ok
2015,8930951,6,keyword,"process power‑management state classification suspend throttle exempt, connected standby scheduling, low‑power execution state, computing device runtime, scheduler, battery conservation, mobile OS, embedded system, kernel power control",2,28,0,0.0,26,ok
2015,8930951,6,function,"Search for methods that classify processes as suspend, throttle, or exempt to transition a computer system into connected‑standby mode, suspending or throttling selected processes while keeping others running for rapid, low‑power wake‑up.",1,35,0,0.0,24,ok
2015,9162990,14,summary,"Find prior art on heterocyclic host materials for OLEDs containing alkyl, phenyl, biphenyl, naphthyl, phenanthryl, or triphenyl substituents that allow high‑efficiency light emission from doped emissive molecules.",2,28,0,0.0,21,ok
2015,9162990,14,keyword,"heterocyclic host compound for OLED phosphorescent emissive layer, formula G1, containing R1‑R10 substituents as alkyl (1‑6 C), phenyl, biphenyl, naphthyl, phenanthryl, triphenyl, with biphenyl‑diyl or phenylene α‑groups, and naphthyl/phenanthryl/triphenyl Ar‑groups.",2,37,0,0.0,25,ok
2015,9162990,14,function,"Search for heterocyclic host compounds with alkyl, phenyl, or biphenyl substitutions that embed phosphorescent emitters, enhancing energy transfer and efficiency in OLED-type electroluminescent displays.",2,25,0,0.0,17,ok
2015,8997220,4,summary,"How can a system automatically uncover SEO-based search poisoning by clustering URLs with anomalous keyword patterns and lexical traits, then mapping affected domains to compromised servers, without scraping the actual page content?",2,33,0,0.0,25,ok
2015,8997220,4,keyword,"Search for methods clustering flagged web domains by lexical feature divergence to detect SEO poisoning, focusing on suspicious URL clusters, relative newness, and server behavior changes, without full page crawling.",3,30,0,0.0,23,ok
2015,8997220,4,function,"Detect and cluster suspicious URLs by extracting lexical features, then analyze each cluster to confirm coordinated manipulation, which reveals the compromised servers behind the attack, without crawling each page and providing early defensive action.",2,34,0,0.0,25,ok
2015,9061237,23,summary,"Search for atmospheric CO2 removal using porous amine‑coated solid substrate to capture, heat‑regenerate, and isolate CO2, producing renewable fuels or construction materials.",1,24,0,0.0,18,ok
2015,9061237,23,keyword,"Search for atmospheric CO₂ capture systems using amine‑coated porous sorbent substrates, heat‑regenerative steam desorption below 120 °C, CO₂ isolation for sequestration or renewable feedstock conversion, and renewable energy source integration.",2,32,0,0.0,25,ok
2015,9061237,23,function,"Search for methods that extract atmospheric CO₂ using a porous solid sorbent with an amine coating, regenerate it with heat below 120 °C, isolate the CO₂ for storage or renewable carbon fuel production, and recycle the sorbent for continuous operation.",3,40,1,0.041666666666666664,24,failed_constraints
2015,8966502,6,summary,"Search for methods that insert a script into a web response to set event handlers guided by property extraction rules, then conditionally capture user actions within specified page areas, transport the captured logs to a server, and analyze them.",1,39,0,0.0,25,ok
2015,8966502,6,keyword,"Search for systems and methods that record web application operation logs by configuring client‑side event handlers based on property extraction rules, controlling logging scope via capture control definitions, rewriting handlers after non‑top frame requests, and storing sequential logs in server databases for analysis.",1,45,0,0.0,35,ok
2015,8966502,6,function,"Search for web application client‑side logging systems that use property extraction rules to set event handlers, capture sequential user actions within defined page areas, dynamically control log recording ranges based on captured content, and transmit logs to a server for structured analysis.",1,43,0,0.0,33,ok
2015,9022105,35,summary,"Search for an expandable inflatable body with radial fluid ports whose integrated filter screens enlarge during inflation to maintain clear fluid flow and reject debris, used for downhole packers or similar fluid management devices.",2,34,0,0.0,25,ok
2015,9022105,35,keyword,"Search for an inflatable packer system with radially arranged fluid ports, a dual‑layer filter expanding in coverage during deployment, and a screen over a drain, designed for downhole fluid sampling when the packer expands from a small to a large diameter.",2,42,0,0.0,25,ok
2015,9022105,35,function,Search for expandable device or packer with fluid drains covered by multi‑layer filters that enlarge surface area during expansion to allow debris‑free sampling of fluids in downhole settings.,1,30,0,0.0,20,ok
2015,8997623,29,summary,"Handgun barrel locking block that uses threaded attachment to lock the barrel to the breech, includes a swing‑out control guide for barrel separation after firing, and incorporates a detachable feed ramp for cartridge loading from a magazine.",1,38,0,0.0,24,ok
2015,8997623,29,keyword,"Search for handgun barrel locking block systems featuring a removable control guide that swings the barrel away from the breech after firing, a detachable feed‑ramp member that channels magazine cartridges into the chamber, and screw‑threaded interlocking surfaces with flange latching.",1,42,0,0.0,28,ok
2015,8997623,29,function,"handgun barrel lock with a screw‑threaded latch, a lever guide that swings the barrel out after firing, and a detachable feed ramp that directs a magazine cartridge into the chamber following ejection, featuring a flanged latch and peripheral groove for thread engagement.",1,43,0,0.0,27,ok
2015,9189875,6,summary,"Create a query that seeks prior art on presentation software that detects unsupported features when opening or exporting a slide deck, automatically fixes affected slides, lists warnings per error, and lets the user adjust corrections via interactive selection.",1,38,0,0.0,27,ok
2015,9189875,6,keyword,"Search for methods and systems that provide automatic detection and correction of unsupported or unidentifiable objects when opening or exporting a presentation file, displaying a selectable error list in the UI, allowing users to view corrected slides and apply alternate edits.",2,41,0,0.0,25,ok
2015,9189875,6,function,software system for detecting unsupported features in presentations during import or export; auto‑correcting affected slides; presenting a selectable error‑list in an application window; allowing user to view each corrected slide and apply alternative fixes to related slides,1,39,0,0.0,28,ok
2015,9198275,26,summary,Search for plasma torch designs featuring a slot‑shaped outer tube and an internal auxiliary tube that allow plasma generated by inductive coupling to be maintained at very low flow rates (≤8 L/min) within a plate‑electrode aperture.,2,39,0,0.0,25,ok
2015,9198275,26,keyword,"Search for plasma torches featuring a plate electrode aperture, an outer tube with a constant‑radius longitudinal slot, an inner auxiliary tube, and inductive coupling sustaining plasma at gas flow rates below eight liters per minute.",3,36,1,0.038461538461538464,26,failed_constraints
2015,9198275,26,function,"Search for induction‑coupled plasma devices featuring a torch with an outer tube of constant radius formed by a slot, an internal auxiliary tube, and a plate electrode aperture that accommodates the torch, enabling plasma at flow rates up to eight liters per minute or lower.",3,46,0,0.0,29,ok
2015,9183727,12,summary,"Search for a platform manager that monitors a tracked object, detects when it loses presence signals, assigns a user‑selected communication device within a set period, and forwards a disconnection alert to the device owner.",2,35,0,0.0,21,ok
2015,9183727,12,keyword,"Search for systems where a platform manager device with a memory‑executed application identifies a tracked device's most recent position upon detecting absence of presence signals, designates an owner communications device for a user‑defined period, and transmits a disconnection alert through device associations.",3,45,2,0.06666666666666667,30,failed_constraints
2015,9183727,12,function,"system or method that assigns a communications device to an object for a user‑defined period, detects a tracked device’s loss of presence, retrieves its last location, and alerts the responsible device with a disconnection notification.",3,37,0,0.0,20,ok
2015,9130514,5,summary,"Determine prior art for a display driver that supplies a common voltage via a switching amplifier, using an inductor and the display’s inherent capacitance to form a filter that improves transient response and power efficiency.",3,36,1,0.047619047619047616,21,failed_constraints
2015,9130514,5,keyword,"search for LCD display drivers employing a Class‑D switching power converter that generates a common supply rail, using an inductor and the display’s internal capacitance to form an LC filter that enhances transient stability and increases conversion efficiency.",2,40,0,0.0,25,ok
2015,9130514,5,function,"Search for display drivers that generate a common supply voltage using a high‑efficiency switching amplifier, filter the pulse train with a display‑internal capacitor and an external inductor to enhance transient stability and power economy.",2,36,0,0.0,23,ok
2015,9186862,21,summary,"Search for thermoplastic sheet technology that uses sparse, low‑strength cold bonds between adjacent polymer layers, where bond strength is below each layer’s tear resistance, yet the composite shows superior or maintained tensile integrity.",2,35,0,0.0,26,ok
2015,9186862,21,keyword,"Search for thermoplastic bilayer films featuring discrete cold‐bonded non‑adhesive regions alternating with unbonded gaps, with bond strength deliberately below each layer’s tear resistance and layers’ machine directions parallel, to achieve enhanced overall film strength.",1,37,0,0.0,29,ok
2015,9186862,21,function,"Search for methods and devices producing lightweight laminated thermoplastic multilayer films that contain alternating bonded and unbonded zones where the bond strength is lower than each layer’s tear resistance, yielding enhanced overall film strength.",1,35,0,0.0,25,ok
2015,8995077,2,summary,"Search for methods that detect housing vibration to trigger automatic head retraction in disk devices, evaluate head status against a threshold, and adapt vibration‑sensitivity settings accordingly to safeguard the actuator.",2,31,0,0.0,21,ok
2015,8995077,2,keyword,"Search for electronic devices featuring a housing‑mounted vibration sensor, a disk‑drive head that retracts when detected vibration exceeds a preset threshold, and firmware that adjusts sensitivity based on stored head‑status evaluations.",1,34,0,0.0,23,ok
2015,8995077,2,function,"vibration detection in electronic housing leading to hard drive head retraction, with adaptive sensitivity control based on evaluated head performance metric and threshold.",1,23,0,0.0,16,ok
2015,9099159,2,summary,"Query the prior art for disk drives that segment data tracks into servo‑bounded zones, read each segment twice with a pause, generating periodic quality metrics, repositioning the head during the pause, and accumulating metrics for track reliability assessment.",1,39,0,0.0,27,ok
2015,9099159,2,keyword,"Identify prior art for a hard disk drive with servo track architecture, read channel alternating read and idle states, generating quality metrics at periodic intervals on data segments, and head repositioning between tracks between reads.",3,35,3,0.11538461538461539,26,failed_constraints
2015,9099159,2,function,"Disk drive that reads a data segment, measures signal fidelity at many sample positions, pauses for a set interval where the head moves off track, then rereads the segment to calculate fidelity values and records them for future diagnostics.",2,39,0,0.0,25,ok
2015,9154624,3,summary,"Search for telephone systems that play a lead‑generation message, record caller information, establish service accounts, then intelligently route the call to available human agents or an IVR menu based on real‑time availability.",1,34,0,0.0,24,ok
2015,9154624,3,keyword,"Telephony interface system that receives incoming calls, presents a sales lead prompt, records caller voice, detects completion, offers subscription, collects account data, and conditionally routes to a human call center or IVR menu based on center availability.",1,37,0,0.0,28,ok
2015,9154624,3,function,"systems and methods that receive incoming telephone calls, play sales or subscription prompts, determine caller completion, capture registration data, and dynamically route the call to available call center agents or an IVR menu when agents are busy.",1,37,0,0.0,25,ok
2015,9007533,2,summary,"Motor‑driven display carriage runs along a track, uses end‑sensing to reverse direction, and routes itself to a charging station when its battery drops below a set threshold.",1,29,0,0.0,19,ok
2015,9007533,2,keyword,"motorized display carriage on linear track with end‑position sensors, battery‑driven controller, autonomous reversal, battery‑level monitoring, automatic docking to charging station, wheel drive motor, display module support body",1,30,0,0.0,25,ok
2015,9007533,2,function,"autonomous display fixture navigating a guide rail, detecting track endpoints, reversing direction, and automatically returning to a charging station when battery falls below a threshold, using a motor‑driven wheel and controller logic.",1,33,0,0.0,23,ok
2015,8998975,13,summary,"Search for devices that combine a central helical stent segment with an orthogonal, amplitude‑varying end section created by irregular strut lengths, allowing more flexible expansion and improved anchoring in arteries.",1,31,0,0.0,21,ok
2015,8998975,13,keyword,"Search for coronary or vascular stent designs featuring a central helical tube with struts and crown links, an end-cap constructed from a variable-length, amplitude-increasing waveform connecting to the main tube via a joint, producing orthogonal termination.",1,39,0,0.0,26,ok
2015,8998975,13,function,"Search for spiral stent designs featuring a central helical shaft coupled to end extensions with progressively increasing amplitude waveforms connected in a joint, creating orthogonal termini for enhanced support, reduced migration, and controlled expansion in tubular vessels.",1,37,0,0.0,26,ok
2015,9025587,4,summary,"Looking for a SIP auto‑answer system that automatically accepts calls from a trusted third party identified by a FROM header without IP addresses, enabling advanced features like Push‑to‑Talk and click‑to‑call.",3,35,1,0.045454545454545456,22,failed_constraints
2015,9025587,4,keyword,"Search for systems implementing automatic acceptance of SIP INVITE requests from a trusted intermediary that are identified by absence of IP addresses in the FROM header, enabling auto‑answer for VOIP and integration of push‑to‑talk, remote monitoring, and click‑to‑call features.",1,44,0,0.0,25,ok
2015,9025587,4,function,"Auto‑accept SIP INVITE when the FROM header indicates a trusted third party without IP addresses; immediately respond OK to enable instant answering and support advanced VOIP functions such as push‑to‑talk, click‑to‑call, and remote monitoring.",3,39,4,0.14814814814814814,27,failed_constraints
2015,9123722,8,summary,"In multilayer semiconductor design, a method creates interconnects by placing vertical posts through pattern gaps in a middle layer, linking an upper circuitry level to a lower one while the lateral patterned features avoid contact.",1,35,0,0.0,24,ok
2015,9123722,8,keyword,"Semiconductor die stack with first circuitry layer, dielectric, second layer containing patterned copper features forming an opening, third circuitry layer, vertically aligned conductively posts or plugs bridging from third to first layer through the opening, sub‑100 nm pitch",1,39,0,0.0,31,ok
2015,9123722,8,function,"Search for semiconductor architectures that enable multi‑level interconnects by forming patterned conductor layers with gaps, allowing vertical posts or plugs to connect upper circuitry to lower levels, preserving lateral feature spacing and avoiding contact with surrounding conductors.",2,38,0,0.0,27,ok
2015,8954077,4,summary,"Search for methods where a mobile device's membership in a subscriber group is verified during handover, and the network selectively includes or excludes that membership flag in the handover message depending on the target access point's access mode to enforce context‑aware control.",1,45,0,0.0,26,ok
2015,8954077,4,keyword,"Search for techniques that perform subscriber‑group membership checks at a cell, embed a group‑membership flag in handover initiation messages, and conditionally include the flag based on the cell’s access mode, possibly triggered by an RLF or context‑fetch operation in a wireless access network.",1,47,0,0.0,29,ok
2015,8954077,4,function,"Search for methods or systems that determine an access terminal’s membership in a subscriber group using the terminal’s own group list, then initiate handover to a cell while conditionally attaching a membership indicator to the handover message according to the cell’s access mode.",1,46,0,0.0,27,ok
2015,9009232,4,summary,"Search for social network authentication request handling that forwards shared social attribute data, including a third-party common connection, to the recipient client to enable decision‑making, with the server computing familiarity scores and selecting the most connected common friend.",1,40,0,0.0,28,ok
2015,9009232,4,keyword,"Search patents describing a system for evaluating authentication requests between user devices, computing familiarity metrics from shared activity indices, selecting a mediator client with highest connection weight, and forwarding relationship establishment data before consent.",2,34,0,0.0,26,ok
2015,9009232,4,function,"Does prior art describe a server-side protocol that detects a friend request, queries an index for mutual social attributes, scores familiarity among shared contacts, selects the most connected third party, and forwards that data to let the recipient decide acceptance?",2,41,0,0.0,29,ok
2015,8944232,31,summary,"Search for automatic transmission parking lock mechanisms that use a double‑valve hydraulic system requiring both valves in specific positions to pressurize a lock cylinder, otherwise venting pressure to keep the lock engaged.",1,33,0,0.0,23,ok
2015,8944232,31,keyword,"Retrieve prior art for automotive gearbox hydraulic control assemblies where a parking actuator cylinder is engaged/disengaged only when two directional valves are each set to a specific position, showing piston arrangement, pressure source coupling, and venting mechanism.",2,38,0,0.0,27,ok
2015,8944232,31,function,Hydraulic parking lock actuator for automatic transmissions requiring dual valve control where both valves must be in specified positions before the cylinder can be pressurised to unlock the parking pawl.,1,30,0,0.0,20,ok
2015,8982755,4,summary,"A network entity that monitors device power headroom, channel load, packet loss, and battery status to decide grouping of transmission slots for uplink, selecting bundle sizes of 2–4 slots based on thresholds.",2,33,0,0.0,21,ok
2015,8982755,4,keyword,"Method to control uplink packet grouping size for a wireless device based on device signal margin, channel load, retransmission frequency, and residual battery, where grouping size is chosen from a small set of discrete values and communicated to the device.",2,40,0,0.0,25,ok
2015,8982755,4,function,"A cellular gateway evaluates a device’s power headroom and network conditions to decide if grouping multiple sub‑slot transmissions is needed, then selects a grouping size of 2, 3, or 4 based on channel load, retransmission rate, or battery life, and instructs the device to use that size.",2,49,0,0.0,28,ok
2015,8948974,32,summary,"Search for articulated dump vehicles with hydraulic bin control that adjusts dump rate based on vehicle speed, tilt, load mass, and material type to stabilize unloading.",1,26,0,0.0,18,ok
2015,8948974,32,keyword,"Search for articulated dump trucks featuring load bin cylindrical actuators controlled by a system that adjusts dump angle using inputs such as vehicle speed, inclination, load weight, and material type to enhance unloading rate and stability.",1,36,0,0.0,26,ok
2015,8948974,32,function,"system for dynamically adjusting dump table height and spread rate of bulk material based on vehicle speed, inclination, load weight, and material type to optimize unloading at a dump site",2,30,0,0.0,20,ok
2015,9071392,4,summary,"Search for devices that generate uplink timing reference signals using a single inverse FFT engine irrespective of timing mode, enabling low‑complexity, low‑power wireless transceivers by partitioning subcarrier sets for initial and periodic measurements.",3,35,0,0.0,26,ok
2015,9071392,4,keyword,"Search for a wireless terminal that employs a single IFFT stage, a subcarrier‑group demultiplexer, and a conditional multiplexer to generate initial and periodic ranging bursts on distinct frequency intervals, thereby reducing hardware complexity and uplink power consumption.",2,38,0,0.0,25,ok
2015,9071392,4,function,"Search for devices or methods that implement an IFFT‑based ranging signal generation for wireless terminals, allowing independent selection of initial and periodic ranging modes, thereby reducing hardware complexity and power consumption.",2,32,0,0.0,22,ok
2015,9161424,1,summary,"Search for discharge lamp control methods that modify alternating current waveform during the ignition run‑up period to switch the arc attachment from a continuous to a spot mode, enabling rapid spot ignition in sealed lamps with multiple electrodes.",1,39,0,0.0,26,ok
2015,9161424,1,keyword,"Search for patent disclosures concerning a sealed discharge lamp with dual electrodes, where a driver circuit supplies AC during startup, and the AC waveform is modified to a spot‑enhancing shape to transition the arc attachment to spot mode.",2,39,0,0.0,24,ok
2015,9161424,1,function,"Identify prior art for a lighting system where a driver transmits alternating current to a sealed discharge lamp, then modifies the AC waveform during startup to force the arc to engage electrodes as a spot, thereby improving efficiency.",2,38,0,0.0,24,ok
2015,9171027,6,summary,"How can a database system use a logical‑physical ID mapping to maintain multiple data record versions, updating index leaf pointers to fixed logical IDs while changing only the mapping table upon record modifications?",1,34,0,0.0,27,ok
2015,9171027,6,keyword,"Search for methods and systems that employ a logical‑to‑physical record ID indirection table for multi‑version data rows, updating index leaf entries to reference logical IDs rather than physical row IDs, and maintain version maps without altering leaf pages during data operations.",1,44,0,0.0,34,ok
2015,9171027,6,function,"Search for database record versioning methods that employ a logical‑record‑to‑physical‑row mapping table and replace index leaf entries with logical record ids, updating only the indirection table on data‑record operations to support multi‑version data handling.",1,40,0,0.0,29,ok
2015,9063672,6,summary,"How to compare and validate that a derived comparison model fully implements a reference model by generating encoded representations, enforcing consistent rule sets, checking behavioral equivalence of semantic units, and ensuring the comparison model covers all reference model elements.",2,39,0,0.0,28,ok
2015,9063672,6,keyword,"Search for systems that store a reference model and a comparison model on memory, then generate representations, verify compatibility of data flow diagrams, semantic unit behavior alignment, and rule‑based equivalence via a processing unit.",3,35,2,0.08333333333333333,24,failed_constraints
2015,9063672,6,function,"How to verify two models conform to the same constraints by generating and comparing abstract representations, checking that all functional behaviors in the compared model correspond to those in the reference, and ensuring every semantic element in the reference is represented in the comparison?",2,44,0,0.0,25,ok
2015,9056062,16,summary,"Search for antiperspirant aerosols containing propellant, high nonvolatile silicone oil (20–35%), only active particulates, excluding reactive siloxanes and bulk clays to enhance spread and stability.",1,26,0,0.0,20,ok
2015,9056062,16,keyword,"antiperspirant aerosol formulations comprising particulate active antiperspirants, propellant, 20–35 wt % low‑volatility silicone oil, free from functionalized siloxanes, acid‑base or chelate reactivity, and excluding bulking clays or silica.",3,30,0,0.0,24,ok
2015,9056062,16,function,"Search for aerosol deodorant compositions using solid antiperspirant particles, containing 20‑35 % silicone‑based oil, lacking reactive siloxanes or clays, and employing a propellant to achieve a stable, non‑reactive deodorant aerosol.",2,32,0,0.0,24,ok
2015,9132935,28,summary,"Search for methods combining flat printable sheets with integrated perforation lines that allow easy separation and folding into three‑dimensional objects, where the sheet is scanned or printed, then cut along outlet perforations and assembled via scored creases.",1,38,0,0.0,26,ok
2015,9132935,28,keyword,"Method for fabricating custom printed structures using a template panel with perimeter perforations, extension perforations to sheet edges, and internal scored crease lines; panel is printed, bent along extensions to release object, then folded along creases to form a 3‑D assembly.",3,42,2,0.06896551724137931,29,failed_constraints
2015,9132935,28,function,"methods or systems for printing on a sheet with peripheral perforations and run‑out perforations, then bending to separate the printed parts and folding along scored lines to form collapsible 3‑D models or structures.",3,35,3,0.15,20,failed_constraints
2015,8967869,31,summary,"Search for backup sliding bearings using metal‑matrix composites with embedded, coated particles that release lubricants or solid lubricants upon impact to improve emergency shaft‑bearing performance.",1,27,0,0.0,20,ok
2015,8967869,31,keyword,"Search for sliding bearing surfaces using a metal alloy matrix, exposed structural phase encapsulating liquid lubricant, particle‑coated layer acting as backstop, with solid lubricants such as molybdenum disulfide, tungsten disulfide, or graphite, and protective coatings for emergency bearing function.",2,40,0,0.0,30,ok
2015,8967869,31,function,"Search for backup bearing surfaces that release lubricants when particle coatings are abraded, comprising alloy layers with embedded, coated particles bearing internal oils, designed to improve emergency shaft sliding performance under impact.",1,32,0,0.0,24,ok
2015,9138450,16,summary,"Search for methods using polymeric proanthocyanidin extracts from Croton or Calophyllum species to relieve constipation, abdominal pain, and alternating bowel habits in functional gut disorder patients, with effective oral doses 50–500 mg/day equivalent to crofelemer.",2,37,0,0.0,27,ok
2015,9138450,16,keyword,"Search for oral bioequivalent dosing of polymeric proanthocyanidins from Croton or Calophyllum species for alternating constipation/diarrhea functional bowel disorder, focusing on crofelemer, intestinal motility, abdominal pain reduction, and latex/extract formulations.",2,32,0,0.0,23,ok
2015,9138450,16,function,"Search patents describing oral administration of polymeric proanthocyanidin extracts from Croton or Calophyllum plants for relief of alternating constipation‑diarrhea symptoms and abdominal discomfort, with dosages equivalent to 50‑500 mg crofelemer per day.",2,34,0,0.0,24,ok
2015,9097471,26,summary,"Identify prior art for a cylindrical pipe featuring helical external ribs and parallel inner ribs, with asymmetric circumferential protrusions over grooves produced by rolling followed by pin deformation on a rotating mandrel to enhance heat transfer.",2,36,0,0.0,25,ok
2015,9097471,26,keyword,"Search for thermally conductive tube with external helically arranged ribs and asymmetric circumferentially displaced internal rib projections formed by a rolling-and-pin deformation process, incorporating grooves between rib spacings, ≤45° helix angle, and a continuous deformation gradient.",2,38,0,0.0,28,ok
2015,9097471,26,function,"Search for heat‑exchanger tubes having helically ribbed outer walls, internally helically or axially parallel ribs with inter‑rib grooves, where inner ribs are asymmetrically deformed on one side circumferentially to create protrusions above the grooves, helix angle ≤45°, using rolling and mandrel‑pin methods.",1,45,0,0.0,34,ok
2015,9199031,13,summary,"Search for systems that adjust insulin basal rates during physical activity by comparing pre‑ and post‑exercise glucose readings, modifying delivery levels, and estimating carbohydrate requirements using user‑specific insulin sensitivity and activity duration.",1,34,0,0.0,26,ok
2015,9199031,13,keyword,"Computer‑controlled insulin pump algorithm that measures pre‑exercise and post‑exercise glucose, calculates delta, applies threshold‑based basal rate adjustment, suggests carbohydrate intake, and logs recommended carb dose using carbohydrate‑to‑insulin ratio, exercise duration, baseline basal, and insulin sensitivity.",1,41,0,0.0,34,ok
2015,9199031,13,function,"system for adjusting insulin basal infusion during exercise by comparing pre- and post-exercise glucose readings to alter basal rates, provide carbohydrate recommendations, and deliver insulin accordingly—computationally managed via processors.",1,31,0,0.0,24,ok
2015,9069194,9,summary,"Search for integrated photonic polarization controllers using an MMI coupler with three evenly spaced input ports, a phase shifter feeding one port, multiple waveguide arms, and a tapered waveguide linking to a secondary facet, enabling dynamic TE/TM conversion.",1,39,0,0.0,29,ok
2015,9069194,9,keyword,"Investigate integrated photonic assemblies incorporating an MMI coupler with three ports on distinct axes, linked by a phase shifter and coupled to a tapered waveguide that narrows toward an end facet, accepting TE/TM polarized input light.",2,37,0,0.0,25,ok
2015,9069194,9,function,"Search for integrated optical polarization control that uses a multimode interference coupler with multiple input ports, a phase shifter and a tapered waveguide to selectively manipulate transverse electric and magnetic field components, enabling dynamic tuning of output polarization states.",1,39,0,0.0,27,ok
2015,9061968,16,summary,"Developing distinct crystal forms of a sodium salt of an anti‑inflammatory agent by controlled crystallization, drying, and hydration, then characterizing each form with X‑ray diffraction to identify unique peak patterns.",2,32,0,0.0,21,ok
2015,9061968,16,keyword,"Search for bromfenac sodium crystalline variants identified by unique X‑ray diffraction peaks at 2θ ~16.5°, 18.5°, 20.7°, 34.1°, 11.3°, 14.4°, 17.3°, 19.4°, 21.0°, 22.7°, 29.0°, 31.8°, and 36.1°, with methods involving solvent exchange and controlled desiccation.",3,50,11,0.4074074074074074,27,failed_constraints
2015,9061968,16,function,"Identify processes for generating and converting distinct crystal forms of bromfenac sodium, employing crystallization, recrystallization, controlled drying, and hydration steps to achieve desired X‑ray diffraction patterns and pharmaceutical properties.",3,30,1,0.047619047619047616,21,failed_constraints
2015,9204299,4,summary,Describe systems that use a joint key authority to allow mobile devices to switch between Wi‑Fi ESS segments without disconnecting by prefetching a shared credential.,1,26,0,0.0,18,ok
2015,9204299,4,keyword,"Search for patents describing seamless wireless handover in mobile devices using a central authority that advertises a shared master key identifier, enabling pre‑association authentication across multiple Extended Service Sets and Basic Service Sets.",3,34,2,0.07692307692307693,26,failed_constraints
2015,9204299,4,function,Seamless handover of mobile devices across multiple Wi‑Fi extended service sets using a pre‑associated key holder identifier for expedited authentication.,3,22,2,0.11764705882352941,17,failed_constraints
2015,9092376,6,summary,"Search for methods arranging snapshot creation and deletion of multiple virtual machines by ordering them according to disk write load, so that high‑write VMs snapshot last and expire first, reducing performance disruption.",2,33,0,0.0,23,ok
2015,9092376,6,keyword,"Search for methods that sequence virtual machine snapshots by disk write intensity, using a storage system to coordinate hypervisor manager snapshot creation and subsequent deletion with reversed intensity ranking, targeting performance‑sensitive VMs.",3,33,1,0.041666666666666664,24,failed_constraints
2015,9092376,6,function,"methods for sequencing virtual machine snapshot creation and deletion based on disk write intensity, where more active VMs are snapshotted last and removed first to reduce performance degradation during volume backup operations.",3,32,2,0.08695652173913043,23,failed_constraints
2015,9186115,10,summary,"Method and system to correct orientation‑dependent energy distortion in gamma imaging detectors caused by magnetic fields, using pre‑calibrated orientation tables or computational models stored in memory and applied in real time during acquisition on a gantry‑mounted system.",1,40,0,0.0,28,ok
2015,9186115,10,keyword,"magnetic field‑influenced gamma camera energy‑response compensation method using detector orientation data and interpolation lookup tables, implemented on a gantry‑mounted scintillation detector with calibration acquisitions at diverse Earth‑relative angles for image reconstruction.",1,35,0,0.0,27,ok
2015,9186115,10,function,Search for systems that correct magnetic‑field‑induced energy variation in gamma‑camera detectors by recording orientation‑dependent compensation values stored in memory and applying them during imaging to improve quantitative accuracy.,1,32,0,0.0,22,ok
2015,9041164,8,summary,"Search for methods that coat a textured semiconductor with a conformal anti‑reflective layer deposited by atomic‑scale layering, employing light‑absorbing organic‑inorganic hybrids or size‑uniform organic absorbers, and subsequently apply a photoresist.",2,35,0,0.0,24,ok
2015,9041164,8,keyword,"Search for substrates with relief topography coated by a conformal light‑absorbing layer deposited via molecular or atomic layer deposition, comprising hybrid organic–inorganic or monodisperse organics absorbing at 150–500 nm, followed by a photoresist coating.",3,37,1,0.038461538461538464,26,failed_constraints
2015,9041164,8,function,"Search for methods of depositing a conformal anti‑reflective coating via conformal film deposition on a textured semiconductor substrate, where the coating includes an organic‑inorganic composite or monodisperse organic absorber that suppresses surface reflections for deep‑ultraviolet lithography, followed by photoresist application.",2,43,0,0.0,29,ok
2015,8964501,10,summary,"Search for methods that use data from two towed seismic streamers to model and calculate second‑or higher‑order spatial derivatives of the pressure field, combining particle motion measurements with pressure wavefield analysis to improve subsurface imaging.",2,37,0,0.0,25,ok
2015,8964501,10,keyword,"searching for methods using dual-streamer hydrophone arrays to acquire correlated velocity and displacement data while towing, followed by modeling and computing second or higher order spatial derivatives of the pressure field from combined sensor data.",2,36,0,0.0,25,ok
2015,8964501,10,function,"Searching for methods that use simultaneous data from multiple towing streamers to compute pressure-waves’ spatial gradients beyond first order, enabling improved subsurface imaging and structural interpretation in marine seismic surveys.",2,31,0,0.0,23,ok
2015,9052793,6,summary,"Search methods for synchronizing UI components with a database by reading cached records, comparing with persistent storage entries identified by keys, updating the cache, and notifying observers of changed values and operation completion – enabling efficient observable data updates.",1,38,0,0.0,26,ok
2015,9052793,6,keyword,"Search for software methods that retrieve UI component values from an in‑memory cache, read corresponding persisted values via key indices, compare and replace cached entries, and dispatch observer notifications after change detection and operation completion.",1,36,0,0.0,26,ok
2015,9052793,6,function,"Search for systems that update data displayed by several UI widgets by retrieving cached values, fetching corresponding entries from long‑term storage, reconciling differences, writing refreshed values back to the cache, and signaling observers when changes complete.",2,37,0,0.0,26,ok
2015,9089328,13,summary,"Search for surgical incision closure devices featuring serpentine lateral ties and axial supports that allow controlled expansion and secure closure, using antimicrobial materials and adhesive coverings.",1,26,0,0.0,19,ok
2015,9089328,13,keyword,"Search for a surgical incision closure device featuring left and right tissue‑adherent panels linked by serrated closure elements and axially spaced supports that flex laterally, including antimicrobial composite materials and a removable flexible adhesive wrap.",3,36,0,0.0,26,ok
2015,9089328,13,function,"search for surgical incision closure systems with dual‑tissue panels, serpentine interconnecting elements, expansion‑restricting axial support structures providing controlled lateral or axial tension, antimicrobial composition, and optional flexible adhesive overlay.",3,31,0,0.0,25,ok
2015,9017372,13,summary,"Search for a surgical forceps that uses pivoting shafts with jaws, a blade that reciprocates through a jaw, a trigger-linked linkage to extend the blade, and a blocking component that engages the linkage during jaw closure to prevent blade movement until jaws are opened.",2,45,0,0.0,27,ok
2015,9017372,13,keyword,"search for surgical forceps with pivoting shafts, jaws and reciprocating blade, trigger-operated linkage mechanism, and detachable locking element preventing blade extension when jaws are closed.",2,26,0,0.0,18,ok
2015,9017372,13,function,"Search orthopedic suture forceps with reciprocating blade, trigger mechanism, jaw closure, and locking interference member preventing blade extension during tissue grasping; focusing on trigger‑operated blade translation, pivoting linkage, jaw pivot about a pivot, and locking member engaged during jaw approximation.",1,41,0,0.0,34,ok
2015,9153829,1,summary,"Search for fuel cell assemblies employing a dual-layered moisture-control arrangement, where a hydrophilic barrier bonded to the anode plate is separated from a gas-containing layer by a water-absorbing, gas-penetrable membrane, eliminating internal voids.",2,38,0,0.0,25,ok
2015,9153829,1,keyword,"Search passive fuel cell designs featuring a membrane electrode assembly with opposing anode and cathode collector electrodes, including a gas‑impermeable hydrophilic layer on the anode side, a water‑absorbent gas‑permeable intermediate, and a gas‑liquid separator layer directly contacting the hydrophilic sheet, with no intervening voids.",3,48,4,0.11428571428571428,35,failed_constraints
2015,9153829,1,function,"Search prior art for a passive fuel cell assembly that places a hydrophilic, gas‑impermeable layer on the anode side, a water‑absorbing, gas‑permeable intermediate layer, and a gas‑liquid separation layer, while eliminating any air gap between the two.",3,41,8,0.27586206896551724,29,failed_constraints
2015,9010769,32,summary,"Search for devices that link a stroller to a shop cart with a rigid frame, handle for combined steering, attachment gripper, weather shelter, and drip collection, allowing single‑user operation of stroller and cart simultaneously.",1,35,0,0.0,22,ok
2015,9010769,32,keyword,"Search for stroller‑cart coupling system with rigid cross‑member frame, pivoting handle featuring lock pins, attachment gripper, weather shelter, and condensation drainage mechanism.",1,24,0,0.0,19,ok
2015,9010769,32,function,"device enabling single operator to simultaneously control a children’s carriage and a utility cart through a shared frame, handle, and weather shelter.",2,23,0,0.0,14,ok
2015,9179765,34,summary,"Query for a toothbrush with an integrated, detachable reservoir of whitening agent that can be removed after brushing to apply the solution directly to teeth.",2,25,0,0.0,13,ok
2015,9179765,34,keyword,"Search for toothbrush with detachable whitening agent container mounted on the handle, a removable reservoir for bleaching solution, method for applying gel to oral surfaces using the detachable unit after brushing; focus on oral hygiene devices and whitening systems.",2,39,0,0.0,26,ok
2015,9179765,34,function,"Search for methods that use a toothbrush featuring a detachable reservoir of a bleaching solution, where the reservoir is separated from the handle and the bleaching agent is applied to the oral cavity after brushing.",2,35,0,0.0,17,ok
2015,9086524,29,summary,"Create a large‑diameter fiber preform by plasma‑assisted CVD of fluorine‑and germanium‑doped silicon dioxide inside a quartz tube, forming layered claddings; melt‑contract the deposition into a core rod, sleeve it in quartz, and obtain a preform for high‑speed fiber fabrication.",2,45,0,0.0,30,ok
2015,9086524,29,keyword,"Search for optical fiber preform methods using pure quartz glass lining tubes with PCVD/MCVD plasma deposition of SiCl4/O2 mixed with fluorine and GeCl4, microwave ionization, melt contraction to solid core rods, jacketing in quartz tubes, preform diameters 95–205 mm, and fiber drawing under 1 000–10 000 Pa vacuum, 1 300–1 600 m/min, coating with modulus and Tg.",3,63,9,0.19148936170212766,47,failed_constraints
2015,9086524,29,function,"Method of producing large‑diameter silica glass preforms for fiber using a quartz tube substrate, PCVD/MCVD deposition with SiCl4, GeCl4, fluorine gases, microwave plasma, melt‑contraction, sleeving into a quartz jacketing tube, enabling core‑cladding structures and controlling diameter 95‑205 mm.",3,43,1,0.029411764705882353,34,failed_constraints
2015,9056224,33,summary,"Search for methods of creating golf balls with multiple distinct color zones by applying one or several partial translucent coatings to the outer shell, forming intersecting color boundaries and enhancing aesthetic appearance beyond a single uniform coating.",1,37,0,0.0,26,ok
2015,9056224,33,keyword,"Search patent literature on applying multiple translucent colorant coatings to the outer skin of a golf ball covering, detailing core composition, overlapping paint zones, surface area ratios, and how paint layers intersect to produce a multi‑tone appearance.",2,38,0,0.0,28,ok
2015,9056224,33,function,"How can a method of partially coating a golf ball’s cover with distinct color layers, including at least one translucent coating, be used to create multiple visually separate color regions while preserving overall aesthetic consistency?",1,36,0,0.0,26,ok
2015,9014240,4,summary,"Wireless transceiver employing an internal frequency source split between a frequency multiplier and a PLL, with a dedicated switching network that routes the source directly to the antenna during transmission, bypassing the mixer to lower power use and boost efficiency.",1,40,0,0.0,25,ok
2015,9014240,4,keyword,"Search for patent documents describing a dual‑frequency local oscillator system with a reference oscillator, two frequency conversion stages (frequency multiplier and phase‑locked loop), integrated switching between transmission and reception paths bypassing the mixer, and autonomous power‑sensing sleep‑wake control in wireless receivers.",3,45,1,0.029411764705882353,34,failed_constraints
2015,9014240,4,function,"Search for portable wireless transceiver employing dual‑frequency conversion oscillator with low‑power multiplier and PLL, selectively routing oscillator output to mixer for reception or directly to antenna for transmission, and using signal‑strength based wake‑up control to switch between transmission and reception modes.",2,45,0,0.0,32,ok
2015,8983844,6,summary,"Search for systems that transmit encoded noise‑reduction metadata along with cleaned audio to a server, which uses the metadata to select a matching ASR model for improved recognition accuracy in noisy environments.",1,33,0,0.0,20,ok
2015,8983844,6,keyword,"Search for systems combining microphone arrays, noise‑reduction modules that output noise‑parameter descriptors, transmitting these parameters to a server that selects an ASR model matched to a noise‑parameter profile for enhanced speech recognition accuracy.",1,36,0,0.0,25,ok
2015,8983844,6,function,What prior art discloses methods for sending a denoised audio signal and accompanying metadata describing the denoising process to a remote server that selects a speech‑to‑text model based on that metadata in order to transcribe the audio?,2,39,0,0.0,22,ok
2015,9205998,25,summary,"Search for a feeding apparatus featuring a guide rod linked to a transfer rod with a rack, a gear driven by a motor on a support frame, and adjustable guide members that clamp the frame to fine‑tune gear‑rack backlash.",1,41,0,0.0,23,ok
2015,9205998,25,keyword,"Search for a manufacturing apparatus featuring a feeding device with a guide rod and a movable transfer rod bearing a rack, a clamp driven by a support frame and motorized gear, whose backlash is tuned by lateral guide elements latching onto the guide rod for precise part handling.",2,48,0,0.0,30,ok
2015,9205998,25,function,"search for a feeding apparatus that uses a guiding rod with a rack‑engaged transfer rod, adjustable guiding members latching to the rod to fine‑tune gear‑rack backlash while a driver‑gear assembly clamps material into a feed path.",3,40,1,0.038461538461538464,26,failed_constraints
2015,8928961,2,summary,"Search for line‑scan scanners that cycle RGB illumination line‑by‑line, use a single‑color sensor to capture one channel per line, then reconstruct missing color channels by interpolating neighboring pixels, with special handling for monochrome edges to preserve detail.",1,41,0,0.0,30,ok
2015,8928961,2,keyword,"Search for patents on image scanners utilizing multi‑color illumination where each scan line is illuminated by a single color, the sensor reads that color, data for the line is stored, and an edge‑aware color interpolation module reconstructs remaining color channels, handling monochrome edges specially.",2,46,0,0.0,31,ok
2015,8928961,2,function,"Multicolored LED illumination cycling per scan line, single‑channel imaging sensor, reconstructs full RGB image by interpolating missing channels from adjacent pixels, with edge detection to preserve sharpness and prevent color bleed at monochrome borders.",2,35,0,0.0,27,ok
2015,9109565,27,summary,"A power system that controls a generator in a no‑output test phase, using sensor readings to set the test time and halt the generator when a measured value meets a threshold and the allotted duration is exceeded.",2,38,0,0.0,21,ok
2015,9109565,27,keyword,"search for generator control systems that execute a no‑power exercise mode for a limited duration, where a sensor monitors a parameter and the controller stops the exercise once the duration or parameter threshold is met.",1,36,0,0.0,20,ok
2015,9109565,27,function,"search for control algorithms that manage a power generator operating in a non‑output exercise mode, determining run duration from sensor data and halting operation when the duration surpasses a defined time threshold.",1,33,0,0.0,21,ok
2015,9000597,8,summary,"Methods to balance sidewall area densities across different semi‑global gate patterns in a single material layer by adding dummy patterns, ensuring near‑identical sidewall surface densities between distinct gate arrays for process uniformity.",1,34,0,0.0,27,ok
2015,9000597,8,keyword,"Search for semiconductor fabrication methods using a layer patterned with two distinct main structures and complementary dummy features to equalize vertical perimeter densities within a 5 % tolerance, focusing on dummy bar arrays (~0.18 µm × 1.3 µm) on active and isolation sites.",2,43,0,0.0,26,ok
2015,9000597,8,function,"Search for semiconductor fabrication methods using dummy patterns to balance gate feature densities across different layout areas, enabling uniform sidewall spacer deposition and minimizing etch non‑uniformity.",2,27,0,0.0,22,ok
2015,9191790,4,summary,"Invention converting typed emoticons into animated graphics for SMS/MMS on mobile phones: device scans message text, matches codes to pre‑loaded animation assets, swaps them before sending, enabling animated display upon receipt.",1,33,0,0.0,26,ok
2015,9191790,4,keyword,"mobile communications device executable software that replaces typed characters or emoticons with associated animated sprites during SMS/MMS composition, transmitting an animated message and rendering it on the receiving device’s standard messaging handler.",1,34,0,0.0,23,ok
2015,9191790,4,function,"Method for detecting standard text or emoji, mapping to pre‑stored animated icons, and substituting them during text message composition for transmission via standard messaging protocols.",2,26,0,0.0,18,ok
2015,9055947,13,summary,"Search for surgical stapling devices that perform rapid, leak‑free anastomosis by inserting a tubular graft onto a central anvil with circumferential staples, actuated simultaneously by a rotary cam to fire staggered T‑shaped staples and secure the graft to a vessel.",1,42,0,0.0,26,ok
2015,9055947,13,keyword,Search for circular stapler device with central anvil and many circumferential stapling limbs; limbs arranged in alternating T- and inverted T patterns to form staggered staple rows; includes rotary cam control for simultaneous limb closure and staple firing to achieve leak‑free anastomosis of a tubular graft into an aortic end.,3,51,0,0.0,34,failed_constraints
2015,9055947,13,function,"Search for surgical stapling device with multiple circumferentially arranged legs that close simultaneously from a rotary cam to fire alternating T and inverted‑T pattern staples, enabling staggered rows for leak‑free anastomosis of graft to vessel end, expediting suturing.",2,40,0,0.0,26,ok
2015,9009698,4,summary,"Search for systems that remotely analyze client hardware, match against product specifications, and send only an upgrade recommendation to a server without transmitting the full configuration, to propose appropriate upgrade packages for networked PCs.",1,34,0,0.0,23,ok
2015,9009698,4,keyword,"Search for systems that remotely detect client computer components, compare detected hardware to model specs, identify suitable upgrade packages, and transmit recommended package information to a server without sending full hardware details.",2,32,0,0.0,24,ok
2015,9009698,4,function,"software executed on a client that discovers its hardware configuration, matches it to product specifications, proposes an upgrade package, and reports only that recommendation to a server, avoiding transmission of the full hardware details.",1,34,0,0.0,19,ok
2015,9223958,6,summary,"Search for systems that authenticate accessory devices via stored identifiers, match against an authorization table, and enable selective feature access on a host, especially for media players converting peripherals to hosts using cryptographic identity checks.",2,35,0,0.0,25,ok
2015,9223958,6,keyword,"Search for prior‑art on accessory device identity storage in nonvolatile memory, processor transmitting ID over a bus, connector, mobile host receiving ID via port interface, lookup in authorization table, and feature access control via authentication module.",2,37,0,0.0,29,ok
2015,9223958,6,function,"search for methods that use cryptographically authenticating accessory devices to mobile or host computing units by transmitting unique device identifiers over a bus, matched against an authorization table to selectively enable feature sets.",1,33,0,0.0,23,ok
2015,8967315,32,summary,"Search for a motorcycle conversion kit that raises the rider’s seating position, installs high‑ground‑contact handlebars extending beyond the frame, adds side‑and‑rear protective shielding, integrated lighting and alert systems, and a central electronic control unit with audio and visual effects.",3,44,0,0.0,30,ok
2015,8967315,32,keyword,"Search for inventions featuring side‑mounted auxiliary bars extending perpendicular from a motorbike frame, clamshell or side‑opening saddlebags, integrated controller compartments between saddlebags, headlamp‑mounted flashers, raised hand‑rim risers for upright posture, and under‑wheel collision protection bars wrapped around the front wheel axle.",2,46,0,0.0,37,ok
2015,8967315,32,function,"Search for a motorcycle kit adding side support extensions perpendicular to the frame, each reaching beyond the handlebars and touching the ground when tipped, accompanied by a rear bar spanning the sides, a central control compartment, side saddlebags, and a front impact brace enabling upright riding and better visibility.",2,49,0,0.0,32,ok
2015,8957604,1,summary,"Inquiry for prior art on a mains‑voltage driven LED lighting driver that uses a transformer with isolated primary/secondary circuits, where a sensing circuit detects the amplitude of the rectified supply and feeds back a reference signal to regulate LED drive current.",2,43,0,0.0,27,ok
2015,8957604,1,keyword,"Search for transistor‑based LED lighting driver systems using isolated power transformers with primary rectification, secondary drive current regulation, and optical isolation feedback for voltage‑sensing dimming across mains voltage waveforms.",2,31,0,0.0,25,ok
2015,8957604,1,function,"Isolated transformer with rectified mains sensing and feedback‑controlled dimming of LED modules, using optical or electrical isolation to convey mains amplitude signal to a secondary drive circuit for real‑time current adjustment and light output modulation.",3,37,0,0.0,26,ok
2015,9123758,8,summary,"Search systems combining two stacked plenums, each containing vortex‑inducing constrictions and multiple inlet conduits, designed to deliver gases uniformly into a mixing chamber for improved substrate processing.",1,28,0,0.0,21,ok
2015,9123758,8,keyword,"Elongated top and bottom plenum gas injection system with vortex‑generator constricted zones, opposing inlet ports, and multiple interconnecting conduits, delivering mixed gases into a substrate tunnel chamber for plasma or chemical vapor processing.",3,34,0,0.0,25,ok
2015,9123758,8,function,"Search for apparatuses with dual‑plenum gas injection, vortex generators, and interconnecting conduits that deliver multiple process gases into a mixing chamber or substrate transfer tunnel, improving gas mixing efficiency and flow control.",1,33,0,0.0,23,ok
2015,8972108,32,summary,"Search for motorcycle semi‑active suspension that measures front and rear wheel relative motion plus body pitch to compute a 3‑dimensional damping policy, applying variable damping through controllable shocks, adjusting with three speed‑dependent gains for better traction and comfort.",3,41,2,0.06666666666666667,30,failed_constraints
2015,8972108,32,keyword,"semi‑active motorcycle suspension with variable damping units linked to suspended mass, road‑surface contact, pitch velocity sensing, and adaptive control policy based on front‑rear relative motion, speed‑dependent damping slopes, and global load‑acceleration optimization.",2,37,0,0.0,30,ok
2015,8972108,32,function,"How can a motorcycle’s integrated front‑rear shock absorber controller use pitch‑velocity and relative‑velocity data to adjust variable damping across speed bands, achieving optimal tire contact and ride comfort?",2,32,0,0.0,25,ok
2015,9159538,1,summary,"Search for methods that assign mass‑spectrometric peaks to ion species by computing and matching monoisotopic mass‑to‑charge differences derived from possible adducts, charge states, and polymerization, using a processor to automate the comparison and assignment.",3,37,4,0.17391304347826086,23,failed_constraints
2015,9159538,1,keyword,"Search for mass spectrometry methods that identify isotopic series, compute monoisotopic m/z values, generate theoretical ion species from analyte compositions, adducts, charge multiplicities, and polymeric extensions, compare experimental and calculated mass differences within tolerance, and assign peaks accordingly.",2,39,0,0.0,29,ok
2015,9159538,1,function,"Search for mass spectrometry methods that identify isotopic clusters, calculate experimental monoisotopic masses, generate theoretical m/z values for multiple ion species with various adducts, compare Δm/z differences between experimental and theoretical pairs, and assign ion identities based on matching tolerances.",3,42,2,0.06896551724137931,29,failed_constraints
2015,8977182,9,summary,"Search for a rotary cleaning member comprising a spiral ribbon brush with fiber bundles interlaced in a woven base, the bundles forming equally spaced loops projecting outward, and with weft‑warp relationships reversed at end sections for improved image carrier wiping.",2,41,0,0.0,28,ok
2015,8977182,9,keyword,"Search patent literature for loop brush roller with core roller and spiral ribbon brush; ribbon brush comprised of woven warp and perpendicular weft layers, parallel fiber bundles forming protruding loops with uniform spacing, and end warp arrangement where wefts pass under or over looped fiber bundles.",3,46,2,0.05714285714285714,35,failed_constraints
2015,8977182,9,function,Search for prior art on a rotating cleaning roller that uses a ribbon brush with a woven base and protruding loops guiding fibers along the surface to maintain image quality.,2,30,0,0.0,18,ok
2015,9082784,8,summary,"Search for semiconductor integration methods that build stacked memory nodes in cell and peripheral zones using sequential structural layers, selectively removed to expose nodes, and creating vertical contacts that interconnect lower storage structures to upper interlayer insulation.",3,37,0,0.0,27,ok
2015,9082784,8,keyword,"Search for semiconductor fabrication methods involving an initial sacrificial layer patterning a core cell, penetrating storage nodes and peripheral contacts, a subsequent sacrificial layer coupling nodes, selective removal exposing sidewalls, dielectric interlayer coverage, plate node deposition, and final contact penetration.",2,40,0,0.0,32,ok
2015,9082784,8,function,"Search for processes that create multi‑layer mold structures on semiconductor substrates, form storage nodes and contacts through these molds, use blocking walls to isolate core and edge sections, selectively remove mold layers to expose node sidewalls, and deposit dielectric and plate layers for interconnects.",2,45,0,0.0,33,ok
2015,9026368,10,summary,"Search an optimal vehicle path on standard map data, identify alternate deviation routes from a traffic‑regulation‑neutral map, and trigger warnings to prevent drivers from following routes the vehicle cannot legally take.",1,33,0,0.0,23,ok
2015,9026368,10,keyword,"Search for vehicle navigation patents featuring an optimal route planner that displays the best path on a map interface, a deviation‑route detector retrieving alternative itineraries from a low‑level restricted‑roads dataset, and an alert system warning users when they approach an undrivable detour.",2,45,0,0.0,29,ok
2015,9026368,10,function,"Search vehicular navigation systems that alert drivers when an alternate path, derived from prohibited or invalidated road data, is not physically traversable, by contrasting the recommended optimal route with constrained route maps.",3,32,0,0.0,21,ok
2015,9097080,35,summary,"Method to sever a vertical wellbore pipe by encasing it with electrically conductive explosive charge that, when triggered by a signal, forms a fast plasma stream which penetrates the pipe’s outer wall and exits the core, splitting the pipe into two segments.",2,43,0,0.0,24,ok
2015,9097080,35,keyword,"Search for oil‑field riser severing methods employing a radially wrapped explosive shaped charge that includes an electrically conductive layer, emits a high‑velocity plasma jet upon activation, and cuts the riser by penetrating its outer wall and exiting its inner surface.",3,42,4,0.13793103448275862,29,failed_constraints
2015,9097080,35,function,"search for methods that employ an electrically conductive explosive coating around an offshore riser to produce a high‑velocity plasma jet that splits the riser along its axis when triggered, enabling separation of the riser ends.",3,36,2,0.09090909090909091,22,failed_constraints
2015,9013708,10,summary,"Search for optical measurement devices that split a primary beam into a reference pathway and a sensing beam, redirect the reference beam with a rotating multi‑position reflector to vary its optical path, combine the two reflected signals, and analyze the resulting interference for object characterization.",2,46,0,0.0,28,ok
2015,9013708,10,keyword,"Search for portable interferometric depth‑sensing systems using a broadband incident emitter, a beam‑splitting coupling unit, a rotational reference‑mirror array with multi‑depth reflectors, and a computational analysis block that reconstructs object topography from combined return paths.",2,39,0,0.0,28,ok
2015,9013708,10,function,"Search for optical sensing systems that use a rotating reference‑beam reflector to rapidly alter the optical path, where a splitter generates reference and measurement beams and photodetectors combine their reflections for interference analysis to determine object properties.",1,38,0,0.0,24,ok
2015,9010851,33,summary,"Mechanism for furniture that uses a motor‑driven torque tube linked to two rotary arms on a base frame, enabling the member to shift between reclined, upright, and raised forward positions for ergonomic or space‑saving utility.",2,37,0,0.0,24,ok
2015,9010851,33,keyword,"Search for patent disclosures of motorized furniture members featuring torque‑driven linkages that enable rearward tilt, upright, and forward lift motions, including rotational links, pivot assemblies, journal bearings, and actuated displacement tubes.",2,32,0,0.0,25,ok
2015,9010851,33,function,"Search for prior art of a motor‑driven torque tube linkage system that tilts a furniture member rearward, keeps it upright, or raises it forward, enabling automatic reclining or elevation of chairs or sofas.",2,34,0,0.0,21,ok
2015,9093612,8,summary,"Search for patent literature on light emitting diodes with embedded metal interconnects inside protective resin encapsulation for direct electrical routing between chip electrode pads and external connection pads, aiming to reduce wiring complexity and improve reliability.",1,36,0,0.0,27,ok
2015,9093612,8,keyword,"p‑type and n‑type semiconductor layers forming a light‑emitting diode, p‑side and n‑side surface pad electrodes, resin encapsulation covering the chip, external connection pads, internal metal interconnects within the resin with selective exposure.",3,37,2,0.08,25,failed_constraints
2015,9093612,8,function,"Search for LED or semiconductor light emitters where p‑type and n‑type layers are terminated by surface pad electrodes, covered by an encapsulating resin that also contains embedded metal wire links to external connection points, which are exposed by selectively removing resin.",1,43,0,0.0,26,ok
2015,9196559,8,summary,"Search for manufacturing processes combining a passivation film on a metal pad, a post‑passivation interconnect, a metal bump, a high‑glass‑transition or low‑modulus molded interconnect, a release film cure step, plasma removal of residue, and die dicing through the molded material.",3,44,1,0.03333333333333333,30,failed_constraints
2015,9196559,8,keyword,"Method forming a passivation layer over a metal pad on a semiconductor wafer, depositing a post‑passivation interconnect overlapped by the passivation, adding a metal bump, applying a molding compound with high glass‑transition temperature or low flexural modulus and filler particles, pressing a release film, thermally curing, plasma‑removing residual mold, then blade‑sawing the wafer through the molded interconnect.",3,61,8,0.18181818181818182,44,failed_constraints
2015,9196559,8,function,"Search prior art for a protective layer on a metal pad of a semiconductor wafer, a post‑passivation interconnect to the pad, a metal bump, a low‑modulus encapsulant with a high thermal transition temperature, a release film, thermal cure, plasma residue removal, blade dicing through the encapsulant.",3,48,2,0.06451612903225806,31,failed_constraints
2015,8938424,6,summary,"Iteratively assess consistency between a baseline and an upgraded database version by automatically reconciling known differences, then classify remaining discrepancies as defects, deficiencies, or irreconcilable mismatches, with dynamic alteration of either version to resolve issues.",2,35,0,0.0,24,ok
2015,8938424,6,keyword,"Search for iterative database upgrade consistency checking systems that reconcile baseline and updated database instances through modification, comparison, defect and deficiency classification, and address irreconcilable inconsistencies across local and remote computing devices.",1,32,0,0.0,24,ok
2015,8938424,6,function,"Find approaches for automatically reconciling database upgrades with baseline systems by modifying versions, iteratively comparing, detecting residual inconsistencies, and categorizing them as defects, deficiencies arising during reconciliation, or irreconcilable errors to ensure upgrade consistency.",1,34,0,0.0,24,ok
2015,9091788,10,summary,"method to separate overlapping seismic shots by transforming blended data into a parameter domain using a radon transform with apex offset, selectively muting unwanted shots, inverse transforming the retained shot, and imaging the subsurface iteratively.",3,35,0,0.0,24,ok
2015,9091788,10,keyword,"search for seismic deblending techniques employing apex-correcting Radon domain transformation, mute-based shot isolation, and reverse mapping to reconstruct single-shot subsurface images from blended acquisition data",2,28,0,0.0,22,ok
2015,9091788,10,function,"Methods for separating overlapping seismic shots by transforming blended data to a secondary domain, selectively muting unwanted shots, applying an inverse transform to recover individual shot traces, and generating subsurface images, with iterative repeatability for full shot separation.",2,38,0,0.0,27,ok
2015,9026077,4,summary,"Search for prior art where mobile data systems estimate future bandwidth, offer multiple delayed‑delivery schedules with varied pricing, and use probe‑based traffic measurement integrated with fair scheduling to negotiate timing and cost for digital content.",1,37,0,0.0,27,ok
2015,9026077,4,keyword,"Find prior art on systems offering multiple timed download options for digital media over cellular networks, using fair scheduling, bandwidth estimation by probing devices, interference threshold comparison, and deadline‑based pricing models.",3,32,0,0.0,26,ok
2015,9026077,4,function,"Methods for offering users multiple time‑range download options, estimating available network capacity via probing and fair scheduling, and presenting deadline‑price alternatives for media transfer.",2,26,0,0.0,20,ok
2015,9154360,4,summary,"Search for systems that map user identities to terminal device capabilities via a temporary association, enabling application servers to retrieve device feature sets by user reference rather than by terminal identifier in telecommunications networks.",1,34,0,0.0,24,ok
2015,9154360,4,keyword,"Search for methods that enable telecommunications networks to associate a user’s identity with a terminal identifier via a temporary mapping, fetch terminal capability data from a centralized terminal capabilities database, and supply those capabilities to an application server when queried by the user’s identity.",3,46,2,0.07407407407407407,27,failed_constraints
2015,9154360,4,function,"Search for systems that map user identities to terminal capability data in a telecom network so that application servers can request device features via user ID, enabling dynamic adaptation of services to the terminal in use.",1,36,0,0.0,24,ok
2015,9034403,15,summary,"Search for yeast cultivation methods that enrich extracts with specific glutamyl‑containing peptides (γ‑glutamyl X or γ‑glutamyl X‑Gly) by feeding defined peptide substrates (excluding cysteine) to yeast, then extracting.",1,32,0,0.0,20,ok
2015,9034403,15,keyword,"Investigate cultivation of yeast in peptide‑enriched medium containing γ‑Glu–X or γ‑Glu–X‑Gly to generate a cell lysate rich in γ‑Glu–X derived peptides, employing extraction, purification and compositional analysis methods for bioactive γ‑glutamyl compounds.",3,41,1,0.041666666666666664,24,failed_constraints
2015,9034403,15,function,"Identify techniques where yeast is cultured in a medium supplemented with glutamyl‑amino acid or glutamyl‑amino acid‑glycine peptides, leading to cell extracts enriched in such peptides for flavor or health enhancement.",2,33,0,0.0,20,ok
2015,9065799,4,summary,"Multicore networking module provides OS‑independent traffic monitoring between an external peripheral and a host, while a second core sends control directives through a dedicated shared memory pathway with mutual exclusion, ensuring isolated monitoring from host processing.",1,37,0,0.0,28,ok
2015,9065799,4,keyword,"Search for a dual‑system interconnect module that performs OS‑independent traffic monitoring and filtering between a host processor and an external peripheral, using two integrated‑circuit stacks that communicate via a shared‑memory channel with mutual‑exclusion arbitration and segmented access control.",2,43,0,0.0,30,ok
2015,9065799,4,function,"Searching for prior art on a dual‑module device that independently monitors and filters external network traffic without host OS support, using a shared‑memory channel with mutual exclusion to exchange control commands between modules and isolate traffic handling from control logic.",3,42,0,0.0,30,ok
2015,9188886,9,summary,"Search for photoreceptor cartridges using a novel charge‑generation compound featuring substituted divalent hydrocarbons and various alkyl/aryl side groups within a multi‑ring aromatic system, intended to improve image stability and reduce defects in electrophotographic printers.",2,37,0,0.0,28,ok
2015,9188886,9,keyword,"Search for electrophotographic cartridges featuring a substrate with a photosensitive coating that incorporates a charge‑generating material and a bis‑aryl substituted phenyl derivative (formula II‑1), together with developing or cleaning units for toner image production.",3,37,1,0.043478260869565216,23,failed_constraints
2015,9188886,9,function,"image forming apparatus or cartridge that employs a support bearing a charge‑generating media with a substituted divalent hydrocarbon compound, where the compound features aromatic subunits and alkyl/aryl groups, enabling electrostatic exposure, toner development, or cleaning processes",3,38,1,0.038461538461538464,26,failed_constraints
2015,9125613,13,summary,"vacuum-driven airflow cooling layout for an imaging detector chassis comprising a longitudinal duct, manifold, multiple inlet ports and a single exhaust, circulating air to cool detector elements and electronics while maintaining thermal equilibrium in the housing.",2,37,0,0.0,26,ok
2015,9125613,13,keyword,"Search for imaging detector chassis with integrated vacuum‑driven duct and manifold cooling, featuring longitudinal airflow through inlet ports, exhaust, and heat‑sensitive detectors, applied in x‑ray CT or high‑resolution image sensors.",1,34,0,0.0,25,ok
2015,9125613,13,function,"vacuum‑driven ventilation system for imaging detector housing that routes cooled gas through inlet apertures, along detector array and electronics, into a longitudinal duct via a manifold, to extract heat and provide controlled cooling in a gantry‑mounted scanner.",1,39,0,0.0,27,ok
2015,8957950,2,summary,"Search for methods or devices that expand stereo frames and crop central regions, excluding opposite extended ends, to produce balanced composite images from dual‑image motion pictures.",1,27,0,0.0,19,ok
2015,8957950,2,keyword,"Search for patents on dual‑image motion‑picture processing that expands stereo frames with parallax, crops each end portion, and outputs trimmed images via receiving, expansion, and output modules, detailing apparatus, image‑processor logic, and region‑based trimming techniques.",1,39,0,0.0,30,ok
2015,8957950,2,function,"Query for a system that receives a stereoscopic film, horizontally expands each frame, then outputs trimmed sub‑frames omitting the opposite‑edge extensions, enabling side‑by‑side image extraction without edge distortion.",1,32,0,0.0,24,ok
2015,9001339,6,summary,"An integrated printing system that dynamically determines server‑based print mode, streams page‑by‑page vector drawing assets to a remote server for on‑the‑fly imposition and rasterization, then fetches sequential batches for printing, minimizing local memory use and accelerating overall print output.",2,44,0,0.0,31,ok
2015,9001339,6,keyword,"Search for network‑based print control systems that determine print mode via a server, transmit page‑segmented drawing data and printing control, perform imposition, select paper feed/type, fetch pages from the server, rasterize to a target format, and reduce memory usage and print time.",3,45,3,0.09090909090909091,33,failed_constraints
2015,9001339,6,function,"network‑connected printing system that streams page‑by‑page artwork and imposition commands from a server, fetches successive page blocks on demand, rasterizes locally, controls feed type, and reduces memory usage while accelerating print time.",1,35,0,0.0,26,ok
2015,9189249,6,summary,"Search for automatic graphical icon creation that normalizes software module descriptions, extracts actions, objects, and modifiers, builds reusable icon parts, and composites a standard icon representing multiple modules.",2,28,0,0.0,21,ok
2015,9189249,6,keyword,"Search for prior art describing automated icon generation from standardized module metadata, involving glossary-based normalization of module descriptions, parsing to extract action, object, and modifier components, assembling component-based icon fragments from a library, and persisting combined icons for uniform representation across multiple software modules.",3,46,0,0.0,35,ok
2015,9189249,6,function,"Search for methods that auto‑generate visual symbols from software module descriptions by normalizing text via a glossary, parsing to identify actions, objects, and modifiers, mapping these to component graphics stored in a library, then assembling them into composite symbols for uniform module depiction.",2,44,0,0.0,29,ok
2015,9053410,2,summary,"A digital print calibration process that divides continuous tone data into non‑uniform sub‑ranges, applies distinct tone adjustments, and uses a bi‑level halftone engine to combine them, achieving high‑detail, low‑noise outputs across all print heads, with dynamic recalibration.",2,42,0,0.0,32,ok
2015,9053410,2,keyword,"Search for patent disclosures on digital press calibration using unequal quantization of tonal sub‑ranges, adaptive transition tone shifting, tone modification functions, and bi‑level half‑tone algorithms that provide precise gray‑level rendering and dynamic re‑calibration.",3,38,4,0.13333333333333333,30,failed_constraints
2015,9053410,2,function,"Search for digital printing image processing methods that perform unequal quantization and overlapping sub‑ranges, applying bi‑level half‑tone algorithms per tone band plus tone‑modification functions to generate calibrated screening, enabling dynamic recalibration and cost‑effective multi‑gray‑level raster output.",3,43,3,0.08333333333333333,36,failed_constraints
2015,9079452,21,summary,"Polymer‑impregnated decorative laminate containing Kraft paper core layers, where the lower core sheet is treated with parchment‐type heating to improve surface finish, adhesion, and overall durability.",1,28,0,0.0,20,ok
2015,9079452,21,keyword,"Resin‑impregnated decorative film bonded atop Kraft paper core layers, with the lower core sheet parchment‑treated to improve surface finish, durability, and moisture resistance in a multilayer laminate structure.",3,30,1,0.045454545454545456,22,failed_constraints
2015,9079452,21,function,Search for decorative laminate articles where the bottom core layer Kraft paper sheet is pretreated in a parchmenting process to enhance durability and surface quality for flooring or wall applications.,1,30,0,0.0,18,ok
2015,9111605,6,summary,"Semiconductor memory that overlaps a verification read on one plane with a rewrite on another, eliminating verification timing and slashing peak write current while preserving fast, reliable phase‑change storage.",3,30,0,0.0,21,ok
2015,9111605,6,keyword,"Search for a semiconductor storage device that uses dual memory planes with separate sense amplifier arrays and write driver groups, employing time‑division multiplexing to perform verification reads concurrently with rewrite cycles, thereby reducing peak current and boosting reliability of phase‑change cells.",2,43,0,0.0,32,ok
2015,9111605,6,function,"Semiconductor memory system enabling high‑speed, low‑current write operations by executing simultaneous verify reads in one memory plane while performing time‑division writes in another, thereby eliminating verify/write overlap, reducing peak current, and improving reliability.",3,37,4,0.12903225806451613,31,failed_constraints
2015,9172247,1,summary,"Search for systems that control charging of electric vehicles by allowing a storage battery to charge during low current periods and discharge during high current, thereby reducing peak load and increasing stored energy while powering constant loads.",2,37,0,0.0,27,ok
2015,9172247,1,keyword,"battery storage controller with variable charging logic for electric vehicle charger, where a charge/discharge regulator monitors load current relative to a preset threshold, engaging storage charging during low current phases and discharging during high current phases, integrated with constant‑current and constant‑voltage charge stages.",2,46,0,0.0,35,ok
2015,9172247,1,function,"system controlling charge/discharge of battery to buffer power supply to electric vehicle charging unit, enabling lower peak power draw from grid during high‑load periods by charging storage when load current is below a threshold and discharging storage when it exceeds the threshold.",1,44,0,0.0,30,ok
2015,9172504,4,summary,"A method for wireless control channel transmission that sends a two‑part message: a concise header with indication parameters and a payload of control data, where the receiver first verifies the header and then conditionally decodes the payload based on extracted parameters.",2,42,0,0.0,25,ok
2015,9172504,4,keyword,"Query PDCCH mechanisms employing a first-side control header indicating DCI structure, validating this header before decoding the DCI payload via convolutional code based on the indicated parameter.",1,28,0,0.0,21,ok
2015,9172504,4,function,"Methods and devices for downlink channel transmission that split PDCCH information into an indicator segment and a DCI segment, verify the indicator first, then retrieve DCI parameters and selectively decode the DCI content using suitable convolutional coding.",3,37,1,0.04,25,failed_constraints
2015,9074672,32,summary,"Rear module for four‑wheel drive vehicle comprising a disconnect clutch between a spool and hollow shaft, transmitting power to a differential assembly and axle shafts, allowing selective power coupling and speed control.",3,33,3,0.13043478260869565,23,failed_constraints
2015,9074672,32,keyword,"Search for prior‑art rear‑drive modules for all‑wheel‑drive cars featuring an axle housing, input pinion, spool, ring gear meshing with the input pinion, a disconnect clutch coupled to the spool, a hollow shaft inside the spool, and a differential case conveying power to the axle shafts.",3,49,6,0.18181818181818182,33,failed_constraints
2015,9074672,32,function,"all‑wheel drive rear drive unit with a disconnect clutch that selectively transmits power between clutch members, a differential gearset receiving input through a shaft, optional multi‑speed or two‑speed transmission on that shaft, and a movable collar disabling axle shaft rotation for traction control.",3,46,3,0.09090909090909091,33,failed_constraints
2015,9193947,23,summary,"Method for growing acetogenic bacteria, inducing sporulation by replacing initial substrate with syngas and a production medium, then reactivating spores under acidic conditions with syngas to achieve high CO consumption and increased ethanol output.",1,34,0,0.0,24,ok
2015,9193947,23,keyword,"Search for protocols that induce sporulation of acetogenic bacteria on syngas fermentation, using yeast extract or carbohydrate substrates, transitioning to syngas containing ≥10 % CO, and culturing spores in a low‑pH (4–5) production medium to enhance CO uptake and ethanol yield.",3,42,1,0.037037037037037035,27,failed_constraints
2015,9193947,23,function,"Search for methods enabling acetogenic bacteria cultivation by sporulating on mixed carbon substrates, then germinating spores in syngas-rich medium at pH 4.1‑5 to achieve >0.25 mmol CO/min/g cell and >1 g ethanol/(L·day·g cells).",1,42,0,0.0,24,ok
2015,8938402,7,summary,"Search for electronic payment method using certificate‑based smart card integrated with wallet and security servers, implementing dual challenge‑response authentication and credential assembly for transaction authorization, plus automatic form pre‑population.",1,32,0,0.0,25,ok
2015,8938402,7,keyword,"Identify prior art for electronic commerce systems where a mobile device authenticates with a wallet gateway and a secure verification node using a smartcard-based certificate, exchanging multi‑stage challenge‑response, receiving partial credential tokens, and authorising purchase transactions.",2,39,0,0.0,28,ok
2015,8938402,7,function,"search for e‑commerce systems that use a smartcard or intelligent token to perform two‑party challenge‑response authentication via a wallet and security server, assemble device credentials, pre‑fill purchase forms, and provide transaction approval before proceeding.",1,38,0,0.0,27,ok
2015,9151380,31,summary,"Search for automatic transmission fluid‑management systems that use a two‑stage pump chain generating low and high pressures, coupled with dedicated regulating valves and pressure‑sensing switches for real‑time control of torque converter and engine driveline performance.",2,39,0,0.0,28,ok
2015,9151380,31,keyword,"Search for automotive automatic transmission hydraulic systems incorporating dual‑stage pumps, where a primary low‑pressure pump driven by a motor feeds a secondary high‑pressure pump powered by a second motor, with sequential regulating valves supplying controlled fluid to the converter and drivetrain, plus pressure‑sensing switches and an electronic control unit.",3,53,0,0.0,37,failed_constraints
2015,9151380,31,function,"Search for hydraulic pressure regulation systems for automatic transmissions featuring a two-stage pump arrangement that produces low and high pressure, coupled with separate regulating valves and control electronics that sense valve pressure and modulate transmission operation.",2,37,0,0.0,26,ok
2015,9082542,1,summary,"High‑voltage EV reactor using pair of U‑shaped Fe‑Si powder cores with interposed gaps and opposing coil legs, providing compact magnetic flux control and cost reduction while meeting power converter specifications.",1,33,0,0.0,26,ok
2015,9082542,1,keyword,"An HV‑vehicle reactor combines a circular iron‑silicon magnetic core formed by two U‑shaped iron‑silicon powder blocks with opposing legs separated by small gaps, and twin coil windings flanking the legs to provide DC‑to‑AC conversion for the rotary electric machine.",3,45,1,0.03225806451612903,31,failed_constraints
2015,9082542,1,function,"Search for high‑voltage vehicle reactors that incorporate an annular core with paired U‑shaped Fe‑Si magnetic powder members, separated by precise 2‑3 mm gaps, and dual coil sets wound around the members’ legs to reduce converter costs while meeting electric vehicle specifications.",3,45,2,0.0625,32,failed_constraints
2015,9054357,1,summary,"Composite porous polymer electrolyte system featuring layered sulfonated polymer coatings and interpenetrating polymer network within a microporous backbone, produced by sequential solution deposition and pore infusion, targeting enhanced proton conductivity and structural stability for advanced electrochemical energy devices.",3,38,0,0.0,30,ok
2015,9054357,1,keyword,"Search for composite fuel cell electrolyte membranes built with a non‑fluorinated microporous polymer substrate, layered with multiple sulfonated hydrocarbon polymers, where polymer layers interpenetrate at interfaces, using surfactant‑free solutions and solution‑pour impregnation of pores.",3,37,3,0.1111111111111111,27,failed_constraints
2015,9054357,1,function,"Search for multilayer proton‑conducting electrolyte membranes using sulfonated non‑fluorinated polymer layers on a microporous substrate, where interpenetrating polymer networks are formed via solution infiltration and layer casting to improve ionic conductivity, mechanical robustness, and MEA manufacturing for fuel cells.",1,41,0,0.0,30,ok
2015,8975935,6,summary,"Search prior art for an analog timing arrangement that uses two sequential flip‑flops linked by field‑effect transistors, resistor‑capacitor ladders, voltage‑reference comparators and AND/OR logic to generate a programmable delayed pulse response for digital input lines.",3,40,1,0.03571428571428571,28,failed_constraints
2015,8975935,6,keyword,"Search for integrated time delay modules utilizing series‐connected RS latches, MOSFETs, dual RC networks, voltage‑reference comparators, AND/OR logic gates, and reset‑enable schemes for precise pulse skew compensation in digital signal processing systems.",2,36,0,0.0,28,ok
2015,8975935,6,function,"Search for circuits that delay input pulses using sequential logic, gated transistors, RC timing, and comparators to generate precise latency for signal conditioning.",2,23,0,0.0,16,ok
2015,9070211,6,summary,"Find prior art describing a browser that detects an embedded view tag, forks a new isolated renderer for that content, and routes the child’s output back to the parent page while maintaining strict process isolation.",2,36,0,0.0,23,ok
2015,9070211,6,keyword,"Search for techniques in web browsers where a browser process detects an embedded webview tag, forks a secondary renderer with isolated storage, establishes a browser‑managed mapping to the first renderer, and proxies communication so the embedded page renders inside the parent tab while preserving process isolation.",3,47,0,0.0,32,ok
2015,9070211,6,function,"Search for prior art where a browser detects an embedded view tag, forks a separate renderer, maps the parent‑child relationship in the browser process, and proxies inter‑renderer communication to embed output while maintaining isolation.",1,36,0,0.0,24,ok
2015,8954240,32,summary,"Seating assembly capable of a vertical-axis swivel with a safety brake engaged during vehicle motion, and an integrated controller that drives an actuator to adjust seat suspension only when the seat is positioned for driving.",1,36,0,0.0,21,ok
2015,8954240,32,keyword,"Vehicle active seat suspension system featuring a vertical swivel pivot, brake mechanism to prevent seat rotation when the vehicle is in motion, sensor‑driven controller enabling actuator‑based multi‑degree‑of‑freedom seat adjustment limited to the driving position.",1,39,0,0.0,28,ok
2015,8954240,32,function,"Search for systems that provide a vehicle seat capable of rotating around a vertical axis while enabled, with a brake that locks the seat when the vehicle is moving, and a controller that allows active suspension only when the seat is positioned for driving and can move along a controllable axis.",3,51,0,0.0,28,failed_constraints
2015,9031822,10,summary,"Methods to improve subterranean reservoir simulations by updating an ensemble of models that capture non‑Gaussian behavior, using a subspace ensemble Kalman filter that assigns different subspace constraints and parameterizes fields with reduced variables.",3,34,3,0.13043478260869565,23,failed_constraints
2015,9031822,10,keyword,"Search for methods of subsurface reservoir simulation that use ensembles of stochastic reservoir models, non‑Gaussian random fields, principal component analysis or Karhunen‑Loève parameterization, and a Kalman‑based data assimilation approach with constrained subspaces to update models.",2,38,0,0.0,28,ok
2015,9031822,10,function,"Search for prior art on data‑assimilative updates of reservoir simulation ensembles using stochastic sub‑spaces, where each model variant is projected onto a distinct parameter sub‑space via principal component or K‑L expansions and updated with a Kalman‑based correction using reservoir measurements.",2,45,0,0.0,31,ok
2015,9077210,1,summary,"stator with end windings protruding beyond a cylindrical core, housed within recesses that press against end faces for improved thermal contact and cooling performance.",1,24,0,0.0,17,ok
2015,9077210,1,keyword,"cylindrical electric machine stator with longitudinally protruding end windings accommodated by a housing end region, press‑fitted for enhanced thermal contact, cooling via external apparatus, winding insulation, copper conductors, ferromagnetic core.",1,31,0,0.0,25,ok
2015,9077210,1,function,"search for stator units with longitudinally extending end windings that fit into housing protrusions to create a tight, pressure‑tight interface for improved thermal conductance in electric motor applications",1,29,0,0.0,19,ok
2015,9006330,17,summary,"Thermoplastic resin composition using rubber‑reinforced graft copolymer with aromatic vinyl and vinyl cyanide monomers, emulsifier‑controlled latex aggregation, no added thermal stabilizer, superior impact resistance and gloss, and eliminating drying step for efficient dehydrator processing.",3,36,3,0.10344827586206896,29,failed_constraints
2015,9006330,17,keyword,"Search for a thermoplastic blend using a rubber‑reinforced phase comprising a latex‑aggregated rubber polymer (600–1,500 Å, 85–99 % gel), aromatic vinyl monomers, and vinyl cyanide units, with a limited emulsifier set (sulfonates, sulfosuccinate, quaternary ammonium ethers) and ≤19,000 ppm residual, no added thermal stabilizer.",3,49,2,0.05405405405405406,37,failed_constraints
2015,9006330,17,function,"thermoplastic composite with rubber latex graft copolymer, no added thermal stabilizer, high impact and gloss performance, low moisture, suitable for squeezing dehydrator processing without pre‑drying.",1,26,0,0.0,21,ok
2015,9104230,6,summary,"Storage system controls I/O command flow during firmware download by tracking correlation between issued command count and response delay, limiting new command issuance when allowed threshold is exceeded.",1,29,0,0.0,21,ok
2015,9104230,6,keyword,"dual controller storage architecture with firmware download management that logs cumulative I/O command count, records response delay times, uses a control unit to limit new command issuance when delay exceeds threshold, ensuring data integrity and performance during controller programming",1,40,0,0.0,30,ok
2015,9104230,6,function,"Search for methods that throttle I/O command issuance to a storage controller while firmware is being downloaded, using stored metrics of total command volume and associated response lag, and coordinate with a redundant controller to maintain performance.",2,38,0,0.0,23,ok
2015,9082927,21,summary,"Search for superconducting tunnel barriers formed by catalytic oxidation of silicon layers at sub‑100 °C, using an oxygen‑permeable catalyst to convert deposited silicon into self‑limiting silicon dioxide layers without high‑temperature processing.",3,35,0,0.0,25,ok
2015,9082927,21,keyword,"Low‑temperature (≤100 °C) catalytically grown silicon dioxide tunnel barrier for Josephson junctions, formed by an oxygen‑permeable catalyst over a silicon film on a superconducting electrode, self‑limited oxidation, preventing interfacial silicide, compatible with sputtered Nb or Al superconductors.",3,40,4,0.13793103448275862,29,failed_constraints
2015,9082927,21,function,Search for low‑temperature catalytic oxidation of a deposited silicon film on a superconducting electrode to form a self‑limiting silicon dioxide barrier via an oxygen‑permeable catalyst for Josephson junctions.,1,31,0,0.0,20,ok
2015,9170214,10,summary,"Search for systems that monitor the x‑ray tube head motion, compare velocity or acceleration against predefined limits, and automatically enable or disable exposure to avoid motion‑induced image degradation.",1,30,0,0.0,20,ok
2015,9170214,10,keyword,"x-ray tubehead motion interlock using velocity/acceleration thresholds, angular velocity of extension arm, geometry‑derived speed, automatic exposure delay or prevention in radiographic systems",1,25,0,0.0,19,ok
2015,9170214,10,function,Motion‑detection based X‑ray interlock system that compares tubehead velocity or acceleration against preset thresholds and automatically delays or prevents exposure to maintain radiographic image quality.,1,27,0,0.0,19,ok
2015,9197056,1,summary,"DC bus supply architecture for aircraft using dual solid‑state controllers that enable forward/reverse conduction yet provide reverse‑blocking with a unidirectional semiconductor switch, incorporating electromechanical contactor‑relay clamps for over‑current short‑circuit protection and leakage grounding.",2,39,0,0.0,31,ok
2015,9197056,1,keyword,"Search for aircraft DC power distribution system featuring dual solid-state power controllers with unidirectional switches, de-rated electromechanical contactors, coil driver protective circuits, forward/reverse current blocking, over‑current trip logic, and grounded bus tie leakage management.",3,38,8,0.24242424242424243,33,failed_constraints
2015,9197056,1,function,"Search for aircraft DC power distribution systems using paired solid‑state power controllers with unidirectional switching and electromechanical contactors, enabling bidirectional current flow control, over‑current protection, reverse‑direction blocking, and automatic leakage grounding during fault conditions.",3,37,3,0.0967741935483871,31,failed_constraints
2015,9038525,29,summary,"Search for bolt designs where multiple locking lugs increase shear area, an integrated piston fitted with interlocking keyed rings to reduce gas leakage, and a movable internal weight with biasing springs to damp bolt carrier recoil and forward–backward bounce.",2,40,0,0.0,28,ok
2015,9038525,29,keyword,"Search for a bolt featuring enlarged locking lugs and a piston fitted with interlocking key‑shaped rings for sealing, plus a carrier that holds a movable damping weight with dual springs, a heat‑dissipating gas tube, and a sight block containing an internal gas passage to a re‑positioned gas control aperture.",3,52,1,0.029411764705882353,34,failed_constraints
2015,9038525,29,function,"search for firearms bolt assemblies featuring multiple locking lugs and a piston with interlocking key‑gap rings to reduce gas leakage, a movable weight inside the bolt carrier combined with bias springs to damp carrier bounce, and a double‑cut cam for balanced operation.",3,44,2,0.06666666666666667,30,failed_constraints
2015,9069771,6,summary,"Music identification system using short audio clip upload to central repository, matching snippet, providing extended metadata and crowdsourcing missing entries; retrieves metadata such as cover art, biography, concert info, and prompts user contributions.",1,33,0,0.0,27,ok
2015,9069771,6,keyword,"audio fingerprinting system capturing thirty‑second clip, comparing against indexed music database containing basic and extended metadata (cover art, artist bios, reviews, concert info), using crowdsourcing via social platform to augment recognition, and auto‑retrieving match or storing unidentified file.",2,40,0,0.0,34,ok
2015,9069771,6,function,"Method for identifying music metadata from an unknown audio file by extracting a thirty‑second clip, transmitting it to a repository of indexed tracks, comparing signatures to retrieve extended metadata, and, if unmatched, crowdsourcing identification while enabling user rating and file storage.",1,42,0,0.0,27,ok
2015,9019466,9,summary,"Search for lithography systems that use a reflective element to steer a cleaning radiation beam through the projection optics onto the lower surface of a liquid supply structure, employing a separate cleaning fluid to remove particulate contamination while preserving optical alignment and minimizing shadowing.",2,44,0,0.0,30,ok
2015,9019466,9,keyword,"Search for lithographic exposure systems employing an angle‑adjusted reflective element to direct a UV cleaning beam onto the underside of an immersion liquid reservoir, using a chemically distinct rinse fluid to displace surface contaminants.",3,35,0,0.0,24,ok
2015,9019466,9,function,Search for illumination methods to remove contaminants from the lower surface of a cleaning fluid interface in immersion lithography by reflecting a radiation beam from the projection optics onto the fluid system and through a cleansing liquid.,2,37,0,0.0,21,ok
2015,9075829,6,summary,"Searching for a document clustering apparatus that iteratively merges the most similar pairs using an approximate Kolmogorov‑complexity similarity, concatenates them into a new composite object, updates the similarity table, and removes redundancies to isolate characteristic clusters from sparse data.",1,40,0,0.0,26,ok
2015,9075829,6,keyword,"Search for patent documents describing a clustering system that computes pairwise similarity using an approximate Kolmogorov‑complexity algorithm, selects two highly similar documents for merging, concatenates them into a single representative, updates a similarity table by removing old pairs, and iteratively repeats until a similarity threshold is reached.",3,48,0,0.0,33,ok
2015,9075829,6,function,"Identify prior art on iterative document clustering where pairwise similarity is estimated via a Kolmogorov‑complexity approximation, then the most similar pair is merged by concatenating their contents into a new cluster element, with similarity tables updated until a threshold is met.",1,42,0,0.0,27,ok
2015,9191371,4,summary,"Search for novel protocols that achieve anonymity in peer‑to‑peer networks by forming a multi‑layer overlay of randomly chosen relays and applying layer‑specific linear matrix coding, enabling secure message transmission with provable bounded mutual information leakage.",1,39,0,0.0,28,ok
2015,9191371,4,keyword,"Search for anonymous peer-to-peer overlay networks integrating random-subset relay selection, layered linear network coding with per‑layer invertible matrices, pre‑processed sink messages, and calculable mutual information limits guaranteeing node anonymity.",3,34,1,0.03571428571428571,28,failed_constraints
2015,9191371,4,function,"Find prior art relating to anonymous P2P networks that use a randomly chosen subset of relay nodes to build a multi‑layered overlay, where each node transmits linearly coded packets derived from secret invertible matrices so that mutual information between an observation and unseen data is quantifiable.",3,47,2,0.06060606060606061,33,failed_constraints
2015,9104241,2,summary,"Simultaneous multi‑tasking on a mobile device that allows a video conference to proceed while additional functions, such as exchanging video‑gaming data with other devices, run uninterrupted, achieved by separate function modules within the device.",1,36,0,0.0,25,ok
2015,9104241,2,keyword,"Search for patents describing a mobile device that simultaneously handles a video‑conference call and exchanges real‑time video gaming data, using independent function modules within a single operating system, enabling non‑interrupted dual‑task execution on a handheld computing platform.",2,41,0,0.0,31,ok
2015,9104241,2,function,"How can a mobile device simultaneously participate in a video call while exchanging real‑time gaming data with another device, ensuring the video conference remains uninterrupted?",1,26,0,0.0,19,ok
2015,9135176,6,summary,"Search patents describing systems that dynamically reallocate space from a lightly provisioned local storage area into a cache component when underutilized, and that handle overcommit by triggering admin actions and cache invalidation.",2,32,0,0.0,20,ok
2015,9135176,6,keyword,"Method for configuring a memory hierarchy with a cached segment and a lightly provisioned direct‑attached storage segment, dynamically shifting unused storage space to the cache segment and invalidating cache lines accordingly.",3,32,2,0.09523809523809523,21,failed_constraints
2015,9135176,6,function,"Searching for systems that dynamically reallocate underutilized thin‑provisioned storage segments as cache space, automatically generating cache capacity from freed storage and invalidating obsolete cache entries when storage limits are exceeded, with administrative alerts on capacity overflow.",2,37,0,0.0,26,ok
2015,8950964,34,summary,"Search for novelty in a combined deodorant stick and moisture‑removing accessory—a compact housing with a detachable absorbent pad or scraper that dries underarms before deodorant application, featuring a retractable mechanism and cap for storage.",1,36,0,0.0,22,ok
2015,8950964,34,keyword,"Search for patent literature on deodorant stick holder systems featuring a moisture‑absorbing pad or scraper integrated within a housable shell with a cap, including internal plunger or turnable dial mechanisms, spring‑actuated push button release, and wicking volume for underarm hygiene.",1,42,0,0.0,30,ok
2015,8950964,34,function,"Query describing a deodorant applicator with integrated moisture‑absorbing scraper that removes sweat from underarm, exposing a fresh surface for stick deodorant application, while allowing the scraper to retract into a housing with a cap to preserve the stick.",2,39,0,0.0,23,ok
2015,8978971,12,summary,"ATM that reads card or check, dispenses cash, and uses intense visible/infrared light over the keypad to block camera capture of digit input, thus preventing unauthorized observation during transactions.",1,30,0,0.0,22,ok
2015,8978971,12,keyword,"Search for automated teller machine designs featuring a processor‑linked card reader, keypad with obscuring light emitters, and infrared illumination that blocks camera image capture during user transactions while enabling card‑read and authorized account verification before cash‑dispenser operations.",2,40,0,0.0,32,ok
2015,8978971,12,function,"Search for automated banking machines employing non‑visible light emitters to obscure keypad input from cameras while transferring funds via card or check data readers, with processors coordinating reads, authorizations, cash dispensing, and screen output.",2,35,0,0.0,27,ok
2015,8985828,2,summary,"Search for flat, edge‑coupled light source integrated with a translucent film and diffusive reflecting screen that evenly distributes illumination across the film surface for display panels, especially in aircraft cabin applications.",1,32,0,0.0,22,ok
2015,8985828,2,keyword,"Search for edge‑illuminated flat display panels using lateral light guides embedded in a semi‑transparent substrate, with a reflective side layer to homogenize light, and a diffusive rear coating that emits a uniform, diffusely reflected image suitable for aircraft cabin interior displays.",2,43,0,0.0,30,ok
2015,8985828,2,function,"Search for flat panel display technologies that employ side‑mounted light emitters feeding a translucent film light duct, with internal reflective layers spreading light evenly and a diffuse reflection screen on the opposite side to generate a uniform image for aircraft interior signage.",1,43,0,0.0,30,ok
2015,9198781,13,summary,"search for intraluminal endoprosthesis assembled with dual shafts and a detachable ring that permits independent proximal and distal compression before catheter integration, reducing surgical assembly complexity.",1,26,0,0.0,18,ok
2015,9198781,13,keyword,"Search for expandable intraluminal stent preassembly comprising a compressible hollow cylindrical endoprosthesis with proximal shaft connector, distal sliding shaft for independent compression, and ring‑anchored proximal attachment, all compatible with catheter inner shafts and conical expansion.",1,36,0,0.0,27,ok
2015,9198781,13,function,"Search for systems enabling catheter‑driven deployment of a collapsible intraluminal graft using dual shaft assembly where a proximal shaft attaches to a catheter, a distal sliding shaft compresses the graft independently, and a fixed ring secures the proximal graft section for user‑friendly deployment.",3,45,0,0.0,30,ok
2015,9191204,2,summary,"Distributing encryption keys for mobile broadcast services via long‑term key messages derived from dual hash‑based network seeds, providing multiple traffic key lifetimes, replay‑protected requests using domain identifiers, and ensuring secure key renewal before the previous keys expire.",3,40,2,0.058823529411764705,34,failed_constraints
2015,9191204,2,keyword,"Search for systems that distribute cryptographic key material in wireless TV broadcast, where a network sends initial and subsequent persistent key messages derived from seed values, applies hash functions, with key lifetimes as multiples of stream key intervals, and terminals validate with subscriber auth and replay detection.",2,47,0,0.0,32,ok
2015,9191204,2,function,"Search for methods to generate and distribute multiple long‑term encryption keys to mobile broadcasting terminals, where a network issues an initial key message and subsequently sends a new key before the first expires, using hashed key elements and identifiers for key domain and seed, with terminal verification and replay detection.",3,51,0,0.0,34,failed_constraints
2015,9214144,34,summary,"Search for systems enabling dynamic mixing of music tracks by detecting rhythmic groupings via cue markers, aligning beats through time scaling and frame edits, and offering user‑controlled transition styles.",1,30,0,0.0,23,ok
2015,9214144,34,keyword,"Music mixing system employing cuepoint‑based measure grouping selection, playhead‑frame tracking, time‑stretching, frame manipulation, volume envelope comparison, and UI‑driven transition modes with priority ranking.",1,27,0,0.0,23,ok
2015,9214144,34,function,"Automatic detection of measure groupings in audio, selection of cuepoints as start positions, generation of beat‑aligned transitions via time‑stretching or frame shuffling, with user‑defined transition modes and volume envelope matching.",1,33,0,0.0,23,ok
2015,8951491,23,summary,"High‑temperature adsorption system employing ceramic monoliths coated with nano‑sheets of mixed‑metal hydroxides and oxides for efficient removal of H₂S and SO₂ gas streams, featuring a gel‑coating process involving hydrotalcite, swellable clays, ultrasonic dispersion, and calcination.",1,39,0,0.0,28,ok
2015,8951491,23,keyword,"Search for methods preparing mixed‑metal hydrotalcite‑derived nano‑oxide layers on cordierite honey‑comb monoliths for adsorption of H₂S and SO₂ at 400–1000 °C in He flow, employing high‑speed homogenization and ultrasonication.",1,35,0,0.0,22,ok
2015,8951491,23,function,"Search for patents describing the preparation of ceramically supported, mixed‑metal oxide nanocomposite coatings on honeycomb monoliths for high‑temperature removal of sulfur‑containing gases, detailing synthesis via layered hydroxide precursors, gel formation, ultrasonic homogenization, and thermal activation to achieve >98 % H₂S/SO₂ removal at 400–1000 °C.",3,48,0,0.0,35,ok
2015,8925978,31,summary,"Search for pipe-to-fitting coupling units that use interlocking knurled surfaces on an annular body and its mating pipe, achieving press or interference fit while housing an integrated seal for secure, leak‑tight connections.",1,35,0,0.0,23,ok
2015,8925978,31,keyword,"Search for an annular, knurled‑surface coupling with an inner diametrical knurled annulus that engages an outer diametrical knurled surface of a pipe end, forming a press or interference fit, and a seal element seated inside to seal the joint.",1,40,0,0.0,24,ok
2015,8925978,31,function,"search for fluid transfer assemblies comprising annular fittings with knurled inner surfaces engaging knurled outer surfaces of pipes, sealed by an internal element, using interference or press fit.",1,28,0,0.0,20,ok
2015,9084632,13,summary,"Search for orthopedic fixation systems with two modular components joined at a pivot, featuring sliding pin retaining sleeves that thread into each component, allowing independent adjustment of multiple intramedullary pins positioned along aligned slots.",1,34,0,0.0,25,ok
2015,9084632,13,keyword,"search orthopedic external fixation system comprising dual‑segment frame linked by a hinge, each segment containing longitudinally aligned slotted channels and an internal threaded channel, with telescopic pin holders engaging the threaded channels to hold removable bone screws.",1,38,0,0.0,29,ok
2015,9084632,13,function,"search for orthopedic external fixation systems using split bodies with a pivot joint, each having threaded bays and opposing longitudinal slots, where independent, longitudinally adjustable pin holders retain multiple fixation pins for bone stabilization.",1,34,0,0.0,26,ok
2015,9216853,25,summary,Cylindrical base with alternating rigid walls and tapered flexible fingers that compress into a bore under outward force; used as a bushing to permanently secure a collar onto aerosol container stems.,1,31,0,0.0,20,ok
2015,9216853,25,keyword,"Search for cylindrical bushings with an axial bore and alternating axial walls and tapered latch elements that compress inward when forced, used to secure aerosol container stems within a collar assembly.",2,31,0,0.0,20,ok
2015,9216853,25,function,"Search for a cylindrical bushing with alternating walls and tapered locking fingers that compress into a bore under applied radial force and lock a collar to a spray can, enabling secure attachment of a cover or cap.",3,37,1,0.047619047619047616,21,failed_constraints
2015,8939742,27,summary,"Design a compressor that uses a nitrided steel vane coated by PVD with chromium‑nitride or diamond‑like carbon to lower sliding heat and corrosion, paired with a nickel‑chromium‑molybdenum alloy cast‑iron piston, and operated with a hydrofluoroolefin refrigerant and compatible oil for higher reliability.",2,47,0,0.0,30,ok
2015,8939742,27,keyword,"Search for a compressor piston‑vane assembly employing nitrided steel coated by a PVD nitride or diamond‑like layer and a Ni‑Cr‑Mo cast iron piston, operating with a hydrofluoroolefin refrigerant.",3,32,3,0.14285714285714285,21,failed_constraints
2015,8939742,27,function,"Search for compressors featuring nitrided steel vanes with a PVD‑treated surface to lower friction and temperature rise, working with Ni‑Cr‑Mo cast‑iron pistons, enabling reliable operation using hydrofluoroolefin refrigerants and miscible oils while preventing refrigerant decomposition and HF corrosion.",3,42,3,0.09375,32,failed_constraints
2015,9036839,2,summary,"Search for designs of a coaxial loudspeaker system that uses a central permanent magnet assembly situated in the space linking the woofer’s center pole to the tweeter’s center pole, creating a magnetic flux path for improved acoustic fidelity and mechanical stability.",3,43,2,0.07692307692307693,26,failed_constraints
2015,9036839,2,keyword,"Search for coaxial loudspeaker designs featuring a central woofer magnet encircling its pole, a tweeter with accompanying ring magnet aligned along the axis, and an auxiliary permanent magnet embedded between the two drivers to establish opposing pole geometry and enhanced flux pathways.",2,42,0,0.0,29,ok
2015,9036839,2,function,"Coaxial loudspeaker utilizing stacked magnetic rings that align center poles of woofer and tweeter to create a continuous flux path, enhancing efficiency and low cross‑talk while preserving compact design.",2,30,0,0.0,22,ok
2015,9189212,6,summary,"Developed a system for building streaming programs that uses compile‑time directives to construct a processing graph of nodes, identify a sub‑graph to be bypassed, and let a leading node predict and forward outputs, thus reducing runtime overhead when conditions are met.",2,43,0,0.0,27,ok
2015,9189212,6,keyword,"Investigate prior art on compiler‑based initialization of streaming applications wherein an operator graph of processing nodes is established, compiler directives specify sub‑graphs, and a first node is designed to bypass a sub‑graph by emitting a predicted output tuple when a processing condition is detected.",3,47,1,0.03333333333333333,30,failed_constraints
2015,9189212,6,function,"Search for streaming application initialization methods employing compile‑time operator graph construction, where compiler directives define sub‑graphs and enable bypass of sub‑graphs by generating predicted tuple outputs to a downstream element when a processing condition is met.",1,39,0,0.0,27,ok
2015,8940732,16,summary,Search for technologies diagnosing and treating autism featuring enlarged head circumference and social deficits by employing 5‑HT2C receptor inhibitors such as SB242084 in patients with PTEN or SLC6A4 deficiency or high serotonin levels.,1,34,0,0.0,22,ok
2015,8940732,16,keyword,"5‑HT2C receptor antagonist SB242084 therapy for neurodevelopmental disorder characterized by PTEN or SLC6A4 deficiency, elevated serotonin, macrocephaly, and impaired sociability, including diagnostic methods and targeted drug delivery.",2,28,0,0.0,20,ok
2015,8940732,16,function,"Retrieve prior art on application of 5‑HT2c receptor antagonists such as SB242084 for neurodevelopmental conditions presenting with macrocephaly, impaired social behavior, associated with PTEN or SLC6A4 deficiency and elevated serotonin.",2,31,0,0.0,20,ok
2015,8954441,6,summary,"Search for methods that build a heterogeneous information graph by extracting metadata from multiple data sources, linking entity nodes with edges that carry source information, and processing user queries by parallel traversal across outgoing edges.",1,35,0,0.0,24,ok
2015,8954441,6,keyword,"Search for systems that construct a graph representation of documents, retrieve metadata from heterogeneous data sources with distinct access protocols, link nodes via edge data, and perform parallel graph traversal based on parsed user queries to generate task requests for related edges.",2,42,0,0.0,30,ok
2015,8954441,6,function,"Search for systems that construct a multi‑source metadata graph of documents, use entity keys derived from queries or preceding nodes to create edges containing source‑specific data, and traverse the graph in parallel for user queries by spawning a task per edge, especially when source access methods differ.",1,49,0,0.0,33,ok
2015,8959925,27,summary,"Develop a control strategy for a gas‑turbine with dual combustion cans that detects a lean blowout, enriches the mix near a cross‑fire tube, triggers cross‑fire from the second can to the first, and restores normal fuel sharing once load recovers.",3,43,3,0.10714285714285714,28,failed_constraints
2015,8959925,27,keyword,"search for gas turbine control methods that recognize lean blowout in a combustion can, adjust fuel ratios between adjacent fuel nozzles, supply increased fuel at the nozzle nearest a cross‑fire tube, initiate cross‑fire between cans, detect load recovery, and rebalance fuel distribution.",3,44,8,0.23529411764705882,34,failed_constraints
2015,8959925,27,function,"Query for methods that detect combustion can extinguishment during full load in a multi‑can gas turbine, adjust fuel ratios, enrich fuel near cross‑fire tubes, initiate cross‑fire, monitor load recovery, and restore even fuel allocation across can nozzle sets.",3,41,6,0.17647058823529413,34,failed_constraints
2015,8946769,8,summary,"Search prior art for planar devices that embed permanent charge in an insulating layer to induce depletion or inversion in a near‑adjacent drift or surface region, thereby controlling channel conductivity between source and drain.",2,35,0,0.0,23,ok
2015,8946769,8,keyword,"lateral CMOS transistor with source, drain, body, and drift layers; insulating layer carrying permanent charge inducing surface inversion or drift depletion; includes trench gate architecture and surface region adjoining drift; search for embedded charge‑stabilized lateral power device variants.",3,39,1,0.03125,32,failed_constraints
2015,8946769,8,function,"Search for lateral semiconductor structures where an embedded permanent charge in an adjacent insulating layer induces inversion or depletion in a nearby drift or surface region, permitting enhanced current modulation or higher breakdown voltage in a trench‑gated device.",1,39,0,0.0,25,ok
2015,9210915,29,summary,"Device that weighs each fish in a V‑shaped compartment, then directs the fish through one of two gravity‑driven discharge flaps, using separate actuators, based on whether the measured weight is above or below a preset threshold.",2,38,0,0.0,25,ok
2015,9210915,29,keyword,"Explore fish sorting apparatus with a V‑shaped weighing chamber, load cell sensor, dual gravity outlets, pivoting bottom doors actuated by linear actuators, and logic unit comparing fish mass to a preset threshold to direct product flow.",2,37,0,0.0,27,ok
2015,9210915,29,function,"Search for a device that weighs a single fish in a V‑shaped compartment, compares the weight to a set limit, and, using a control unit, directs the fish via two gravity‑enabled outlets by opening pivoting bottom flaps.",2,39,0,0.0,23,ok
2015,8971993,13,summary,"Search for devices and methods enabling real‑time navigation of a needle and internal wire using dual‑mode tracking sensors for targeting cardiac or vascular sites, with a fastening mechanism to keep the wire inside the needle.",1,37,0,0.0,23,ok
2015,8971993,13,keyword,"needle assembly with coaxial guide, fastener retaining wire within lumen, dual‑mode tracking sensor output for needle and wire positions in cardiac or venous procedures, enabling physician or computer‑guided navigation.",3,31,1,0.043478260869565216,23,failed_constraints
2015,8971993,13,function,"dual‑mode positional output system guiding a surgical needle and internal guidewire into a beating heart or vein, utilizing a fastening device to hold the guidewire and a medical positioning sensor.",1,31,0,0.0,19,ok
2015,9116582,6,summary,"Search for a touch sensor comprising interleaved long drive and sensor electrodes with protruding structures creating triangular gaps, where sensor spacing matches finger touch diameter while detecting finer stylus inputs through mutual capacitance interactions.",2,34,0,0.0,27,ok
2015,9116582,6,keyword,"Projected sensor system with parallel elongated drive traces and orthogonal sensor rails, incorporating primary ridge protrusions and opposing secondary teeth forming trapezoidal gaps, optimized for high‑resolution finger stimulation and sub‑finger stylus detection within a mutual capacitance interrogation field.",2,40,0,0.0,32,ok
2015,9116582,6,function,Touch sensor array featuring mutual‐capacitive coupling between orthogonal electrode pairs with triangular gaps formed by primary and secondary protrusions enabling high‑resolution stylus detection.,2,25,0,0.0,20,ok
2015,8959891,10,summary,"Method for detecting a stuck float in an SCR urea tank by integrating injected urea volume, resetting integration when float position changes, and signaling a fault if cumulative injection surpasses a predetermined threshold.",1,33,0,0.0,21,ok
2015,8959891,10,keyword,"Search for prior art of SCR systems that use a float‑based urea inventory sensor, integrating urea dosing volumes, resetting integration upon float position change, and flagging sensor fault when accumulated dose exceeds a preset threshold.",2,36,0,0.0,27,ok
2015,8959891,10,function,"Search for exhaust converter systems that detect a stuck liquid level sensor by tracking cumulative additive injection, resetting the count when the sensor signal changes, and flagging a fault if the cumulative injection surpasses a set threshold to ensure proper nitrogen oxide reduction.",2,43,0,0.0,28,ok
2015,9143677,2,summary,"Camera system with real‑time composition scoring using machine‑learning rules trained on rated images, providing audio/visual or tactile guidance to improve framing, and locking shot capture when the calculated score drops below a preset threshold.",1,37,0,0.0,27,ok
2015,9143677,2,keyword,"Querying prior art for a camera system featuring an image sensor and processor that generate a composition score based on multiple image attributes and a rule‑based rating model derived from a labeled image dataset, with real‑time audio/visual/tactile feedback and shutter lock when score falls below threshold.",1,50,0,0.0,34,ok
2015,9143677,2,function,"Method for evaluating photographic composition by extracting multiple image‑based features, applying rule‑based ratings trained on a dataset, and delivering real‑time audio/visual feedback, composition suggestions, or shutter lock if score falls below threshold.",1,36,0,0.0,27,ok
2015,9070572,6,summary,"Search for memory modules using dual‑side PCBs with mismatched rank counts on each side, where packages in the same rank share a common chip‑select line while packages in different ranks use independent select signals.",2,36,0,0.0,26,ok
2015,9070572,6,keyword,"Search for dual‑sided memory module with semiconductor die ranks on opposing PCB faces, each rank sharing a common chip‑select line but distinct from other ranks, non‑power‑of‑two rank counts such as three, five, six, or seven.",3,40,2,0.06896551724137931,29,failed_constraints
2015,9070572,6,function,"Search for memory modules employing a dual‑sided PCB where die arrays establish ranks in non‑power‑of‑two counts, with each rank receiving a shared chip‑select line while other ranks use distinct selection signals, thereby enabling flexible addressing and efficient channel sharing.",1,44,0,0.0,34,ok
2015,9022674,28,summary,"Search for a tape feeding system featuring a cantilevered roller supported by a cylindrical housing that maintains a reduced clearance at one end and presents an aperture for tape contact, enabling precise tape guidance for printing applications.",1,37,0,0.0,23,ok
2015,9022674,28,keyword,"Search for patents describing a cantilevered feeding roller assembly with a cylindrical housing inner surface contacting a narrow outer cylindrical surface, minimal clearance at one end, accompanied by a print head that applies ink to the conveyed tape.",2,38,0,0.0,25,ok
2015,9022674,28,function,"Search for devices that guide a tape using a rotatable feeding roller held in a cantilevered position, with a sleeve‑like holder featuring a tight gap at one end and an opening that presents the roller’s face to the tape for precise feeding and printing.",2,46,0,0.0,25,ok
2015,9170703,6,summary,"Admin‑defined rules activate when users tap within designated interface regions, generating customized web links by inserting data from those regions into templates – enabling quick, tailored information lookup.",2,28,0,0.0,22,ok
2015,9170703,6,keyword,"Search for systems enabling end‑user gestures on chart row axes that invoke rule‑based template engines to substitute instance parameters into URLs, defined by administrators, for mobile and web applications.",3,31,0,0.0,21,ok
2015,9170703,6,function,"Search for methods where an end‑user gesture on a displayed data region triggers rule‑based generation of a URL by substituting values from the region into a predefined template, enabling contextual information retrieval or action.",1,36,0,0.0,21,ok
2015,9176701,2,summary,"handheld device with dual screens connected by a hinge that places display areas within 10 mm when fully opened, uses hinged side openings and an elongated hub with internal passage, enabling >180° rotation and minimal angular offset between screen planes.",3,40,0,0.0,29,ok
2015,9176701,2,keyword,"Search for handheld dual‑screen communication devices with a foldable hinge that allows a sub‑10 mm spacing between the two display regions when fully open, featuring an elongated hub with internal channel, side‑surface mounting apertures, and a >180° pivot range.",2,42,0,0.0,29,ok
2015,9176701,2,function,"Search for handheld foldable communication devices with dual display modules, a hinge permitting full opening while keeping the two display planes within a 10 mm separation, pivot axis openings in each housing, and a 180+ degree range to produce near‑parallel screens.",3,42,0,0.0,31,ok
2015,8990375,4,summary,"How to cluster publish‑subscribe clients by similar consumption traits, organise their topics into separate storage sets, dynamically re‑assign topics when traits change, and invite unused topic sets to other clients to optimise coverage.",2,35,0,0.0,25,ok
2015,8990375,4,keyword,"Search for systems that allocate publisher subscriptions into groups based on subscriber consumption patterns, using dynamic similarity thresholds, partitioned storage for non‑overlapping subscription sets, and automated invitation of non‑subscribed users to unused partitions.",3,35,0,0.0,25,ok
2015,8990375,4,function,"Look for techniques enabling grouping of clients by consumption characteristics, storing their subscribed topics in distinct logical partitions, dynamically moving topics between groups, and inviting unused clients to subscribe to unused partitions.",2,32,0,0.0,22,ok
2015,9110188,10,summary,"Method for locating subsurface layer interfaces in wellbores by measuring electric field responses at two distinct depths, computing the gradient between the measurements, and using that gradient along with the first depth reading to identify boundary positions.",2,37,0,0.0,24,ok
2015,9110188,10,keyword,"Search for resistivity logging systems that use a transmitter and receiver to acquire a primary resistivity reading at a first depth, compute a gradient with a secondary reading taken at a distal depth, and use that gradient to locate subsurface layer boundaries in a subterranean formation.",3,46,1,0.038461538461538464,26,failed_constraints
2015,9110188,10,function,"How to identify formation boundaries by measuring resistivity at two depths using a logging tool, calculating gradients, and processing the data to locate subsurface layer interfaces.",2,26,0,0.0,17,ok
2015,9163366,35,summary,"Search for continuous slipform paver that allows the mold to pivot along the travel axis so the output concrete can vary orientation along its length, independent of chassis height adjustments.",1,30,0,0.0,20,ok
2015,9163366,35,keyword,"Slipform paver assembly featuring a travel‑axis pivotable mounting unit for a flowable‑material mold with upper and opposed side components, independently actuated by an automated pivoter, controlled through a programmable drive system, while chassis elevation is hydraulically adjusted.",2,39,0,0.0,28,ok
2015,9163366,35,function,"slipform paver with chassis having height‑adjustable columns, drive and control units, mold mounted on a pivotable unit that tilts about an axis parallel to the travel direction, enabling continuous concrete structures with varying orientation independent of chassis height adjustments.",1,40,0,0.0,28,ok
2015,9194764,10,summary,"compact fluid flow sensor with dual‑side placement of electronic components on a flexible carrier, featuring a support structure with an integrated cavity for bottom‑mounted elements, applicable to engine intake air measurement.",1,33,0,0.0,22,ok
2015,9194764,10,keyword,"Search patents for a flow‑property sensor in an internal combustion engine’s intake tract featuring a housing with an electronic module mounted on a support substrate, two‑sided component placement, a recessed cavity beneath the bottom surface, and evaluation circuitry.",3,41,1,0.038461538461538464,26,failed_constraints
2015,9194764,10,function,"Search for flow property detection sensors for engine intake, using a two‑sided mounted evaluation circuit on a carrier, integrated into a housing with a support profile containing a cavern that encloses bottom‑side components to optimize packaging.",1,38,0,0.0,24,ok
2015,9068209,15,summary,"Search for methods of solid‑phase polynucleotide synthesis that partition the target sequence into palindromeless subunits derived from a complete set of short oligonucleotide precursors, ligating each subunit with a solid‑bound primer, then assembling subunits by PCR to produce the final strand.",1,43,0,0.0,28,ok
2015,9068209,15,keyword,"Search for solid‑phase synthesis of polynucleotides by tiling non‑palindromic oligonucleotide precursors into overlapping subunits, ligating each subunit to a solid‑bound initiating duplex, then recombining the subunits via PCR to assemble the full‑length duplex.",2,37,0,0.0,26,ok
2015,9068209,15,function,"Search for methods of solid‑phase polynucleotide synthesis using palindromeless oligonucleotide tilings, partitioning the sequence into overlapping subunits, annealing non‑repeating oligos, single‑reaction ligation on beads, and PCR assembly of the final product.",2,34,0,0.0,24,ok
2015,8974205,27,summary,"High‑performance gas compressor featuring a rotating cam system enclosed by an elastomer‑lined stator, with an integrated lower reservoir supplying and returning lubricant through dedicated conduits, enabling gravity‑assisted separation of oil and gas while ensuring continuous shaft lubrication and efficient gas delivery.",2,44,0,0.0,33,ok
2015,8974205,27,keyword,"progressing cavity gas pump with elastomeric stator bore, gas inlet/outlet, rotor‑driven thrust, lower lubricant reservoir fed by throttled feed line and returning via conduit, anterior pump chamber ensuring continuous shaft lubrication, gravity‑based oil separation at outlet, distributor supplying oil return, gas‑compression methodology.",3,46,4,0.1,40,failed_constraints
2015,8974205,27,function,"rotary displacement gas compressor with an elastomeric stator interior, inlet/outlet gas pathway, and a lower lubricant reservoir linked by feed/return conduits that gravity‑separate oil from gas and provide continuous shaft lubrication.",2,34,0,0.0,24,ok
2015,8953821,23,summary,"Search for a patent describing a parametric speaker array in which backplate cavities of varying dimensions tune individual transducers to staggered center frequencies, thus extending the overall bandwidth of ultrasonic audio emission.",1,32,0,0.0,21,ok
2015,8953821,23,keyword,ultrasonic parametric audio system modulator driver amplifier acoustic transducer array backplate with variable‑size cavities membrane conductive surface centre‑frequency tuning broadband soundfield,3,23,2,0.1,20,failed_constraints
2015,8953821,23,function,search for techniques to broaden the frequency range of a parametric audio transducer array by varying the dimensions of membrane‑adjacent cavities or holes on a backplate to tune individual center frequencies and achieve a wider overall response.,1,38,0,0.0,22,ok
2015,9019885,3,summary,"Search for RF distribution architectures that use multiple port‑based interfaces to dynamically detect connected receivers, route control and data signals through an antenna network, allow inter‑receiver communication and spectrum scanning, and also deliver power via modulated DC.",1,39,0,0.0,30,ok
2015,9019885,3,keyword,"Search for patents on dynamic RF distribution networks employing port‑based antenna connectivity, sensor‑driven receiver detection, logic‑controlled routing loops, A‑port/B‑port interconnects, spectrum scanning modules, voltage‑modulated DC power delivery, and lock/unlock command arbitration among multiple wireless receivers.",3,43,0,0.0,36,ok
2015,9019885,3,function,"Dynamic RF distribution bus that senses connected radios, builds a routing tree, and forwards data from a primary node to all others and back, while enabling lock/unlock, spectrum scan, and dual‑antenna control.",1,34,0,0.0,24,ok
2015,9116193,4,summary,"Searching for systems that detect component leakage by measuring power‑supply current when a user selects a target node during power‑off and sleep states, comparing the current difference to a threshold and raising an alarm if the difference exceeds the limit.",1,42,0,0.0,25,ok
2015,9116193,4,keyword,"Search for systems that monitor excess power draw in a user‑selected component by cycling it OFF, ACTIVE, and IDLE, sampling supply current before and after, computing the delta, comparing to a preset limit, and flashing a warning on a screen.",2,41,0,0.0,24,ok
2015,9116193,4,function,"Looking for methods or systems that determine whether a selected electronic component in a device causes higher standby current draw by measuring supply current before and after switching the component from off to sleep, and triggering an alarm when the difference exceeds a set threshold.",2,45,0,0.0,27,ok
2015,8971442,4,summary,"Design a MIMO transmission technique that independently chooses modulation and coding rates for each encoded data stream, applies spatial diversity methods such as block coding and cyclic delay, and maps resulting signals to antennas, optimizing throughput by adapting to each stream's signal‑to‑noise level.",3,46,0,0.0,32,ok
2015,8971442,4,keyword,"MIMO transmitter with spatial streams where each stream uses an independent modulation and coding scheme, employing block coding, cyclic delay diversity, quasi‑orthogonal Alamouti, time‑reversed spatial coding, linear precoding, antenna mapping, and SNR‑based MCS selection for unequal stream adaptation.",3,41,2,0.06060606060606061,33,failed_constraints
2015,8971442,4,function,"System that segregates input payload into several data streams, each mapped onto independent spatial streams, assigns per‑stream adaptive modulation/coding based on received SNR, applies orthogonal diversity coding, cyclic delay, and antenna‑mapping transforms before transmitting via an array of antennas for enhanced spectral efficiency.",3,46,1,0.02702702702702703,37,failed_constraints
2015,8954087,4,summary,"dynamic TV white space channel allocation using user terminal location to avoid interference with digital TV, licensed microphones, and cable head ends over a wireless network.",2,26,0,0.0,20,ok
2015,8954087,4,keyword,"Search for mobile wireless solutions that allocate TV white‑space spectrum to user devices by querying a database with positional data, routing access through a relay node, and enforcing dynamic interference protection for digital TV receivers, auxiliary broadcast systems, licensed microphones, and cable distribution endpoints.",2,45,0,0.0,33,ok
2015,8954087,4,function,"Searching for systems that provide mobile wireless communication by requesting the current user location to a TV white space database, determining an available TV white space channel that avoids interference with digital TV, auxiliary broadcast, wireless microphones, and cable head ends, and delivering that channel to the user device.",2,49,0,0.0,32,ok
2015,9174520,32,summary,"An electric vehicle arranges the battery along a sloping rear partition, positioning its lower edge beneath the passenger hip while interleaving motor mounts above and below the battery’s upper portion to conserve vertical space.",1,35,0,0.0,24,ok
2015,9174520,32,keyword,"Search for electric vehicles with rear‑wheel drive where the battery pack lies along a sloped rear partition, positioned below passenger hip level, and the motor mounting structure overlaps the battery vertically within the vehicle width cross‑section.",3,38,0,0.0,27,ok
2015,9174520,32,function,Search for electric vehicles employing sloped rear interior panels that allow the lower portion of the power cell to lie below passenger hip level while integrating motor mounts that overlap the upper cell area for space optimisation.,3,37,1,0.038461538461538464,26,failed_constraints
2015,8950698,32,summary,"Search for a modular rotorcraft that attaches a detachable airframe with tilting wings and side prop-rotors, allowing the helicopter to alternate between rotor-only lift or combined lift and forward thrust, while the fixed wing can also operate independently, improving vertical and horizontal flight versatility.",1,46,0,0.0,32,ok
2015,8950698,32,keyword,"search for compound rotorcraft design with detachable fixed-wing section, fuselage, rotor, adjustable wings, translatable horizontal to vertical orientation, proprotors on wings, docking bay coupling, independent horizontal/vertical flight augmentation.",3,30,0,0.0,24,ok
2015,8950698,32,function,"Search for aircraft systems that combine a rotor-based helicopter type with a detachable, independently-operating fixed-wing module whose rotating wings can shift between vertical and horizontal orientations, providing enhanced vertical lift or horizontal cruising capability while allowing independent flight after separation.",1,43,0,0.0,34,ok
2015,9076238,6,summary,"Search for technique that aligns multiple ultrasound image crops via feature matching, warps them into a common coordinate space, then blends overlapping regions using weighted contributions from distance to crop edges, intensity gradients, and pixel intensity histograms.",1,37,0,0.0,27,ok
2015,9076238,6,keyword,"Ultrasound image stitching by interest‑point detection, inter‑image correspondence, warping onto a common world coordinate grid, per‑pixel distance‑to‑edge, gradient‑magnitude, and intensity‑histogram weights, normalized and blended over overlaps.",1,33,0,0.0,26,ok
2015,9076238,6,function,"Are there prior methods for compositing multiple ultrasound region images by locating key points, establishing correspondences, warping onto common coordinates, applying distance, gradient, and histogram‑based weight maps, normalizing them, and blending overlapping areas with a weighted combination?",2,38,0,0.0,28,ok
2015,9111893,2,summary,"Search for OLED display pixels that use dual supply lines with a spatially varying voltage drop, employing switchable capacitors to store per‑pixel bias corrections for balanced luminance across the panel.",2,31,0,0.0,22,ok
2015,9111893,2,keyword,"Search OLED pixel display structures featuring a drive transistor with anodes/cathodes, electrostatic storage capacitor for gate‑source voltage, integrated switch elements, positive/negative power lines, reference voltage compensation, and per‑pixel voltage gradient from center to edge.",3,38,2,0.06666666666666667,30,failed_constraints
2015,9111893,2,function,"Search for a pixel architecture in OLED displays that uses dual supply rails and a transconductance element, a capacitive node storing the drive bias, and multiple auxiliary transistors to adjust reference bias and compensate threshold while reducing per‑pixel voltage gradient toward the center.",2,44,0,0.0,30,ok
2015,8955218,2,summary,"search for methods of forming a printed circuit substrate with inner and outer layers, where the outer layer contains interconnects inside a mounting region, solder mask is applied over the outer layer, masked area is removed, a cured insulator covers the interconnects, and bond pads are integrated on the surface.",2,50,0,0.0,31,ok
2015,8955218,2,keyword,"Query for substrate with core dielectric layers, upper circuit pattern exposed by removing solder mask, insulating film covering the chip mounting area and interconnection pattern, and multiple embedded bond pads on the film surface.",3,34,6,0.25,24,failed_constraints
2015,8955218,2,function,"Method for fabricating an electronic package substrate with inner and outer signal layers, selectively exposing interconnects by removing protective resist in a device placement zone, then depositing and curing dielectric over exposed lines, and creating embedded bond pads on the dielectric surface.",3,42,1,0.034482758620689655,29,failed_constraints
2015,9131364,4,summary,"Search for methods and interfaces that automatically choose a default SIM card for each contact point, allowing users to override selections via a touch UI, based on factors such as call origin, recent usage, and signal strength.",3,37,1,0.04,25,failed_constraints
2015,9131364,4,keyword,"Search patent prior art for systems enabling a device to select a primary SIM card per contact point, display multiple contact options, activate communication via the chosen SIM, and maintain a mapping table using factors like source, import, recent activity, and signal strength.",2,43,0,0.0,33,ok
2015,9131364,4,function,"Search for methods that enable a device to automatically select a default mobile card for each contact point, display a UI listing multiple contact points, trigger calls with the chosen card, and allow user‑initiated overrides based on call history, signal strength or card source.",3,45,0,0.0,31,ok
2015,9003913,1,summary,"Search for a handheld input controller featuring a handle that tilts along an axis with a stop limiting the range, and engages a matching concavo‑convex pair to restrict rotational motion when tilted, freeing rotation when upright.",1,37,0,0.0,22,ok
2015,9003913,1,keyword,"Search for patents describing handle‑operated input devices that combine tilt and rotary motion control, featuring a limit stop along the tilt axis, and an interlocking concave‑convex contact pair that engages during tilt to restrict rotation, with spatial separation when neutral.",1,42,0,0.0,29,ok
2015,9003913,1,function,"User-interactive input apparatus with a handle capable of controlled tilting within a limited range and axial rotation, featuring a stop that confines tilt and concavo-convex interlocking surfaces preventing unintended rotational movement when tilted, enabling precise two-axis manipulation.",1,40,0,0.0,29,ok
2015,9018370,14,summary,"Search for small‑molecule heteroaryl probes with sugar or alkyl linkers enabling fluorescent detection in competitive assays against glycosyltransferase or glycoprocessing enzymes, focusing on conjugated groups and novel linking/binding chemistries.",1,31,0,0.0,22,ok
2015,9018370,14,keyword,"Locate fluorescent probe molecules bearing heteroaryl or aryl groups with conjugated C=C bonds linked by O‑ or N‑substituents, optionally bearing phosphate or carbohydrate (monosaccharide or polysaccharide) handles, used in competitive binding assays for glycosyltransferases or glyprocessing proteins, measuring luminescence.",2,41,0,0.0,26,ok
2015,9018370,14,function,"competitive binding assay using heteroaryl‑derived fluorescent probe to assess glycosyltransferase or glycoprocessing protein affinity, where probe, enzyme, and ligand are combined in solution and fluorescence is quantified to determine binding.",1,31,0,0.0,20,ok
2015,8978604,27,summary,"Search for hydraulic actuator featuring a dual‑spring bias system with adjustable preloads, integrated fluid bypass and flow‑control passages that enable fast response, low power consumption, and soft‑seating operation in a combined hydraulic/spring‑mass unit.",2,38,0,0.0,28,ok
2015,8978604,27,keyword,"Search for hydraulic piston actuator with dual‑spring biasing, fluid bypass loop, and integrated flow‑control chambers in a dual‑port housing, enabling rapid dynamic response and programmable preload adjustments via moving spring‑retainer assembly.",2,35,0,0.0,27,ok
2015,8978604,27,function,"Search for hydraulic cylinder actuators featuring dual‑spring biasing, position‑dependent fluid bypass, and flow control passages that enable rapid, low‑energy operation with smooth engagement and adjustable preload states.",2,30,0,0.0,23,ok
2015,8994047,8,summary,"Search for an optoelectronic module that uses a carrier plate and a non‑reflective polymer housing featuring a stepped profile: a higher rim and an adjacent lower cavity with a slanted interface, where the cavity extends to the semiconductor to cut internal reflections.",2,43,0,0.0,24,ok
2015,8994047,8,keyword,"Search for optoelectronic semiconductor module comprising a carrier substrate with solder pads, encapsulated in a light‑absorbing polymer housing featuring a higher raised section and a lower recessed cavity separated by an oblique flank, the cavity within 500 µm of the chip.",2,42,0,0.0,26,ok
2015,8994047,8,function,"Search for optoelectronic modules with a carrier, a light‑absorbing polymer housing featuring an elevated surface and a recessed region that abuts the semiconductor within <500 µm, using an oblique flank to suppress internal reflection and improve optical coupling.",2,39,0,0.0,24,ok
2015,9151474,1,summary,"The invention provides a lighting enclosure where a cover over an LED‑board is sealed by a cap that has an inner segment tightly fitting the cover and an outer segment forming a cavity into which a potting compound flows, sealing the device.",2,43,0,0.0,22,ok
2015,9151474,1,keyword,"Search prior art for lighting enclosure featuring a cover housing a PCB with multiple LEDs, an end cap with an internal contact portion and an external recess, and adhesive sealant potting the recess and sealing both internal and external surfaces.",3,40,1,0.04,25,failed_constraints
2015,9151474,1,function,"Search for systems that close a protective enclosure over a printed circuit with luminescent elements, using a two-part cover cap that guides potting material into a sealed cavity for protection against moisture and vibration.",2,35,0,0.0,22,ok
2015,9041817,2,summary,"Search for systems that apply an affine transform to a source image, map diagonal meta‑rows into line buffers, then perform windowed interpolation to generate output image rows in raster scanning order, aiming to reduce memory traffic in digital stabilization.",3,40,1,0.03571428571428571,28,failed_constraints
2015,9041817,2,keyword,"Search for hardware implementations of affine image transformations using distinct horizontal location data engines, DMA controllers, and multi‑line buffers to store meta‑rows, followed by interpolation engines that output rotated frame data in scanline order.",3,36,2,0.07407407407407407,27,failed_constraints
2015,9041817,2,function,"Efficient affine image stabilization by horizontally aligning rotated source segments into memory lines for sequential interpolation of destination pixels in raster order, employing dual transform engines and DMA-based extraction guided by affine coefficients.",3,34,1,0.04,25,failed_constraints
2015,8973972,32,summary,"Search for a rear vehicle aerodynamic stabilizer that employs a spring‑loaded, articulated air‑guiding fin, deployable to shape airflow and side contours, and retractable by manual or vehicle‑induced compression into a stowed state.",3,35,1,0.045454545454545456,22,failed_constraints
2015,8973972,32,keyword,"Search for patents on adjustable rear vehicle spoilers featuring spring‑preloaded air‑guiding panels mounted on articulated two‑rod hinge assemblies, capable of travel and stowed positions, and integrated with rear access‑opening closure mechanisms or reversible vehicle clearance systems.",1,40,0,0.0,30,ok
2015,8973972,32,function,"Search for vehicles equipped with an adjustable aerodynamic air‑guide panel that extends rearward for lateral airflow management, spring‑preloaded for deployment, retractable against spring tension, enabling clearance of rear access openings during reverse parking, with a vertically actuated sliding cover.",3,41,2,0.06666666666666667,30,failed_constraints
2015,9174647,32,summary,"Search for vehicle control systems that dynamically adjust the length of a predictive horizon based on stored vehicle dynamics data, so that the vehicle’s motion matches a specified energy‑efficiency benchmark, linking the horizon to driving style.",3,38,0,0.0,24,ok
2015,9174647,32,keyword,Query for prior art on automotive controller systems that adjust prediction horizons and input-output mapping ranges based on stored dynamic vehicle data to regulate vehicle actuation according to a target fuel‑efficiency score.,2,34,0,0.0,24,ok
2015,9174647,32,function,"Search for methods that calibrate vehicle control algorithms by redefining predictive window lengths and sensor‑mapping based on a target energy‑economy rating, correlating aggressive or smooth driving styles with rating thresholds, and dynamically governing vehicle behavior.",3,37,3,0.11538461538461539,26,failed_constraints
2015,9027886,32,summary,"Identify patents for a wearable high‑altitude fall‑protection system that automatically inflates cushioning chambers upon altitude change, triggered by onboard sensors and battery, with adjustable fit, recovery beacons, and post‑fall deflation mechanisms.",1,34,0,0.0,25,ok
2015,9027886,32,keyword,"Self‑inflating fall‑protection vest with battery‑powered altitude detection, motion‑activated bladder inflation, adjustable air channels, reflective beacons, automatic deflation, and cabinet‑mounted release pin for high‑rise egress, forming a dynamic safety pod around the wearer.",2,38,0,0.0,31,ok
2015,9027886,32,function,"A vest that automatically inflates a protective cushion around a wearer when an altitude change and motion are detected during a fall, using built‑in altitude and motion sensors, inflatable bladders, and a storage‑cabinet activation mechanism.",1,37,0,0.0,22,ok
2015,8985184,20,summary,"Search patents for a method that regenerates sand from metal casting molds or cores containing a soluble‑glass binder, using mechanical and thermal stages, with a hardener added during or after the mechanical step but before heating.",3,37,3,0.13043478260869565,23,failed_constraints
2015,8985184,20,keyword,"Search for patent documents describing a process that mechanically and thermally reprocess sand recovered from sand molds or cores using a glass binder, involving hardener addition before or during mechanical action and subsequent heat treatment to prepare sand for reuse.",2,40,0,0.0,27,ok
2015,8985184,20,function,"Method for reusing sand from sand molds or cores: perform mechanical cleaning, add a soluble‑glass hardener, then apply thermal curing to restore the binder, enabling repeated manufacture of casting molds with regenerated silica sand.",1,35,0,0.0,25,ok
2015,9124695,4,summary,"Search for systems that convert voice‑menu IVR prompts into on‑device graphical menus, using mobile apps that detect caller device type, transmit pre‑translated GUI content from a web server, and render a visual interface for callers.",1,38,0,0.0,26,ok
2015,9124695,4,keyword,"Search for a mobile‑app‑based call interface that detects mobile callers, offers an audio cue for a graphical menu option, retrieves a voice‑menu translation from a web server, and renders it as a GUI on the phone’s display.",2,41,0,0.0,23,ok
2015,9124695,4,function,"Find prior art for systems that detect mobile callers, offer voice or visual menu options, translate spoken menu prompts into on‑screen menu displays, store that translation on a server, and deliver it to the mobile device.",2,37,0,0.0,23,ok
2015,9074887,10,summary,"A portable device uses camera imaging to measure a pixel dimension of a selected side of an object, obtains an expected real‑side length from the user, then calculates device‑to‑object distance by comparing the pixel measurement to the user‑provided length.",1,43,0,0.0,26,ok
2015,9074887,10,keyword,"Search for prior art on smart smartphone distance sensing methods that use a photo sensor to capture a target image, compute a side length within the image, compare to a user-entered predicted length, and derive object-to-device distance via ratio calculations, including automatic side-length calibration without user assistance.",3,51,1,0.02702702702702703,37,failed_constraints
2015,9074887,10,function,"Find prior art on mobile smart device distance estimation that uses camera imaging, automatically calculates side length of a selected target, accepts a user‑centered predicted dimension, and derives distance from the side‑length ratio.",1,35,0,0.0,25,ok
2015,9066130,2,summary,"Search for technologies that integrate purchasable item overlays into streaming videos by linking product metadata to related videos, presenting multi‑retailer options in a dynamic in‑stream ad that updates with viewer selections.",2,33,0,0.0,21,ok
2015,9066130,2,keyword,"Systems and methods for dynamically overlaying a click‑to‑buy interface on a streaming video, using server‑processed standardized second video derived from item metadata matched to the original, displaying a retailer list during playback and allowing the user to select a retailer.",3,43,1,0.037037037037037035,27,failed_constraints
2015,9066130,2,function,"system and method for embedding product purchase overlays in streaming videos, matching items via video metadata, allowing rights holders to enable monetization, and letting viewers choose from multiple retailers in an on‑screen click‑to‑buy interface during playback.",1,39,0,0.0,27,ok
2015,9040962,19,summary,"OLED host material composition including triphenylene derivatives to improve charge balance, device lifetime and luminous efficiency, deposited by layer‑by‑layer evaporation, comprising first and second organic compounds, evaluated in active layer between electrodes.",2,34,0,0.0,26,ok
2015,9040962,19,keyword,"Search for OLED host mixtures comprising heteroatoms S or O with triphenylene and multi‑aryl heterocycle substituents, using co‑evaporation or premixed deposition, aimed at enhancing lifetime and efficiency, in devices featuring first and second electrodes.",3,36,1,0.043478260869565216,23,failed_constraints
2015,9040962,19,function,"OLED host layer composition combining two aromatic organics with sulfur or oxygen functionality, including triphenylene substituted linkers, enabling increased device lifetime and luminous efficiency through optimized energy transfer and reduced quenching; fabrication via sequential or mixed vapor deposition.",2,38,0,0.0,31,ok
2015,9156257,28,summary,High‑speed inkjet recording with dual‑diameter nozzle array producing 5‑15‑pt droplets at 50‑70 in/s to fill a 600‑dpi pixel area via a diagonal line pattern.,1,31,0,0.0,21,ok
2015,9156257,28,keyword,"Search for inkjet printing methods using an ejection head with an orifice array of varying diameters (5–15 pL droplets), where the head and substrate move at 50–70 in/s and droplets fill 600‑dpi pixels along a diagonal line with black ink.",1,44,0,0.0,27,ok
2015,9156257,28,function,"Liquid‑ejector head with multi‑orifice array dispensing 5–15 pl droplets while moving at 50–70 in/s to deposit diagonally‑aligned pixels at 600 dpi, enabling high‑speed dot‑pattern recording.",1,33,0,0.0,24,ok
2015,9200815,30,summary,Search for flexible duct ventilation system with dual opposed connector arrays linked by length‑constrained fasteners that limit spacing to carry air.,1,22,0,0.0,15,ok
2015,9200815,30,keyword,"flexible ventilation ducting system with interior connectors positioned diametrically opposed along the conduit length, connected by tensioned fastening elements that restrict spacing to a small fraction of the internal circumference, using flange and grommet assemblies.",3,35,0,0.0,24,ok
2015,9200815,30,function,"Search for flexible ventilation ducts with pairs of length‑aligned connectors on opposite inner surfaces, joined by adjustable fastening members that constrain spacing, enabling precise positioning and secure airflow channeling.",1,30,0,0.0,21,ok
2015,9201837,6,summary,"Search for a high‑performance data center system that separates processor, memory, storage, and acceleration blades, linking them via a common high‑speed interconnect fabric, allowing processors to cache data on dedicated memory blades and use a dedicated network controller to access external networks.",2,44,0,0.0,31,ok
2015,9201837,6,keyword,"Search for distributed computing systems featuring blade‑based architectures with distinct processor, memory, storage, acceleration, and NIC blades interconnected by a unified network, where processors access shared memory pools and resource pools while maintaining separate blade servers and enabling hot‑patching.",3,41,0,0.0,31,ok
2015,9201837,6,function,"Search for systems integrating a unified interconnect fabric connecting separate processing units to distinct memory caches and shared resource assemblies, enabling simultaneous data caching, acceleration, and core networking while allowing processor upgrades without stopping data flow.",2,36,0,0.0,29,ok
2015,9093797,1,summary,"Search for electrical connector with an insulative housing and terminals inside, encased by a two‑shell metal package that uses spaced fixed legs, multiple soldering legs, and clamping arms for precise front‑to‑back assembly and secure solder joints.",1,39,0,0.0,26,ok
2015,9093797,1,keyword,"Search for multishield electrical connectors with insulated housing, side‑wall fixed legs, soldering leg arrays, front‑to‑back clamping arm engagement, and integrated punch‑hole projections for PCB mounting, focusing on twin‑metal shell enclosures and manufacturing steps.",1,38,0,0.0,29,ok
2015,9093797,1,function,"connector with nested metal shells providing internal fixed and soldering legs for precise contact alignment, using forward‑ and rearward assembly clamping arms and a mating tongue that aligns contacts vertically for PCB mounting, enabling robust mechanical retention and automated insertion.",1,40,0,0.0,29,ok
2015,8964573,4,summary,"Find prior art on systems that automatically validate and register wireless link routes for field networks by measuring distance, obstacles, signal strength, and loss metrics before adding them to a control‑loop topology.",1,33,0,0.0,22,ok
2015,8964573,4,keyword,"Search for a field wireless control loop device comprising a receiving unit that ingests candidate link sets, an evaluation unit that assesses link distance, obstruction, signal strength, and packet loss, and a registration unit that commits suitable links to a uniquely determined topology.",2,43,0,0.0,29,ok
2015,8964573,4,function,"system for receiving, evaluating, and registering wireless links between field devices based on distance, obstruction, signal strength, and loss ratio to construct a control-loop topology exclusively from qualified links.",2,30,0,0.0,21,ok
2015,9017381,13,summary,"A surgical technique that uses a fastener‑driven adjustable loop system to secure a tendon to a bone defect, folding the loop over itself and tensioning via an external arm for precise size reduction and stable tissue attachment.",2,38,0,0.0,24,ok
2015,9017381,13,keyword,"adjustable loop suture construct with cannulated fastener head, driver internal channel, interlocked loops, bone fixation lever, soft tissue anchoring, flexible construct, surgical bone defect repair.",3,25,0,0.0,22,ok
2015,9017381,13,function,"Search for methods that secure torn ligament or tendinous tissue to bone using a flexible loop inside a loopable screw or fastener, then retracting the loop through the screw to tighten and lock the tissue onto the bone.",2,38,0,0.0,23,ok
2015,9095760,3,summary,"Mobile phone fitness challenge app that invites a friend, sends acceptance via server, uploads GPS data at start, receives shared map with both devices, and updates positions in real time during the workout.",1,33,0,0.0,24,ok
2015,9095760,3,keyword,"Search for consumer IoT devices that use GPS tracking to initiate fitness contests between users, transmit challenge invites to a cloud service, receive acceptance notifications, upload timed location data, and display real‑time cooperative maps of both participants on a screen.",3,41,0,0.0,30,ok
2015,9095760,3,function,"How to implement a system where a wearable receives user input to invite a friend to a timed physical activity, sends the invitation to a cloud service, which confirms acceptance, then both devices periodically upload their geographic coordinates and display a map showing each participant's trail and current location?",3,50,1,0.03225806451612903,31,failed_constraints
2015,9128708,6,summary,"Optical disk drive power management with selective activation of high‑speed and low‑speed analog and decoding circuits based on operational speed, reducing energy consumption by shutting down unused subsystems.",3,30,3,0.13636363636363635,22,failed_constraints
2015,9128708,6,keyword,"search for optical-drive power‑saver system that dynamically powers up high‑speed analog front ends or decoders at high read rates and suspends low‑speed analog front ends or decoders during low‑speed operation, using a control unit to manage sets of circuits.",3,44,4,0.13333333333333333,30,failed_constraints
2015,9128708,6,function,"Search for systems that selectively power down non‑needed signal processing blocks in an optical media reader based on operation speed, enabling energy savings while maintaining high‑speed playback performance.",2,30,0,0.0,23,ok
2015,9164063,10,summary,"Device that detects analytes by monitoring frequency shifts of diverse piezoelectric resonators; a common oscillator circuit automatically selects the appropriate bias level according to each resonator’s impedance, after acquiring its type information, enabling low‑loss, accurate sensing across multiple sensor types.",2,42,0,0.0,32,ok
2015,9164063,10,keyword,"Search patent literature for fluidic sensing devices utilizing piezoelectric crystal sensors with adsorption coatings, oscillator circuits that adapt drive voltage based on crystal impedance characteristics, information extraction of resonator type, and voltage regulation for frequency‑based target detection.",2,38,0,0.0,29,ok
2015,9164063,10,function,"Search for a compact analyzer that detects target molecules in liquids by tracking the frequency change of a resonating element, employing a versatile oscillator circuit whose supply voltage is automatically adjusted from stored resonator‑type data, allowing compatibility with various resonator designs.",3,42,0,0.0,28,ok
2015,9090217,32,summary,"Search for a saddle‑vehicle storage system featuring a detachable battery compartment positioned beneath a primary storage box, secured by a horizontal cross‑member frame that includes a protruding contact area for wiring and a sloped guide for easy attachment.",1,40,0,0.0,26,ok
2015,9090217,32,keyword,"saddle‑style vehicle storage box with a detachable battery housing mounted on a horizontal cross‑member, featuring a downward bulging contact interface that accommodates power conductors routed across the vehicle’s width, and an inclined guide flange aligning with the battery center.",1,42,0,0.0,28,ok
2015,9090217,32,function,"Separate battery enclosure positioned below a cargo housing, mounted on an internal frame with a downward bulging contact surface; wiring routed transversely through the bulging channel, and a slanted guide aligns the enclosure toward its center for easy removal.",2,39,0,0.0,26,ok
2015,8927891,12,summary,"self‑service DVD return station using specular‑light reflectometry to assess disc quality, redirecting sub‑standard media to quarantine, with processor‑initiated prompts for playback acceptability and visible damage.",2,29,0,0.0,22,ok
2015,8927891,12,keyword,"DVD rental kiosk with return tray, optical inspection device that measures specular reflection at multiple angles, processor deciding quarantine placement based on glare and user feedback prompts, preventing defective media distribution.",3,31,1,0.041666666666666664,24,failed_constraints
2015,8927891,12,function,"Search for self‑service DVD kiosks that automatically evaluate returned discs’ surface reflectivity and player feedback to move defective media to quarantine, preventing future rentals.",1,25,0,0.0,18,ok
2015,9048877,5,summary,"Parallel turbo code interleaver uses address generators and a code‑block matrix to rearrange data rows while feeding interleaved data to MAP decoding, then re‑interleaves output as prior info for further cycles.",2,33,0,0.0,25,ok
2015,9048877,5,keyword,"Querying prior art on a high‑performance parallel interleaving engine for forward error correction, featuring a CB‑matrix memory, dual address generator for read/write, row shuffling logic, and MAP‑based soft‑output decoder integrated into a programmable processor architecture.",2,40,0,0.0,30,ok
2015,9048877,5,function,"Search for high-throughput parallel interleaver designs that generate column addresses for simultaneous data reads, route rows through a switching network for row-wise interleaving, feed interleaved data into MAP decoding units, and write updated rows back using delayed addressing.",2,40,0,0.0,31,ok
2015,8964063,2,summary,"Search for a system where a camera user selects an output destination, an onboard processor queries online resources to fetch the destination’s print or display specifications, then automatically sets the camera’s capture resolution to match those specs before taking a photo.",1,43,0,0.0,27,ok
2015,8964063,2,keyword,"Determine optimal image capture resolution for a selected print or display destination by extracting destination attributes—including target print resolution, desired print dimensions, screen resolution, and target image size—from an online database, then set camera settings accordingly before photo acquisition.",3,41,0,0.0,32,ok
2015,8964063,2,function,"Method for selecting camera resolution based on destination attributes fetched from online sources, adjusting capture settings before image creation to reduce storage while ensuring print or display quality.",1,28,0,0.0,21,ok
2015,9081912,4,summary,"Search for methods that enable rapid hot‑swap of node devices via a management controller that gathers the device’s fixed hardware data through an alternate communication path and transmits it to a server, which then auto‑configures the node.",3,40,0,0.0,24,ok
2015,9081912,4,keyword,"Search for prior art on automated node insertion into systems via a baseboard management controller that retrieves static device descriptors through an out‑band interface, transmits them to a server, and uses stored identifiers to execute a hot‑swap addition.",3,40,2,0.07692307692307693,26,failed_constraints
2015,9081912,4,function,"Search prior art on automated node integration by retrieving static hardware specifications via an external controller, storing the data, and enabling the system to attach a new node upon user command using stored identifiers, thereby improving integration speed and efficiency.",2,40,0,0.0,29,ok
2015,9076312,12,summary,"A spring‑loaded RFID lock that, upon tampering, releases a cable‑actuated actuator to sever the tag’s antenna or chip, preventing signal transmission and ensuring the RFID device cannot be read after the lock is damaged.",1,37,0,0.0,23,ok
2015,9076312,12,keyword,"Search for RFID security devices featuring a housing-contained tag with integrated chip and antenna, a spring-loaded locking member that actuates a tamper‑sensitive disabling unit which ruptures the tag’s antenna or chip upon spring release due to structural damage.",2,42,0,0.0,28,ok
2015,9076312,12,function,"Invention of a tamper‑evident RFID lock employing a spring‑loaded mechanism inside a housing that, when the external lock is damaged, releases force to destroy the tag’s antenna or chip, thereby preventing signal emission.",1,36,0,0.0,22,ok
2015,9065753,4,summary,"Search for techniques that detect malicious packet dropping in wireless mesh networks by collecting, at each node, counts of IP packets sent to and received from neighbors, then sending these statistics to a coordinator that flags nodes whose sent counts diverge from neighbor reports.",2,44,0,0.0,29,ok
2015,9065753,4,keyword,"ad hoc wireless network packet drop detection based on inter-node IP packet flow statistics, coordination node computing suspect counters via comparative transmitted‑received packet mismatch, time‑windows, neighboring node reporting, anomaly detection, IP routing trust metrics.",3,37,1,0.029411764705882353,34,failed_constraints
2015,9065753,4,function,"search for methods of detecting nodes that selectively omit forwarding packets in wireless mesh systems by exchanging per‑flow transmission statistics between neighbors and a central coordinator, which compares sent versus received counts to flag misbehaving nodes and update a suspicion metric.",2,42,0,0.0,29,ok
2015,9163934,10,summary,"Search for optical gap measurement devices using light projectors, focal imaging, and perforated masks to isolate point data for accurate micrometer‑level clearance detection between mating parts.",1,27,0,0.0,21,ok
2015,9163934,10,keyword,"Search for optical gap gauge devices using a collimated illumination source, a focusing lens system producing a projected gap pattern onto a sensor plane, a photodetector array over a precision aperture mask that samples light through a micro‑hole to determine micro‑gap dimensions.",2,44,0,0.0,32,ok
2015,9163934,10,function,"Search for optical measurement systems that project illumination onto an extended opening, focus transmitted light through a lens, employ a precisely sized aperture mask aligned with the point of interest, and detect intensity with a photodetector to determine local gap width.",2,41,0,0.0,27,ok
2015,9069455,6,summary,"Search for three‑dimensional, rotatable UI elements whose faces show app icons, where user rotation alternates visible faces and controls media playback, and a single command can rotate multiple shapes synchronously.",1,31,0,0.0,24,ok
2015,9069455,6,keyword,"Search for patents describing 3‑D rotational UI elements that represent software applications, where each volumetric shape has multiple faces displaying graphics, user‑oriented rotation triggers media playback pause/resume, and simultaneous rotation commands control coordinated face transitions on a device display.",2,42,0,0.0,31,ok
2015,9069455,6,function,"rotatable 3D menu structures controlling multiple application icons with face‑specific graphics enabling automatic media playback pause/resume upon rotation, and synchronized rotation of several such structures via single input command, for application management on portable devices.",3,37,0,0.0,30,ok
2015,9148654,2,summary,"Search for tripartite subpixel LCD technology that creates a moving black barrier to form a software optical grating, enabling simultaneous left‑and-right‑eye images for 3‑D display using a backlight and polarized liquid‑crystal control.",3,37,1,0.041666666666666664,24,failed_constraints
2015,9148654,2,keyword,"field‑sequential color LCD with backlight module, pixel matrix of sequential first, second and third subpixels, polarizing sheet, 90° liquid‑crystal deflection creating a digital optical barrier image that partially blocks consecutive frames for right‑eye and left‑eye 3D projection.",3,41,4,0.125,32,failed_constraints
2015,9148654,2,function,"Search for sequential color LCD systems that generate stereoscopic imagery by using a software optical grating formed from a third subpixel layer, which partially blocks red or green channel outputs to deliver left‑right depth to a human observer.",3,39,2,0.07692307692307693,26,failed_constraints
2015,9038713,29,summary,"Search for a pipe or casing cutter employing a toroidal shaped‑charge cavity between offset circular plates sealed by a belt, with radial explosive modules that produce a cutting jet for efficient pipe or casing removal.",1,36,0,0.0,23,ok
2015,9038713,29,keyword,"Query for a toroidal shaped‑charge cutter that uses offset rim plates and a central disc with a detonation‑cord channel, belt‑secured rim enclosure, V‑grooved segmented explosive forming pi shapes, conforming to conical liners and producing a radial cutting stream.",2,42,0,0.0,29,ok
2015,9038713,29,function,"Searching for shaped‑charge pipe cutting devices that use a toroidal explosive cavity between offset circular plates secured by a belting ring, designed to launch a radial cutting jet for rapid removal of metal pipes or casings in industrial or demolition applications.",3,42,2,0.07142857142857142,28,failed_constraints
2015,9201389,9,summary,"Developing cartridge with housing, supply and developing rollers featuring angled electrode protrusions for precise electrical contact guidance and optimized toner transfer.",1,21,0,0.0,15,ok
2015,9201389,9,keyword,"Search for toner cartridge architecture featuring a housing with developing and supply rollers and electrode protrusions angled relative to fixing members, incorporating electrical contact guidance and precise geometric relationships between the roller, electrodes, and fixing structures.",2,36,0,0.0,25,ok
2015,9201389,9,function,"Search for an electrostatic toner development cartridge featuring external electrodes with angled protrusions on both developing and supply rollers, positioned relative to fixing members to direct contact path, thus enabling controlled developer transfer between rollers.",2,35,0,0.0,26,ok
2015,9156615,2,summary,"Search for automated media cartridge transport systems that use mobile units with independent wheel motors, barcode‑based grid navigation, and fiducial sensors to move cartridges between remote libraries.",1,28,0,0.0,21,ok
2015,9156615,2,keyword,"Mobile cartridge transport system comprising a holding tray for multiple tape cartridges, dual independent drive wheels, a swiveling caster for stability, barcode‑based grid navigation, fiducial alignment sensor, and integrated power‑coupled drive motors to move cartridges between remote libraries.",2,40,0,0.0,32,ok
2015,9156615,2,function,"Search for automated systems that transport multiple data cartridges from one storage facility to another using a mobile unit equipped with dual drive wheels, a swiveling caster for stability, location sensing via grid‑indicated barcodes, and alignment sensors to deposit cartridges in the target library.",1,45,0,0.0,31,ok
2015,9168337,13,summary,"fluid injection device with detachable cartridge containing a fluid conduit, a blocking element, and fingers actuated by a cam in the main unit to automatically release the blockage when assembled, enabling controlled fluid flow.",2,34,0,0.0,21,ok
2015,9168337,13,keyword,"Fluid injection system featuring a detachable cartridge module, internal fluid tube, cam-operated pressure fingers, and a blocking member that seals the tube when the cartridge is disengaged, releasing the seal upon reattachment.",2,33,0,0.0,22,ok
2015,9168337,13,function,"searching for fluid delivery devices where a detachable cartridge contains a fluid conduit with pressure‑reducing jaws, and an attachable main unit employs a cam to disengage a blocking element so fluid flow resumes upon coupling.",2,36,0,0.0,24,ok
2015,9086394,10,summary,"One‑motor control of a composite dispense module employing a linear carriage that simultaneously drives pipette rods and piston elements, enabling tip dispensing, washing, and ejection by forcing a ledge against removably mounted tips.",2,34,0,0.0,24,ok
2015,9086394,10,keyword,"Search for a disposable pipette assembly featuring a housing with vertical rod channels, a movable lower head with a ledge contacting piston actuators, a carriage that drives pistons to eject and wash tips, and a single electric motor enabling multi‑function pipetting.",3,42,0,0.0,27,ok
2015,9086394,10,function,How to engineer a single-motor pipetting module that uses a carriage to drive pistons which push a lower plate to eject tips while simultaneously actuating a wash mechanism through piston motion?,3,32,0,0.0,21,ok
2015,9179020,2,summary,"Search for a portable imaging system with an on‑wafer integrated chip that hosts a multi‑core image processor linked by an internal crossbar, buffers for input/output, and a CPU for OS tasks enabling intra‑chip image sensor data transfer.",2,41,0,0.0,26,ok
2015,9179020,2,keyword,"portable handheld imaging system comprising wafer‑mounted integrated circuit with on‑chip image processor, multi‑core cores linked through a cross‑bar switch, on‑chip data memory, I/O buffers, and an embedded CPU, all transferring sensor data internally across shared die",2,42,0,0.0,32,ok
2015,9179020,2,function,"Search for techniques enabling a wafer‑based image processor comprising parallel cores that receive sensor data through an on‑chip interface, buffer input to each core, output data via internal buses, and perform OS work with an embedded CPU, all within a single substrate.",2,44,0,0.0,32,ok
2015,8963923,6,summary,"Find patents describing real‑time power visualization systems that map measured power to a hue‑based color scale, adjusting saturation and intensity proportionally within a defined range, for monitoring distributed generation.",1,31,0,0.0,23,ok
2015,8963923,6,keyword,"Search for methods or devices that generate a power visualization by mapping measured power values to a hue’s chromatic intensity range using a scaling algorithm, controlled by a master controller interacting with distributed generators and producing color‑coded display images for power monitoring systems.",2,45,0,0.0,29,ok
2015,8963923,6,function,"Searching for techniques to display power measurements as hue gradients by mapping power ranges to color brightness and saturation levels, enabling real‑time monitoring of distributed generators on a graphical interface that visually distinguishes power output variations.",2,37,0,0.0,25,ok
2015,9041333,1,summary,"Search for motor control systems distinguishing between constant and varying speed inputs by time‑based detection, and applying separate duty‑cycle calculation methods to produce appropriate drive signals for efficient speed regulation.",1,32,0,0.0,24,ok
2015,9041333,1,keyword,"Motor controller converting speed or command input into a speed‑control voltage, detecting an unchanging DC signal within a preset interval, digitally converting the voltage, determining a duty cycle by distinct AC/ DC algorithms, and generating a PWM drive signal.",2,40,0,0.0,28,ok
2015,9041333,1,function,"Searching for motor drive controllers that classify the speed input as a static voltage when no change occurs within a time threshold, then compute a PWM duty cycle using a different algorithm for steady versus varying commands to control motor torque or speed.",1,43,0,0.0,29,ok
2015,9015463,6,summary,"Search for memory devices that load built‑in repair data from a persistent memory at power‑up, buffer it in internal registers, then swap defective cells with spare cells utilizing that buffer, while a verification unit reports completion to an external controller.",2,42,0,0.0,27,ok
2015,9015463,6,keyword,search for memory devices where non‑volatile memory outputs repair data to registers during initialization; memory banks swap normal cells for redundant cells guided by register data; a verification circuit signals completion to an external controller via an output connector.,3,40,4,0.13793103448275862,29,failed_constraints
2015,9015463,6,function,"search memory device with nonvolatile repair data storage, initialization signal triggering transfer to registers, use of registers to remap defect cells to spare cells in banks, verification circuit generating completion signal to external controller, enabling boot‑up error‑recovery in memory systems",1,42,0,0.0,32,ok
2015,9113355,4,summary,"In mobile core networks, the technique coordinates trigger attempts for machine‑type devices by forwarding trigger requests, evaluating congestion and back‑off status, and, when overloaded, sending failure reports to gateways and mobile units while setting a back‑off timer to delay further requests.",3,44,3,0.0967741935483871,31,failed_constraints
2015,9113355,4,keyword,"Search for MTC signalling solutions where a congested core network control entity issues trigger delivery failure messages, enforces NAS back‑off timers, and forwards or rejects trigger requests between gateway nodes, MTC servers, and mobile terminals.",3,36,4,0.14285714285714285,28,failed_constraints
2015,9113355,4,function,"Search for methods managing signal and data flow in congested mobile core networks that reject trigger requests for devices when a back‑off timer is set by a NAS reject, otherwise forward the trigger to the device, enabling controlled device activation under congestion.",3,43,4,0.14285714285714285,28,failed_constraints
2015,9075361,9,summary,"Search for infrared-light heating toner fixers featuring a hollow cylindrical holder that transmits IR, an insulation seal formed by the holder, heating element, and end supports enclosing a heat absorption unit for efficient thermal fixing of toner on paper.",3,40,1,0.037037037037037035,27,failed_constraints
2015,9075361,9,keyword,"Search for infrared‑heating toner fixing device with cylindrical heat‑sensing member, heat‑absorbing sleeve, pressure nip, heat‑transmitting holding shell, and axially mounted support forming sealed compartment for the absorber.",2,31,0,0.0,24,ok
2015,9075361,9,function,"Search for infrared-based thermal fusing system using a cylindrical absorber, a heating element, and a pressure nip to fuse toner onto a sheet, with an insulating holder that encloses a heat-absorbing unit in a sealed cavity while allowing IR transmission.",2,42,0,0.0,27,ok
2015,8932557,16,summary,"Use radiotracers based on modified carbazole and triazole rings, labeled with isotopes such as 18F or 131I, to image brain tissue; heightened binding relative to normals signals Alzheimer’s presence or risk.",2,32,0,0.0,21,ok
2015,8932557,16,keyword,"Search for radiolabeled carbazole and triazole ligands containing a pyridyl‑indole core, particularly 18F‑fluorinated compounds used for PET imaging of β‑amyloid deposits in Alzheimer’s disease, including synthesis routes from nitro‑pyridine intermediates.",2,35,0,0.0,24,ok
2015,8932557,16,function,"radiolabeled carbazole or triazole derivatives employed in PET/SPECT brain imaging to detect heightened brain uptake, indicating Alzheimer’s disease presence or susceptibility in mammals.",1,25,0,0.0,17,ok
2015,9195687,6,summary,"Search for methods enabling creation, validation and secure sharing of packaged enterprise apps with user‑group access and UI customizations across multi‑tenant cloud databases.",1,25,0,0.0,18,ok
2015,9195687,6,keyword,"search for methods to package custom applications in SaaS multitenant database platforms that include metadata objects, user profiles, UI customization flags, automatic package verification, and cross‑tenant import/export controls.",3,30,0,0.0,23,ok
2015,9195687,6,function,"Methods for building, editing, auto‑verifying, and exporting packaged applications that reference metadata objects, contain group‑based access rules, UI customizations, and a customization flag, enabling these packages to be shared securely between users of an on‑demand cloud database service.",2,41,0,0.0,29,ok
2015,9092819,7,summary,"Search for methods that generate a virtual gift tied to a marketplace product, deliver a purchase‑integrated interface to a social media platform, and suppress the sender’s name in the visual output when the gift is selected.",3,38,1,0.05,20,failed_constraints
2015,9092819,7,keyword,"Search for systems that create a virtual gift from a listed item on an online commerce site, generate a linkable purchase button, deliver the gift and purchase control to a separate social media platform while optionally hiding the sender’s identity from the on‑screen display.",2,46,0,0.0,27,ok
2015,9092819,7,function,"Search for systems wherein an e‑commerce platform generates a virtual gift tied to an item, transmits integrated interface data to a social network, includes a purchase trigger, and suppresses the sender’s name from on‑screen display.",1,38,0,0.0,22,ok
2015,9196605,8,summary,"Search for light‑emitting devices with a trench separating two active units, featuring a shallow side that is covered by an electrical strip bonded to both units, while the steeper side remains exposed, enhancing electrical isolation.",1,36,0,0.0,24,ok
2015,9196605,8,keyword,"search for light-emitting diode structures featuring a substrate with separate first and second active layers, a trench exposing the substrate, differing sidewall angles, and an electrical interconnect that covers layers and shallow sidewall but is absent on the steep sidewall.",1,41,0,0.0,25,ok
2015,9196605,8,function,"light-emitting device with substrate, separate emission cells separated by a trench that has a bottom exposing the substrate and two sidewalls of different slope, where an electrical interconnect surrounds the cells and the shallower sidewall but leaves the steeper sidewall exposed, enabling improved thermal management and reduced parasitic losses.",1,50,0,0.0,31,ok
2015,9004804,31,summary,Search for flexible attachment mechanisms featuring a spring‑loaded bridging member with a protruding cam that engages a hole in a fastener while a restraining feature blocks backward disengagement during reverse forces.,1,32,0,0.0,21,ok
2015,9004804,31,keyword,"Search for elastically deformable band‑plate bridging tool featuring a groove, protruding engagement arm, rear restricting stop, insertion‑direction sliding into attachment hole, reverse‑force locking, and controlled elastic deflection to prevent disengagement in fastening devices.",1,36,0,0.0,28,ok
2015,9004804,31,function,"A bracket attachment system employs an elastically deflectable bridging plate with a protruding tongue and a reverse‑force restrainer, allowing rapid insertion of a component with a mating hole and automatically locking it against back‑pulling displacement.",1,37,0,0.0,23,ok
2015,9005517,20,summary,"Method for fabricating cordierite filter or honeycomb ceramic by extruding a cordierite‑based green body followed by a multi‑stage heat treatment—initial high‑temperature soak, intermediate cool soak, then rapid cooling—to leave an amorphous phase and a sub‑10‑µm pore network.",1,44,0,0.0,31,ok
2015,9005517,20,keyword,"cordierite ceramic filter and honeycomb articles produced by firing a plasticized green body containing MgO, Al₂O₃, SiO₂ (silica d50≈20 µm), pore former and binder; subjected to controlled temperature ramps, ≥1255 °C soak, amorphous content >3 wt %, and sub‑10 µm fines >5 wt %.",2,44,0,0.0,31,ok
2015,9005517,20,function,"methods of pressing and sintering a green body with staged high‑temperature holds to generate a porous ceramic honeycomb featuring sub‑10‑µm pores, >3 wt% amorphous content, and fine‑particle retention for filtration applications.",2,35,0,0.0,23,ok
2015,8979425,35,summary,"Search for a method and system that allow an extendable screed on a main screed to follow user input speed limits, adjust velocity within those bounds, and map speed to a lever position, generating a control command to drive the screed.",2,41,0,0.0,25,ok
2015,8979425,35,keyword,"Search for patents describing a road grading machine’s auxiliary screed assembly with a controllable extending member, featuring a speed‑limit actuator, a variable speed controller linked to a user‑adjustable stick, and a processor mapping speed to stick position via a selectable modulation profile.",2,45,0,0.0,30,ok
2015,8979425,35,function,"How to design a modular rail adjustment device with a speed‑limiting lever, a variable velocity trigger, and a third dial that couples speed to lever displacement, sending drive commands to move an extension rail alongside a primary rail?",2,39,0,0.0,25,ok
2015,8970726,2,summary,"Search for integrated on‑sensor pixel data compression into discrete categories to lower transmission bandwidth, then DSP‑side decompression, image‑processing, and re‑compression into standard formats, supporting buffered operation and optional row/column or Bayer arrangement.",1,37,0,0.0,27,ok
2015,8970726,2,keyword,"Search for patents describing image sensors that compress pixel data into categories, transmit compressed data to a DSP for decompression and combined processing, and re‑compress output into a file format, including buffering or row/column or Bayer sorting.",3,39,0,0.0,25,ok
2015,8970726,2,function,"Search for methods and hardware that receive multi‑category compressed image samples from a sensor, perform in‑chip decompression, merge categorized data, re‑compress into standard formats, and deliver digital images via an external DSP, supporting varying capture rates and buffering.",2,41,0,0.0,29,ok
2015,9181925,27,summary,Search for wind turbine maintenance positioning technique that maps torque versus azimuth across rotor angle configurations to locate an azimuth sector with lowest average torque for service operations.,1,28,0,0.0,20,ok
2015,9181925,27,keyword,"Search for wind turbine servicing methods that use lock‑rotor angle analysis to calculate torque‑azimuth envelopes, define surrounding sectors, and select the minimal‑torque azimuth for machinery‑housing orientation, employing turbine memory and wind‑tracking mechanisms, avoiding direct data‑handler references.",3,42,1,0.030303030303030304,33,failed_constraints
2015,9181925,27,function,"Search for methods to determine wind turbine servicing azimuth angles by measuring rotor torques at various fixed rotor or azimuth combinations, forming a torque envelope, partitioning azimuth sectors, selecting the sector with minimal torque, and orienting the tower accordingly.",1,39,0,0.0,27,ok
2015,8935054,32,summary,"Search for vehicle lift axle control systems that use speed and direction sensors plus weight sensing to program lift timing and lift/tilt decisions based on load thresholds, and automatically balance axle loads by adjusting air‑bag pressure.",1,38,0,0.0,28,ok
2015,8935054,32,keyword,"Search for vehicle lift‑axle control system using speed and direction sensors (Hall‑Effect, wheel‑speed, CAN‑bus), axle load sensor, programmable forward‑distance lift/lower logic, weight‑threshold lift/lower operation, and weight‑equalizing via air‑pressure load‑bags.",2,40,0,0.0,35,ok
2015,8935054,32,function,"Control system for lift axles that uses speed/direction sensors, axle weight sensors, and a processor to automatically lift during reverse, lower after programmable forward travel, maintain positions based on load, and balance weight via load bag pressure adjustments.",2,39,0,0.0,30,ok
2015,9116497,9,summary,"Patent search for a toner‑fixing printer controller that senses power‑supply voltage dips, determines if the dip is caused by the heater, then reduces heater temperature accordingly or logs the event if unrelated.",2,34,0,0.0,21,ok
2015,9116497,9,keyword,"Search for image forming devices with heater‑based toner fixation, integrated low‑voltage monitoring circuitry, control logic that classifies voltage dips as heater‑related or not, and memory modules that log detection events.",1,33,0,0.0,24,ok
2015,9116497,9,function,"Search for image forming devices that monitor a power supply drop, lower a fixing heater's temperature when the drop is caused by the heater, or log the drop when unrelated to heater activity.",2,34,0,0.0,18,ok
2015,9104636,6,summary,"distributed memory allocation system for multi‑processor environments that tracks per‑processor usage with individual counters, updates counts on allocation/deallocation, releases storage when all counters reach zero, and computes block size by analyzing tail entry headers and reference scales.",1,40,0,0.0,30,ok
2015,9104636,6,keyword,"Per‑processor reference‑counted shared memory allocator that registers per‑processor counters, an updater that increments on allocation and decrements on release, a releaser that frees memory when the summed counters hit zero, and a searcher that computes entry pointers and tentative tail addresses to determine allocation‑unit scaling.",1,49,0,0.0,32,ok
2015,9104636,6,function,"Find patents describing a shared memory manager for multiple processors that uses individual reference counters per processor, increments on allocation and decrements on release, frees blocks when total count is zero, and employs a tail-pointer based algorithm to determine allocation unit size.",1,43,0,0.0,30,ok
2015,9205080,16,summary,"Treats skin disorders caused by excessive keratin production by administering therapeutic mTOR inhibitors—such as rapamycin or its derivatives—via ingestion, skin surface application, or dermal patches to suppress abnormal keratin synthesis driven by TOP‑motif mRNAs.",2,37,0,0.0,27,ok
2015,9205080,16,keyword,"Search for topical or oral rapamycin analogs treating keratin overexpression disorders with mRNA TOP motifs, such as keratin hyperproliferative lesions, including hair follicle keratosis, nail thickening syndromes, excessive sweating, viral growths, and callus formation.",2,34,0,0.0,27,ok
2015,9205080,16,function,"Administering mTOR inhibitors, such as rapamycin and derivatives, to suppress keratin overproduction in epidermal cells to treat or prevent disorders caused by excessive keratin synthesis, including follicular keratotic plaques, nail thickening, hyperhidrosis, viral lesions, and callus formation.",2,37,0,0.0,27,ok
2015,9147864,1,summary,"Look up secondary batteries employing disk‑shaped protection circuitry linked to electrode terminals, where a central plate and peripheral mounting space sit in a groove between the electrode and can, isolating electronic components from the cell.",1,36,0,0.0,24,ok
2015,9147864,1,keyword,"Search for lithium secondary battery with electrode stack in a cylindrical case, cap cover, and protection electronics: first board connected to positive terminal, second board to negative terminal, and an interconnect board; first board's mounting structure placed in cavity between case and cover.",2,44,0,0.0,30,ok
2015,9147864,1,function,"battery with protective circuitry board that mounts in the groove between the cell electrode and can, disk‑shaped modules electrically linked to each electrode, enclosing protection components, enabling robust connection and isolation while reducing size",1,35,0,0.0,25,ok
2015,9178167,6,summary,"Search for devices that use a removable porous carrier bonded to a substrate for flexible display fabrication, employing a calcium‑based fixation layer that allows later dissolution of the carrier, creating a light‑emitting unit with an encapsulation stack.",1,39,0,0.0,24,ok
2015,9178167,6,keyword,"Method for producing a roll‑able display: attach glass substrate to a porous carrier, introduce a calcium‑oxide or calcium‑sulfate bonding interlayer cured by heat, deposit a thin‑film LED stack, overlay a protective encapsulation, and dissolve the carrier with dilute acid or water.",2,45,0,0.0,30,ok
2015,9178167,6,function,"Searching for processes that attach a substrate to a temporary porous scaffold, deposit a light‑emitting module, apply a protective encapsulation, and then dissolve the scaffold using calcium‑based layers reacting with acids or water to yield a flexible display.",2,40,0,0.0,25,ok
2015,8981309,24,summary,"unfixed flat‑panel sensor cassette with leg support attached to a thermal dissipator, improving thermal management and secure positioning, where sensor edges chamfered to align within the case.",1,28,0,0.0,19,ok
2015,8981309,24,keyword,"charge‑integrating flat‑panel image sensor cassette with pixel array substrate, supporting legs contacting case base, thermal spreader bonded to controller PCB, sensor positioned in free‑floating case, chamfered substrate edges and corners, unfixed accommodation.",1,35,0,0.0,29,ok
2015,8981309,24,function,"cassette sensor housing employing a supporting base with leg portions that align the sensor perpendicularly to the case bottom, incorporating a heat‑dissipating member bonded to the control circuit board, and featuring chamfered substrate edges for streamlined insertion and protection.",1,40,0,0.0,26,ok
2015,9064569,6,summary,"Search for storage devices where a processor bus accesses fast volatile RAM and a resistive RAM unit, saving user data to the resistive memory before power loss and restoring it afterward, enabling durability without traditional nonvolatile layers.",3,37,0,0.0,26,ok
2015,9064569,6,keyword,"Search for devices with a controller and processor on a bus accessing a volatile memory via one interface and a resistive RAM module through another, where data is staged to the ReRAM before power loss and restored after reboot, including 3‑D monolithic stacks of memory cells over a silicon substrate.",3,51,3,0.0967741935483871,31,failed_constraints
2015,9064569,6,function,"Search prior art on a data storage system with a controller, bus, and processor, where volatile memory is accessed through one interface and resistive RAM through a separate interface to temporarily buffer user data before a power loss and restore it after power recovery.",1,44,0,0.0,29,ok
2015,9019850,4,summary,"Method for UEs to provide feedback on link quality across several carriers with distinct system modes, allowing a UE to transmit feedback for one carrier using another carrier’s subframes, selecting the carrier that affords the most uplink subframes for such transmission.",2,42,0,0.0,28,ok
2015,9019850,4,keyword,"Search for patents describing carrier‑aggregation techniques where UE reports wireless channel metrics of one component carrier over another using subframe sets determined by distinct FDD/TDD configurations, selecting a designated carrier with the maximum uplink subframe availability for periodic channel feedback.",3,42,0,0.0,32,ok
2015,9019850,4,function,"Search for methods enabling a UE with carrier‑aggregated component carriers of differing FDD/TDD setups to transmit channel‑quality feedback for one carrier on the subframes of another carrier, selecting the carrier with the greatest uplink measurement opportunities.",2,39,0,0.0,25,ok
2015,9113098,2,summary,"Search for image sensor systems that correct sensor bias by reading from overlapping capture regions that include a built‑in dark reference zone, with a control module assigning overlapping bias‑measurement zones for each region to align temperature‑dependent offset calibration.",2,41,0,0.0,28,ok
2015,9113098,2,keyword,"Search for image sensor systems with a bias compensation module that defines a reference black area within overlapping acquisition zones, where the module configures bias correction regions for each overlapping measurement zone to partially intersect and improve calibration accuracy.",3,39,0,0.0,27,ok
2015,9113098,2,function,"Image capturing system that reads pixel data from selectable sensor subregions and repeatedly sets bias‑compensation reference zones within dark areas that overlap when successive subregions share pixels, enabling consistent dark‑noise adjustment.",2,33,0,0.0,26,ok
2015,9078908,16,summary,"Search for molecules that transport modified inositol hexaphosphate containing embedded pyrophosphate groups into mammalian cell cytoplasm, boosting oxygen delivery in erythrocytes and shielding tissues during radiation therapy.",2,27,0,0.0,20,ok
2015,9078908,16,keyword,"Search for compounds of the form nM⁺ IHPn⁻, where M⁺ is an aliphatic ammonium, alkali or alkaline‑earth cation, IHP carries cyclic pyrophosphate linkages or acyl substitutions, used to deliver the molecule into mammalian red blood cell cytoplasm to improve oxygen transport during radiation therapy.",3,45,3,0.1,30,failed_constraints
2015,9078908,16,function,"Investigate methods administering inositol-derived phosphates with pyrophosphate linkages to mammalian erythrocytes to boost oxygen unloading during radiation therapy, including formulations with metal or ammonium cations and multi-ring structures, and evaluate cytoplasmic efficacy and therapeutic benefit.",2,37,0,0.0,27,ok
2015,9046750,2,summary,"light source combining excitation LEDs, phosphor, dichroic mirror, and a wavelength‐dependent focal length collimator of low/high dispersion lenses to optimally place phosphor for fluorescence; integrates color‑mixing LEDs for projection displays.",1,33,0,0.0,25,ok
2015,9046750,2,keyword,"Search for an illumination system employing excitation lamps, a phosphor element, a dichroic reflector sending excitation to phosphor while transmitting emitted light; a wavelength‑dependent collimating optic comprising a negative‑power low‑dispersion lens and a positive‑power high‑dispersion lens with lower Abbe number, plus color‑mixing LEDs for projection displays.",3,52,1,0.02564102564102564,39,failed_constraints
2015,9046750,2,function,"Light source system using excitation LEDs, a phosphor, a wavelength‑selective mirror that directs excitation light to the phosphor while passing emitted light, and a tunable focal lens that places the phosphor at the optimal distance for each wavelength, enabling efficient multi‑color illumination.",2,44,0,0.0,30,ok
2015,9182917,6,summary,"Seeking prior art on storage systems that batch poll responses by recording request arrival times and delivering identical state data to requests arriving before a poll begins, thereby reducing repetitive polling overhead.",1,32,0,0.0,24,ok
2015,9182917,6,keyword,"Search for storage subsystem techniques that reduce polling overhead by caching or reusing first poll results for subsequent state‑data requests, involving recording request arrival timestamps, poll initiation timestamps, and delivering cached state to earlier requests before new polls begin.",1,40,0,0.0,31,ok
2015,9182917,6,function,"Search for methods where a storage system records arrival timestamps of multiple state‑query requests, issues a single system status scan for the first request, and then returns that status data to all requests that arrived before the scan began, thereby reducing repeated status checks.",1,45,0,0.0,31,ok
2015,8969173,8,summary,"Search for chip package techniques that mount a semiconductor element on an insulating base, cut the base and its sealing region, then coat the seal with a two‑step barrel plating layer—first by electroless deposition and then by electrolytic plating.",1,41,0,0.0,25,ok
2015,8969173,8,keyword,"Procedure for manufacturing an electronic chip package mounting die on insulative substrate, creating an insulating sealing ring, side‑wise substrate cutting, and applying a dual‑stage barrel plating (electroless then electrolytic) on the sealing ring, with rear‑side terminal.",1,39,0,0.0,28,ok
2015,8969173,8,function,"Search for methods that mount a semiconductor die on an insulated wafer, create an insulating seal around the die, trim the wafer and seal from the wafer’s backside, then form a dual‑step barrel plating layer—first electroless, then electrolytic—covering the seal.",1,44,0,0.0,28,ok
2015,9084975,23,summary,"Real‑time monitoring and automatic adjustment of caustic levels in polymer production scrubbers using a fiber‑optic probe that measures infrared absorbance 1000–2000 nm, converts data via chemometric algorithms, and injects caustic to keep concentration between 5 % and 15 %.",2,40,0,0.0,29,ok
2015,9084975,23,keyword,"Real‑time monitoring of caustic concentration in polycarbonate production caustic scrubbers with a fiber‑optical NIR probe measuring 1000–2000 nm absorbance, chemometric concentration estimation, and set‑point controlled automated caustic injection to keep levels at 5–15 %.",2,38,0,0.0,28,ok
2015,9084975,23,function,"Find systems that continuously measure caustic concentration in process scrubbers with in‑line NIR sensors, determine levels from 5 % to 15 % using chemometric algorithms, and automatically inject caustic to keep the scrubber within a prescribed set‑point range.",3,38,0,0.0,25,ok
2015,9101398,13,summary,search for adjustable bone transport system using rings and parallel struts allowing proximal/distal ring movement and axis translation via adjustable screw and ball joint assemblies to orient bone segments during fracture distraction.,1,33,0,0.0,26,ok
2015,9101398,13,keyword,"Search for orthopedic osteogenesis systems comprising multiple rings, parallel struts, adjustable sliders, and rotary ring assemblies that allow proximal–distal transport and central‑axis translation while maintaining strut parallelism.",2,29,0,0.0,23,ok
2015,9101398,13,function,"Search for orthopedic fixation frames providing adjustable proximal/distal translation of bone segments via ring assemblies, allowing translational and rotational axis adjustments of ring centers while preserving parallel alignment of attached struts for controlled bone transport.",1,36,0,0.0,28,ok
2015,9053555,6,summary,"Method for generating a 3D mesh model of a physical structure by selecting a reference image per point, gathering nearby images, filtering points within a visibility cone, computing two normal options and picking the appropriate one for the mesh.",1,39,0,0.0,26,ok
2015,9053555,6,keyword,"Search for ways to build 3‑dimensional mesh models from image‑based point clouds by selecting a reference image, filtering co‑visible points inside visibility cones, resolving multiple normal hypotheses, and delivering meshes to a secondary device.",3,37,2,0.07692307692307693,26,failed_constraints
2015,9053555,6,function,"Find techniques that produce a 3‑D mesh from image‑derived point sets, choosing a reference view, gathering nearby images, selecting points within a visibility cone, resolving two possible normal orientations per vertex, and assembling the model for delivery to another device.",2,42,0,0.0,29,ok
2015,9114267,24,summary,"Trigger and cover system for an automatic fire sprinkler uses two plates joined by a heat‑fusible bond, actuated by lever, with a removable cover that shields internal parts but allows heat conduction from both sides to reach the fusible material and actuate quickly.",2,44,0,0.0,28,ok
2015,9114267,24,keyword,"Search documents describing sprinkler apparatus with dual plates connected by a fusible joint, actuating levers securing an outlet seal, and a heat‑conduction cover shielding internal trigger while expediting melt temperature for rapid discharge.",2,34,0,0.0,25,ok
2015,9114267,24,function,"Search patents for fire protection sprinklers that use a heat‑susceptible joint between two plates, activated by a cover with apertures that allow heat flow for rapid separation while masking internal components.",3,32,1,0.045454545454545456,22,failed_constraints
2015,9117358,13,summary,"Search for vehicle driver‑monitoring systems that improve sensor data reliability by detecting eyelid closure and gaze or head motion, comparing these signals with compartment lighting against rule sets, and classifying the movement type to distinguish genuine driver states from artifacts.",1,41,0,0.0,29,ok
2015,9117358,13,keyword,"method for enhancing reliability of operator physiological signals captured by an onboard camera in a vehicle seat, including detecting eye blink, gaze shift, and head jiggle, comparing sensor data with ambient illumination rules, and categorizing the motion type through rule‑based inference",2,42,0,0.0,30,ok
2015,9117358,13,function,"Search for techniques detecting operator blinks, eye and head movements using image sensor data, correlating with lighting and motion rules to classify fatigue indicators for vehicle cabin monitoring systems.",2,29,0,0.0,21,ok
2015,9049965,33,summary,find prior art for a food processor featuring a motor‑driven cutting assembly whose blade spacing can be adjusted by rotating the bowl; the bowl’s rotation engages a gear or cam to raise or lower the cutting disk while the motor runs.,1,43,0,0.0,27,ok
2015,9049965,33,keyword,"Search for motor‑driven food processor designs featuring a removable bowl and lid with a feed tube, a motorized cutting assembly comprising a pivoting rotating disk and adjustable cutting blade, and a base‑mounted gear adjustment triggered by bowl rotation to vary slicing thickness.",3,44,0,0.0,30,ok
2015,9049965,33,function,"Searching for prior art on a food‑processing appliance where a motor‑driven blade assembly cuts feed‑tube input, and the bowl’s rotational motion adjusts cutting depth via an internal adjustment or gear mechanism, allowing selectable slice thickness during operation.",2,41,0,0.0,29,ok
2015,9127856,23,summary,"Search for ceiling‑mounted HVAC intake systems featuring adjustable filter housings that can be raised and lowered by extendable brackets and a manual tool, enabling easy filter replacement without ladder access.",1,31,0,0.0,22,ok
2015,9127856,23,keyword,"Ceiling‑mounted HVAC air return featuring a liftable filter housing attached via extendable connectors, equipped with a control‑tool interface, latch or bias spring for upward hold, and a replaceable filter tray secured to the inner grating surface.",1,38,0,0.0,27,ok
2015,9127856,23,function,"Raiseable and lowerable ceiling‑mounted HVAC intake filter housing with extendable connectors and a bias‑upward latch, allowing a user‑attached control tool to lower the housing and its filters for easy removal while a brake maintains the lowered position.",1,40,0,0.0,26,ok
2015,8947364,6,summary,"Find prior art for touch‑screen displays where a second finger or object within the same sensing zone confirms an icon tap, using overlapping proximity/capacitive sensors and a processor that requires a second presence in a limited time window to avoid accidental activation.",1,44,0,0.0,29,ok
2015,8947364,6,keyword,"Search for capacitive touchscreens using dual‑point confirmation, where a first touch selects an on‑screen icon and a second subsequent touch within a defined time window confirms the function, involving proximity or multi‑point capacitive sensing and processor logic.",1,40,0,0.0,27,ok
2015,8947364,6,function,"Search for touch-screen interfaces that employ a proximity or capacitive sensor overlapping the display, detect a first touch, then require a second object within a defined time window overlapping the first touch to confirm and activate the selected function, reducing accidental activation.",1,43,0,0.0,29,ok
2015,9101300,13,summary,"Search for a system that uses reflected light cross‑sectional imaging of the eye's front segment to calculate a lens‑to‑zonule offset, adds this offset to current depth measurement to predict postoperative ocular chamber size, and determines intra‑ocular lens power with a lens‑specific constant.",3,48,0,0.0,31,ok
2015,9101300,13,keyword,"How to determine precise post-surgery lenticule power using a cross-sectional retinal reflectance imaging system that measures the gap between the lens front surface and Zinn's zonule attachment, adds this offset to preoperative chamber measurement, and applies an IOL-specific A‑constant to calculate predicted postoperative refractive outcome.",2,50,0,0.0,35,ok
2015,9101300,13,function,"Find systems and software that acquire a cross‑sectional eye image, derive the offset from the lens front to zonule attachment, estimate the future chamber depth, and compute accurate corrective lens power using device‑specific constants.",2,36,0,0.0,25,ok
2015,8973125,4,summary,"How to authenticate end‑user packets in a network by embedding separate link‑layer and application‑layer identities into packet headers, then having a gateway server tag them with its own identity, enabling destination application servers to verify the association before processing.",1,42,0,0.0,28,ok
2015,8973125,4,keyword,"Search for methods where a gateway authenticates inbound packets from a client device, labels them with a first‑layer MAC address, forwards to an application server that validates the association with a second‑layer application‑level credential, and appends a gateway ID for traceability.",2,44,0,0.0,25,ok
2015,8973125,4,function,"Search for communications system methods where a gateway authenticates user device packets, tags them with a low‑layer identity and its own marker, and forwards them to an application server that validates the packets by linking that low‑layer tag to a higher‑layer identity.",1,45,0,0.0,25,ok
2015,8976885,3,summary,"Multi‑antenna radio receiver determining adaptive signal‑processing weights from a parametric covariance that models cross‑pilot interference and dedicated‑pilot contributions along with data and noise terms, employing a rank‑one update scheme.",3,34,0,0.0,25,ok
2015,8976885,3,keyword,"Search prior art for multi‑antenna wireless receivers that estimate an impairment covariance matrix using common and precoded pilots, model inter‑pilot interference and thermal‑noise terms, and derive demodulation weights with at most rank‑one updates for UE.",3,39,2,0.07142857142857142,28,failed_constraints
2015,8976885,3,function,"Search for techniques that compute demodulation weights for multi‑antenna receivers by estimating an interference covariance from unprecoded common pilot signals, data streams, and receiver thermal noise, then updating the weight vector with a rank‑one modification.",2,37,0,0.0,25,ok
2015,9081580,6,summary,"Real‑time web interface that renders a tree‑structured menu linked to a data set, auto‑refreshes when data changes, with the server generating and delivering updated HTML to the browser upon change events, avoiding full page reloads.",1,38,0,0.0,26,ok
2015,9081580,6,keyword,"search for web application dynamic hierarchical menus generated from server‑side data trees, real‑time updates via push notifications or websockets, HTML/CSS rendering of tree structures, client‑server interaction for menu item selection, and automatic menu regeneration after data changes.",1,41,0,0.0,33,ok
2015,9081580,6,function,"Search prior art for web systems that generate a hierarchical menu from a data tree and instantly update the menu’s HTML in the browser after a user action alters the underlying data, using a change signal to trigger re‑rendering.",1,41,0,0.0,25,ok
2015,9040535,16,summary,"Search for novel tadalafil crystalline complexes formed with propylparaben and related carboxylic acids, aimed at improving drug solubility, stability, and formulation properties without altering pharmacodynamic profile.",1,26,0,0.0,19,ok
2015,9040535,16,keyword,"Search for crystal forms of tadalafil combined with co-forming agents such as propyl‑paraben, methyl‑paraben, oxalic acid, 4‑hydroxybenzoic acid, 3‑phenylpropanoic acid, or malonic acid, focusing on pharmaceutical cocrystalline formulations and solid dispersion technologies.",2,37,0,0.0,26,ok
2015,9040535,16,function,"Find prior art on tadalafil crystalline co‑crystals or complex salts formed with co‑formers such as oxalic acid, 4‑hydroxybenzoic acid, phenylpropanoic acid, malonic acid, methylparaben or propylparaben, focusing on pharmaceutically relevant improvements of solubility, stability or bioavailability.",1,39,0,0.0,28,ok
2015,8951636,16,summary,"search for composite cellulose‐inorganic particles (~7–13 cm³/g) with micron‑scale dimensions (10–40 µm size, 2–30 µm width, 0.5–5 µm thickness) that demonstrate superior fluidity, liquid retention, compressibility, uniform weight and active ingredient concentration, yielding hard shaped bodies.",1,44,0,0.0,29,ok
2015,8951636,16,keyword,"Search for prior‑art on cellulose‑based composite particles containing an inorganic additive, with apparent specific volumes of 7–13 cm³/g, water‑dispersed fiber diameters of 10–40 µm, average width 2–30 µm and thickness 0.5–5 µm.",3,41,1,0.043478260869565216,23,failed_constraints
2015,8951636,16,function,"Search for materials engineering methods that combine cellulose-based powders with inorganic components to create highly fluid, liquid-retentive granules capable of compact shaping under open feed compression, producing hard, gall-resistant tablets with consistent mass distribution.",2,37,0,0.0,29,ok
2015,8954904,6,summary,"What techniques verify that two RTL designs, each modified by separate power intent records with retention latches, yield identical outputs only when their corresponding power domains are on, while ignoring off‑state behavior?",1,33,0,0.0,23,ok
2015,8954904,6,keyword,"Search for methods that transform digital hardware models using defined power domain configurations, annotate retention latches, generate modified system-level representations, and compare output behaviors across powered‑on states while omitting dormant domain results, employing logic simulation or formal verification techniques.",2,41,0,0.0,34,ok
2015,8954904,6,function,"Identify whether two register‑transfer representations altered by distinct power‑domain specifications produce identical observable outputs during active power regions, while disregarding idle‑state behavior, thereby enabling verification of functional consistency across power‑management transformations.",2,35,0,0.0,31,ok
2015,9093798,1,summary,"Search for connectors that provide a dedicated power port and a separate data port capable of handling two data protocols simultaneously via a single plug, aimed at simplifying device interfaces for multi‑protocol communication.",1,34,0,0.0,23,ok
2015,9093798,1,keyword,"search for dual‑protocol data connector integrated with dedicated power port, where a single insertion element contains separate power contacts and a composite pin block enabling simultaneous transmission for two communication standards on a PCB‑mountable interface.",1,37,0,0.0,26,ok
2015,9093798,1,function,"Search for connectors that integrate dedicated power pins with a single data contact providing simultaneous support for two data protocols, enabling compact interfaces for multi‑protocol devices.",1,27,0,0.0,19,ok
2015,9134583,9,summary,"Search for an array substrate that improves voltage driving of LCD pixels by positioning a data-drive IC near the display edge and creating asymmetric capacitors through unequal overlap of link lines, enabling lower power and better signal timing.",3,39,0,0.0,27,ok
2015,9134583,9,keyword,"Search for LCD panel architectures featuring a gate routing on a first substrate with a periphery drive IC, dual data and link traces offset relative to the IC, pixel transistors tied to one data line, overlapping common electrode layers forming capacitors, and conductive seal films.",3,45,0,0.0,32,ok
2015,9134583,9,function,"Investigate LCD array substrates with peripheral data drive ICs, dual data lines at different distances, and overlapping conductive patterns that form asymmetric capacitors between data link lines and a common electrode, to enhance pixel drive efficiency and reduce cross‑talk.",3,40,2,0.06666666666666667,30,failed_constraints
2015,9059707,5,summary,"Search for prior art on a quantum processing platform that places a non‑linear qubit circuit inside a waveguide with an aperture, using a coaxial feed to deliver microwave fields that penetrate the waveguide without direct coupling.",2,37,0,0.0,23,ok
2015,9059707,5,keyword,"Search for quantum computing systems featuring a waveguide with an aperture, containing nonlinear quantum circuits, controlled by external electromagnetic sources via a coaxial-type transmission path, creating evanescent field coupling inside the waveguide.",2,33,0,0.0,24,ok
2015,9059707,5,function,"Method for placing a nonlinear quantum circuit within a waveguide aperture, coupling an electromagnetic field source via a coaxial transmission line, and producing evanescent fields inside the waveguide for advanced quantum device control and signal manipulation.",3,36,6,0.24,25,failed_constraints
2015,9160535,4,summary,"Anonymous cloud access system using token‑based broker to deliver encryption keys for secure transactions, enabling multi‑client collaboration through shared collaboration tokens and keys while preserving identity anonymity.",1,29,0,0.0,24,ok
2015,9160535,4,keyword,Search for systems using anonymous authentication tokens exchanged with a secure key broker to deliver encrypted session keys for cloud services and facilitating multi‑user collaboration via shared collaboration tokens and derived encryption certificates.,3,34,0,0.0,25,ok
2015,9160535,4,function,"Method enabling secure, privacy‑preserving cloud transactions via a token‑based key distribution system that permits multiple clients to share encrypted access and collaboration keys with a broker, allowing collaborative data processing without revealing identities.",3,35,0,0.0,27,ok
2015,8988010,1,summary,"Search for an LED drive system that uses a dimming controller to generate a dimming voltage, a converter controlling a primary switch, and two parallel current‑setting networks; the controller switches the secondary network on or off to change the output current range and shape during dimming.",3,47,0,0.0,29,ok
2015,8988010,1,keyword,"Search for LED dimming driver comprising a dimming controller, converter controller driving a primary switch, and two parallel current‑setting circuits that exchange output current ranges in response to dimming commands.",3,31,2,0.09090909090909091,22,failed_constraints
2015,8988010,1,function,"Search for LED drivers that dim a module by converting a dimming command into a drive pulse to a primary switch, with a controller toggling a parallel current‑setting stage to alter the output current range and its response dynamics.",3,40,0,0.0,22,ok
2015,9027143,2,summary,Search for systems that require two separate authenticators—one DRM key provider and a secondary authentication module—to validate the playback engine before allowing partial decryption of protected digital media.,2,30,0,0.0,21,ok
2015,9027143,2,keyword,"Search for prior art on a client device that uses a playback engine coupled with a DRM module delivering a primary key, an external authentication module supplying a secondary key, and conditional decryption of encrypted media that occurs only after both authentication paths validate the playback engine.",2,47,0,0.0,31,ok
2015,9027143,2,function,"Search for methods enabling a client runtime to consume encrypted media only after dual authentication by an embedded DRM engine and an external authentication module, each supplying distinct cryptographic keys required for partial decryption of content.",1,36,0,0.0,25,ok
2015,8985077,27,summary,Search for valve train systems with integrated elastomeric dampening rings and movable mass within a spring to reduce valve float by dynamically adjusting valve lift.,1,25,0,0.0,17,ok
2015,8985077,27,keyword,"valve train engine with reciprocating valve stem, spring bias toward closed, annular elastomeric ring surrounding valve retainer, concentric mass ring positioned between spring and elastomeric element, annular gap, compression of elastic ring within valve retainer.",3,35,2,0.06666666666666667,30,failed_constraints
2015,8985077,27,function,"Search for a valve train that incorporates an intermediate elastomeric ring placed between a reciprocating valve stem and its biasing spring, along with an annular mass that can shift relative to the stem within the spring to provide dampening, anti‑vibration, and load dispersion in a combustion engine.",1,48,0,0.0,29,ok
2015,9090016,29,summary,"Search for injection molding apparatus featuring two sliding friction components linked to a screw, with a collapsible sleeve that serves as a lubricating oil reservoir whose expansion matches the axial spacing between fixed and movable attachment plates.",1,37,0,0.0,25,ok
2015,9090016,29,keyword,"Search for patents describing a molding apparatus with interconnected friction rollers, a screw driven by a plasticizing motor, an expandable or retractable oil reservoir around the friction pair, and adjustable attachment points that slide axially with an injection motor to control coolant storage.",2,43,0,0.0,27,ok
2015,9090016,29,function,"Search for injection molding machines featuring frictional drives where an expandable oil reservoir surrounding the drive members expands or retracts in response to the axial displacement of the components, enabling variable lubrication supply during injection cycles.",1,36,0,0.0,24,ok
2015,9005423,10,summary,"Method synchronizing the disconnection of individual power supplies in a multi‑section cathodic protection pipeline by injecting an alternating current signal into selected segments, allowing coordinated shutdowns for precise system testing.",2,31,0,0.0,21,ok
2015,9005423,10,keyword,synchronizing disconnection of individual cathodic protection units on segmented conduit using impressed AC monitoring waveforms to coordinate relay operations and validate protective performance.,2,23,0,0.0,17,ok
2015,9005423,10,function,"Search for systems controlling multiple cathodic protection power supplies by sending a detected AC signal to cut power simultaneously, enabling accurate testing of each ICCP section's integrity.",3,28,0,0.0,20,ok
2015,9074829,30,summary,"Efficient two‑fluid heat exchanger using ceramic‑fiber–reinforced foam between high‑conductivity walls to force perpendicular fluid crossing, boosting heat transfer while preserving compact, scalable design.",3,27,0,0.0,24,ok
2015,9074829,30,keyword,"Search for heat exchanger design featuring a casing of alumina‑silica cloth infused with aluminum nitride, dual thermally conductive walls, a central porous ceramic foam core, and separated hot and cold fluid channels with distinct inlet/outlet paths.",3,38,2,0.07142857142857142,28,failed_constraints
2015,9074829,30,function,"Search for high‑thermal‑conductivity heat exchangers using ceramic‑infused cloth walls and dual‑path coolant streams separated by a porous separator panel that allows cross‑flow heat transfer, with upstream and downstream fluid paths defined by the separator side wall.",2,41,0,0.0,30,ok
2015,9020652,4,summary,"A distributed control system receives real‑time status from networked power nodes, detects anomalies, classifies them, then selects whether to execute remedial actions or ignore, informed by the origin and type of each control message to differentiate intended commands from faults.",2,41,0,0.0,28,ok
2015,9020652,4,keyword,"Artificial intelligence agent for power grid event classification and automated remedial actions, using real‑time telemetry from distribution nodes, message‑origin analysis for command/request detection, and context‑based decision logic to distinguish normal versus abnormal events.",1,37,0,0.0,29,ok
2015,9020652,4,function,"How to automatically detect, classify, and respond to events in a distributed power distribution network using agents that process broadcasted status information, identify root messages, determine action based on message origin and event normality, and trigger protective operations.",2,38,0,0.0,27,ok
